"CRN","ARRIVAL_TM","AUTOMOBILE_COUNT","BELTED_DEATH_COUNT","BELTED_SUSP_SERIOUS_INJ_COUNT","BICYCLE_COUNT","BICYCLE_DEATH_COUNT","BICYCLE_SUSP_SERIOUS_INJ_COUNT","BUS_COUNT","CHLDPAS_DEATH_COUNT","CHLDPAS_SUSP_SERIOUS_INJ_COUNT","COLLISION_TYPE","COMM_VEH_COUNT","CONS_ZONE_SPD_LIM","COUNTY","CRASH_MONTH","CRASH_YEAR","DAY_OF_WEEK","DEC_LATITUDE","DEC_LONGITUDE","DISPATCH_TM","DISTRICT","DRIVER_COUNT_16YR","DRIVER_COUNT_17YR","DRIVER_COUNT_18YR","DRIVER_COUNT_19YR","DRIVER_COUNT_20YR","DRIVER_COUNT_50_64YR","DRIVER_COUNT_65_74YR","DRIVER_COUNT_75PLUS","EST_HRS_CLOSED","FATAL_COUNT","HEAVY_TRUCK_COUNT","HORSE_BUGGY_COUNT","HOUR_OF_DAY","ILLUMINATION","INJURY_COUNT","INTERSECTION_RELATED","INTERSECT_TYPE","LANE_CLOSED","LATITUDE","LN_CLOSE_DIR","LOCATION_TYPE","LONGITUDE","MAX_SEVERITY_LEVEL","MCYCLE_DEATH_COUNT","MCYCLE_SUSP_SERIOUS_INJ_COUNT","MOTORCYCLE_COUNT","MUNICIPALITY","NONMOTR_COUNT","NONMOTR_DEATH_COUNT","NONMOTR_SUSP_SERIOUS_INJ_COUNT","NTFY_HIWY_MAINT","PED_COUNT","PED_DEATH_COUNT","PED_SUSP_SERIOUS_INJ_COUNT","PERSON_COUNT","POLICE_AGCY","POSSIBLE_INJ_COUNT","RDWY_SURF_TYPE_CD","RELATION_TO_ROAD","ROADWAY_CLEARED","ROAD_CONDITION","SCH_BUS_IND","SCH_ZONE_IND","SECONDARY_CRASH","SMALL_TRUCK_COUNT","SPEC_JURIS_CD","SUSP_MINOR_INJ_COUNT","SUSP_SERIOUS_INJ_COUNT","SUV_COUNT","TCD_FUNC_CD","TCD_TYPE","TFC_DETOUR_IND","TIME_OF_DAY","TOTAL_UNITS","TOT_INJ_COUNT","UNBELTED_OCC_COUNT","UNB_DEATH_COUNT","UNB_SUSP_SERIOUS_INJ_COUNT","UNK_INJ_DEG_COUNT","UNK_INJ_PER_COUNT","URBAN_RURAL","VAN_COUNT","VEHICLE_COUNT","WEATHER1","WEATHER2","WORKERS_PRES","WORK_ZONE_IND","WORK_ZONE_LOC","WORK_ZONE_TYPE","WZ_CLOSE_DETOUR","WZ_FLAGGER","WZ_LAW_OFFCR_IND","WZ_LN_CLOSURE","WZ_MOVING","WZ_OTHER","WZ_SHLDER_MDN","WZ_WORKERS_INJ_KILLED"
"2010002591","","0","0","0","0","0","0","0","0","0","7","0","","02","1","2010","2","40.197939","-79.885543","","11","0","0","0","0","0","0","1","0","","0","0","0","","","1","","0","","40 11:52.581","","0","79 53:07.954","4","0","0","0","2204","0","0","0","N","0","0","0","2","02204","1","","5.0","","9","N","N","","1","","0","0","0","","0","","","1","1","2","0","0","0","0","2","0","1","","","","N","","","","","","","","","",""
"2010002595","","1","0","0","0","0","0","0","0","0","7","0","","02","1","2010","5","40.484373","-80.014699","","11","0","0","1","0","0","0","0","0","","0","0","0","","","0","","2","","40 29:03.744","","0","80 00:52.915","0","0","0","0","2301","0","0","0","N","0","0","0","1","02301","0","","5.0","","7","N","N","","0","","0","0","0","","0","","","1","0","0","0","0","0","0","2","0","1","","","","N","","","","","","","","","",""
"2010002613","","1","0","0","0","0","0","0","0","0","8","0","","02","1","2010","5","40.464484","-79.930088","","11","0","0","0","0","0","0","0","0","1","0","0","0","","","1","","2","","40 27:52.142","2","0","79 55:48.316","8","0","0","0","2301","1","0","0","N","1","0","0","2","02301","0","","1.0","","7","N","N","","0","","0","0","0","","0","N","","2","1","1","0","0","1","1","2","0","1","","","","N","","","","","","","","","",""
"2010002616","","0","0","0","0","0","0","0","0","0","7","0","","02","1","2010","1","40.583233","-79.954685","","11","0","0","0","0","0","0","0","0","","0","0","0","","","1","","0","","40 34:59.639","","0","79 57:16.865","4","0","0","0","2207","0","0","0","N","0","0","0","1","02207","1","","2.0","","9","N","N","","1","","0","0","0","","0","","","1","1","0","0","0","0","0","2","0","1","","","","N","","","","","","","","","",""
"2010002638","","1","0","0","0","0","0","0","0","0","7","0","","02","1","2010","5","40.440786","-80.008833","","11","0","0","0","0","0","0","1","0","","0","0","0","","","1","","0","","40 26:26.831","","0","80 00:31.798","4","0","0","0","2301","0","0","0","N","0","0","0","2","68B03","1","","2.0","","9","N","N","","0","","0","0","0","","0","","","1","1","0","0","0","0","0","2","0","1","","","","N","","","","","","","","","",""
"2010002726","","0","0","0","0","0","0","0","0","0","7","0","55","02","1","2010","3","40.614606","-79.974519","","11","0","0","0","0","0","0","0","0","1","0","0","0","","","1","","0","","40 36:52.581","3","0","79 58:28.268","4","0","0","0","2207","0","0","0","N","0","0","0","1","68T02","1","","2.0","","9","N","N","","0","","0","0","1","","0","N","","1","1","0","0","0","0","0","2","0","1","","","N","Y","4","1","N","N","N","N","Y","Y","N",""
"2010002727","","1","0","0","0","0","0","0","0","0","99","0","","02","1","2010","4","40.672131","-80.100559","","11","0","0","0","0","0","0","0","0","","0","0","0","","","0","","0","","40 40:19.671","","0","80 06:02.013","0","0","0","0","2212","0","0","0","N","0","0","0","1","68T02","0","","1.0","","9","N","N","","0","","0","0","0","","0","","","1","0","0","0","0","0","0","2","0","1","","","","N","","","","","","","","","",""
"2010003314","","1","0","0","0","0","0","0","0","0","4","0","","02","1","2010","5","40.300828","-79.926461","","11","0","0","0","0","0","0","1","0","1","0","0","0","","","1","","0","","40 18:02.980","2","0","79 55:35.260","4","0","0","0","2440","0","0","0","N","0","0","0","3","02440","1","","1.0","","6","N","N","","1","","0","0","0","","0","N","","2","1","0","0","0","0","0","2","0","2","","","","N","","","","","","","","","",""
"2010003318","","1","0","0","0","0","0","0","0","0","7","0","","02","1","2010","6","40.449184","-80.023432","","11","0","0","0","0","0","0","0","0","","0","0","0","","","0","","6","","40 26:57.061","","2","80 01:24.355","9","0","0","0","2301","0","0","0","N","0","0","0","1","02301","0","","7.0","","7","N","N","","0","","0","0","0","","0","","","1","0","0","0","0","0","1","2","0","1","","","","N","","","","","","","","","",""
"2010003322","","1","0","0","0","0","0","0","0","0","7","0","","02","1","2010","6","40.486496","-79.713264","","11","0","0","0","0","0","0","0","0","1","0","0","0","","","1","","0","","40 29:11.384","3","0","79 42:47.751","3","0","0","0","2466","0","0","0","N","0","0","0","1","02466","0","","5.0","","7","N","N","","0","","1","0","0","","0","N","","1","1","0","0","0","0","0","2","0","1","","","","N","","","","","","","","","",""
"2010003338","","1","0","0","0","0","0","0","0","0","7","0","","02","1","2010","6","40.423739","-79.88305","","11","0","0","0","0","0","0","0","0","1","0","0","0","","","0","","1","","40 25:25.460","7","0","79 52:58.980","0","0","0","0","2463","0","0","0","N","0","0","0","1","02463","0","","5.0","","6","N","N","","0","","0","0","0","","3","Y","","1","0","0","0","0","0","0","2","0","1","","","","N","","","","","","","","","",""
"2010003342","","2","0","0","0","0","0","0","0","0","1","0","","02","1","2010","5","40.317728","-79.940653","","11","0","0","0","0","0","0","1","0","1","0","0","0","","","1","","0","","40 19:03.822","5","0","79 56:26.351","3","0","0","0","2454","0","0","0","N","0","0","0","2","02454","0","","1.0","","9","N","N","","0","","1","0","0","","0","N","","2","1","0","0","0","0","0","2","0","2","","","","N","","","","","","","","","",""
"2010003343","","1","0","0","0","0","0","0","0","0","7","0","","02","1","2010","4","40.493436","-79.98422","","11","0","0","0","0","0","0","0","0","1","0","0","0","","","0","","0","","40 29:36.370","6","0","79 59:03.193","0","0","0","0","2118","0","0","0","N","0","0","0","2","02118","0","","5.0","","2","N","N","","0","","0","0","0","","0","N","","1","0","2","0","0","0","0","2","0","1","","","","N","","","","","","","","","",""
"2010003351","","2","0","0","0","0","0","0","0","0","2","0","","02","1","2010","4","40.5034","-80.025118","","11","0","0","0","0","0","1","0","0","1","0","0","0","","","0","","1","","40 30:12.241","3","0","80 01:30.426","0","0","0","0","2116","0","0","0","N","0","0","0","2","02116","0","","1.0","","2","N","N","","0","","0","0","0","","3","N","","2","0","0","0","0","0","0","2","0","2","","","","N","","","","","","","","","",""
"2010003353","","2","0","0","0","0","0","0","0","0","7","0","","02","1","2010","6","40.425167","-80.01911","","11","0","0","0","0","0","1","0","0","2","0","0","0","","","1","","0","","40 25:30.601","1","0","80 01:08.797","4","0","0","0","2301","0","0","0","N","0","0","0","2","02301","1","","1.0","","7","N","N","","0","","0","0","0","","0","N","","2","1","0","0","0","0","0","2","0","2","","","","N","","","","","","","","","",""
"2010003355","","2","0","0","0","0","0","0","0","0","4","0","","02","1","2010","6","40.428752","-79.986389","","11","0","0","0","0","0","0","1","0","","0","0","0","","","1","","1","","40 25:43.508","","0","79 59:11.000","8","0","0","0","2301","0","0","0","N","0","0","0","2","02301","0","","1.0","","6","N","N","","0","","0","0","0","","2","","","2","1","0","0","0","1","0","2","0","2","","","","N","","","","","","","","","",""
"2010003360","","0","0","0","0","0","0","0","0","0","7","1","","02","1","2010","6","40.397136","-79.858931","","11","0","0","0","0","0","0","0","0","1","0","1","0","","","1","","0","","40 23:49.690","7","0","79 51:32.150","4","0","0","0","2449","0","0","0","N","0","0","0","1","02449","1","","5.0","","7","N","N","","0","","0","0","0","","0","N","","1","1","0","0","0","0","0","2","0","1","","","","N","","","","","","","","","",""
"2010003361","","2","0","0","0","0","0","0","0","0","4","0","","02","1","2010","6","40.349971","-79.821066","","11","0","0","0","0","0","1","0","0","","0","0","0","","","0","","1","","40 20:59.895","","0","79 49:15.837","0","0","0","0","2477","0","0","0","N","0","0","0","2","02477","0","","1.0","","7","N","N","","0","","0","0","0","","3","","","2","0","0","0","0","0","0","2","0","2","","","","N","","","","","","","","","",""
"2010003381","","2","0","0","0","0","0","0","0","0","5","0","","02","1","2010","6","40.391952","-80.015198","","11","0","0","0","0","0","0","0","0","","0","0","0","","","0","","2","","40 23:31.027","","0","80 00:54.712","0","0","0","0","2301","0","0","0","N","0","0","0","2","02301","0","","1.0","","9","N","N","","0","","0","0","0","","0","","","2","0","2","0","0","0","0","2","0","2","","","","N","","","","","","","","","",""
"2010003388","","0","0","0","0","0","0","0","0","0","4","0","","02","1","2010","4","40.270017","-79.847653","","11","0","1","0","0","0","1","0","0","1","0","0","0","","","1","","1","","40 16:12.060","2","0","79 50:51.551","4","0","0","0","2105","0","0","0","N","0","0","0","3","02105","1","","1.0","","7","N","N","","1","","0","0","1","","3","N","","2","1","0","0","0","0","0","2","0","2","","","","N","","","","","","","","","",""
"2010003389","","1","0","0","0","0","0","0","0","0","7","0","","02","1","2010","4","40.200545","-79.915147","","11","0","0","0","0","0","1","0","0","2","0","0","0","","","0","","0","","40 12:01.963","5","0","79 54:54.528","0","0","0","0","2204","0","0","0","N","0","0","0","1","02204","0","","2.0","","7","N","N","","0","","0","0","0","","0","Y","","1","0","0","0","0","0","0","2","0","1","","","","N","","","","","","","","","",""
"2010003391","","0","0","0","0","0","0","0","0","0","6","0","","02","1","2010","5","40.292995","-79.832924","","11","0","0","0","0","0","0","0","0","","0","0","0","","","1","","0","","40 17:34.782","","0","79 49:58.528","4","0","0","0","2105","0","0","0","N","0","0","0","3","02105","1","","1.0","","7","N","N","","0","","0","0","2","","0","","","2","1","0","0","0","0","1","2","0","2","","","","N","","","","","","","","","",""
"2010003393","","2","0","0","0","0","0","0","0","0","2","0","","02","1","2010","6","40.520823","-80.025258","","11","0","0","0","0","1","0","0","0","","0","0","0","","","0","","1","","40 31:14.962","","0","80 01:30.930","0","0","0","0","2474","0","0","0","N","0","0","0","3","02474","0","","1.0","","7","N","N","","0","","0","0","0","","2","","","2","0","0","0","0","0","0","2","0","2","","","","N","","","","","","","","","",""
"2010003396","","1","0","0","0","0","0","0","0","0","4","0","","02","1","2010","6","40.456659","-80.000113","","11","0","0","0","0","0","0","0","0","","0","0","0","","","0","","1","","40 27:23.972","","0","80 00:00.406","0","0","0","0","2301","0","0","0","N","0","0","0","2","02301","0","","1.0","","6","N","N","","0","","0","0","1","","3","","","2","0","0","0","0","0","0","2","0","2","","","","N","","","","","","","","","",""
"2010003401","","1","0","0","0","0","0","0","0","0","1","0","","02","1","2010","3","40.365917","-79.894462","","11","0","0","0","0","0","0","1","0","","0","0","0","","","1","","0","","40 21:57.301","","0","79 53:40.062","8","0","0","0","2473","0","0","0","N","0","0","0","3","02473","0","","1.0","","7","N","N","","1","","0","0","0","","0","","","2","1","1","0","0","1","0","2","0","2","","","","N","","","","","","","","","",""
"2010003457","","1","0","0","0","0","0","0","0","0","7","0","","02","1","2010","6","40.526726","-80.130725","","11","0","0","0","0","0","0","0","0","","0","0","0","","","0","","0","","40 31:36.213","","0","80 07:50.610","0","0","0","0","2125","0","0","0","N","0","0","0","3","68B03","0","","5.0","","9","N","N","","0","","0","0","0","","0","","","1","0","0","0","0","0","0","1","0","1","","","","N","","","","","","","","","",""
"2010003458","","1","0","0","0","0","0","0","0","0","7","0","","02","1","2010","5","40.429498","-79.876869","","11","0","0","0","0","0","0","0","0","1","0","0","0","","","1","","0","","40 25:46.192","4","0","79 52:36.727","4","0","0","0","2426","0","0","0","N","0","0","0","2","68B03","1","","2.0","","7","N","N","","0","","0","0","0","","0","N","","1","1","0","0","0","0","0","2","0","1","","","","N","","","","","","","","","",""
"2010003459","","1","0","0","0","0","0","0","0","0","7","0","","02","1","2010","6","40.642668","-80.096938","","11","0","0","0","0","0","0","0","0","","0","0","0","","","0","","0","","40 38:33.605","","0","80 05:48.976","0","0","0","0","2212","0","0","0","N","0","0","0","1","68B03","0","","3.0","","9","N","N","","0","","0","0","0","","0","","","1","0","0","0","0","0","0","2","0","1","","","","N","","","","","","","","","",""
"2010003570","","1","0","0","0","0","0","0","0","0","4","0","","02","1","2010","6","40.507354","-79.851753","","11","0","0","0","0","1","0","0","0","1","0","0","0","","","0","","2","","40 30:26.476","2","0","79 51:06.310","0","0","0","0","2112","0","0","0","N","0","0","0","2","02112","0","","1.0","","7","N","N","","0","","0","0","1","","2","N","","2","0","0","0","0","0","0","2","0","2","","","","N","","","","","","","","","",""
"2010003587","","1","0","0","0","0","0","0","0","0","4","0","","02","1","2010","4","40.402201","-79.823984","","11","0","0","0","0","0","0","1","0","2","0","0","0","","","1","","3","","40 24:07.925","5","3","79 49:26.344","4","0","0","0","2111","0","0","0","N","0","0","0","2","02111","1","","1.0","","1","N","N","","1","","0","0","0","","8","Y","","2","1","0","0","0","0","0","2","0","2","","","","N","","","","","","","","","",""
"2010003596","","2","0","0","0","0","0","0","0","0","2","0","","02","1","2010","6","40.428699","-79.988542","","11","0","0","0","0","0","0","0","0","","0","0","0","","","0","","1","","40 25:43.317","","0","79 59:18.750","0","0","0","0","2301","0","0","0","N","0","0","0","3","02301","0","","1.0","","6","N","N","","0","","0","0","0","","2","","","2","0","0","0","0","0","0","2","0","2","","","","N","","","","","","","","","",""
"2010003603","","1","0","0","0","0","0","0","0","0","7","0","","02","1","2010","4","40.393109","-79.805088","","11","0","0","0","0","0","0","0","0","1","0","0","0","","","1","","2","","40 23:35.192","1","3","79 48:18.316","4","0","0","0","2479","0","0","0","N","0","0","0","1","02111","1","","2.0","","9","N","N","","0","","0","0","0","","2","N","","1","1","0","0","0","0","0","2","0","1","","","","N","","","","","","","","","",""
"2010003604","","0","0","0","0","0","0","0","0","0","7","0","","02","1","2010","6","40.445224","-79.917342","","11","0","0","0","0","0","0","0","0","","0","0","0","","","0","","0","","40 26:42.808","","0","79 55:02.431","0","0","0","0","2301","0","0","0","N","0","0","0","1","02301","0","","2.0","","9","N","N","","0","","0","0","1","","2","","","1","0","0","0","0","0","0","2","0","1","","","","N","","","","","","","","","",""
"2010003606","","0","0","0","0","0","0","0","0","0","7","0","","02","1","2010","6","40.454013","-80.028633","","11","0","0","0","0","0","0","0","0","","0","0","0","","","0","","0","","40 27:14.445","","0","80 01:43.077","0","0","0","0","2301","0","0","0","N","0","0","0","2","02301","0","","2.0","","7","N","N","","0","","0","0","1","","0","","","1","0","0","0","0","0","0","2","0","1","","","","N","","","","","","","","","",""
"2010003610","","2","0","0","0","0","0","0","0","0","2","0","","02","1","2010","7","40.424053","-80.009258","","11","0","0","0","0","0","0","0","0","","0","0","0","","","0","","2","","40 25:26.590","","0","80 00:33.328","9","0","0","0","2301","0","0","0","N","0","0","0","3","02301","0","","1.0","","6","N","N","","0","","0","0","0","","0","","","2","0","0","0","0","0","1","2","0","2","","","","N","","","","","","","","","",""
"2010003613","","1","0","0","0","0","0","0","0","0","2","0","","02","1","2010","6","40.440604","-80.018615","","11","0","0","0","0","0","1","0","0","1","0","0","0","","","1","","0","","40 26:26.175","6","0","80 01:07.015","3","0","0","0","2301","0","0","0","N","0","0","0","3","02301","0","","1.0","","7","N","N","","2","","1","0","0","","0","N","","3","1","0","0","0","0","0","2","0","3","","","","N","","","","","","","","","",""
"2010003614","","2","0","0","0","0","0","0","0","0","4","0","","02","1","2010","7","40.444817","-79.983925","","11","0","0","0","0","0","0","0","0","","0","0","0","","","2","","0","","40 26:41.341","","0","79 59:02.130","3","0","0","0","2301","0","0","0","N","0","0","0","3","02301","1","","2.0","","7","N","N","","1","","1","0","0","","0","","","4","2","0","0","0","0","0","2","1","4","","","","N","","","","","","","","","",""
"2010003618","","1","0","0","0","0","0","0","0","0","7","0","","02","1","2010","7","","","","11","0","0","0","0","0","0","0","0","1","0","0","0","","","0","","0","","","1","3","","9","0","0","0","2301","0","0","0","N","0","0","0","1","02301","0","","4.0","","7","N","N","","0","","0","0","0","","0","N","","1","0","0","0","0","0","1","1","0","1","","","","N","","","","","","","","","",""
"2010003642","","2","0","0","0","0","0","0","0","0","1","0","","02","1","2010","4","40.496189","-79.939305","","11","0","0","0","1","0","1","0","0","3","0","0","0","","","1","","0","","40 29:46.280","2","3","79 56:21.499","8","0","0","0","2461","0","0","0","N","0","0","0","4","68D02","0","","1.0","","2","N","N","","0","","0","0","1","","0","N","","3","1","0","0","0","1","0","2","0","3","","","","N","","","","","","","","","",""
"2010003643","","0","0","0","0","0","0","0","0","0","1","0","","02","1","2010","4","40.496354","-79.939013","","11","0","0","0","0","0","0","0","0","3","0","0","0","","","0","","0","","40 29:46.873","2","3","79 56:20.446","0","0","0","0","2461","0","0","0","N","0","0","0","4","68D02","0","","1.0","","2","N","N","","1","","0","0","0","","0","N","","2","0","0","0","0","0","0","2","1","2","","","","N","","","","","","","","","",""
"2010003702","","1","0","0","0","0","0","0","0","0","7","0","","02","1","2010","6","40.476078","-80.032014","","11","0","0","0","0","0","0","0","0","1","0","0","0","","","0","","0","","40 28:33.880","4","0","80 01:55.250","0","0","0","0","2301","0","0","0","N","0","0","0","1","02301","0","","5.0","","7","N","N","","0","","0","0","0","","0","N","","1","0","0","0","0","0","0","2","0","1","","","","N","","","","","","","","","",""
"2010003704","","2","0","0","0","0","0","0","0","0","4","0","","02","1","2010","7","40.455767","-79.965909","","11","0","0","0","0","0","0","0","0","1","0","0","0","","","0","","0","","40 27:20.760","1","0","79 57:57.272","9","0","0","0","2301","0","0","0","N","0","0","0","1","02301","0","","6.0","","7","N","N","","0","","0","0","0","","0","N","","3","0","0","0","0","0","1","2","0","3","","","","N","","","","","","","","","",""
"2010003709","","1","0","0","0","0","0","0","0","0","7","0","","02","1","2010","6","40.209049","-79.929805","","11","0","0","0","0","0","0","0","0","2","0","0","0","","","1","","0","","40 12:32.575","5","0","79 55:47.298","8","0","0","0","2204","0","0","0","N","0","0","0","1","02204","0","","5.0","","7","N","N","","0","","0","0","0","","0","N","","1","1","1","0","0","1","0","1","0","1","","","","N","","","","","","","","","",""
"2010003712","","1","0","0","0","0","0","0","0","0","7","0","","02","1","2010","7","40.662335","-80.0149","","11","0","0","0","0","0","0","0","0","1","0","0","0","","","1","","0","","40 39:44.407","4","0","80 00:53.641","4","0","0","0","2216","0","0","0","N","0","0","0","1","02505","1","","2.0","","6","N","N","","0","","0","0","0","","0","N","","1","1","0","0","0","0","0","2","0","1","","","","N","","","","","","","","","",""
"2010003718","","1","0","0","0","0","0","0","0","0","7","0","","02","1","2010","7","","","","11","0","0","0","0","0","1","0","0","1","0","0","0","","","0","","0","","","4","0","","0","0","0","0","2116","0","0","0","N","0","0","0","1","02116","0","","5.0","","6","N","N","","0","","0","0","0","","0","N","","1","0","0","0","0","0","0","1","0","1","","","","N","","","","","","","","","",""
"2010003730","","1","0","0","0","0","0","0","0","0","7","0","","02","1","2010","7","40.384423","-80.025038","","11","0","0","0","0","0","0","0","0","","0","0","0","","","0","","0","","40 23:03.922","","0","80 01:30.136","0","0","0","0","2109","0","0","0","N","0","0","0","1","02109","0","","5.0","","7","N","N","","0","","0","0","0","","0","","","1","0","0","0","0","0","0","2","0","1","","","","N","","","","","","","","","",""
"2010003748","","2","0","0","0","0","0","0","0","0","2","0","","02","1","2010","7","40.634597","-80.087919","","11","0","0","0","0","0","0","0","0","","0","0","0","","","0","","2","","40 38:04.549","","0","80 05:16.508","0","0","0","0","2412","0","0","0","N","0","0","0","3","02505","0","","1.0","","6","N","N","","0","","0","0","0","","0","","","2","0","0","0","0","0","0","2","0","2","","","","N","","","","","","","","","",""
"2010003759","","1","0","0","0","0","0","0","0","0","5","0","","02","1","2010","7","40.460073","-79.924618","","11","0","0","0","0","0","0","0","0","","0","0","0","","","0","","1","","40 27:36.262","","0","79 55:28.624","0","0","0","0","2301","0","0","0","N","0","0","0","3","02301","0","","1.0","","9","N","N","","0","","0","0","0","","0","","","2","0","2","0","0","0","0","2","1","2","","","","N","","","","","","","","","",""
"2010003764","","1","0","0","0","0","0","0","0","0","7","0","","02","1","2010","6","40.380655","-79.90105","","11","0","0","0","0","0","0","0","0","3","0","0","0","","","0","","2","","40 22:50.358","1","0","79 54:03.780","0","0","0","0","2448","0","0","0","N","0","0","0","1","02448","0","","2.0","","7","N","N","","0","","0","0","1","","0","Y","","2","0","0","0","0","0","0","2","0","2","","","","N","","","","","","","","","",""
"2010003766","","1","0","0","0","0","0","0","0","0","7","0","","02","1","2010","6","40.656868","-79.934832","","11","0","0","1","0","0","0","0","0","2","0","0","0","","","0","","0","","40 39:24.724","2","0","79 56:05.396","0","0","0","0","2217","0","0","0","N","0","0","0","1","02505","0","","5.0","","6","N","N","","0","","0","0","0","","0","Y","","1","0","1","0","0","0","0","2","0","1","","","","N","","","","","","","","","",""
"2010003771","","3","0","0","0","0","0","0","0","0","1","0","","02","1","2010","2","40.370489","-79.786699","","11","0","0","0","0","0","1","0","0","3","0","0","0","","","6","","0","","40 22:13.760","3","0","79 47:12.116","4","0","0","0","2111","0","0","0","N","0","0","0","11","02111","6","","1.0","","9","N","N","","0","","0","0","1","","0","Y","","6","6","0","0","0","0","0","2","2","6","","","","N","","","","","","","","","",""
"2010003870","","2","0","0","0","0","0","0","0","0","7","0","","02","1","2010","5","40.320075","-79.981597","","11","0","0","0","0","0","1","0","0","","0","0","0","","","0","","0","","40 19:12.269","","0","79 58:53.750","0","0","0","0","2219","0","0","0","N","0","0","0","2","02219","0","","4.0","","7","N","N","","0","","0","0","0","","0","","","2","0","0","0","0","0","0","2","0","2","","","","N","","","","","","","","","",""
"2010003872","","2","0","0","0","0","0","0","0","0","5","0","","02","1","2010","1","40.541281","-79.960597","","11","0","0","0","0","0","0","0","0","2","0","0","0","","","0","","0","","40 32:28.611","6","0","79 57:38.149","0","0","0","0","2118","0","0","0","N","0","0","0","2","02118","0","","1.0","","1","N","N","","0","","0","0","0","","0","N","","3","0","0","0","0","0","0","2","1","3","","","","N","","","","","","","","","",""
"2010003874","","1","0","0","0","0","0","0","0","0","1","0","","02","1","2010","7","40.421031","-79.927528","","11","0","0","0","0","0","0","0","0","","0","0","0","","","0","","2","","40 25:15.711","","0","79 55:39.100","0","0","0","0","2301","0","0","0","N","0","0","0","4","02301","0","","1.0","","9","N","N","","0","","0","0","2","","0","","","3","0","0","0","0","0","0","2","0","3","","","","N","","","","","","","","","",""
"2010003877","","2","0","0","0","0","0","0","0","0","2","0","","02","1","2010","1","40.448367","-80.000591","","11","0","0","0","0","0","0","0","0","2","0","0","0","","","3","","0","","40 26:54.122","5","0","80 00:02.126","4","0","0","0","2301","0","0","0","N","0","0","0","4","02301","1","","1.0","","9","N","N","","0","","0","0","0","","0","Y","","2","3","0","0","0","2","0","2","0","2","","","","N","","","","","","","","","",""
"2010003880","","1","0","0","0","0","0","0","0","0","7","0","","02","1","2010","6","","","","11","0","0","0","0","0","0","0","0","1","0","0","0","","","1","","0","","","4","0","","4","0","0","0","2301","0","0","0","N","0","0","0","1","02301","1","","5.0","","1","N","N","","0","","0","0","0","","0","N","","1","1","0","0","0","0","0","1","0","1","","","","N","","","","","","","","","",""
"2010003883","","1","0","0","0","0","0","0","0","0","7","0","","02","1","2010","7","40.510316","-80.149944","","11","0","0","0","0","0","0","0","0","","0","0","0","","","0","","0","","40 30:37.138","","0","80 08:59.800","0","0","0","0","2420","0","0","0","N","0","0","0","3","02420","0","","5.0","","9","N","N","","0","","0","0","0","","0","","","1","0","0","0","0","0","0","2","0","1","","","","N","","","","","","","","","",""
"2010003885","","0","0","0","0","0","0","0","0","0","7","0","","02","1","2010","1","40.432565","-79.938106","","11","0","0","0","1","0","0","0","0","","0","0","0","","","0","","0","","40 25:57.234","","0","79 56:17.183","0","0","0","0","2301","0","0","0","N","0","0","0","3","02301","0","","5.0","","1","N","N","","0","","0","0","1","","0","","","1","0","0","0","0","0","0","2","0","1","","","","N","","","","","","","","","",""
"2010003894","","0","0","0","0","0","0","0","0","0","8","0","","02","1","2010","1","40.444438","-79.975634","","11","0","0","0","0","0","0","0","0","3","0","0","0","","","1","","2","","40 26:39.976","7","0","79 58:32.282","2","0","0","0","2301","1","0","1","N","1","0","1","6","02301","0","","1.0","","2","N","N","","0","","0","1","0","","0","Y","","2","1","0","0","0","0","0","2","1","1","","","","N","","","","","","","","","",""
"2010003898","","1","0","0","0","0","0","0","0","0","0","0","","02","1","2010","5","40.480957","-80.013358","","11","0","0","0","0","0","0","0","0","","0","0","0","","","0","","0","","40 28:51.444","","0","80 00:48.089","0","0","0","0","2301","0","0","0","N","0","0","0","1","02301","0","","5.0","","6","N","N","","0","","0","0","0","","0","","","1","0","0","0","0","0","0","2","0","1","","","","N","","","","","","","","","",""
"2010003911","","2","0","0","0","0","0","0","0","0","4","0","","02","1","2010","1","40.386864","-79.98176","","11","0","0","0","0","0","0","0","0","","0","0","0","","","0","","0","","40 23:12.710","","0","79 58:54.336","0","0","0","0","2301","0","0","0","N","0","0","0","1","02301","0","","2.0","","7","N","N","","0","","0","0","0","","0","","","2","0","0","0","0","0","0","2","0","2","","","","N","","","","","","","","","",""
"2010003924","","0","0","0","0","0","0","0","0","0","7","0","","02","1","2010","7","40.51678","-80.093599","","11","0","0","0","0","0","0","0","0","1","0","0","0","","","0","","0","","40 31:00.408","3","0","80 05:36.956","0","0","0","0","2211","0","0","0","N","0","0","0","1","02215","0","","5.0","","7","N","N","","0","","0","0","0","","0","N","","1","0","0","0","0","0","0","2","1","1","","","","N","","","","","","","","","",""
"2010003926","","1","0","0","0","0","0","0","0","0","1","0","","02","1","2010","1","40.442831","-80.042428","","11","0","0","0","0","0","1","1","0","","0","0","0","","","0","","2","","40 26:34.191","","0","80 02:32.740","0","0","0","0","2301","0","0","0","N","0","0","0","2","02301","0","","1.0","","9","N","N","","0","","0","0","1","","2","","","2","0","0","0","0","0","0","2","0","2","","","","N","","","","","","","","","",""