"CRN","ARRIVAL_TM","AUTOMOBILE_COUNT","BELTED_DEATH_COUNT","BELTED_SUSP_SERIOUS_INJ_COUNT","BICYCLE_COUNT","BICYCLE_DEATH_COUNT","BICYCLE_SUSP_SERIOUS_INJ_COUNT","BUS_COUNT","CHLDPAS_DEATH_COUNT","CHLDPAS_SUSP_SERIOUS_INJ_COUNT","COLLISION_TYPE","COMM_VEH_COUNT","CONS_ZONE_SPD_LIM","COUNTY","CRASH_MONTH","CRASH_YEAR","DAY_OF_WEEK","DEC_LATITUDE","DEC_LONGITUDE","DISPATCH_TM","DISTRICT","DRIVER_COUNT_16YR","DRIVER_COUNT_17YR","DRIVER_COUNT_18YR","DRIVER_COUNT_19YR","DRIVER_COUNT_20YR","DRIVER_COUNT_50_64YR","DRIVER_COUNT_65_74YR","DRIVER_COUNT_75PLUS","EST_HRS_CLOSED","FATAL_COUNT","HEAVY_TRUCK_COUNT","HORSE_BUGGY_COUNT","HOUR_OF_DAY","ILLUMINATION","INJURY_COUNT","INTERSECTION_RELATED","INTERSECT_TYPE","LANE_CLOSED","LATITUDE","LN_CLOSE_DIR","LOCATION_TYPE","LONGITUDE","MAX_SEVERITY_LEVEL","MCYCLE_DEATH_COUNT","MCYCLE_SUSP_SERIOUS_INJ_COUNT","MOTORCYCLE_COUNT","MUNICIPALITY","NONMOTR_COUNT","NONMOTR_DEATH_COUNT","NONMOTR_SUSP_SERIOUS_INJ_COUNT","NTFY_HIWY_MAINT","PED_COUNT","PED_DEATH_COUNT","PED_SUSP_SERIOUS_INJ_COUNT","PERSON_COUNT","POLICE_AGCY","POSSIBLE_INJ_COUNT","RDWY_SURF_TYPE_CD","RELATION_TO_ROAD","ROADWAY_CLEARED","ROAD_CONDITION","SCH_BUS_IND","SCH_ZONE_IND","SECONDARY_CRASH","SMALL_TRUCK_COUNT","SPEC_JURIS_CD","SUSP_MINOR_INJ_COUNT","SUSP_SERIOUS_INJ_COUNT","SUV_COUNT","TCD_FUNC_CD","TCD_TYPE","TFC_DETOUR_IND","TIME_OF_DAY","TOTAL_UNITS","TOT_INJ_COUNT","UNBELTED_OCC_COUNT","UNB_DEATH_COUNT","UNB_SUSP_SERIOUS_INJ_COUNT","UNK_INJ_DEG_COUNT","UNK_INJ_PER_COUNT","URBAN_RURAL","VAN_COUNT","VEHICLE_COUNT","WEATHER1","WEATHER2","WORKERS_PRES","WORK_ZONE_IND","WORK_ZONE_LOC","WORK_ZONE_TYPE","WZ_CLOSE_DETOUR","WZ_FLAGGER","WZ_LAW_OFFCR_IND","WZ_LN_CLOSURE","WZ_MOVING","WZ_OTHER","WZ_SHLDER_MDN","WZ_WORKERS_INJ_KILLED"
"2010004546","","0","0","0","0","0","0","0","0","0","99","0","","02","1","2010","2","40.312671","-79.938386","","11","0","0","0","0","0","0","0","0","1","0","0","0","","","0","","0","","40 18:45.614","5","0","79 56:18.191","0","0","0","0","2440","0","0","0","N","0","0","0","1","02440","0","","1.0","","6","N","N","","0","","0","0","1","","0","N","","1","0","0","0","0","0","0","2","0","1","","","","N","","","","","","","","","",""
"2010004547","","1","0","0","0","0","0","0","0","0","8","0","","02","1","2010","3","40.343261","-79.864927","","11","0","0","0","0","0","0","0","0","","0","0","0","","","1","","0","","40 20:35.739","","0","79 51:53.737","8","0","0","0","2304","1","0","0","N","1","0","0","2","02304","0","","1.0","","2","N","N","","0","","0","0","0","","0","","","2","1","0","0","0","1","0","2","0","1","","","","N","","","","","","","","","",""
"2010004548","","0","0","0","0","0","0","0","0","0","7","0","","02","1","2010","3","40.454008","-79.95331","","11","0","0","0","0","0","0","0","0","3","0","0","0","","","1","","0","","40 27:14.428","3","0","79 57:11.916","3","0","0","0","2301","0","0","0","N","0","0","0","2","02301","0","","2.0","","7","N","N","","0","","1","0","0","","0","Y","","1","1","1","0","0","0","0","2","1","1","","","","N","","","","","","","","","",""
"2010004568","","3","0","0","0","0","0","0","0","0","1","0","","02","1","2010","4","40.506483","-80.033849","","11","0","0","0","0","0","1","0","0","2","0","0","0","","","0","","0","","40 30:23.339","2","0","80 02:01.855","0","0","0","0","2116","0","0","0","N","0","0","0","4","68B03","0","","1.0","","7","N","N","","0","","0","0","1","","0","N","","4","0","0","0","0","0","0","2","0","4","","","","N","","","","","","","","","",""
"2010004569","","1","0","0","0","0","0","0","0","0","7","0","","02","1","2010","2","40.592144","-80.096257","","11","0","0","0","0","0","0","0","0","1","0","0","0","","","1","","0","","40 35:31.720","1","0","80 05:46.524","4","0","0","0","2481","0","0","0","N","0","0","0","1","68B03","1","","4.0","","1","N","N","","0","","0","0","0","","0","N","","1","1","0","0","0","0","0","2","0","1","","","","N","","","","","","","","","",""
"2010004696","","1","0","0","0","0","0","0","0","0","4","0","","02","1","2010","2","40.614888","-79.758737","","11","0","0","0","0","0","1","0","0","","0","0","0","","","4","","2","","40 36:53.598","","2","79 45:31.452","3","0","0","0","2202","0","0","0","N","0","0","0","4","02202","2","","1.0","","1","N","N","","1","","2","0","0","","3","","","2","4","3","0","0","0","0","2","0","2","","","","N","","","","","","","","","",""
"2010004697","","1","0","0","0","0","0","0","0","0","4","0","","02","1","2010","2","40.439576","-80.005065","","11","0","0","0","0","0","0","0","0","1","0","0","0","","","1","","1","","40 26:22.473","2","0","80 00:18.235","4","0","0","0","2301","0","0","0","N","0","0","0","3","02301","1","","1.0","","1","N","N","","0","","0","0","1","","2","N","","2","1","0","0","0","0","0","2","0","2","","","","N","","","","","","","","","",""
"2010004698","","2","0","0","0","0","0","0","0","0","4","0","","02","1","2010","2","40.34438","-79.884033","","11","0","0","0","0","0","0","1","0","2","0","0","0","","","2","","0","","40 20:39.769","3","3","79 53:02.519","8","0","0","0","2304","0","0","0","Y","0","0","0","3","02304","0","","1.0","","7","N","N","","0","","0","0","0","","0","Y","","2","2","0","0","0","2","0","2","0","2","","","","N","","","","","","","","","",""
"2010004700","","2","0","0","0","0","0","0","0","0","1","0","","02","1","2010","2","40.503647","-80.081275","","11","0","0","0","0","0","0","1","1","1","0","0","0","","","0","","0","","40 30:13.130","2","0","80 04:52.589","0","0","0","0","2405","0","0","0","N","0","0","0","2","02215","0","","1.0","","9","N","N","","0","","0","0","0","","0","N","","2","0","0","0","0","0","0","2","0","2","","","","N","","","","","","","","","",""
"2010004707","","4","0","0","0","0","0","0","0","0","1","0","","02","1","2010","7","40.482702","-79.962597","","11","0","0","0","0","1","0","2","0","1","0","0","0","","","0","","0","","40 28:57.728","1","0","79 57:45.350","0","0","0","0","2118","0","0","0","N","0","0","0","6","02118","0","","1.0","","1","N","N","","0","","0","0","0","","0","N","","4","0","4","0","0","0","0","2","0","4","","","","N","","","","","","","","","",""
"2010004708","","1","0","0","0","0","0","0","0","0","7","0","","02","1","2010","3","40.43929","-80.074779","","11","0","0","0","0","0","0","0","0","","0","0","0","","","0","","0","","40 26:21.445","","0","80 04:29.203","0","0","0","0","2421","0","0","0","N","0","0","0","1","02421","0","","4.0","","9","N","N","","0","","0","0","0","","0","","","1","0","0","0","0","0","0","2","0","1","","","","N","","","","","","","","","",""
"2010004709","","2","0","0","0","0","0","0","0","0","1","0","","02","1","2010","2","40.296461","-79.929854","","11","0","0","0","0","0","0","0","0","","0","0","0","","","1","","2","","40 17:47.260","","7","79 55:47.475","4","0","0","0","2440","0","0","0","N","0","0","0","3","02440","1","","1.0","","1","N","N","","0","","0","0","0","","0","","","2","1","0","0","0","0","0","2","0","2","","","","N","","","","","","","","","",""
"2010004715","","4","0","0","0","0","0","0","0","0","1","0","","02","1","2010","3","40.410936","-80.080048","","11","0","0","1","0","0","0","0","0","","0","0","0","","","1","","1","","40 24:39.369","","0","80 04:48.171","4","0","0","0","2415","0","0","0","N","0","0","0","6","02415","1","","1.0","","9","N","N","","0","","0","0","1","","0","","","5","1","0","0","0","0","0","2","0","5","","","","N","","","","","","","","","",""
"2010004718","","1","0","0","0","0","0","0","0","0","7","0","","02","1","2010","4","40.392837","-79.933777","","11","0","0","0","0","0","1","0","0","3","0","0","0","","","0","","0","","40 23:34.213","2","1","79 56:01.597","0","0","0","0","2301","0","0","0","N","0","0","0","1","02301","0","","1.0","","7","N","N","","0","","0","0","0","","0","N","","1","0","1","0","0","0","0","2","0","1","","","","N","","","","","","","","","",""
"2010004719","","2","0","0","0","0","0","0","0","0","4","0","","02","1","2010","2","40.524634","-79.957946","","11","0","0","0","0","0","0","1","0","2","0","0","0","","","0","","0","","40 31:28.681","4","0","79 57:28.605","0","0","0","0","2118","0","0","0","N","0","0","0","2","02118","0","","1.0","","1","N","N","","0","","0","0","0","","0","Y","","2","0","0","0","0","0","0","2","0","2","","","","N","","","","","","","","","",""
"2010004722","","1","0","0","0","0","0","0","0","0","7","0","","02","1","2010","3","40.254679","-79.848737","","11","0","0","0","0","0","0","0","0","","0","0","0","","","0","","0","","40 15:16.846","","0","79 50:55.454","0","0","0","0","2105","0","0","0","N","0","0","0","1","02105","0","","5.0","","6","N","N","","0","","0","0","0","","0","","","1","0","0","0","0","0","0","1","0","1","","","","N","","","","","","","","","",""
"2010004728","","0","0","0","0","0","0","0","0","0","1","0","","02","1","2010","4","40.392837","-79.933777","","11","0","0","0","0","0","1","0","0","2","0","0","0","","","0","","0","","40 23:34.213","2","1","79 56:01.597","0","0","0","0","2301","0","0","0","N","0","0","0","3","02301","0","","1.0","","7","N","N","","1","","0","0","1","","7","N","","2","0","0","0","0","0","0","2","0","2","","","","N","","","","","","","","","",""
"2010004731","","1","0","0","0","0","0","0","0","0","4","1","","02","1","2010","2","40.667344","-80.096361","","11","0","0","0","0","0","0","0","0","1","0","1","0","","","1","","2","","40 40:02.437","1","0","80 05:46.899","8","0","0","0","2212","0","0","0","N","0","0","0","3","02505","0","","1.0","","9","N","N","","0","","0","0","0","","2","N","","2","1","0","0","0","1","0","2","0","2","","","","N","","","","","","","","","",""
"2010004744","","1","0","0","0","0","0","1","0","0","4","1","","02","1","2010","5","40.457375","-80.009353","","11","0","0","0","0","1","1","0","0","","0","0","0","","","1","","2","","40 27:26.550","","0","80 00:33.670","4","0","0","0","2301","0","0","0","N","0","0","0","4","02503","1","","1.0","","1","N","N","","0","","0","0","0","","3","","","2","1","0","0","0","0","0","2","0","2","","","","N","","","","","","","","","",""
"2010004750","","1","0","0","0","0","0","0","0","0","7","0","","02","1","2010","3","40.430005","-80.024962","","11","0","0","0","0","0","0","0","0","","0","0","0","","","0","","6","","40 25:48.019","","2","80 01:29.864","0","0","0","0","2301","0","0","0","N","0","0","0","2","02301","0","","2.0","","2","N","N","","0","","0","0","0","","0","","","2","0","1","0","0","0","0","2","0","2","","","","N","","","","","","","","","",""
"2010004761","","2","0","0","0","0","0","0","0","0","1","0","","02","1","2010","3","40.480242","-80.012761","","11","0","0","0","0","0","1","0","0","","0","0","0","","","2","","2","","40 28:48.870","","0","80 00:45.938","3","0","0","0","2301","0","0","0","N","0","0","0","3","02301","1","","1.0","","1","N","N","","0","","1","0","0","","0","","","2","2","0","0","0","0","0","2","0","2","","","","N","","","","","","","","","",""
"2010004771","","1","0","0","0","0","0","0","0","0","1","0","","02","1","2010","6","40.517464","-80.150441","","11","0","0","0","0","0","0","0","0","","0","0","0","","","0","","0","","40 31:02.870","","0","80 09:01.587","9","0","0","0","2110","0","0","0","N","0","0","0","2","02215","0","","1.0","","9","N","N","","1","","0","0","0","","0","","","2","0","0","0","0","0","1","2","0","2","","","","N","","","","","","","","","",""
"2010004776","","1","0","0","0","0","0","0","0","0","8","0","","02","1","2010","3","40.468423","-79.961916","","11","0","0","0","0","0","0","0","0","","0","0","0","","","1","","0","","40 28:06.322","","0","79 57:42.897","8","0","0","0","2301","1","0","0","N","1","0","0","2","02301","0","","1.0","","1","N","N","","0","","0","0","0","","0","","","2","1","0","0","0","1","0","2","0","1","","","","N","","","","","","","","","",""
"2010004777","","0","0","0","0","0","0","0","0","0","2","0","","02","1","2010","7","40.283652","-79.837454","","11","0","0","0","0","0","0","0","0","2","0","1","0","","","4","","5","","40 17:01.147","5","0","79 50:14.836","3","0","0","0","2105","0","0","0","N","0","0","0","4","02105","2","","1.0","","2","N","N","","1","","2","0","0","","0","Y","","2","4","2","0","0","0","0","2","0","2","","","","N","","","","","","","","","",""
"2010004782","","1","0","0","0","0","0","0","0","0","4","0","","02","1","2010","7","40.461632","-80.151993","","11","0","0","1","0","0","0","0","0","2","0","0","0","","","2","","2","","40 27:41.874","3","0","80 09:07.176","8","0","0","0","2115","0","0","0","N","0","0","0","3","02115","0","","1.0","","1","N","N","","1","","0","0","0","","3","N","","2","2","0","0","0","2","0","2","0","2","","","","N","","","","","","","","","",""
"2010004822","","1","0","0","0","0","0","0","0","0","4","0","","02","1","2010","3","40.393288","-80.06464","","11","0","0","0","0","0","0","1","1","2","0","0","0","","","1","","0","","40 23:35.838","1","7","80 03:52.705","8","0","0","0","2109","0","0","0","N","0","0","0","2","02109","0","","1.0","","9","N","N","","1","","0","0","0","","0","N","","2","1","0","0","0","1","0","2","0","2","","","","N","","","","","","","","","",""
"2010004893","","1","0","0","0","0","0","0","0","0","4","0","","02","1","2010","3","40.391007","-80.048731","","11","0","0","0","0","0","1","0","0","","0","0","0","","","0","","1","","40 23:27.625","","0","80 02:55.431","0","0","0","0","2109","0","0","0","N","0","0","0","2","02109","0","","1.0","","1","N","N","","1","","0","0","0","","3","","","2","0","0","0","0","0","0","2","0","2","","","","N","","","","","","","","","",""
"2010004898","","1","0","0","0","0","0","0","0","0","4","1","","02","1","2010","3","40.38319","-80.043908","","11","0","0","0","0","0","1","0","0","","0","1","0","","","0","","1","","40 22:59.484","","0","80 02:38.069","0","0","0","0","2109","0","0","0","N","0","0","0","2","02109","0","","1.0","","9","N","N","","0","","0","0","0","","2","","","2","0","0","0","0","0","0","2","0","2","","","","N","","","","","","","","","",""
"2010004901","","1","0","0","0","0","0","0","0","0","7","0","","02","1","2010","1","40.602678","-79.967174","","11","0","0","0","0","0","0","0","0","2","0","0","0","","","1","","0","","40 36:09.642","5","0","79 58:01.826","4","0","0","0","2207","0","0","0","N","0","0","0","1","02207","1","","5.0","","9","N","N","","0","","0","0","0","","0","Y","","1","1","0","0","0","0","0","2","0","1","","","","N","","","","","","","","","",""
"2010004904","","1","0","0","0","0","0","0","0","0","4","0","","02","1","2010","7","40.597126","-79.930321","","11","0","1","0","0","0","1","0","0","1","0","0","0","","","1","","2","","40 35:49.652","1","0","79 55:49.157","8","0","0","0","2207","0","0","0","N","0","0","0","2","02207","0","","1.0","","1","N","N","","0","","0","0","1","","3","N","","2","1","0","0","0","1","0","1","0","2","","","","N","","","","","","","","","",""
"2010004907","","1","0","0","0","0","0","0","0","0","0","0","","02","1","2010","4","40.411025","-79.801661","","11","0","0","0","0","0","0","0","0","1","0","0","0","","","0","","0","","40 24:39.690","5","0","79 48:05.980","0","0","0","0","2446","0","0","0","N","0","0","0","1","02446","0","","5.0","","2","N","N","","0","","0","0","0","","0","N","","1","0","0","0","0","0","0","2","0","1","","","","N","","","","","","","","","",""
"2010004911","","1","0","0","0","0","0","0","0","0","4","0","","02","1","2010","3","40.437543","-79.998089","","11","0","0","0","0","0","0","0","0","2","0","0","0","","","0","","1","","40 26:15.154","2","0","79 59:53.120","0","0","0","0","2301","0","0","0","N","0","0","0","3","02301","0","","1.0","","9","N","N","","0","","0","0","1","","2","N","","2","0","0","0","0","0","0","2","0","2","","","","N","","","","","","","","","",""
"2010004924","","0","0","0","0","0","0","0","0","0","7","0","","02","1","2010","3","40.494461","-79.946445","","11","0","0","0","0","0","0","0","0","1","0","0","0","","","0","","0","","40 29:40.058","2","0","79 56:47.203","0","0","0","0","2430","0","0","0","N","0","0","0","1","02430","0","","4.0","","6","N","N","","1","","0","0","0","","0","N","","1","0","0","0","0","0","0","2","0","1","","","","N","","","","","","","","","",""
"2010004926","","1","0","0","0","0","0","0","0","0","7","0","","02","1","2010","1","40.350363","-79.872538","","11","0","0","0","0","0","0","0","0","","0","0","0","","","1","","0","","40 21:01.305","","0","79 52:21.137","3","0","0","0","2455","0","0","0","N","0","0","0","1","02455","0","","2.0","","2","N","N","","0","","1","0","0","","0","","","1","1","0","0","0","0","0","2","0","1","","","","N","","","","","","","","","",""
"2010004935","","2","0","0","0","0","0","0","0","0","1","0","","02","1","2010","4","40.425976","-79.916852","","11","0","0","0","0","0","0","0","0","","0","0","0","","","0","","2","","40 25:33.513","","0","79 55:00.667","9","0","0","0","2301","0","0","0","N","0","0","0","1","02301","0","","1.0","","1","N","N","","0","","0","0","0","","0","","","2","0","0","0","0","0","1","2","0","2","","","","N","","","","","","","","","",""
"2010004938","","1","0","0","0","0","0","0","0","0","0","0","","02","1","2010","4","40.416137","-80.011113","","11","0","0","0","0","0","0","0","0","","0","0","0","","","1","","0","","40 24:58.093","","0","80 00:40.006","3","0","0","0","2301","0","0","0","N","0","0","0","1","02301","0","","4.0","","2","N","N","","0","","1","0","0","","0","","","1","1","0","0","0","0","0","2","0","1","","","","N","","","","","","","","","",""
"2010004960","","1","0","0","0","0","0","0","0","0","7","0","","02","1","2010","4","40.56311","-80.087912","","11","0","0","0","0","0","0","0","0","2","0","0","0","","","0","","0","","40 33:47.197","2","0","80 05:16.483","0","0","0","0","2481","0","0","0","N","0","0","0","1","68B03","0","","2.0","","7","N","N","","0","","0","0","0","","0","N","","1","0","1","0","0","0","0","2","0","1","","","","N","","","","","","","","","",""
"2010004961","","2","0","0","0","0","0","0","0","0","1","0","","02","1","2010","2","40.429271","-79.88715","","11","0","0","0","1","0","0","0","0","","0","0","0","","","2","","0","","40 25:45.375","","0","79 53:13.740","3","0","0","0","2426","0","0","0","N","0","0","0","4","68B03","0","","1.0","","9","N","N","","0","","2","0","0","","0","","","2","2","0","0","0","0","0","2","0","2","","","","N","","","","","","","","","",""
"2010005009","","2","0","0","0","0","0","0","0","0","7","0","","02","1","2010","4","40.302256","-79.995387","","11","1","0","0","0","0","0","0","0","","0","0","0","","","1","","2","","40 18:08.120","","0","79 59:43.393","4","0","0","0","2219","0","0","0","N","0","0","0","4","02501","1","","4.0","","9","N","N","","0","","0","0","0","","2","","","2","1","3","0","0","0","0","2","0","2","","","","N","","","","","","","","","",""
"2010005010","","1","0","0","0","0","0","0","0","0","4","0","","02","1","2010","4","40.198941","-79.869395","","11","0","0","0","0","0","0","0","0","2","0","0","0","","","0","","3","","40 11:56.189","4","0","79 52:09.822","0","0","0","0","2204","0","0","0","N","0","0","0","2","02204","0","","1.0","","9","N","N","","0","","0","0","1","","3","Y","","2","0","0","0","0","0","0","2","0","2","","","","N","","","","","","","","","",""
"2010005012","","0","0","0","0","0","0","0","0","0","7","0","","02","1","2010","4","40.409906","-79.843931","","11","0","0","0","0","0","0","0","0","2","0","0","0","","","0","","0","","40 24:35.663","3","0","79 50:38.150","0","0","0","0","2417","0","0","0","N","0","0","0","1","02431","0","","3.0","","1","N","N","","1","","0","0","0","","0","N","","1","0","0","0","0","0","0","2","0","1","","","","N","","","","","","","","","",""
"2010005016","","4","0","0","0","0","0","0","0","0","1","0","","02","1","2010","4","40.505596","-80.085981","","11","0","0","0","0","0","1","1","0","2","0","0","0","","","2","","0","","40 30:20.146","5","0","80 05:09.531","8","0","0","0","2405","0","0","0","N","0","0","0","5","02215","0","","1.0","","1","N","N","","0","","0","0","0","","0","Y","","4","2","0","0","0","2","0","2","0","4","","","","N","","","","","","","","","",""
"2010005027","","1","0","0","0","0","0","0","0","0","1","0","","02","1","2010","4","40.449865","-79.92952","","11","0","0","0","0","0","1","0","0","","0","0","0","","","0","","0","","40 26:59.514","","0","79 55:46.272","0","0","0","0","2301","0","0","0","N","0","0","0","2","02301","0","","1.0","","1","N","N","","0","","0","0","1","","0","","","2","0","0","0","0","0","0","2","0","2","","","","N","","","","","","","","","",""
"2010005029","","2","0","0","0","0","0","0","0","0","1","0","","02","1","2010","4","40.508627","-80.004506","","11","0","0","0","0","0","0","0","0","1","0","0","0","","","0","","0","","40 30:31.056","2","0","80 00:16.222","9","0","0","0","2116","0","0","0","N","0","0","0","4","02116","0","","1.0","","8","N","N","","0","","0","0","1","","0","N","","3","0","0","0","0","0","1","2","0","3","","","","N","","","","","","","","","",""
"2010005030","","2","0","0","0","0","0","0","0","0","1","0","","02","1","2010","4","40.461142","-79.94808","","11","0","0","0","0","0","3","0","0","","0","0","0","","","3","","2","","40 27:40.111","","0","79 56:53.088","4","0","0","0","2301","0","0","0","N","0","0","0","3","02301","1","","1.0","","7","Y","N","","0","","0","0","0","","2","","","3","3","0","0","0","2","0","2","1","3","","","","N","","","","","","","","","",""
"2010005046","","2","0","0","0","0","0","0","0","0","4","0","","02","1","2010","3","40.342331","-79.964851","","11","0","0","0","1","0","0","0","1","2","0","0","0","","","0","","6","","40 20:32.392","3","2","79 57:53.463","0","0","0","0","2454","0","0","0","N","0","0","0","2","02454","0","","1.0","","9","N","N","","0","","0","0","0","","3","Y","","2","0","0","0","0","0","0","2","0","2","","","","N","","","","","","","","","",""
"2010005051","","1","0","0","0","0","0","0","0","0","4","1","","02","1","2010","4","40.429186","-79.999223","","11","0","0","0","0","0","1","0","0","2","0","1","0","","","0","","10","","40 25:45.071","1","3","79 59:57.204","0","0","0","0","2301","0","0","0","Y","0","0","0","2","02301","0","","1.0","","1","N","N","","0","","0","0","0","","0","N","","2","0","0","0","0","0","0","2","0","2","","","","N","","","","","","","","","",""
"2010005054","","2","0","0","0","0","0","0","0","0","1","0","","02","1","2010","4","40.372764","-80.107276","","11","0","0","0","0","0","0","1","0","","0","0","0","","","1","","0","","40 22:21.952","","0","80 06:26.195","4","0","0","0","2102","0","0","0","N","0","0","0","3","02102","1","","1.0","","1","N","N","","0","","0","0","0","","0","","","2","1","0","0","0","0","0","2","0","2","","","","N","","","","","","","","","",""
"2010005059","","1","0","0","0","0","0","0","0","0","4","0","","02","1","2010","7","","","","11","0","0","0","0","0","0","0","0","2","0","0","0","","","1","","0","","","3","7","","8","0","0","0","2446","0","0","0","N","0","0","0","3","02446","0","","1.0","","2","N","N","","1","","0","0","0","","0","N","","2","1","0","0","0","1","0","1","0","2","","","","N","","","","","","","","","",""
"2010005066","","0","0","0","0","0","0","0","0","0","7","0","","02","1","2010","4","40.506276","-79.80251","","11","0","0","0","0","0","0","0","1","1","0","0","0","","","2","","0","","40 30:22.592","1","0","79 48:09.037","3","0","0","0","2113","0","0","0","N","0","0","0","2","02113","0","","2.0","","1","N","N","","0","","2","0","0","","0","N","","1","2","0","0","0","0","0","2","1","1","","","","N","","","","","","","","","",""
"2010005072","","1","0","0","0","0","0","0","0","0","1","0","","02","1","2010","4","40.354245","-79.914193","","11","0","0","0","0","0","0","0","0","","0","0","0","","","1","","0","","40 21:15.282","","0","79 54:51.095","4","0","0","0","2473","0","0","0","N","0","0","0","3","02473","1","","1.0","","1","N","N","","0","","0","0","0","","0","","","2","1","1","0","0","0","0","2","1","2","","","","N","","","","","","","","","",""
"2010005076","","0","0","0","0","0","0","0","0","0","6","0","","02","1","2010","4","40.442564","-80.024135","","11","0","0","0","0","0","1","0","0","1","0","0","0","","","0","","0","","40 26:33.231","4","7","80 01:26.887","0","0","0","0","2301","0","0","0","N","0","0","0","4","02301","0","","1.0","","1","N","N","","0","","0","0","2","","0","N","","2","0","0","0","0","0","0","2","0","2","","","","N","","","","","","","","","",""
"2010005079","","1","0","0","0","0","0","0","0","0","1","0","","02","1","2010","4","40.396936","-79.998699","","11","0","0","0","2","0","1","0","0","2","0","0","0","","","0","","0","","40 23:48.968","1","0","79 59:55.318","0","0","0","0","2301","0","0","0","N","0","0","0","3","02301","0","","1.0","","3","N","N","","1","","0","0","1","","0","N","","3","0","0","0","0","0","0","2","0","3","","","","N","","","","","","","","","",""
"2010005086","","0","0","0","0","0","0","0","0","0","7","0","","02","1","2010","2","40.481596","-79.829077","","11","0","1","0","0","0","0","0","0","","0","0","0","","","0","","0","","40 28:53.747","","0","79 49:44.678","0","0","0","0","2113","0","0","0","N","0","0","0","1","02113","0","","5.0","","2","N","N","","0","","0","0","1","","0","","","1","0","0","0","0","0","0","2","0","1","","","","N","","","","","","","","","",""
"2010005098","","0","0","0","0","0","0","0","0","0","4","0","","02","1","2010","4","40.437839","-79.998873","","11","0","0","0","0","0","0","1","0","3","0","0","0","","","1","","1","","40 26:16.220","2","0","79 59:55.942","8","0","0","0","2301","0","0","0","N","0","0","0","3","02301","0","","1.0","","1","N","N","","1","","0","0","1","","3","N","","2","1","0","0","0","1","0","2","0","2","","","","N","","","","","","","","","",""
"2010005099","","2","0","0","0","0","0","0","0","0","4","0","","02","1","2010","2","40.371798","-79.843755","","11","0","0","0","0","0","0","1","0","","0","0","0","","","3","","2","","40 22:18.472","","0","79 50:37.518","3","0","0","0","2303","0","0","0","N","0","0","0","3","02303","1","","1.0","","7","N","N","","0","","1","0","0","","2","","","2","3","0","0","0","1","0","2","0","2","","","","N","","","","","","","","","",""
"2010005104","","2","0","0","0","0","0","0","0","0","4","0","","02","1","2010","3","40.399668","-80.064919","","11","0","0","0","0","0","0","0","1","","0","0","0","","","2","","1","","40 23:58.804","","0","80 03:53.707","3","0","0","0","2117","0","0","0","N","0","0","0","2","02117","1","","1.0","","1","N","N","","0","","1","0","0","","2","","","2","2","1","0","0","0","0","2","0","2","","","","N","","","","","","","","","",""
"2010005120","","2","0","0","0","0","0","0","0","0","7","0","","02","1","2010","4","40.448528","-79.885121","","11","0","0","0","0","0","0","0","0","","0","0","0","","","0","","1","","40 26:54.700","","0","79 53:06.435","0","0","0","0","2301","0","0","0","N","0","0","0","1","02301","0","","5.0","","2","N","N","","0","","0","0","1","","3","","","3","0","1","0","0","0","0","2","0","3","","","","N","","","","","","","","","",""
"2010005121","","0","0","0","0","0","0","0","0","0","7","0","","02","1","2010","4","40.558891","-79.969027","","11","0","0","1","0","0","0","0","0","","0","0","0","","","0","","0","","40 33:32.007","","0","79 58:08.498","0","0","0","0","2207","0","0","0","N","0","0","0","1","02207","0","","4.0","","1","N","N","","1","","0","0","0","","0","","","1","0","0","0","0","0","0","2","0","1","","","","N","","","","","","","","","",""
"2010005128","","1","0","0","0","0","0","0","0","0","1","0","","02","1","2010","4","40.42047","-79.958117","","11","0","0","0","0","0","1","0","0","","0","0","0","","","1","","0","","40 25:13.693","","0","79 57:29.220","4","0","0","0","2301","0","0","0","N","0","0","0","2","02301","1","","1.0","","1","N","N","","1","","0","0","0","","0","","","2","1","0","0","0","0","0","2","0","2","","","","N","","","","","","","","","",""
"2010005140","","0","0","0","0","0","0","0","0","0","4","0","","02","1","2010","3","40.362727","-79.825636","","11","0","0","0","0","0","1","0","0","","0","0","0","","","1","","0","","40 21:45.816","","0","79 49:32.289","4","0","0","0","2111","0","0","0","N","0","0","0","1","02111","1","","5.0","","7","N","N","","3","","0","0","0","","0","","","3","1","0","0","0","0","0","2","0","3","","","","N","","","","","","","","","",""
"2010005145","","1","0","0","0","0","0","0","0","0","7","0","","02","1","2010","4","40.430597","-80.024548","","11","0","0","0","0","0","0","0","0","","0","0","0","","","0","","0","","40 25:50.149","","2","80 01:28.374","0","0","0","0","2301","0","0","0","N","0","0","0","1","02301","0","","2.0","","1","N","N","","0","","0","0","0","","0","","","1","0","0","0","0","0","0","2","0","1","","","","N","","","","","","","","","",""
"2010005148","","1","0","0","0","0","0","0","0","0","7","0","","02","1","2010","2","40.465991","-79.757813","","11","0","0","1","0","0","0","0","0","1","0","0","0","","","0","","0","","40 27:57.567","2","0","79 45:28.126","0","0","0","0","2466","0","0","0","N","0","0","0","1","02466","0","","5.0","","2","N","N","","0","","0","0","0","","0","N","","1","0","0","0","0","0","0","2","0","1","","","","N","","","","","","","","","",""