"CRN","ARRIVAL_TM","AUTOMOBILE_COUNT","BELTED_DEATH_COUNT","BELTED_SUSP_SERIOUS_INJ_COUNT","BICYCLE_COUNT","BICYCLE_DEATH_COUNT","BICYCLE_SUSP_SERIOUS_INJ_COUNT","BUS_COUNT","CHLDPAS_DEATH_COUNT","CHLDPAS_SUSP_SERIOUS_INJ_COUNT","COLLISION_TYPE","COMM_VEH_COUNT","CONS_ZONE_SPD_LIM","COUNTY","CRASH_MONTH","CRASH_YEAR","DAY_OF_WEEK","DEC_LATITUDE","DEC_LONGITUDE","DISPATCH_TM","DISTRICT","DRIVER_COUNT_16YR","DRIVER_COUNT_17YR","DRIVER_COUNT_18YR","DRIVER_COUNT_19YR","DRIVER_COUNT_20YR","DRIVER_COUNT_50_64YR","DRIVER_COUNT_65_74YR","DRIVER_COUNT_75PLUS","EST_HRS_CLOSED","FATAL_COUNT","HEAVY_TRUCK_COUNT","HORSE_BUGGY_COUNT","HOUR_OF_DAY","ILLUMINATION","INJURY_COUNT","INTERSECTION_RELATED","INTERSECT_TYPE","LANE_CLOSED","LATITUDE","LN_CLOSE_DIR","LOCATION_TYPE","LONGITUDE","MAX_SEVERITY_LEVEL","MCYCLE_DEATH_COUNT","MCYCLE_SUSP_SERIOUS_INJ_COUNT","MOTORCYCLE_COUNT","MUNICIPALITY","NONMOTR_COUNT","NONMOTR_DEATH_COUNT","NONMOTR_SUSP_SERIOUS_INJ_COUNT","NTFY_HIWY_MAINT","PED_COUNT","PED_DEATH_COUNT","PED_SUSP_SERIOUS_INJ_COUNT","PERSON_COUNT","POLICE_AGCY","POSSIBLE_INJ_COUNT","RDWY_SURF_TYPE_CD","RELATION_TO_ROAD","ROADWAY_CLEARED","ROAD_CONDITION","SCH_BUS_IND","SCH_ZONE_IND","SECONDARY_CRASH","SMALL_TRUCK_COUNT","SPEC_JURIS_CD","SUSP_MINOR_INJ_COUNT","SUSP_SERIOUS_INJ_COUNT","SUV_COUNT","TCD_FUNC_CD","TCD_TYPE","TFC_DETOUR_IND","TIME_OF_DAY","TOTAL_UNITS","TOT_INJ_COUNT","UNBELTED_OCC_COUNT","UNB_DEATH_COUNT","UNB_SUSP_SERIOUS_INJ_COUNT","UNK_INJ_DEG_COUNT","UNK_INJ_PER_COUNT","URBAN_RURAL","VAN_COUNT","VEHICLE_COUNT","WEATHER1","WEATHER2","WORKERS_PRES","WORK_ZONE_IND","WORK_ZONE_LOC","WORK_ZONE_TYPE","WZ_CLOSE_DETOUR","WZ_FLAGGER","WZ_LAW_OFFCR_IND","WZ_LN_CLOSURE","WZ_MOVING","WZ_OTHER","WZ_SHLDER_MDN","WZ_WORKERS_INJ_KILLED"
"2010011308","1310","1","0","0","0","0","0","0","0","0","4","0","","02","1","2010","6","40.584434","-79.950806","1310","11","0","0","0","0","0","1","0","0","1","0","0","0","","","1","","2","","40 35:03.962","5","0","79 57:02.900","4","0","0","0","2207","0","0","0","N","0","0","0","2","02207","1","","1.0","","1","N","N","","1","","0","0","0","","2","N","","2","1","0","0","0","0","0","2","0","2","","","","N","","","","","","","","","",""
"2010011311","1230","2","0","0","0","0","0","0","0","0","5","0","","02","1","2010","6","","","1230","11","0","0","0","0","0","0","0","0","","0","0","0","","","0","","0","","","","0","","0","0","0","0","2111","0","0","0","N","0","0","0","2","02111","0","","6.0","","1","N","N","","0","","0","0","0","","0","","","2","0","1","0","0","0","0","1","0","2","","","","N","","","","","","","","","",""
"2010011314","0755","1","0","0","0","0","0","0","0","0","8","1","","02","1","2010","2","40.27443","-79.887091","0755","11","0","0","0","0","0","1","0","0","","0","1","0","","","2","","0","","40 16:27.948","","3","79 53:13.527","8","0","0","0","2428","0","0","0","N","0","0","0","3","02428","0","","1.0","","1","N","N","","0","","0","0","0","","0","","","2","2","0","0","0","2","0","2","0","2","","","","N","","","","","","","","","",""
"2010011317","1008","0","0","0","0","0","0","0","0","0","4","0","","02","1","2010","4","40.642916","-79.802504","1004","11","0","0","0","0","0","0","0","0","","0","0","0","","","0","","0","","40 38:34.499","","0","79 48:09.014","0","0","0","0","2202","0","0","0","N","0","0","0","3","02202","0","","1.0","","1","N","N","","1","","0","0","1","","0","","","2","0","0","0","0","0","0","1","0","2","","","","N","","","","","","","","","",""
"2010011318","2010","1","0","0","0","0","0","0","0","0","7","0","","02","1","2010","5","40.523573","-79.71869","2005","11","0","0","0","0","1","0","0","0","","0","0","0","","","0","","0","","40 31:24.862","","0","79 43:07.285","0","0","0","0","2466","0","0","0","N","0","0","0","2","02466","0","","2.0","","2","N","N","","0","","0","0","0","","0","","","1","0","0","0","0","0","0","1","0","1","","","","N","","","","","","","","","",""
"2010011327","1617","1","0","0","0","0","0","0","0","0","1","0","","02","1","2010","6","40.406095","-79.942979","1608","11","0","0","0","0","0","1","0","0","","0","0","0","","","0","","2","","40 24:21.942","","0","79 56:34.726","0","0","0","0","2301","0","0","0","N","0","0","0","2","02301","0","","1.0","","1","N","N","","1","","0","0","0","","3","","","2","0","0","0","0","0","0","2","0","2","","","","N","","","","","","","","","",""
"2010011333","1645","0","0","0","0","0","0","0","0","0","4","0","","02","1","2010","6","40.444553","-80.17397","1641","11","1","0","0","0","0","0","0","0","2","0","0","0","","","1","","2","","40 26:40.390","7","0","80 10:26.292","8","0","0","0","2214","0","0","0","N","0","0","0","2","02214","0","","1.0","","1","N","N","","0","","0","0","2","","3","N","","2","1","0","0","0","1","0","2","0","2","","","","N","","","","","","","","","",""
"2010011339","1743","2","0","0","0","0","0","0","0","0","4","0","","02","1","2010","6","40.429056","-79.998356","1736","11","0","0","0","0","1","0","0","0","","0","0","0","","","0","","1","","40 25:44.601","","0","79 59:54.081","0","0","0","0","2301","0","0","0","N","0","0","0","2","02301","0","","1.0","","1","N","N","","0","","0","0","0","","2","","","2","0","0","0","0","0","0","2","0","2","","","","N","","","","","","","","","",""
"2010011344","0209","1","0","0","0","0","0","0","0","0","7","0","","02","1","2010","7","40.295445","-79.879344","0209","11","0","0","0","0","0","0","0","0","","0","0","0","","","0","","2","","40 17:43.602","","0","79 52:45.638","9","0","0","0","2302","0","0","0","N","0","0","0","1","02302","0","","5.0","","98","N","N","","0","","0","0","0","","0","","","1","0","0","0","0","0","1","2","0","1","","","","N","","","","","","","","","",""
"2010011407","1952","1","0","0","0","0","0","0","0","0","7","0","","02","1","2010","5","40.458551","-79.717719","1949","11","0","0","1","0","0","0","0","0","1","0","0","0","","","1","","0","","40 27:30.783","6","0","79 43:03.788","4","0","0","0","2466","0","0","0","N","0","0","0","1","02466","1","","5.0","","1","N","","","0","","0","0","0","","0","N","","1","1","0","0","0","0","0","2","0","1","","","","N","","","","","","","","","",""
"2010011471","1925","2","0","0","0","0","0","0","0","0","2","0","","02","1","2010","6","40.458441","-79.986331","1921","11","0","0","0","0","0","1","0","0","2","0","0","0","","","1","","0","","40 27:30.386","5","0","79 59:10.793","4","0","0","0","2301","0","0","0","N","0","0","0","6","02301","1","","1.0","","1","N","N","","0","","0","0","1","","0","N","","3","1","2","0","0","0","0","2","0","3","","","","N","","","","","","","","","",""
"2010011484","2122","2","0","0","0","0","0","0","0","0","4","0","","02","1","2010","6","40.477577","-79.785242","2119","11","0","0","0","0","0","0","0","1","","0","0","0","","","0","","1","","40 28:39.276","","0","79 47:06.870","0","0","0","0","2113","0","0","0","N","0","0","0","3","02113","0","","1.0","","1","N","N","","0","","0","0","0","","2","","","2","0","0","0","0","0","0","2","0","2","","","","N","","","","","","","","","",""
"2010011486","1035","1","0","0","0","0","0","0","0","0","5","0","","02","1","2010","5","40.367481","-79.818488","1030","11","0","0","0","0","0","1","0","0","","0","0","0","","","0","","0","","40 22:02.930","","0","79 49:06.558","0","0","0","0","2111","0","0","0","N","0","0","0","2","02111","0","","1.0","","9","N","N","","1","","0","0","0","","0","","","2","0","0","0","0","0","0","2","0","2","","","","N","","","","","","","","","",""
"2010011490","1610","2","0","0","0","0","0","0","0","0","7","0","","02","1","2010","3","40.56036","-79.772757","1604","11","0","0","0","1","0","1","0","0","2","0","0","0","","","1","","0","","40 33:37.295","1","0","79 46:21.925","3","0","0","0","2121","0","0","0","N","0","0","0","3","02121","0","","2.0","","1","N","N","","0","","1","0","0","","0","N","","2","1","0","0","0","0","0","1","0","2","","","","N","","","","","","","","","",""
"2010011500","0238","1","0","0","0","0","0","0","0","0","7","0","","02","1","2010","7","40.473243","-79.848154","0233","11","0","0","0","0","0","0","0","0","","0","0","0","","","0","","0","","40 28:23.676","","0","79 50:53.354","0","0","0","0","2113","0","0","0","N","0","0","0","1","02113","0","","2.0","","1","N","N","","0","","0","0","0","","0","","","1","0","0","0","0","0","0","2","0","1","","","","N","","","","","","","","","",""
"2010011501","0210","1","0","0","0","0","0","0","0","0","4","0","","02","1","2010","7","40.455782","-79.965864","0207","11","0","0","0","0","0","0","0","0","1","0","0","0","","","0","","1","","40 27:20.815","2","0","79 57:57.109","0","0","0","0","2301","0","0","0","N","0","0","0","2","02301","0","","1.0","","9","N","N","","0","","0","0","1","","2","N","","2","0","0","0","0","0","0","2","0","2","","","","N","","","","","","","","","",""
"2010011502","0028","1","0","0","0","0","0","0","0","0","7","0","","02","1","2010","7","","","0024","11","0","0","0","0","0","0","0","0","","0","0","0","","","0","","0","","","","0","","0","0","0","0","2301","0","0","0","N","0","0","0","1","02301","0","","3.0","","1","N","N","","0","","0","0","0","","0","","","1","0","0","0","0","0","0","1","0","1","","","","N","","","","","","","","","",""
"2010011503","0145","1","0","0","0","0","0","0","0","0","7","0","","02","1","2010","7","40.461402","-79.98828","0138","11","0","0","0","0","0","0","0","0","2","0","0","0","","","1","","0","","40 27:41.047","6","0","79 59:17.808","4","0","0","0","2301","0","0","0","N","0","0","0","1","02301","1","","2.0","","1","N","N","","0","","0","0","0","","0","Y","","1","1","0","0","0","0","0","2","0","1","","","","N","","","","","","","","","",""
"2010011504","0250","1","0","0","0","0","0","0","0","0","7","0","","02","1","2010","7","40.408062","-80.004687","0246","11","0","0","0","0","0","0","0","0","1","0","0","0","","","0","","0","","40 24:29.023","2","0","80 00:16.873","0","0","0","0","2301","0","0","0","","0","0","0","3","02301","0","","3.0","","1","","","","0","","0","0","0","","0","Y","","1","0","0","0","0","0","0","2","0","1","","","","N","","","","","","","","","",""
"2010011507","0243","1","0","0","0","0","0","0","0","0","4","0","","02","1","2010","1","40.617403","-79.947542","0239","11","0","0","0","0","0","0","0","0","","0","0","0","","","2","","0","","40 37:02.649","","0","79 56:51.152","8","0","0","0","2217","0","0","0","N","0","0","0","2","02505","0","","5.0","","1","N","N","","1","","0","0","0","","0","","","2","2","2","0","0","2","0","2","0","2","","","","N","","","","","","","","","",""
"2010011508","1201","2","0","0","0","0","0","0","0","0","4","0","","02","1","2010","4","40.518388","-80.027605","1144","11","0","0","0","0","0","0","1","0","","0","0","0","","","0","","2","","40 31:06.196","","0","80 01:39.379","0","0","0","0","2474","0","0","0","N","0","0","0","3","02474","0","","1.0","","1","N","N","","0","","0","0","0","","2","","","2","0","0","0","0","0","0","2","0","2","","","","N","","","","","","","","","",""
"2010011515","0108","1","0","0","0","0","0","0","0","0","7","0","","02","1","2010","7","40.633272","-79.869078","0105","11","0","0","0","0","0","0","0","0","","0","0","0","","","0","","0","","40 37:59.779","","0","79 52:08.680","0","0","0","0","2220","0","0","0","N","0","0","0","1","02220","0","","5.0","","1","N","N","","0","","0","0","0","","0","","","1","0","0","0","0","0","0","1","0","1","","","","N","","","","","","","","","",""
"2010011517","1821","1","0","0","0","0","0","0","0","0","7","0","","02","1","2010","4","40.354546","-79.841487","1820","11","0","0","1","0","0","0","0","0","","0","0","0","","","1","","0","","40 21:16.365","","2","79 50:29.353","4","0","0","0","2304","0","0","0","N","0","0","0","2","02304","1","","4.0","","7","N","N","","0","","0","0","0","","0","","","1","1","0","0","0","0","0","2","0","1","","","","N","","","","","","","","","",""
"2010011560","1647","1","0","0","0","0","0","0","0","0","1","0","","02","1","2010","7","40.594644","-79.994139","1640","11","0","0","0","0","0","0","1","0","","0","0","0","","","0","","0","","40 35:40.717","","0","79 59:38.899","0","0","0","0","2108","0","0","0","N","0","0","0","3","02108","0","","1.0","","1","N","N","","1","","0","0","1","","0","","","3","0","0","0","0","0","0","2","0","3","","","","N","","","","","","","","","",""
"2010011647","0800","1","0","0","0","0","0","0","0","0","0","0","","02","1","2010","6","","","0755","11","0","0","0","0","0","0","0","0","","0","0","0","","","0","","10","","","","0","","9","0","0","0","2304","0","0","0","N","0","0","0","1","02304","0","","5.0","","7","N","N","","0","","0","0","0","","0","","","1","0","0","0","0","0","1","1","0","1","","","","N","","","","","","","","","",""
"2010011658","1236","1","0","0","0","0","0","0","0","0","1","0","","02","1","2010","5","40.370425","-79.927791","1233","11","0","0","0","0","1","0","1","0","","0","0","0","","","0","","0","","40 22:13.530","","0","79 55:40.046","0","0","0","0","2473","0","0","0","N","0","0","0","3","02473","0","","1.0","","1","N","N","","0","","0","0","1","","0","","","2","0","0","0","0","0","0","2","0","2","","","","N","","","","","","","","","",""
"2010011660","0743","0","0","0","0","0","0","0","0","0","7","0","","02","1","2010","5","40.351009","-80.147347","0740","11","0","0","0","0","0","0","0","0","","0","0","0","","","0","","0","","40 21:03.634","","0","80 08:50.449","0","0","0","0","2119","0","0","0","Y","0","0","0","1","02119","0","","3.0","","2","N","N","","1","","0","0","0","","0","","","1","0","0","0","0","0","0","2","0","1","","","","N","","","","","","","","","",""
"2010011663","1153","1","0","0","0","0","0","0","0","0","1","0","","02","1","2010","6","40.356967","-80.120356","1153","11","0","0","0","0","0","0","0","0","1","0","0","0","","","0","","2","","40 21:25.081","3","0","80 07:13.280","0","0","0","0","2119","0","0","0","N","0","0","0","3","02119","0","","1.0","","1","N","N","","1","","0","0","0","","2","N","","2","0","0","0","0","0","0","2","0","2","","","","N","","","","","","","","","",""
"2010011665","0926","2","0","0","0","0","0","0","0","0","5","0","","02","1","2010","7","40.441249","-79.959225","0918","11","0","0","0","0","0","1","0","0","","0","0","0","","","0","","2","","40 26:28.496","","0","79 57:33.210","0","0","0","0","2301","0","0","0","N","0","0","0","2","02301","0","","1.0","","1","N","N","","0","","0","0","0","","2","","","2","0","0","0","0","0","0","2","0","2","","","","N","","","","","","","","","",""
"2010011673","1145","1","0","0","0","0","0","0","0","0","7","0","","02","1","2010","7","40.411164","-80.023769","1135","11","0","0","0","0","0","0","0","0","","0","0","0","","","0","","2","","40 24:40.190","","0","80 01:25.568","0","0","0","0","2301","0","0","0","N","0","0","0","2","02301","0","","5.0","","1","N","N","","0","","0","0","0","","0","","","1","0","2","0","0","0","0","2","0","1","","","","N","","","","","","","","","",""
"2010011678","2005","1","0","0","0","0","0","0","0","0","1","0","","02","1","2010","6","","","2001","11","0","0","0","0","0","0","0","0","1","0","0","0","","","1","","0","","","2","0","","8","0","0","0","2473","0","0","0","N","0","0","0","2","02473","0","","1.0","","1","N","N","","1","","0","0","0","","0","N","","2","1","0","0","0","1","0","1","0","2","","","","N","","","","","","","","","",""
"2010011682","1255","0","0","0","0","0","0","0","0","0","4","0","","02","1","2010","7","40.620263","-79.944342","1251","11","0","0","0","0","0","1","0","0","","0","0","0","","","0","","0","","40 37:12.948","","7","79 56:39.631","0","0","0","0","2217","0","0","0","N","0","0","0","3","02505","0","","1.0","","1","N","N","","0","","0","0","0","","2","","","2","0","0","0","0","0","0","2","2","2","","","","N","","","","","","","","","",""
"2010011683","1355","2","0","0","0","0","0","0","0","0","4","0","","02","1","2010","7","40.437392","-79.999303","1350","11","0","0","0","0","0","1","0","0","1","0","0","0","","","1","","1","","40 26:14.611","3","0","79 59:57.489","8","0","0","0","2301","0","0","0","N","0","0","0","2","02301","0","","1.0","","1","N","N","","0","","0","0","0","","2","N","","2","1","1","0","0","1","0","2","0","2","","","","N","","","","","","","","","",""
"2010011710","1735","1","0","0","0","0","0","0","0","0","1","0","","02","1","2010","7","40.37729","-80.004174","1728","11","0","0","0","0","0","1","0","0","1","0","0","0","","","0","","2","","40 22:38.243","2","0","80 00:15.027","0","0","0","0","2301","0","0","0","N","0","0","0","3","02301","0","","1.0","","1","N","N","","0","","0","0","1","","0","N","","2","0","0","0","0","0","0","2","0","2","","","","N","","","","","","","","","",""
"2010011712","1710","1","0","0","0","0","0","0","0","0","7","0","","02","1","2010","7","40.553044","-79.860349","1707","11","0","0","0","0","0","0","0","1","","0","0","0","","","1","","0","","40 33:10.958","","0","79 51:37.256","8","0","0","0","2208","0","0","0","N","0","0","0","1","02208","0","","5.0","","1","N","N","","0","","0","0","0","","0","","","1","1","0","0","0","1","0","2","0","1","","","","N","","","","","","","","","",""
"2010011723","1837","1","0","0","0","0","0","0","0","0","1","0","","02","1","2010","4","40.417332","-80.056586","1825","11","0","0","0","0","0","0","0","0","","0","0","0","","","2","","0","","40 25:02.396","","0","80 03:23.709","4","0","0","0","2435","0","0","0","N","0","0","0","4","68B03","1","","1.0","","1","N","N","","0","","0","0","1","","0","","","2","2","0","0","0","1","0","2","0","2","","","","N","","","","","","","","","",""
"2010011724","0557","1","0","0","0","0","0","0","0","0","7","0","","02","1","2010","5","40.427644","-79.953849","0557","11","0","0","0","0","0","0","0","0","","0","0","0","","","0","","0","","40 25:39.519","","0","79 57:13.855","0","0","0","0","2301","0","0","0","N","0","0","0","1","68B03","0","","2.0","","9","N","N","","0","","0","0","0","","0","","","1","0","0","0","0","0","0","2","0","1","","","","N","","","","","","","","","",""
"2010011725","0740","1","0","0","0","0","0","0","0","0","7","0","","02","1","2010","5","40.442746","-79.83855","0714","11","0","0","0","0","0","0","0","0","1","0","0","0","","","0","","0","","40 26:33.885","3","0","79 50:18.780","0","0","0","0","2419","0","0","0","N","0","0","0","1","68B03","0","","3.0","","9","N","N","","0","","0","0","0","","0","N","","1","0","0","0","0","0","0","2","0","1","","","","N","","","","","","","","","",""
"2010011726","0854","2","0","0","0","0","0","0","0","0","1","0","","02","1","2010","5","40.44656","-80.169899","0845","11","0","0","0","0","1","0","0","0","1","0","0","0","","","0","","6","","40 26:47.615","4","2","80 10:11.636","0","0","0","0","2115","0","0","0","N","0","0","0","2","68B03","0","","1.0","","2","N","N","","0","","0","0","0","","3","N","","2","0","0","0","0","0","0","2","0","2","","","","N","","","","","","","","","",""
"2010011853","1906","1","0","0","0","0","0","0","0","0","7","0","","02","1","2010","7","40.437553","-80.041944","1906","11","0","0","0","0","0","0","0","1","1","0","0","0","","","0","","0","","40 26:15.189","4","0","80 02:30.997","0","0","0","0","2301","0","0","0","N","0","0","0","1","02301","0","","5.0","","2","N","N","","0","","0","0","0","","0","N","","1","0","0","0","0","0","0","2","0","1","","","","N","","","","","","","","","",""
"2010011858","2022","2","0","0","0","0","0","0","0","0","1","0","","02","1","2010","7","40.436877","-79.972731","2020","11","0","0","0","0","0","1","0","0","1","0","0","0","","","1","","7","","40 26:12.756","4","2","79 58:21.831","3","0","0","0","2301","0","0","0","N","0","0","0","6","02301","0","","1.0","","1","N","N","","1","","1","0","0","","0","N","","3","1","0","0","0","0","0","2","0","3","","","","N","","","","","","","","","",""
"2010011859","2050","1","0","0","0","0","0","0","0","0","1","0","","02","1","2010","7","40.436773","-79.994334","2035","11","0","0","0","0","0","0","0","0","","0","0","0","","","0","","0","","40 26:12.382","","3","79 59:39.603","0","0","0","0","2301","0","0","0","Y","0","0","0","8","02301","0","","1.0","","1","N","N","","0","","0","0","1","","0","","","2","0","0","0","0","0","0","2","0","2","","","","N","","","","","","","","","",""
"2010011860","2112","1","0","0","0","0","0","0","0","0","6","0","","02","1","2010","7","40.457452","-79.917426","2108","11","0","0","0","0","0","1","0","0","","0","0","0","","","0","","1","","40 27:26.828","","0","79 55:02.734","9","0","0","0","2301","0","0","0","N","0","0","0","2","02301","0","","1.0","","1","N","N","","0","","0","0","1","","2","","","2","0","0","0","0","0","2","2","0","2","","","","N","","","","","","","","","",""
"2010011862","2217","0","0","0","0","0","0","0","0","0","7","0","","02","1","2010","7","40.442865","-80.044319","2217","11","0","0","0","0","0","0","0","0","1","0","0","0","","","1","","0","","40 26:34.314","2","0","80 02:39.548","3","0","0","0","2301","0","0","0","N","0","0","0","1","02301","0","","4.0","","1","N","N","","1","","1","0","0","","0","N","","1","1","1","0","0","0","0","2","0","1","","","","N","","","","","","","","","",""
"2010011875","0227","1","0","0","0","0","0","0","0","0","7","0","","02","1","2010","1","40.382546","-80.045714","0225","11","0","0","0","0","0","0","0","0","","0","0","0","","","0","","0","","40 22:57.165","","0","80 02:44.570","0","0","0","0","2109","0","0","0","N","0","0","0","1","02109","0","","5.0","","1","N","N","","0","","0","0","0","","0","","","1","0","0","0","0","0","0","2","0","1","","","","N","","","","","","","","","",""
"2010011888","0908","1","0","0","0","0","0","0","0","0","4","0","","02","1","2010","4","40.594999","-79.985131","0903","11","0","0","0","0","0","0","0","0","1","0","0","0","","","2","","0","","40 35:41.996","6","0","79 59:06.472","4","0","0","0","2207","0","0","0","N","0","0","0","2","02207","2","","1.0","","1","N","N","","1","","0","0","0","","0","Y","","2","2","0","0","0","0","0","1","0","2","","","","N","","","","","","","","","",""
"2010011889","0825","0","0","0","0","0","0","0","0","0","7","0","","02","1","2010","7","40.550178","-79.841356","0820","11","0","0","0","0","0","0","0","0","","0","0","0","","","0","","0","","40 33:00.641","","0","79 50:28.882","0","0","0","0","2208","0","0","0","Y","0","0","0","1","02208","0","","4.0","","1","N","N","","0","","0","0","1","","0","","","1","0","0","0","0","0","0","2","0","1","","","","N","","","","","","","","","",""
"2010011895","1030","2","0","0","0","0","0","0","0","0","4","0","","02","1","2010","6","40.36964","-79.778302","1027","11","0","0","0","0","0","0","0","1","1","0","0","0","","","1","","0","","40 22:10.703","2","7","79 46:41.887","8","0","0","0","2111","0","0","0","N","0","0","0","3","02111","0","","1.0","","1","N","N","","0","","0","0","0","","0","Y","","2","1","0","0","0","1","0","2","0","2","","","","N","","","","","","","","","",""
"2010011900","0330","0","0","0","0","0","0","0","0","0","7","0","","02","1","2010","5","40.352444","-80.050379","0314","11","0","0","0","0","0","0","0","0","","0","0","0","","","0","","0","","40 21:08.797","","0","80 03:01.363","0","0","0","0","2109","0","0","0","N","0","0","0","1","02109","0","","4.0","","7","N","N","","1","","0","0","0","","0","","","1","0","0","0","0","0","0","2","0","1","","","","N","","","","","","","","","",""
"2010011913","0924","2","0","0","0","0","0","0","0","0","4","0","","02","1","2010","1","40.52192","-79.842616","0920","11","0","0","0","0","0","1","0","1","","0","0","0","","","1","","1","","40 31:18.913","","0","79 50:33.419","3","0","0","0","2451","0","0","0","N","0","0","0","3","02451","0","","1.0","","1","N","N","","0","","1","0","0","","3","","","2","1","0","0","0","0","0","2","0","2","","","","N","","","","","","","","","",""
"2010011919","1204","0","0","0","0","0","0","0","0","0","7","1","","02","1","2010","5","40.350382","-79.949963","1202","11","0","0","0","0","0","1","0","0","4","0","1","0","","","0","","0","","40 21:01.376","5","7","79 56:59.868","0","0","0","0","2473","0","0","0","N","0","0","0","1","02473","0","","2.0","","1","N","N","","0","","0","0","0","","0","Y","","1","0","0","0","0","0","0","2","0","1","","","","N","","","","","","","","","",""
"2010011923","1150","1","0","0","0","0","0","0","0","0","4","0","","02","1","2010","1","40.403604","-80.040431","1143","11","0","0","0","0","0","0","0","0","","0","0","0","","","0","","1","","40 24:12.974","","0","80 02:25.552","0","0","0","0","2301","0","0","0","N","0","0","0","2","02301","0","","1.0","","1","N","N","","1","","0","0","0","","3","","","2","0","0","0","0","0","0","2","0","2","","","","N","","","","","","","","","",""
"2010011926","1006","1","0","0","0","0","0","0","0","0","4","0","","02","1","2010","1","40.380924","-79.814664","1006","11","0","0","0","0","0","0","0","1","1","0","0","0","","","0","","3","","40 22:51.326","3","0","79 48:52.791","0","0","0","0","2424","0","0","0","N","0","0","0","2","02424","0","","1.0","","1","N","N","","1","","0","0","0","","3","N","","2","0","0","0","0","0","0","2","0","2","","","","N","","","","","","","","","",""
"2010011928","1212","3","0","0","0","0","0","0","0","0","5","0","","02","1","2010","1","40.385939","-80.009049","1209","11","0","0","0","0","0","0","0","0","","0","0","0","","","0","","0","","40 23:09.380","","0","80 00:32.576","0","0","0","0","2301","0","0","0","N","0","0","0","1","02301","0","","4.0","","1","N","N","","0","","0","0","0","","0","","","3","0","0","0","0","0","0","2","0","3","","","","N","","","","","","","","","",""
"2010011938","1409","1","0","0","0","0","0","0","0","0","7","0","","02","1","2010","1","40.613562","-79.968161","1405","11","0","0","0","0","0","0","0","0","","0","0","0","","","0","","0","","40 36:48.823","","0","79 58:05.379","0","0","0","0","2207","0","0","0","N","0","0","0","1","02207","0","","5.0","","2","N","N","","0","","0","0","0","","0","","","1","0","0","0","0","0","0","2","0","1","","","","N","","","","","","","","","",""
"2010011941","2205","1","0","0","0","0","0","0","0","0","1","0","","02","1","2010","7","40.341329","-79.966148","2202","11","0","0","0","0","1","0","0","0","1","0","0","0","","","0","","7","","40 20:28.786","4","2","79 57:58.133","9","0","0","0","2454","0","0","0","N","0","0","0","3","02454","0","","1.0","","1","N","N","","0","","0","0","0","","0","N","","2","0","0","0","0","0","1","2","0","2","","","","N","","","","","","","","","",""
"2010011943","2200","0","0","0","0","0","0","0","0","0","8","0","","02","1","2010","6","40.297559","-79.822067","2155","11","0","0","0","0","0","1","0","0","","0","0","0","","","1","","2","","40 17:51.212","","0","79 49:19.441","4","0","0","0","2105","1","0","0","N","1","0","0","2","02105","1","","2.0","","1","N","N","","1","","0","0","0","","0","","","2","1","0","0","0","0","0","1","0","1","","","","N","","","","","","","","","",""
"2010011944","0628","2","0","0","0","0","0","0","0","0","4","0","","02","1","2010","3","40.630685","-79.981729","0623","11","0","0","0","0","1","2","0","0","2","0","0","0","","","1","","0","","40 37:50.466","6","7","79 58:54.224","3","0","0","0","2217","0","0","0","Y","0","0","0","5","02505","0","","1.0","","2","N","N","","1","","1","0","0","","0","N","","3","1","0","0","0","0","0","2","0","3","","","","N","","","","","","","","","",""
"2010011948","1633","1","0","0","0","0","0","0","0","0","7","0","","02","1","2010","7","40.564841","-79.954749","1627","11","0","0","0","0","0","0","0","0","2","0","0","0","","","0","","0","","40 33:53.426","4","0","79 57:17.098","0","0","0","0","2207","0","0","0","N","0","0","0","1","02207","0","","4.0","","2","N","N","","0","","0","0","0","","0","N","","1","0","0","0","0","0","0","2","0","1","","","","N","","","","","","","","","",""
"2010011958","1548","2","0","0","0","0","0","0","0","0","1","0","","02","1","2010","1","40.315141","-80.107154","1548","11","0","0","0","0","0","0","0","0","","0","0","0","","","0","","2","","40 18:54.509","","0","80 06:25.753","0","0","0","0","2123","0","0","0","N","0","0","0","4","02123","0","","1.0","","1","N","N","","0","","0","0","0","","0","","","2","0","1","0","0","0","0","2","0","2","","","","N","","","","","","","","","",""
"2010011962","1904","0","0","0","0","0","0","0","0","0","99","0","","02","1","2010","1","40.521934","-80.005364","1900","11","0","0","0","1","0","1","0","0","","0","0","0","","","1","","2","","40 31:18.962","","7","80 00:19.311","4","0","0","0","2116","0","0","0","N","0","0","0","2","02116","1","","1.0","","9","N","N","","0","","0","0","2","","2","","","2","1","0","0","0","0","0","2","0","2","","","","N","","","","","","","","","",""
"2010011975","2137","1","0","0","0","0","0","0","0","0","4","0","","02","1","2010","5","40.582624","-80.09858","2129","11","0","0","0","0","0","0","0","0","","0","0","0","","","0","","0","","40 34:57.446","","0","80 05:54.887","0","0","0","0","2481","0","0","0","N","0","0","0","2","68B03","0","","1.0","","7","N","N","","0","","0","0","1","","0","","","2","0","0","0","0","0","0","2","0","2","","","","N","","","","","","","","","",""
"2010011976","0839","1","0","0","0","0","0","0","0","0","7","0","","02","1","2010","4","40.388654","-80.098875","0819","11","0","0","0","0","0","0","0","0","3","0","0","0","","","3","","0","","40 23:19.155","2","0","80 05:55.951","4","0","0","0","2102","0","0","0","N","0","0","0","3","68B03","3","","2.0","","2","N","N","","1","","0","0","0","","0","N","","2","3","0","0","0","0","0","2","0","2","","","","N","","","","","","","","","",""