"CRN","ARRIVAL_TM","AUTOMOBILE_COUNT","BELTED_DEATH_COUNT","BELTED_SUSP_SERIOUS_INJ_COUNT","BICYCLE_COUNT","BICYCLE_DEATH_COUNT","BICYCLE_SUSP_SERIOUS_INJ_COUNT","BUS_COUNT","CHLDPAS_DEATH_COUNT","CHLDPAS_SUSP_SERIOUS_INJ_COUNT","COLLISION_TYPE","COMM_VEH_COUNT","CONS_ZONE_SPD_LIM","COUNTY","CRASH_MONTH","CRASH_YEAR","DAY_OF_WEEK","DEC_LATITUDE","DEC_LONGITUDE","DISPATCH_TM","DISTRICT","DRIVER_COUNT_16YR","DRIVER_COUNT_17YR","DRIVER_COUNT_18YR","DRIVER_COUNT_19YR","DRIVER_COUNT_20YR","DRIVER_COUNT_50_64YR","DRIVER_COUNT_65_74YR","DRIVER_COUNT_75PLUS","EST_HRS_CLOSED","FATAL_COUNT","HEAVY_TRUCK_COUNT","HORSE_BUGGY_COUNT","HOUR_OF_DAY","ILLUMINATION","INJURY_COUNT","INTERSECTION_RELATED","INTERSECT_TYPE","LANE_CLOSED","LATITUDE","LN_CLOSE_DIR","LOCATION_TYPE","LONGITUDE","MAX_SEVERITY_LEVEL","MCYCLE_DEATH_COUNT","MCYCLE_SUSP_SERIOUS_INJ_COUNT","MOTORCYCLE_COUNT","MUNICIPALITY","NONMOTR_COUNT","NONMOTR_DEATH_COUNT","NONMOTR_SUSP_SERIOUS_INJ_COUNT","NTFY_HIWY_MAINT","PED_COUNT","PED_DEATH_COUNT","PED_SUSP_SERIOUS_INJ_COUNT","PERSON_COUNT","POLICE_AGCY","POSSIBLE_INJ_COUNT","RDWY_SURF_TYPE_CD","RELATION_TO_ROAD","ROADWAY_CLEARED","ROAD_CONDITION","SCH_BUS_IND","SCH_ZONE_IND","SECONDARY_CRASH","SMALL_TRUCK_COUNT","SPEC_JURIS_CD","SUSP_MINOR_INJ_COUNT","SUSP_SERIOUS_INJ_COUNT","SUV_COUNT","TCD_FUNC_CD","TCD_TYPE","TFC_DETOUR_IND","TIME_OF_DAY","TOTAL_UNITS","TOT_INJ_COUNT","UNBELTED_OCC_COUNT","UNB_DEATH_COUNT","UNB_SUSP_SERIOUS_INJ_COUNT","UNK_INJ_DEG_COUNT","UNK_INJ_PER_COUNT","URBAN_RURAL","VAN_COUNT","VEHICLE_COUNT","WEATHER1","WEATHER2","WORKERS_PRES","WORK_ZONE_IND","WORK_ZONE_LOC","WORK_ZONE_TYPE","WZ_CLOSE_DETOUR","WZ_FLAGGER","WZ_LAW_OFFCR_IND","WZ_LN_CLOSURE","WZ_MOVING","WZ_OTHER","WZ_SHLDER_MDN","WZ_WORKERS_INJ_KILLED"
"2010014414","1621","1","0","0","0","0","0","0","0","0","7","0","","02","2","2010","7","40.474389","-79.882237","1601","11","0","0","0","0","0","0","0","0","3","0","0","0","","","0","","0","","40 28:27.800","4","0","79 52:56.053","9","0","0","0","2113","0","0","0","N","0","0","0","1","02113","0","","5.0","","6","N","N","","0","","0","0","0","","0","Y","","1","0","0","0","0","0","1","2","0","1","","","","N","","","","","","","","","",""
"2010014468","1745","1","0","0","0","0","0","0","0","0","7","0","","02","2","2010","6","40.652356","-79.920501","1736","11","0","0","0","0","0","0","0","0","2","0","0","0","","","0","","0","","40 39:08.483","3","0","79 55:13.802","0","0","0","0","2220","0","0","0","N","0","0","0","0","02220","0","","2.0","","7","N","N","","0","","0","0","0","","0","N","","1","0","0","0","0","0","0","1","0","1","","","","N","","","","","","","","","",""
"2010014471","1855","1","0","0","0","0","0","0","0","0","4","0","","02","2","2010","7","40.464068","-79.980306","1850","11","0","0","0","0","0","0","0","0","","0","0","0","","","0","","0","","40 27:50.646","","0","79 58:49.102","0","0","0","0","2301","0","0","0","N","0","0","0","2","02301","0","","1.0","","2","N","N","","0","","0","0","0","","0","","","2","0","0","0","0","0","0","2","1","2","","","","N","","","","","","","","","",""
"2010014482","2241","1","0","0","0","0","0","0","0","0","7","0","","02","2","2010","4","40.464055","-79.882893","2237","11","0","0","0","0","0","0","0","0","","0","0","0","","","0","","0","","40 27:50.599","","0","79 52:58.416","0","0","0","0","2113","0","0","0","N","0","0","0","1","02113","0","","2.0","","2","N","N","","0","","0","0","0","","0","","","1","0","0","0","0","0","0","2","0","1","","","","N","","","","","","","","","",""
"2010014488","1609","0","0","0","0","0","0","0","0","0","7","0","","02","2","2010","6","40.34282","-79.940639","1603","11","0","0","0","0","0","0","0","0","","0","0","0","","","0","","0","","40 20:34.152","","0","79 56:26.301","0","0","0","0","2473","0","0","0","N","0","0","0","2","02473","0","","5.0","","7","N","N","","0","","0","0","1","","0","","","1","0","0","0","0","0","0","2","0","1","","","","N","","","","","","","","","",""
"2010014510","0119","0","0","0","0","0","0","0","0","0","6","0","","02","2","2010","7","40.532131","-79.769031","0119","11","0","0","0","0","0","0","0","0","","0","0","0","","","0","","0","","40 31:55.672","","0","79 46:08.511","0","0","0","0","2466","0","0","0","N","0","0","0","2","02466","0","","1.0","","7","N","N","","0","","0","0","2","","0","","","2","0","0","0","0","0","0","1","0","2","","","","N","","","","","","","","","",""
"2010014516","0135","0","0","0","0","0","0","0","0","0","7","0","","02","2","2010","1","40.429711","-79.938082","0127","11","0","0","0","0","0","0","0","0","2","0","0","0","","","1","","0","","40 25:46.958","1","3","79 56:17.094","8","0","0","0","2301","0","0","0","N","0","0","0","1","02301","0","","1.0","","7","N","N","","0","","0","0","0","","0","N","","1","1","0","0","0","1","0","2","0","1","","","","N","","","","","","","","","",""
"2010014527","1858","1","0","0","0","0","0","0","0","0","4","0","","02","2","2010","6","40.611817","-79.835268","1845","11","0","0","0","0","0","1","0","0","1","0","0","0","","","0","","2","","40 36:42.541","1","0","79 50:06.965","0","0","0","0","2220","0","0","0","N","0","0","0","3","02220","0","","1.0","","7","N","N","","1","","0","0","0","","3","N","","2","0","1","0","0","0","0","2","0","2","","","","N","","","","","","","","","",""
"2010014532","1106","1","0","0","0","0","0","0","0","0","1","1","","02","2","2010","7","40.476282","-79.713891","1055","11","0","0","0","0","0","1","0","0","","0","1","0","","","0","","0","","40 28:34.615","","0","79 42:50.007","0","0","0","0","2466","0","0","0","N","0","0","0","1","02466","0","","1.0","","7","N","N","","0","","0","0","0","","0","","","2","0","0","0","0","0","0","2","0","2","","","","N","","","","","","","","","",""
"2010014539","0736","0","0","0","0","0","0","0","0","0","5","0","","02","2","2010","1","40.475865","-79.848439","0736","11","0","0","0","0","0","1","0","0","1","0","0","0","","","0","","0","","40 28:33.113","1","0","79 50:54.381","0","0","0","0","2113","0","0","0","N","0","0","0","2","02113","0","","1.0","","7","N","","","0","","0","0","2","","0","Y","","2","0","1","0","0","0","0","2","0","2","","","","N","","","","","","","","","",""
"2010014575","2022","0","0","0","0","0","0","0","0","0","0","0","","02","1","2010","5","40.631901","-79.732797","2015","11","0","0","0","0","0","0","0","0","1","0","0","0","","","0","","0","","40 37:54.845","2","0","79 43:58.070","9","0","0","0","2202","0","0","0","N","0","0","0","1","02202","0","","5.0","","98","N","N","","1","","0","0","0","","0","N","","1","0","0","0","0","0","1","2","0","1","","","","N","","","","","","","","","",""
"2010014583","1606","1","0","0","0","0","0","0","0","0","2","0","","02","2","2010","3","40.627486","-79.746247","1557","11","0","0","0","0","0","0","0","0","1","0","0","0","","","0","","2","","40 37:38.948","2","0","79 44:46.489","0","0","0","0","2202","0","0","0","N","0","0","0","2","02202","0","","1.0","","1","N","N","","0","","0","0","1","","3","N","","2","0","0","0","0","0","0","2","0","2","","","","N","","","","","","","","","",""
"2010014586","1930","1","0","0","0","0","0","0","0","0","4","0","","02","2","2010","6","40.398526","-79.876584","1924","11","0","0","0","0","0","0","0","0","","0","0","0","","","1","","0","","40 23:54.694","","0","79 52:35.703","4","0","0","0","2473","0","0","0","N","0","0","0","3","02473","1","","1.0","","7","N","N","","1","","0","0","0","","0","","","2","1","0","0","0","0","0","2","0","2","","","","N","","","","","","","","","",""
"2010014594","1540","2","0","0","0","0","0","0","0","0","4","0","","02","2","2010","1","40.44129","-80.020246","1525","11","0","0","0","0","0","0","0","0","","0","0","0","","","1","","0","","40 26:28.643","","0","80 01:12.886","2","0","0","0","2301","0","0","0","N","0","0","0","3","02301","0","","1.0","","2","N","N","","0","","0","1","0","","0","","","2","1","0","0","0","0","0","2","0","2","","","","N","","","","","","","","","",""
"2010014607","1055","1","0","0","0","0","0","0","0","0","2","0","","02","2","2010","1","40.591963","-80.074767","1053","11","0","0","0","0","0","2","0","0","","0","0","0","","","1","","0","","40 35:31.066","","0","80 04:29.161","8","0","0","0","2481","0","0","0","N","0","0","0","3","02481","0","","1.0","","6","N","N","","1","","0","0","0","","0","","","2","1","0","0","0","1","0","2","0","2","","","","N","","","","","","","","","",""
"2010014608","1658","0","0","0","0","0","0","0","0","0","1","0","","02","2","2010","6","40.330273","-79.93189","1654","11","0","0","0","0","1","0","0","0","","0","0","0","","","1","","0","","40 19:48.982","","0","79 55:54.803","4","0","0","0","2473","0","0","0","N","0","0","0","3","02473","1","","2.0","","7","N","N","","1","","0","0","1","","0","","","2","1","0","0","0","0","0","2","0","2","","","","N","","","","","","","","","",""
"2010014612","1328","0","0","0","0","0","0","0","0","0","4","1","","02","2","2010","7","40.459595","-80.200982","1316","11","0","0","0","0","0","1","0","0","","0","1","0","","","0","","0","","40 27:34.541","","0","80 12:03.535","0","0","0","0","2214","0","0","0","N","0","0","0","2","02214","0","","1.0","","7","N","N","","1","","0","0","0","","0","","","2","0","0","0","0","0","0","2","0","2","","","","N","","","","","","","","","",""
"2010014618","1729","1","0","0","0","0","0","0","0","0","1","0","","02","2","2010","1","40.524827","-79.81346","1720","11","0","0","0","0","0","0","1","0","","0","0","0","","","1","","0","","40 31:29.377","","0","79 48:48.456","4","0","0","0","2466","0","0","0","N","0","0","0","4","02466","1","","1.0","","7","N","N","","0","","0","0","0","","0","","","2","1","0","0","0","0","0","2","1","2","","","","N","","","","","","","","","",""
"2010014727","1807","1","0","0","0","0","0","1","0","0","7","1","","02","2","2010","1","40.543916","-80.081278","1807","11","0","0","0","0","0","1","0","0","","0","0","0","","","0","","0","","40 32:38.097","","0","80 04:52.600","0","0","0","0","2215","0","0","0","N","0","0","0","2","02215","0","","1.0","","7","N","N","","0","","0","0","0","","0","","","2","0","0","0","0","0","0","2","0","2","","","","N","","","","","","","","","",""
"2010014736","0846","1","0","0","0","0","0","0","0","0","99","0","","02","2","2010","5","40.52409","-79.911984","0842","11","0","0","0","0","0","0","0","0","","0","0","0","","","0","","0","","40 31:26.723","","0","79 54:43.144","0","0","0","0","2432","0","0","0","N","0","0","0","1","02432","0","","1.0","","1","N","N","","0","","0","0","0","","0","","","1","0","0","0","0","0","0","2","0","1","","","","N","","","","","","","","","",""
"2010014738","1955","1","0","0","0","0","0","0","0","0","0","0","","02","2","2010","1","40.479026","-79.935059","1943","11","0","0","0","0","0","1","0","0","","0","0","0","","","0","","2","","40 28:44.493","","0","79 56:06.212","0","0","0","0","2301","0","0","0","N","0","0","0","1","02301","0","","1.0","","7","N","N","","0","","0","0","0","","3","","","1","0","0","0","0","0","0","2","0","1","","","","N","","","","","","","","","",""
"2010014744","2200","2","0","0","0","0","0","0","0","0","4","0","","02","2","2010","1","40.419041","-79.938964","2142","11","0","0","0","0","0","0","0","0","","0","0","0","","","0","","0","","40 25:08.547","","0","79 56:20.270","0","0","0","0","2301","0","0","0","N","0","0","0","2","02301","0","","1.0","","7","N","N","","0","","0","0","0","","0","","","2","0","0","0","0","0","0","2","0","2","","","","N","","","","","","","","","",""
"2010014760","0328","1","0","0","0","0","0","0","0","0","7","0","","02","2","2010","6","40.45816","-79.998262","0325","11","0","0","0","0","0","0","0","0","","0","0","0","","","0","","2","","40 27:29.377","","0","79 59:53.743","0","0","0","0","2301","0","0","0","N","0","0","0","1","02301","0","","1.0","","1","N","N","","0","","0","0","0","","0","","","1","0","0","0","0","0","0","2","0","1","","","","N","","","","","","","","","",""
"2010014771","1638","0","0","0","0","0","0","0","0","0","7","0","","02","2","2010","6","40.552471","-79.933158","1620","11","0","0","0","0","0","0","0","0","","0","0","0","","","0","","0","","40 33:08.897","","0","79 55:59.370","0","0","0","0","2209","0","0","0","N","0","0","0","1","02209","0","","2.0","","7","N","N","","0","","0","0","0","","0","","","1","0","0","0","0","0","0","2","1","1","","","","N","","","","","","","","","",""
"2010014772","1800","1","0","0","0","0","0","0","0","0","7","0","","02","2","2010","6","40.587004","-79.828934","1707","11","0","0","0","0","0","0","0","0","","0","0","0","","","0","","0","","40 35:13.215","","0","79 49:44.161","0","0","0","0","2209","0","0","0","N","0","0","0","1","02209","0","","2.0","","7","N","N","","0","","0","0","0","","0","","","1","0","0","0","0","0","0","2","0","1","","","","N","","","","","","","","","",""
"2010014773","1800","2","0","0","0","0","0","0","0","0","1","0","","02","2","2010","6","40.589278","-79.825765","1656","11","0","0","0","0","0","0","0","0","","0","0","0","","","0","","2","","40 35:21.400","","0","79 49:32.754","0","0","0","0","2209","0","0","0","N","0","0","0","2","02209","0","","1.0","","7","N","N","","0","","0","0","0","","0","","","2","0","0","0","0","0","0","1","0","2","","","","N","","","","","","","","","",""
"2010014827","1245","1","0","0","0","0","0","0","0","0","5","0","","02","2","2010","5","40.657693","-80.083731","1228","11","0","0","0","0","0","1","0","0","","0","0","0","","","0","","0","","40 39:27.693","","0","80 05:01.430","0","0","0","0","2212","0","0","0","N","0","0","0","2","68T02","0","","1.0","","1","N","N","","0","","0","0","0","","0","","","2","0","0","0","0","0","0","2","1","2","","","","N","","","","","","","","","",""
"2010014870","","1","0","0","0","0","0","0","0","0","4","1","","02","2","2010","2","40.664826","-80.017872","","11","0","0","0","0","0","1","0","0","","0","1","0","","","0","","0","","40 39:53.372","","0","80 01:04.339","0","0","0","0","2216","0","0","0","Y","0","0","0","2","02505","0","","1.0","","7","N","N","","0","","0","0","0","","0","","","2","0","0","0","0","0","0","2","0","2","","","","N","","","","","","","","","",""
"2010014871","","0","0","0","0","0","0","0","0","0","8","0","","02","2","2010","2","40.496768","-80.011228","","11","0","0","0","0","0","1","0","0","","0","0","0","","","1","","2","","40 29:48.364","","0","80 00:40.420","8","0","0","0","2301","1","0","0","N","1","0","0","2","02301","0","","1.0","","7","N","N","","1","","0","0","0","","3","","","2","1","1","0","0","1","0","2","0","1","","","","N","","","","","","","","","",""
"2010014883","","0","0","0","0","0","0","0","0","0","4","0","","02","2","2010","1","40.347813","-79.951586","","11","0","0","0","0","0","1","0","0","","0","0","0","","","1","","1","","40 20:52.128","","0","79 57:05.711","4","0","0","0","2473","0","0","0","N","0","0","0","7","02473","1","","1.0","","2","N","N","","0","","0","0","1","","2","","","2","1","0","0","0","0","0","2","1","2","","","","N","","","","","","","","","",""
"2010014887","","1","0","0","0","0","0","0","0","0","7","0","","02","1","2010","7","40.50093","-80.011745","","11","0","0","0","0","0","0","0","0","","0","0","0","","","0","","0","","40 30:03.348","","0","80 00:42.282","0","0","0","0","2116","0","0","0","","0","0","0","1","02116","0","","3.0","","2","","","","0","","0","0","0","","0","","","1","0","0","0","0","0","0","2","0","1","","","","N","","","","","","","","","",""
"2010014904","","1","0","0","0","0","0","0","0","0","1","0","","02","2","2010","2","40.491869","-79.848259","","11","0","0","0","0","0","1","0","0","","0","0","0","","","2","","0","","40 29:30.727","","0","79 50:53.733","8","0","0","0","2113","0","0","0","Y","0","0","0","4","02113","0","","1.0","","7","N","N","","0","","0","0","1","","0","","","2","2","0","0","0","2","1","2","0","2","","","","N","","","","","","","","","",""
"2010014917","","0","0","0","0","0","0","0","0","0","4","0","","02","2","2010","6","40.664154","-79.93431","","11","0","0","0","0","1","0","0","0","2","0","0","0","","","1","","2","","40 39:50.955","1","0","79 56:03.516","8","0","0","0","2217","0","0","0","N","0","0","0","6","02505","0","","1.0","","7","N","N","","1","","0","0","1","","2","Y","","2","1","0","0","0","1","0","1","0","2","","","","N","","","","","","","","","",""
"2010014918","","1","0","0","0","0","0","0","0","0","7","0","","02","2","2010","2","40.56751","-80.231982","","11","0","0","0","0","0","1","0","0","1","0","0","0","","","1","","0","","40 34:03.036","2","0","80 13:55.134","8","0","0","0","2103","0","0","0","N","0","0","0","1","02103","0","","1.0","","7","N","N","","0","","0","0","0","","0","N","","1","1","0","0","0","1","0","2","0","1","","","","N","","","","","","","","","",""
"2010014921","","0","0","0","0","0","0","0","0","0","0","1","","02","2","2010","6","40.365844","-79.793064","","11","0","0","0","0","0","0","0","0","","0","1","0","","","1","","0","","40 21:57.040","","0","79 47:35.030","4","0","0","0","2111","0","0","0","N","0","0","0","2","02111","1","","1.0","","7","N","N","","0","","0","0","0","","0","","","1","1","0","0","0","0","0","2","0","1","","","","N","","","","","","","","","",""
"2010014943","","1","0","0","0","0","0","0","0","0","1","0","","02","2","2010","2","40.471259","-80.007279","","11","0","0","0","0","0","0","0","0","2","0","0","0","","","2","","1","","40 28:16.534","6","0","80 00:26.206","8","0","0","0","2301","0","0","0","N","0","0","0","6","02301","0","","1.0","","7","N","N","","1","","0","0","0","","0","Y","","3","2","0","0","0","2","0","2","1","3","","","","N","","","","","","","","","",""
"2010014952","","1","0","0","0","0","0","0","0","0","4","0","","02","2","2010","2","40.450147","-80.111873","","11","0","0","0","0","0","0","0","0","","0","0","0","","","0","","2","","40 27:00.529","","2","80 06:42.743","0","0","0","0","2115","0","0","0","N","0","0","0","2","02115","0","","7.0","","1","N","N","","1","","0","0","0","","2","","","2","0","2","0","0","0","0","2","0","2","","","","N","","","","","","","","","",""
"2010014961","","2","0","0","0","0","0","0","0","0","1","0","","02","2","2010","2","40.537965","-80.235158","","11","0","0","0","0","0","0","0","0","1","0","0","0","","","1","","2","","40 32:16.673","4","0","80 14:06.570","4","0","0","0","2213","0","0","0","N","0","0","0","2","02213","1","","1.0","","1","N","N","","0","","0","0","0","","0","N","","2","1","0","0","0","0","0","2","0","2","","","","N","","","","","","","","","",""
"2010014965","","1","0","0","0","0","0","0","0","0","7","0","","02","2","2010","6","40.520844","-80.19225","","11","0","1","0","0","0","0","0","0","","0","0","0","","","0","","2","","40 31:15.038","","0","80 11:32.100","0","0","0","0","2213","0","0","0","N","0","0","0","1","02213","0","","4.0","","7","N","N","","0","","0","0","0","","0","","","1","0","0","0","0","0","0","2","0","1","","","","N","","","","","","","","","",""
"2010014982","","0","0","0","0","0","0","1","0","0","2","1","","02","2","2010","2","","","","11","0","0","0","0","0","1","0","0","","0","0","0","","","1","","0","","","","7","","4","0","0","0","2126","0","0","0","N","0","0","0","4","02503","1","","1.0","","9","N","N","","0","","0","0","0","","3","","","2","1","0","0","0","0","0","1","1","2","","","","N","","","","","","","","","",""
"2010015081","","1","0","0","0","0","0","0","0","0","2","0","","02","2","2010","6","40.445514","-79.961317","","11","0","0","0","0","0","0","0","0","1","0","0","0","","","0","","2","","40 26:43.852","2","0","79 57:40.740","0","0","0","0","2301","0","0","0","N","0","0","0","2","02301","0","","1.0","","7","N","N","","0","","0","0","1","","0","N","","2","0","0","0","0","0","0","2","0","2","","","","N","","","","","","","","","",""
"2010015082","","1","0","0","0","0","0","0","0","0","4","0","","02","2","2010","2","40.425839","-80.041501","","11","0","0","0","0","0","2","0","0","1","0","0","0","","","0","","2","","40 25:33.022","2","0","80 02:29.405","0","0","0","0","2435","0","0","0","N","0","0","0","3","02435","0","","1.0","","9","N","N","","0","","0","0","0","","2","N","","2","0","0","0","0","0","0","2","1","2","","","","N","","","","","","","","","",""
"2010015118","","1","0","0","0","0","0","0","0","0","0","0","","02","2","2010","7","40.363899","-79.859073","","11","0","0","0","0","0","0","0","0","1","0","0","0","","","0","","2","","40 21:50.036","2","0","79 51:32.662","0","0","0","0","2473","0","0","0","N","0","0","0","1","02473","0","","1.0","","7","N","N","","0","","0","0","0","","0","Y","","1","0","0","0","0","0","0","2","0","1","","","","N","","","","","","","","","",""
"2010015122","","1","0","0","0","0","0","0","0","0","7","0","","02","2","2010","6","40.622269","-80.054028","","11","0","0","0","0","0","0","0","0","","0","0","0","","","0","","0","","40 37:20.170","","0","80 03:14.502","0","0","0","0","2216","0","0","0","Y","0","0","0","1","02505","0","","5.0","","1","N","N","","0","","0","0","0","","0","","","1","0","0","0","0","0","0","1","0","1","","","","N","","","","","","","","","",""
"2010015126","","1","0","0","0","0","0","0","0","0","7","0","","02","1","2010","1","40.436853","-80.067118","","11","0","0","0","0","1","0","0","0","","0","0","0","","","0","","10","","40 26:12.670","","0","80 04:01.624","9","0","0","0","2421","0","0","0","N","0","0","0","1","02421","0","","1.0","","1","N","N","","0","","0","0","0","","0","","","1","0","0","0","0","0","1","2","0","1","","","","N","","","","","","","","","",""
"2010015128","","1","0","0","0","0","0","0","0","0","7","0","","02","2","2010","6","40.397738","-79.852628","","11","0","0","0","0","0","0","0","0","1","0","0","0","","","0","","0","","40 23:51.857","3","0","79 51:09.461","0","0","0","0","2449","0","0","0","N","0","0","0","1","02449","0","","5.0","","1","N","N","","0","","0","0","0","","0","Y","","1","0","0","0","0","0","0","2","0","1","","","","N","","","","","","","","","",""
"2010015129","","2","0","0","0","0","0","0","0","0","1","0","","02","2","2010","7","40.52252","-80.174662","","11","0","0","0","0","0","0","0","0","1","0","0","0","","","0","","0","","40 31:21.073","4","0","80 10:28.783","0","0","0","0","2420","0","0","0","N","0","0","0","1","02420","0","","6.0","","7","N","N","","1","","0","0","0","","0","N","","3","0","0","0","0","0","0","2","0","3","","","","N","","","","","","","","","",""
"2010015134","","0","0","0","0","0","0","0","0","0","7","0","","02","2","2010","3","40.470387","-79.958295","","11","0","0","0","0","0","0","0","0","","0","0","0","","","1","","0","","40 28:13.393","","0","79 57:29.862","4","0","0","0","2301","0","0","0","N","0","0","0","2","02301","1","","5.0","","7","N","N","","0","","0","0","1","","0","","","1","1","0","0","0","0","0","2","0","1","","","","N","","","","","","","","","",""
"2010015136","","0","0","0","0","0","0","0","0","0","0","0","","02","2","2010","3","40.364379","-79.879639","","11","0","0","0","0","0","0","0","0","1","0","0","0","","","0","","0","","40 21:51.763","1","0","79 52:46.702","0","0","0","0","2473","0","0","0","N","0","0","0","1","02473","0","","2.0","","9","N","N","","0","","0","0","1","","0","Y","","1","0","0","0","0","0","0","2","0","1","","","","N","","","","","","","","","",""
"2010015263","","2","0","0","0","0","0","0","0","0","4","0","","02","2","2010","6","40.342894","-79.940641","","11","0","0","0","0","0","0","0","1","","0","0","0","","","0","","2","","40 20:34.420","","0","79 56:26.306","0","0","0","0","2473","0","0","0","N","0","0","0","4","02473","0","","1.0","","7","N","N","","0","","0","0","0","","0","","","2","0","0","0","0","0","0","2","0","2","","","","N","","","","","","","","","",""
"2010015290","","1","0","0","0","0","0","0","0","0","1","0","","02","2","2010","6","40.427399","-80.054652","","11","0","0","0","0","0","0","0","0","","0","0","0","","","1","","0","","40 25:38.636","","0","80 03:16.747","4","0","0","0","2435","0","0","0","N","0","0","0","2","02435","1","","1.0","","2","N","N","","0","","0","0","1","","0","","","2","1","0","0","0","0","0","2","0","2","","","","N","","","","","","","","","",""
"2010015292","","1","0","0","0","0","0","0","0","0","5","0","","02","2","2010","3","40.407487","-80.004511","","11","0","0","0","0","0","0","1","0","","0","0","0","","","0","","0","","40 24:26.954","","0","80 00:16.239","0","0","0","0","2301","0","0","0","N","0","0","0","2","02301","0","","1.0","","2","N","N","","0","","0","0","1","","0","","","2","0","0","0","0","0","0","2","0","2","","","","N","","","","","","","","","",""
"2010015297","","0","0","0","0","0","0","0","0","0","7","0","","02","2","2010","3","40.350442","-80.05555","","11","0","0","0","0","0","0","0","0","","0","0","0","","","1","","1","","40 21:01.591","","7","80 03:19.980","8","0","0","0","2123","0","0","0","N","0","0","0","1","02123","0","","5.0","","2","N","N","","1","","0","0","0","","3","","","1","1","0","0","0","1","0","2","0","1","","","","N","","","","","","","","","",""
"2010015302","","1","0","1","0","0","0","0","0","0","2","0","","02","2","2010","3","40.546228","-79.770622","","11","0","0","0","0","0","1","1","0","2","0","0","0","","","1","","0","","40 32:46.422","6","0","79 46:14.238","2","0","0","0","2121","0","0","0","N","0","0","0","3","02121","0","","1.0","","6","N","N","","0","","0","1","0","","0","N","","2","1","0","0","0","0","0","1","1","2","","","","N","","","","","","","","","",""
"2010015306","","1","0","0","0","0","0","0","0","0","4","0","","02","2","2010","3","40.446999","-79.895213","","11","0","0","0","0","0","0","0","0","","0","0","0","","","1","","0","","40 26:49.195","","0","79 53:42.765","4","0","0","0","2301","0","0","0","N","0","0","0","3","02301","1","","1.0","","7","N","N","","0","","0","0","1","","0","","","2","1","2","0","0","0","0","2","0","2","","","","N","","","","","","","","","",""
"2010015313","","0","0","0","0","0","0","0","0","0","7","0","","02","2","2010","1","40.331636","-80.070042","","11","0","0","1","0","0","0","0","0","2","0","0","0","","","1","","0","","40 19:53.888","5","0","80 04:12.150","4","0","0","0","2123","0","0","0","Y","0","0","0","2","02123","1","","1.0","","6","N","N","","0","","0","0","1","","0","N","","1","1","1","0","0","0","0","2","0","1","","","","N","","","","","","","","","",""
"2010015316","","1","0","0","0","0","0","0","0","0","4","0","","02","2","2010","1","40.438264","-79.779594","","11","0","0","0","0","0","1","0","0","","0","0","0","","","0","","0","","40 26:17.752","","7","79 46:46.540","0","0","0","0","2446","0","0","0","N","0","0","0","3","02446","0","","1.0","","9","N","N","","0","","0","0","1","","3","","","2","0","0","0","0","0","0","2","0","2","","","","N","","","","","","","","","",""
"2010015320","","1","0","0","0","0","0","0","0","0","2","0","","02","2","2010","6","","","","11","0","0","0","0","0","1","0","0","","0","0","0","","","2","","2","","","","0","","8","0","0","0","2446","0","0","0","N","0","0","0","3","02446","0","","1.0","","9","N","N","","1","","0","0","1","","0","","","3","2","0","0","0","2","0","1","0","3","","","","N","","","","","","","","","",""
"2010015341","","2","0","0","0","0","0","0","0","0","2","0","","02","2","2010","3","40.434139","-80.037627","","11","0","0","0","0","0","0","0","0","1","0","0","0","","","1","","0","","40 26:02.899","5","0","80 02:15.457","8","0","0","0","2301","0","0","0","N","0","0","0","2","02301","0","","1.0","","7","N","N","","0","","0","0","0","","0","N","","2","1","0","0","0","1","0","2","0","2","","","","N","","","","","","","","","",""
"2010015343","","3","0","0","0","0","0","0","0","0","6","0","","02","2","2010","6","40.482906","-79.973137","","11","0","0","0","0","0","0","0","0","2","0","0","0","","","0","","0","","40 28:58.461","1","0","79 58:23.294","0","0","0","0","2445","0","0","0","N","0","0","0","3","02445","0","","1.0","","7","N","N","","0","","0","0","0","","0","N","","3","0","0","0","0","0","0","2","0","3","","","","N","","","","","","","","","",""
"2010015346","","1","0","0","0","0","0","0","0","0","4","0","","02","2","2010","1","40.472284","-80.166471","","11","0","0","0","0","0","0","0","0","1","0","0","0","","","1","","0","","40 28:20.222","1","0","80 09:59.294","8","0","0","0","2115","0","0","0","Y","0","0","0","4","02115","0","","1.0","","7","N","N","","0","","0","0","1","","0","N","","2","1","0","0","0","1","0","2","0","2","","","","N","","","","","","","","","",""
"2010015347","","2","0","0","0","0","0","0","0","0","4","0","","02","2","2010","3","40.3598","-80.0304","","11","0","1","0","0","0","0","0","0","2","0","0","0","","","0","","0","","40 21:35.280","1","0","80 01:49.440","0","0","0","0","2416","0","0","0","N","0","0","0","2","02416","0","","1.0","","7","N","N","","0","","0","0","0","","0","Y","","2","0","0","0","0","0","0","2","0","2","","","","N","","","","","","","","","",""
"2010015426","","1","0","0","0","0","0","0","0","0","0","0","","02","2","2010","7","40.453032","-80.003615","","11","0","0","0","0","0","0","0","0","1","0","0","0","","","0","","0","","40 27:10.916","1","7","80 00:13.015","0","0","0","0","2301","0","0","0","N","0","0","0","1","02301","0","","1.0","","7","N","N","","0","","0","0","0","","0","Y","","1","0","1","0","0","0","0","2","0","1","","","","N","","","","","","","","","",""