"CRN","ARRIVAL_TM","AUTOMOBILE_COUNT","BELTED_DEATH_COUNT","BELTED_SUSP_SERIOUS_INJ_COUNT","BICYCLE_COUNT","BICYCLE_DEATH_COUNT","BICYCLE_SUSP_SERIOUS_INJ_COUNT","BUS_COUNT","CHLDPAS_DEATH_COUNT","CHLDPAS_SUSP_SERIOUS_INJ_COUNT","COLLISION_TYPE","COMM_VEH_COUNT","CONS_ZONE_SPD_LIM","COUNTY","CRASH_MONTH","CRASH_YEAR","DAY_OF_WEEK","DEC_LATITUDE","DEC_LONGITUDE","DISPATCH_TM","DISTRICT","DRIVER_COUNT_16YR","DRIVER_COUNT_17YR","DRIVER_COUNT_18YR","DRIVER_COUNT_19YR","DRIVER_COUNT_20YR","DRIVER_COUNT_50_64YR","DRIVER_COUNT_65_74YR","DRIVER_COUNT_75PLUS","EST_HRS_CLOSED","FATAL_COUNT","HEAVY_TRUCK_COUNT","HORSE_BUGGY_COUNT","HOUR_OF_DAY","ILLUMINATION","INJURY_COUNT","INTERSECTION_RELATED","INTERSECT_TYPE","LANE_CLOSED","LATITUDE","LN_CLOSE_DIR","LOCATION_TYPE","LONGITUDE","MAX_SEVERITY_LEVEL","MCYCLE_DEATH_COUNT","MCYCLE_SUSP_SERIOUS_INJ_COUNT","MOTORCYCLE_COUNT","MUNICIPALITY","NONMOTR_COUNT","NONMOTR_DEATH_COUNT","NONMOTR_SUSP_SERIOUS_INJ_COUNT","NTFY_HIWY_MAINT","PED_COUNT","PED_DEATH_COUNT","PED_SUSP_SERIOUS_INJ_COUNT","PERSON_COUNT","POLICE_AGCY","POSSIBLE_INJ_COUNT","RDWY_SURF_TYPE_CD","RELATION_TO_ROAD","ROADWAY_CLEARED","ROAD_CONDITION","SCH_BUS_IND","SCH_ZONE_IND","SECONDARY_CRASH","SMALL_TRUCK_COUNT","SPEC_JURIS_CD","SUSP_MINOR_INJ_COUNT","SUSP_SERIOUS_INJ_COUNT","SUV_COUNT","TCD_FUNC_CD","TCD_TYPE","TFC_DETOUR_IND","TIME_OF_DAY","TOTAL_UNITS","TOT_INJ_COUNT","UNBELTED_OCC_COUNT","UNB_DEATH_COUNT","UNB_SUSP_SERIOUS_INJ_COUNT","UNK_INJ_DEG_COUNT","UNK_INJ_PER_COUNT","URBAN_RURAL","VAN_COUNT","VEHICLE_COUNT","WEATHER1","WEATHER2","WORKERS_PRES","WORK_ZONE_IND","WORK_ZONE_LOC","WORK_ZONE_TYPE","WZ_CLOSE_DETOUR","WZ_FLAGGER","WZ_LAW_OFFCR_IND","WZ_LN_CLOSURE","WZ_MOVING","WZ_OTHER","WZ_SHLDER_MDN","WZ_WORKERS_INJ_KILLED"
"2010018691","","1","0","0","0","0","0","0","0","0","1","0","","02","2","2010","5","40.447708","-79.938872","","11","0","0","0","0","0","1","0","0","1","0","0","0","","","0","","2","","40 26:51.748","3","0","79 56:19.939","0","0","0","0","2301","0","0","0","N","0","0","0","2","02301","0","","1.0","","9","N","N","","0","","0","0","1","","0","N","","2","0","0","0","0","0","0","2","0","2","","","","N","","","","","","","","","",""
"2010018692","","0","0","0","0","0","0","0","0","0","4","1","","02","2","2010","3","40.275024","-79.892752","","11","0","0","0","0","0","1","0","0","","0","1","0","","","0","","6","","40 16:30.088","","2","79 53:33.906","0","0","0","0","2428","0","0","0","N","0","0","0","2","02428","0","","1.0","","1","N","N","","1","","0","0","0","","3","","","2","0","0","0","0","0","0","2","0","2","","","","N","","","","","","","","","",""
"2010018695","","2","0","0","0","0","0","0","0","0","5","0","","02","2","2010","2","40.367373","-79.818574","","11","0","0","0","0","0","1","0","0","1","0","0","0","","","0","","2","","40 22:02.544","1","0","79 49:06.866","0","0","0","0","2111","0","0","0","N","0","0","0","2","02111","0","","1.0","","7","N","N","","0","","0","0","0","","0","N","","2","0","0","0","0","0","0","2","0","2","","","","N","","","","","","","","","",""
"2010018698","","1","0","0","0","0","0","0","0","0","4","0","","02","2","2010","5","40.329314","-79.945073","","11","0","0","0","0","0","0","0","1","1","0","0","0","","","0","","0","","40 19:45.532","1","0","79 56:42.263","0","0","0","0","2454","0","0","0","N","0","0","0","2","02454","0","","1.0","","9","N","N","","0","","0","0","1","","0","N","","2","0","0","0","0","0","0","2","0","2","","","","N","","","","","","","","","",""
"2010018702","","0","0","0","0","0","0","1","0","0","7","1","","02","2","2010","5","40.411964","-79.945034","","11","0","0","0","0","0","0","0","0","3","0","0","0","","","0","","0","","40 24:43.070","3","0","79 56:42.123","0","0","0","0","2301","0","0","0","N","0","0","0","1","02301","0","","5.0","","9","Y","N","","0","","0","0","0","","2","N","","1","0","0","0","0","0","0","2","0","1","","","","N","","","","","","","","","",""
"2010018706","","1","0","0","0","0","0","0","0","0","4","0","","02","2","2010","1","40.567674","-79.98345","","11","0","0","0","0","0","0","0","1","2","0","0","0","","","0","","0","","40 34:03.626","3","0","79 59:00.420","0","0","0","0","2207","0","0","0","N","0","0","0","2","02207","0","","1.0","","9","N","N","","1","","0","0","0","","0","N","","2","0","0","0","0","0","0","2","0","2","","","","N","","","","","","","","","",""
"2010018711","","1","0","0","0","0","0","0","0","0","4","1","","02","2","2010","4","40.518462","-79.848668","","11","0","0","0","0","0","0","0","0","","0","1","0","","","0","","0","","40 31:06.463","","0","79 50:55.204","0","0","0","0","2451","0","0","0","N","0","0","0","1","02451","0","","4.0","","9","N","N","","0","","0","0","0","","0","","","2","0","0","0","0","0","0","2","0","2","","","","N","","","","","","","","","",""
"2010018717","","1","0","0","0","0","0","0","0","0","4","0","","02","2","2010","5","40.353854","-79.836757","","11","0","0","0","0","0","1","0","0","1","0","0","0","","","1","","0","","40 21:13.874","6","7","79 50:12.326","8","0","0","0","2304","0","0","0","N","0","0","0","3","02304","0","","1.0","","9","N","N","","0","","0","0","0","","2","N","","2","1","0","0","0","1","0","2","1","2","","","","N","","","","","","","","","",""
"2010018726","","1","0","0","0","0","0","0","0","0","7","0","","02","2","2010","5","40.449122","-80.02476","","11","0","0","0","0","0","1","0","0","","0","0","0","","","0","","6","","40 26:56.839","","2","80 01:29.137","0","0","0","0","2301","0","0","0","N","0","0","0","1","02301","0","","7.0","","9","N","N","","0","","0","0","0","","0","","","1","0","0","0","0","0","0","2","0","1","","","","N","","","","","","","","","",""
"2010018758","","2","0","1","0","0","0","0","0","0","6","0","","02","2","2010","4","40.443686","-79.777989","","11","0","0","0","0","0","0","0","0","2","0","0","0","","","1","","0","","40 26:37.270","6","0","79 46:40.760","2","0","0","0","2446","0","0","0","N","0","0","0","4","02446","0","","1.0","","2","N","N","","0","","0","1","0","","0","Y","","2","1","0","0","0","0","0","2","0","2","","","","N","","","","","","","","","",""
"2010018768","","1","0","0","0","0","0","0","0","0","4","0","","02","2","2010","5","40.355596","-80.131584","","11","0","0","0","0","0","1","0","1","1","0","0","0","","","0","","2","","40 21:20.147","4","0","80 07:53.702","0","0","0","0","2119","0","0","0","N","0","0","0","3","02119","0","","1.0","","9","N","N","","2","","0","0","0","","3","N","","3","0","0","0","0","0","0","2","0","3","","","","N","","","","","","","","","",""
"2010018776","","1","0","0","0","0","0","0","0","0","2","0","","02","2","2010","2","40.452797","-79.826278","","11","0","0","0","0","0","1","0","0","","0","0","0","","","1","","0","","40 27:10.069","","0","79 49:34.600","8","0","0","0","2113","0","0","0","N","0","0","0","6","02113","0","","1.0","","2","N","N","","0","","0","0","1","","0","","","2","1","0","0","0","1","0","2","0","2","","","","N","","","","","","","","","",""
"2010018818","","1","0","0","0","0","0","0","0","0","4","0","","02","2","2010","4","40.613874","-79.947307","","11","0","0","0","0","0","0","0","0","2","0","0","0","","","0","","1","","40 36:49.945","2","0","79 56:50.306","0","0","0","0","2207","0","0","0","N","0","0","0","4","02207","0","","1.0","","2","N","N","","1","","0","0","1","","2","N","","3","0","0","0","0","0","0","2","0","3","","","","N","","","","","","","","","",""
"2010018821","","1","0","0","0","0","0","0","0","0","4","1","","02","2","2010","7","40.672724","-80.114087","","11","0","0","0","0","0","1","0","0","1","0","1","0","","","0","","1","","40 40:21.806","7","0","80 06:50.713","0","0","0","0","2212","0","0","0","N","0","0","0","2","02505","0","","1.0","","2","N","N","","0","","0","0","0","","2","Y","","2","0","0","0","0","0","0","2","0","2","","","","N","","","","","","","","","",""
"2010018825","","1","0","0","0","0","0","0","0","0","8","0","","02","2","2010","5","40.439576","-80.005065","","11","0","0","0","0","0","1","0","0","","0","0","0","","","1","","1","","40 26:22.473","","0","80 00:18.235","4","0","0","0","2301","1","0","0","N","1","0","0","2","02301","1","","1.0","","1","N","N","","0","","0","0","0","","2","","","2","1","0","0","0","0","0","2","0","1","","","","N","","","","","","","","","",""
"2010018837","","0","0","0","0","0","0","0","0","0","7","0","","02","2","2010","5","40.392379","-79.895418","","11","0","0","0","0","0","0","0","0","","0","0","0","","","0","","2","","40 23:32.564","","0","79 53:43.504","0","0","0","0","2448","0","0","0","N","0","0","0","1","02448","0","","5.0","","2","N","N","","1","","0","0","0","","0","","","1","0","0","0","0","0","0","2","0","1","","","","N","","","","","","","","","",""
"2010018840","","0","0","0","0","0","0","0","0","0","4","0","","02","2","2010","5","40.459997","-79.945927","","11","0","0","0","0","0","1","0","0","","0","0","0","","","0","","1","","40 27:35.989","","0","79 56:45.337","0","0","0","0","2301","0","0","0","N","0","0","0","2","02301","0","","1.0","","2","N","N","","0","","0","0","2","","2","","","2","0","1","0","0","0","0","2","0","2","","","","N","","","","","","","","","",""
"2010018847","","1","0","0","0","0","0","0","0","0","0","0","","02","2","2010","2","40.421811","-79.993584","","11","0","0","0","0","0","0","0","0","","0","0","0","","","0","","0","","40 25:18.519","","0","79 59:36.902","0","0","0","0","2301","0","0","0","N","0","0","0","1","02301","0","","1.0","","6","N","N","","0","","0","0","0","","0","","","1","0","0","0","0","0","0","2","0","1","","","","N","","","","","","","","","",""
"2010018859","","0","0","0","0","0","0","0","0","0","7","0","","02","2","2010","6","40.511453","-80.266286","","11","0","0","0","0","0","0","0","0","","0","0","0","","","1","","7","","40 30:41.230","","2","80 15:58.631","4","0","0","0","2203","0","0","0","N","0","0","0","1","02203","1","","2.0","","1","N","N","","1","","0","0","0","","0","","","1","1","0","0","0","0","0","2","0","1","","","","N","","","","","","","","","",""
"2010018971","","1","0","0","0","0","0","0","0","0","4","0","","02","2","2010","5","40.348294","-79.945324","","11","0","0","0","0","0","0","0","0","1","0","0","0","","","0","","0","","40 20:53.860","4","0","79 56:43.168","0","0","0","0","2473","0","0","0","N","0","0","0","2","02473","0","","1.0","","2","N","N","","1","","0","0","0","","0","N","","2","0","0","0","0","0","0","2","0","2","","","","N","","","","","","","","","",""
"2010018983","","2","0","0","0","0","0","0","0","0","4","0","","02","2","2010","5","40.475133","-79.773629","","11","0","0","1","0","0","0","0","0","","0","0","0","","","0","","0","","40 28:30.480","","0","79 46:25.063","0","0","0","0","2466","0","0","0","N","0","0","0","2","02466","0","","1.0","","9","N","N","","0","","0","0","0","","0","","","2","0","0","0","0","0","0","2","0","2","","","","N","","","","","","","","","",""
"2010019020","","1","0","0","0","0","0","0","0","0","4","1","","02","2","2010","6","40.499305","-79.837511","","11","0","0","0","0","0","0","0","0","","0","0","0","","","1","","0","","40 29:57.498","","0","79 50:15.039","8","0","0","0","2113","0","0","0","N","0","0","0","2","02113","0","","1.0","","6","N","N","","0","","0","0","0","","0","","","2","1","0","0","0","1","0","2","1","2","","","","N","","","","","","","","","",""
"2010019027","","2","0","0","0","0","0","0","0","0","1","0","","02","2","2010","6","40.376135","-80.067933","","11","0","0","0","0","0","0","0","1","2","0","0","0","","","0","","0","","40 22:34.086","3","0","80 04:04.558","0","0","0","0","2109","0","0","0","N","0","0","0","2","02109","0","","1.0","","1","N","N","","0","","0","0","0","","0","N","","2","0","0","0","0","0","0","2","0","2","","","","N","","","","","","","","","",""
"2010019029","","1","0","0","0","0","0","0","0","0","1","0","","02","2","2010","6","40.43458","-79.989819","","11","0","0","0","0","0","1","1","0","2","0","0","0","","","1","","2","","40 26:04.489","2","4","79 59:23.348","8","0","0","0","2301","0","0","0","N","0","0","0","2","02301","0","","1.0","","1","N","N","","0","","0","0","1","","2","N","","2","1","1","0","0","1","0","2","0","2","","","","N","","","","","","","","","",""
"2010019060","","2","0","0","0","0","0","0","0","0","3","0","","02","2","2010","6","40.483944","-79.820432","","11","0","0","0","0","0","0","0","0","","0","0","0","","","1","","0","","40 29:02.197","","7","79 49:13.555","4","0","0","0","2113","0","0","0","N","0","0","0","2","02113","1","","6.0","","1","N","N","","0","","0","0","0","","0","","","2","1","0","0","0","0","0","2","0","2","","","","N","","","","","","","","","",""
"2010019066","","2","0","0","0","0","0","0","0","0","4","0","","02","2","2010","7","40.633674","-80.056953","","11","0","0","0","0","0","1","0","0","2","0","0","0","","","0","","1","","40 38:01.226","1","0","80 03:25.030","0","0","0","0","2216","0","0","0","N","0","0","0","2","02505","0","","1.0","","1","N","N","","0","","0","0","0","","0","N","","2","0","0","0","0","0","0","2","0","2","","","","N","","","","","","","","","",""
"2010019080","","1","0","0","0","0","0","0","0","0","1","0","","02","2","2010","6","40.458292","-80.030272","","11","0","0","0","0","0","0","0","0","2","0","0","0","","","0","","6","","40 27:29.850","2","2","80 01:48.979","0","0","0","0","2301","0","0","0","N","0","0","0","2","02301","0","","1.0","","9","N","N","","0","","0","0","1","","0","N","","2","0","0","0","0","0","0","2","0","2","","","","N","","","","","","","","","",""
"2010019085","","0","0","0","0","0","0","0","0","0","4","1","","02","2","2010","6","40.454076","-79.996814","","11","0","0","0","0","0","1","0","0","1","0","0","0","","","0","","1","","40 27:14.672","3","0","79 59:48.532","0","0","0","0","2301","0","0","0","N","0","0","0","3","02301","0","","1.0","","9","Y","N","","1","","0","0","1","","2","N","","2","0","0","0","0","0","0","2","0","2","","","","N","","","","","","","","","",""
"2010019131","","3","0","0","0","0","0","0","0","0","5","0","","02","1","2010","5","40.444476","-79.775351","","11","0","0","0","0","0","1","0","0","2","0","0","0","","","0","","0","","40 26:40.112","4","0","79 46:31.262","0","0","0","0","2446","0","0","0","N","0","0","0","3","68B03","0","","1.0","","2","N","N","","0","","0","0","0","","0","N","","3","0","0","0","0","0","0","2","0","3","","","","N","","","","","","","","","",""
"2010019226","","3","0","0","0","0","0","0","0","0","1","0","","02","2","2010","6","40.429149","-79.997704","","11","0","0","0","0","0","0","0","1","","0","0","0","","","0","","0","","40 25:44.935","","0","79 59:51.735","0","0","0","0","2301","0","0","0","N","0","0","0","4","02301","0","","1.0","","9","N","N","","0","","0","0","0","","0","","","4","0","0","0","0","0","0","2","0","4","","","","N","","","","","","","","","",""
"2010019243","","1","0","0","0","0","0","0","0","0","7","0","","02","2","2010","4","40.593453","-79.892811","","11","0","0","0","0","1","0","0","0","2","0","0","0","","","2","","0","","40 35:36.430","3","0","79 53:34.121","8","0","0","0","2209","0","0","0","N","0","0","0","3","68T02","0","","3.0","","2","N","N","","0","","0","0","1","","0","N","","2","2","1","0","0","2","0","1","0","2","","","","N","","","","","","","","","",""
"2010019254","","1","0","0","0","0","0","0","0","0","5","1","","02","2","2010","6","40.351294","-79.866699","","11","0","0","0","0","0","0","0","0","1","0","1","0","","","1","","1","","40 21:04.657","1","0","79 52:00.117","8","0","0","0","2304","0","0","0","N","0","0","0","2","02304","0","","1.0","","1","N","N","","0","","0","0","0","","2","N","","2","1","0","0","0","1","0","2","0","2","","","","N","","","","","","","","","",""
"2010019264","","1","0","0","0","0","0","0","0","0","0","0","","02","2","2010","5","40.388893","-79.97547","","11","0","1","0","0","0","0","0","0","2","0","0","0","","","0","","0","","40 23:20.014","7","0","79 58:31.692","0","0","0","0","2301","0","0","0","N","0","0","0","1","02301","0","","1.0","","2","N","N","","0","","0","0","0","","0","N","","1","0","0","0","0","0","0","2","0","1","","","","N","","","","","","","","","",""
"2010019265","","1","0","0","0","0","0","0","0","0","4","0","","02","1","2010","3","40.522524","-79.990718","","11","0","0","0","0","0","0","0","1","2","0","0","0","","","0","","0","","40 31:21.086","2","0","79 59:26.584","0","0","0","0","2116","0","0","0","Y","0","0","0","2","02116","0","","1.0","","9","N","N","","0","","0","0","1","","0","N","","2","0","0","0","0","0","0","2","0","2","","","","N","","","","","","","","","",""
"2010019273","","1","0","0","0","0","0","0","0","0","8","0","","02","2","2010","6","40.451129","-79.982469","","11","0","0","0","0","0","1","0","0","9","0","0","0","","","2","","1","","40 27:04.064","4","0","79 58:56.888","3","0","0","0","2301","2","0","0","N","2","0","0","4","02301","0","","1.0","","9","N","N","","0","","1","0","0","","0","N","","3","2","0","0","0","1","0","2","0","1","","","","N","","","","","","","","","",""
"2010019279","","2","0","0","0","0","0","0","0","0","4","0","","02","2","2010","5","40.466294","-80.203436","","11","0","0","0","0","0","1","0","0","","0","0","0","","","0","","0","","40 27:58.660","","7","80 12:12.370","0","0","0","0","2203","0","0","0","N","0","0","0","2","02203","0","","1.0","","1","N","N","","0","","0","0","0","","3","","","2","0","0","0","0","0","0","2","0","2","","","","N","","","","","","","","","",""
"2010019282","","1","0","0","0","0","0","0","0","0","4","0","","02","2","2010","2","40.521899","-79.84262","","11","0","1","0","0","0","0","0","0","","0","0","0","","","0","","1","","40 31:18.835","","0","79 50:33.432","0","0","0","0","2451","0","0","0","N","0","0","0","3","02451","0","","1.0","","6","N","N","","0","","0","0","0","","3","","","2","0","0","0","0","0","0","2","1","2","","","","N","","","","","","","","","",""
"2010019287","","0","0","0","0","0","0","0","0","0","7","0","","02","2","2010","6","40.450254","-80.24844","","11","0","0","0","0","0","0","0","0","2","0","0","0","","","0","","0","","40 27:00.914","3","0","80 14:54.384","0","0","0","0","2203","0","0","0","N","0","0","0","1","02203","0","","5.0","","2","N","N","","0","","0","0","1","","0","N","","1","0","0","0","0","0","0","2","0","1","","","","N","","","","","","","","","",""
"2010019292","","1","0","0","0","0","0","0","0","0","7","0","","02","2","2010","7","40.428363","-79.97351","","11","0","0","0","0","0","0","0","0","2","0","0","0","","","1","","2","","40 25:42.107","2","3","79 58:24.636","4","0","0","0","2301","0","0","0","N","0","0","0","1","02301","1","","1.0","","2","N","N","","0","","0","0","0","","0","N","","1","1","1","0","0","0","0","2","0","1","","","","N","","","","","","","","","",""
"2010019294","","3","0","0","0","0","0","0","0","0","1","0","","02","2","2010","7","40.443192","-79.953512","","11","0","0","0","0","0","0","0","0","","0","0","0","","","0","","1","","40 26:35.490","","0","79 57:12.644","9","0","0","0","2301","0","0","0","N","0","0","0","4","02301","0","","1.0","","1","N","N","","0","","0","0","0","","2","","","3","0","0","0","0","0","1","2","0","3","","","","N","","","","","","","","","",""
"2010019296","","1","0","0","0","0","0","0","0","0","4","0","","02","2","2010","7","40.45931","-79.914311","","11","0","0","0","0","0","0","0","0","","0","0","0","","","1","","0","","40 27:33.516","","0","79 54:51.519","4","0","0","0","2301","0","0","0","N","0","0","0","2","02301","1","","1.0","","1","N","N","","0","","0","0","1","","0","","","2","1","0","0","0","0","0","2","0","2","","","","N","","","","","","","","","",""
"2010019299","","0","0","0","0","0","0","0","0","0","7","0","","02","2","2010","7","40.471748","-79.973502","","11","0","0","0","0","0","0","0","0","2","0","0","0","","","2","","0","","40 28:18.292","2","0","79 58:24.607","8","0","0","0","2118","0","0","0","Y","0","0","0","2","02118","0","","7.0","","9","N","N","","0","","0","0","1","","0","Y","","1","2","0","0","0","2","0","2","0","1","","","","N","","","","","","","","","",""
"2010019402","","0","0","0","0","0","0","0","0","0","99","0","","02","2","2010","2","40.594177","-79.903653","","11","0","0","0","0","0","0","0","0","","0","0","0","","","0","","0","","40 35:39.037","","0","79 54:13.151","0","0","0","0","2209","0","0","0","N","0","0","0","2","68T02","0","","1.0","","1","N","N","","0","","0","0","1","","0","","","1","0","0","0","0","0","0","1","0","1","","","","N","","","","","","","","","",""
"2010019437","","2","0","1","0","0","0","0","0","0","4","0","","02","2","2010","6","40.511816","-79.99662","","11","0","0","0","0","0","0","0","0","2","0","0","0","","","2","","0","","40 30:42.539","7","0","79 59:47.833","2","0","0","0","2116","0","0","0","N","0","0","0","2","02116","0","","1.0","","1","N","N","","0","","1","1","0","","0","Y","","2","2","1","0","0","0","0","2","0","2","","","","N","","","","","","","","","",""
"2010019440","","2","0","0","0","0","0","0","0","0","4","0","","02","2","2010","7","40.388173","-80.056013","","11","0","0","0","0","0","1","0","0","","0","0","0","","","0","","2","","40 23:17.423","","0","80 03:21.647","0","0","0","0","2109","0","0","0","N","0","0","0","2","02109","0","","1.0","","1","N","N","","0","","0","0","0","","3","","","2","0","0","0","0","0","0","2","0","2","","","","N","","","","","","","","","",""
"2010019441","","2","0","0","0","0","0","0","0","0","4","0","","02","2","2010","2","40.639716","-79.953888","","11","0","1","0","0","0","0","0","0","2","0","0","0","","","0","","1","","40 38:22.977","2","0","79 57:13.996","0","0","0","0","2217","0","0","0","N","0","0","0","2","02505","0","","1.0","","2","N","N","","0","","0","0","0","","3","N","","2","0","0","0","0","0","0","2","0","2","","","","N","","","","","","","","","",""
"2010019445","","0","0","0","0","0","0","0","0","0","4","0","","02","2","2010","6","40.425603","-79.973339","","11","0","0","0","0","0","0","0","0","","0","0","0","","","0","","2","","40 25:32.170","","0","79 58:24.020","0","0","0","0","2301","0","0","0","N","0","0","0","5","02301","0","","1.0","","1","N","N","","0","","0","0","2","","0","","","2","0","0","0","0","0","0","2","0","2","","","","N","","","","","","","","","",""
"2010019453","","1","0","0","0","0","0","0","0","0","4","0","","02","2","2010","6","40.369135","-79.782524","","11","0","0","0","0","0","1","0","0","2","0","0","0","","","3","","2","","40 22:08.886","4","0","79 46:57.085","8","0","0","0","2111","0","0","0","N","0","0","0","3","02111","0","","1.0","","1","N","N","","0","","0","0","0","","3","N","","2","3","0","0","0","3","0","2","1","2","","","","N","","","","","","","","","",""
"2010019458","","1","0","0","0","0","0","0","0","0","4","0","","02","2","2010","7","40.443496","-79.895243","","11","0","0","0","0","0","0","0","1","","0","0","0","","","0","","2","","40 26:36.585","","0","79 53:42.874","0","0","0","0","2301","0","0","0","N","0","0","0","2","02301","0","","2.0","","1","N","N","","0","","0","0","1","","0","","","2","0","0","0","0","0","0","2","0","2","","","","N","","","","","","","","","",""
"2010019473","","1","0","0","0","0","0","0","0","0","4","1","","02","2","2010","5","40.479315","-79.972048","","11","0","0","0","0","0","1","0","0","","0","1","0","","","0","","1","","40 28:45.534","","0","79 58:19.372","9","0","0","0","2445","0","0","0","N","0","0","0","2","02445","0","","1.0","","1","N","N","","0","","0","0","0","","2","","","2","0","0","0","0","0","2","2","0","2","","","","N","","","","","","","","","",""
"2010019490","","0","0","0","0","0","0","0","0","0","4","0","","02","2","2010","5","40.515734","-79.959106","","11","0","0","0","0","0","1","0","0","","0","0","0","","","0","","1","","40 30:56.643","","0","79 57:32.782","0","0","0","0","2118","0","0","0","N","0","0","0","4","02118","0","","1.0","","9","N","N","","1","","0","0","1","","3","","","2","0","0","0","0","0","0","2","0","2","","","","N","","","","","","","","","",""
"2010019497","","0","0","0","0","0","0","0","0","0","7","0","","02","2","2010","6","40.390775","-79.833417","","11","0","0","0","0","0","1","0","0","2","0","0","0","","","1","","0","","40 23:26.791","4","3","79 50:00.301","8","0","0","0","2111","0","0","0","N","0","0","0","4","02111","0","","1.0","","7","N","N","","0","","0","0","1","","0","N","","2","1","0","0","0","1","0","2","1","2","","","","N","","","","","","","","","",""
"2010019500","","0","0","0","0","0","0","0","0","0","0","0","","02","2","2010","4","40.486283","-80.009651","","11","0","0","0","0","0","0","0","0","","0","0","0","","","3","","1","","40 29:10.618","","0","80 00:34.742","4","0","0","0","2301","0","0","0","N","0","0","0","4","02301","3","","4.0","","2","N","N","","0","","0","0","1","","2","","","1","3","0","0","0","0","0","2","0","1","","","","N","","","","","","","","","",""
"2010019501","","1","0","0","0","0","0","0","0","0","4","0","","02","2","2010","6","40.61744","-80.055648","","11","0","0","0","0","0","0","0","0","1","0","0","0","","","0","","0","","40 37:02.785","2","0","80 03:20.333","0","0","0","0","2216","0","0","0","N","0","0","0","3","02505","0","","1.0","","1","N","N","","0","","0","0","1","","0","N","","2","0","0","0","0","0","0","2","0","2","","","","N","","","","","","","","","",""
"2010019503","","0","0","0","0","0","0","0","0","0","0","0","","02","2","2010","6","40.444303","-79.773125","","11","0","0","0","0","0","0","0","0","3","0","0","0","","","0","","0","","40 26:39.490","1","0","79 46:23.250","0","0","0","0","2446","0","0","0","N","0","0","0","2","02446","0","","1.0","","7","N","N","","0","","0","0","1","","0","N","","1","0","0","0","0","0","0","2","0","1","","","","N","","","","","","","","","",""
"2010019508","","2","0","0","0","0","0","0","0","0","4","0","","02","2","2010","7","40.454029","-79.912399","","11","0","2","0","0","0","0","0","0","","0","0","0","","","0","","1","","40 27:14.504","","0","79 54:44.638","0","0","0","0","2301","0","0","0","N","0","0","0","2","02301","0","","1.0","","1","N","N","","0","","0","0","0","","2","","","2","0","0","0","0","0","0","2","0","2","","","","N","","","","","","","","","",""
"2010019546","","1","0","0","0","0","0","0","0","0","4","0","","02","2","2010","7","40.469766","-79.92705","","11","0","0","0","0","1","0","0","0","","0","0","0","","","1","","1","","40 28:11.157","","0","79 55:37.380","8","0","0","0","2301","0","0","0","N","0","0","0","5","02301","0","","1.0","","1","N","N","","0","","0","0","0","","3","","","2","1","2","0","0","1","0","2","1","2","","","","N","","","","","","","","","",""
"2010019548","","1","0","0","0","0","0","0","0","0","1","0","","02","2","2010","7","40.487502","-79.882923","","11","0","0","0","0","0","0","0","1","","0","0","0","","","1","","1","","40 29:15.007","","0","79 52:58.524","8","0","0","0","2112","0","0","0","N","0","0","0","3","02112","0","","1.0","","1","N","N","","0","","0","0","1","","2","","","2","1","0","0","0","1","0","2","0","2","","","","N","","","","","","","","","",""
"2010019555","","4","0","0","0","0","0","0","0","0","5","0","","02","2","2010","6","40.655176","-80.086788","","11","0","0","0","0","0","1","0","2","1","0","0","0","","","1","","1","","40 39:18.633","1","0","80 05:12.435","4","0","0","0","2212","0","0","0","N","0","0","0","7","02505","1","","1.0","","1","N","N","","0","","0","0","1","","2","N","","5","1","0","0","0","0","0","2","0","5","","","","N","","","","","","","","","",""
"2010019557","","1","0","0","0","0","0","0","0","0","7","0","","02","2","2010","7","40.439658","-79.993344","","11","0","0","0","0","0","0","0","0","","0","0","0","","","2","","7","","40 26:22.770","","2","79 59:36.038","3","0","0","0","2301","0","0","0","N","0","0","0","2","02301","1","","3.0","","9","N","N","","0","","1","0","0","","0","","","1","2","1","0","0","0","0","2","0","1","","","","N","","","","","","","","","",""
"2010019564","","2","0","0","0","0","0","0","0","0","1","0","","02","2","2010","7","40.423631","-79.78925","","11","0","0","0","0","0","0","0","0","1","0","0","0","","","0","","0","","40 25:25.070","2","0","79 47:21.300","0","0","0","0","2446","0","0","0","N","0","0","0","6","02446","0","","1.0","","9","N","N","","0","","0","0","1","","0","N","","3","0","0","0","0","0","0","2","0","3","","","","N","","","","","","","","","",""
"2010019567","","1","0","0","0","0","0","0","0","0","2","0","","02","2","2010","7","40.381154","-79.811838","","11","1","0","0","0","0","0","0","0","1","0","0","0","","","5","","1","","40 22:52.153","4","0","79 48:42.618","4","0","0","0","2424","0","0","0","N","0","0","0","5","02424","5","","1.0","","1","N","N","","1","","0","0","0","","2","Y","","2","5","0","0","0","0","0","2","0","2","","","","N","","","","","","","","","",""
"2010019574","","2","0","0","0","0","0","0","0","0","4","0","","02","2","2010","7","40.428322","-79.973011","","11","0","0","0","0","0","0","0","0","1","0","0","0","","","3","","1","","40 25:41.960","4","0","79 58:22.841","4","0","0","0","2301","0","0","0","N","0","0","0","4","02301","3","","1.0","","1","N","N","","0","","0","0","0","","0","Y","","2","3","0","0","0","0","0","2","0","2","","","","N","","","","","","","","","",""
"2010019577","","2","0","0","0","0","0","0","0","0","4","0","","02","2","2010","1","40.408942","-79.896023","","11","0","0","0","0","0","0","0","0","2","0","0","0","","","2","","0","","40 24:32.191","6","0","79 53:45.681","3","0","0","0","2448","0","0","0","N","0","0","0","2","02448","0","","1.0","","9","","N","","0","","2","0","0","","0","Y","","2","2","0","0","0","0","0","2","0","2","","","","N","","","","","","","","","",""