"CRN","ARRIVAL_TM","AUTOMOBILE_COUNT","BELTED_DEATH_COUNT","BELTED_SUSP_SERIOUS_INJ_COUNT","BICYCLE_COUNT","BICYCLE_DEATH_COUNT","BICYCLE_SUSP_SERIOUS_INJ_COUNT","BUS_COUNT","CHLDPAS_DEATH_COUNT","CHLDPAS_SUSP_SERIOUS_INJ_COUNT","COLLISION_TYPE","COMM_VEH_COUNT","CONS_ZONE_SPD_LIM","COUNTY","CRASH_MONTH","CRASH_YEAR","DAY_OF_WEEK","DEC_LATITUDE","DEC_LONGITUDE","DISPATCH_TM","DISTRICT","DRIVER_COUNT_16YR","DRIVER_COUNT_17YR","DRIVER_COUNT_18YR","DRIVER_COUNT_19YR","DRIVER_COUNT_20YR","DRIVER_COUNT_50_64YR","DRIVER_COUNT_65_74YR","DRIVER_COUNT_75PLUS","EST_HRS_CLOSED","FATAL_COUNT","HEAVY_TRUCK_COUNT","HORSE_BUGGY_COUNT","HOUR_OF_DAY","ILLUMINATION","INJURY_COUNT","INTERSECTION_RELATED","INTERSECT_TYPE","LANE_CLOSED","LATITUDE","LN_CLOSE_DIR","LOCATION_TYPE","LONGITUDE","MAX_SEVERITY_LEVEL","MCYCLE_DEATH_COUNT","MCYCLE_SUSP_SERIOUS_INJ_COUNT","MOTORCYCLE_COUNT","MUNICIPALITY","NONMOTR_COUNT","NONMOTR_DEATH_COUNT","NONMOTR_SUSP_SERIOUS_INJ_COUNT","NTFY_HIWY_MAINT","PED_COUNT","PED_DEATH_COUNT","PED_SUSP_SERIOUS_INJ_COUNT","PERSON_COUNT","POLICE_AGCY","POSSIBLE_INJ_COUNT","RDWY_SURF_TYPE_CD","RELATION_TO_ROAD","ROADWAY_CLEARED","ROAD_CONDITION","SCH_BUS_IND","SCH_ZONE_IND","SECONDARY_CRASH","SMALL_TRUCK_COUNT","SPEC_JURIS_CD","SUSP_MINOR_INJ_COUNT","SUSP_SERIOUS_INJ_COUNT","SUV_COUNT","TCD_FUNC_CD","TCD_TYPE","TFC_DETOUR_IND","TIME_OF_DAY","TOTAL_UNITS","TOT_INJ_COUNT","UNBELTED_OCC_COUNT","UNB_DEATH_COUNT","UNB_SUSP_SERIOUS_INJ_COUNT","UNK_INJ_DEG_COUNT","UNK_INJ_PER_COUNT","URBAN_RURAL","VAN_COUNT","VEHICLE_COUNT","WEATHER1","WEATHER2","WORKERS_PRES","WORK_ZONE_IND","WORK_ZONE_LOC","WORK_ZONE_TYPE","WZ_CLOSE_DETOUR","WZ_FLAGGER","WZ_LAW_OFFCR_IND","WZ_LN_CLOSURE","WZ_MOVING","WZ_OTHER","WZ_SHLDER_MDN","WZ_WORKERS_INJ_KILLED"
"2010019582","","1","0","0","0","0","0","0","0","0","7","0","","02","2","2010","7","40.448649","-80.012408","","11","0","0","0","0","0","0","0","0","","0","0","0","","","0","","6","","40 26:55.135","","2","80 00:44.668","0","0","0","0","2301","0","0","0","N","0","0","0","1","02301","0","","2.0","","2","N","N","","0","","0","0","0","","0","","","1","0","0","0","0","0","0","2","0","1","","","","N","","","","","","","","","",""
"2010019583","","1","0","0","0","0","0","0","0","0","7","0","","02","2","2010","7","40.413355","-79.845328","","11","0","0","0","0","0","0","0","0","2","0","0","0","","","0","","2","","40 24:48.077","3","0","79 50:43.180","0","0","0","0","2431","0","0","0","N","0","0","0","1","02431","0","","3.0","","1","N","N","","0","","0","0","0","","2","N","","1","0","0","0","0","0","0","2","0","1","","","","N","","","","","","","","","",""
"2010019585","","1","0","0","0","0","0","0","0","0","7","0","","02","2","2010","7","40.45916","-80.030388","","11","0","0","0","0","0","0","0","0","","0","0","0","","","0","","0","","40 27:32.977","","0","80 01:49.395","0","0","0","0","2301","0","0","0","N","0","0","0","1","02301","0","","3.0","","2","N","N","","0","","0","0","0","","0","","","1","0","1","0","0","0","0","2","0","1","","","","N","","","","","","","","","",""
"2010019588","","1","0","0","0","0","0","0","0","0","8","0","","02","2","2010","1","40.455909","-79.894247","","11","0","0","0","0","0","0","0","0","3","0","0","0","","","1","","0","","40 27:21.274","6","0","79 53:39.289","2","0","0","0","2301","1","0","1","N","1","0","1","2","02301","0","","1.0","","9","N","N","","0","","0","1","0","","2","Y","","2","1","0","0","0","0","1","2","0","1","","","","N","","","","","","","","","",""
"2010019589","","2","0","0","0","0","0","0","0","0","5","0","","02","2","2010","1","40.444947","-79.977492","","11","0","0","0","0","0","0","0","0","2","0","0","0","","","2","","1","","40 26:41.809","3","0","79 58:38.971","2","0","0","0","2301","0","0","0","N","0","0","0","3","02301","1","","1.0","","1","N","N","","0","","0","1","0","","0","Y","","2","2","1","0","1","0","1","2","0","2","","","","N","","","","","","","","","",""
"2010019590","","1","0","0","0","0","0","0","0","0","1","0","","02","2","2010","1","40.448496","-80.025729","","11","0","0","0","0","0","0","0","0","","0","0","0","","","0","","6","","40 26:54.587","","8","80 01:32.624","0","0","0","0","2301","0","0","0","N","0","0","0","3","02301","0","","1.0","","2","N","N","","2","","0","0","0","","2","","","3","0","0","0","0","0","0","2","0","3","","","","N","","","","","","","","","",""
"2010019591","","0","0","0","0","0","0","0","0","0","8","0","","02","2","2010","1","40.408443","-80.017811","","11","0","0","0","0","0","0","0","0","","0","0","0","","","1","","2","","40 24:30.395","","0","80 01:04.118","4","0","0","0","2301","1","0","0","N","1","0","0","5","02301","1","","1.0","","9","N","N","","0","","0","0","1","","0","","","2","1","0","0","0","0","1","2","0","1","","","","N","","","","","","","","","",""
"2010019597","","3","0","0","0","0","0","0","0","0","1","0","","02","2","2010","7","40.411287","-80.006191","","11","0","0","0","0","0","0","0","0","","0","0","0","","","3","","0","","40 24:40.633","","0","80 00:22.289","3","0","0","0","2301","0","0","0","N","0","0","0","10","02301","1","","1.0","","1","N","N","","0","","1","0","1","","0","","","4","3","1","0","0","1","0","2","0","4","","","","N","","","","","","","","","",""
"2010019601","","1","0","0","0","0","0","0","0","0","4","0","","02","2","2010","7","40.446128","-80.067752","","11","0","0","0","0","0","1","0","0","2","0","0","0","","","1","","2","","40 26:46.060","6","0","80 04:03.907","4","0","0","0","2439","0","0","0","N","0","0","0","3","02439","1","","1.0","","1","N","N","","1","","0","0","0","","0","N","","2","1","1","0","0","0","0","2","0","2","","","","N","","","","","","","","","",""
"2010019605","","1","0","0","0","0","0","0","0","0","4","0","","02","2","2010","1","40.456922","-79.894133","","11","0","0","0","0","0","1","0","0","4","1","0","0","","","2","","1","","40 27:24.919","6","0","79 53:38.878","1","0","0","0","2301","3","1","2","N","3","1","2","5","02301","0","2","1.0","","9","N","N","","0","0","0","2","1","","3","Y","","6","2","0","0","0","0","0","2","1","3","","","","N","","","","","","","","","",""
"2010019618","","1","0","0","0","0","0","0","0","0","4","0","","02","2","2010","3","40.483721","-80.008059","","11","0","0","0","0","0","0","0","0","2","0","0","0","","","1","","6","","40 29:01.395","2","2","80 00:29.012","4","0","0","0","2301","0","0","0","N","0","0","0","2","68B03","1","","1.0","","9","N","N","","0","","0","0","1","","0","N","","2","1","0","0","0","0","0","2","0","2","","","","N","","","","","","","","","",""
"2010019628","","2","0","0","0","0","0","0","0","0","4","0","","02","2","2010","7","40.487154","-79.885791","","11","0","0","0","0","0","1","0","1","","0","0","0","","","1","","0","","40 29:13.755","","7","79 53:08.848","3","0","0","0","2301","0","0","0","N","0","0","0","2","02301","0","","1.0","","1","N","N","","0","","1","0","0","","2","","","2","1","0","0","0","0","0","2","0","2","","","","N","","","","","","","","","",""
"2010019633","","1","0","0","0","0","0","0","0","0","7","0","","02","2","2010","1","40.397579","-80.190471","","11","0","0","0","0","0","1","0","0","2","0","0","0","","","1","","0","","40 23:51.284","3","0","80 11:25.696","3","0","0","0","2214","0","0","0","N","0","0","0","1","02214","0","","5.0","","1","N","N","","0","","1","0","0","","0","Y","","1","1","0","0","0","0","0","2","0","1","","","","N","","","","","","","","","",""
"2010019656","","0","0","0","0","0","0","0","0","0","1","0","","02","2","2010","4","40.634672","-80.087661","","11","0","0","0","0","0","1","0","0","","0","0","0","","","0","","0","","40 38:04.819","","0","80 05:15.579","0","0","0","0","2212","0","0","0","N","0","0","0","2","02505","0","","1.0","","2","N","N","","0","","0","0","2","","0","","","2","0","0","0","0","0","0","2","0","2","","","","N","","","","","","","","","",""
"2010019659","","1","0","0","0","0","0","0","0","0","7","0","","02","2","2010","1","40.45136","-79.796749","","11","0","0","0","0","0","0","0","0","2","0","0","0","","","0","","0","","40 27:04.896","4","0","79 47:48.296","0","0","0","0","2113","0","0","0","N","0","0","0","2","02113","0","","5.0","","9","N","N","","0","","0","0","0","","0","N","","1","0","0","0","0","0","0","2","0","1","","","","N","","","","","","","","","",""
"2010019664","","2","0","0","0","0","0","0","0","0","4","0","","02","2","2010","7","40.486753","-79.89242","","11","0","0","0","0","0","1","0","0","","0","0","0","","","2","","0","","40 29:12.311","","7","79 53:32.713","3","0","0","0","2301","0","0","0","N","0","0","0","8","02301","1","","1.0","","1","N","N","","0","","1","0","0","","3","","","2","2","0","0","0","0","1","2","0","2","","","","N","","","","","","","","","",""
"2010019666","","2","0","0","0","0","0","0","0","0","4","0","","02","2","2010","1","40.352173","-79.977658","","11","0","0","0","0","0","1","0","1","2","0","0","0","","","1","","1","","40 21:07.821","1","0","79 58:39.567","3","0","0","0","2476","0","0","0","N","0","0","0","2","02476","0","","1.0","","1","N","N","","0","","1","0","0","","2","Y","","2","1","0","0","0","0","0","2","0","2","","","","N","","","","","","","","","",""
"2010019683","","1","0","0","0","0","0","0","0","0","0","0","","02","2","2010","1","40.416478","-79.722269","","11","0","0","1","0","0","0","0","0","","0","0","0","","","0","","0","","40 24:59.320","","0","79 43:20.170","0","0","0","0","2446","0","0","0","N","0","0","0","2","02446","0","","5.0","","1","N","N","","0","","0","0","0","","0","","","2","0","0","0","0","0","0","2","0","1","","","","N","","","","","","","","","",""
"2010019707","","1","0","0","0","0","0","0","0","0","1","0","","02","1","2010","7","40.477118","-80.007772","","11","0","0","0","0","0","1","0","0","","0","0","0","","","0","","0","","40 28:37.624","","0","80 00:27.980","0","0","0","0","2301","0","0","0","N","0","0","0","3","68B03","0","","1.0","","1","N","N","","0","","0","0","1","","0","","","2","0","0","0","0","0","0","2","0","2","","","","N","","","","","","","","","",""
"2010019709","","0","0","0","0","0","0","0","0","0","7","0","","02","2","2010","1","40.372234","-80.112464","","11","0","0","0","0","1","0","0","0","3","0","0","0","","","0","","0","","40 22:20.044","1","0","80 06:44.870","0","0","0","0","2102","0","0","0","N","0","0","0","2","68B03","0","","2.0","","2","N","N","","0","","0","0","1","","0","Y","","1","0","0","0","0","0","0","2","0","1","","","","N","","","","","","","","","",""
"2010019710","","0","0","0","0","0","0","0","0","0","7","0","","02","2","2010","1","40.372263","-80.111471","","11","0","0","0","0","0","0","0","0","3","0","0","0","","","0","","0","","40 22:20.146","1","0","80 06:41.297","0","0","0","0","2102","0","0","0","Y","0","0","0","2","68B03","0","","2.0","","2","N","N","","0","","0","0","1","","0","Y","","1","0","0","0","0","0","0","2","0","1","","","","N","","","","","","","","","",""
"2010019711","","3","0","0","0","0","0","0","0","0","4","0","","02","2","2010","1","40.402614","-80.106822","","11","0","0","0","0","0","2","0","0","1","0","0","0","","","0","","0","","40 24:09.411","2","0","80 06:24.560","0","0","0","0","2102","0","0","0","N","0","0","0","3","68B03","0","","1.0","","7","N","N","","0","","0","0","0","","0","N","","3","0","0","0","0","0","0","2","0","3","","","","N","","","","","","","","","",""
"2010019712","","2","0","0","0","0","0","0","0","0","5","1","","02","2","2010","2","40.550684","-80.086744","","11","0","0","0","0","0","1","0","0","2","0","1","0","","","2","","0","","40 33:02.464","2","0","80 05:12.279","8","0","0","0","2301","0","0","0","Y","0","0","0","3","68B03","0","","1.0","","9","N","N","","0","","0","0","0","","0","N","","3","2","1","0","0","2","0","2","0","3","","","","N","","","","","","","","","",""
"2010019713","","1","0","0","0","0","0","0","0","0","1","0","","02","2","2010","2","40.423109","-80.103958","","11","0","0","0","0","0","1","0","0","","0","0","0","","","1","","0","","40 25:23.194","","0","80 06:14.247","3","0","0","0","2115","0","0","0","N","0","0","0","3","68B03","0","","1.0","","2","N","N","","0","","1","0","1","","0","","","2","1","2","0","0","0","0","2","0","2","","","","N","","","","","","","","","",""
"2010019714","","0","0","0","0","0","0","0","0","0","7","0","","02","2","2010","4","40.440717","-79.831176","","11","0","0","0","0","0","0","0","0","","0","0","0","","","0","","0","","40 26:26.580","","0","79 49:52.235","0","0","0","0","2419","0","0","0","N","0","0","0","1","68B03","0","","3.0","","2","N","N","","0","","0","0","1","","0","","","1","0","0","0","0","0","0","2","0","1","","","","N","","","","","","","","","",""
"2010019715","","0","0","0","0","0","0","0","0","0","7","0","","02","2","2010","4","40.489201","-80.270821","","11","0","0","0","0","0","0","0","0","","0","0","0","","","0","","0","","40 29:21.122","","2","80 16:14.955","0","0","0","0","2203","0","0","0","N","0","0","0","1","68B04","0","","2.0","","2","N","N","","0","","0","0","1","","0","","","1","0","0","0","0","0","0","1","0","1","","","","N","","","","","","","","","",""
"2010019716","","0","0","0","0","0","0","0","0","0","7","0","","02","2","2010","4","40.442091","-79.796152","","11","0","0","0","0","0","0","0","0","","0","0","0","","","0","","0","","40 26:31.528","","0","79 47:46.148","0","0","0","0","2446","0","0","0","N","0","0","0","1","68B03","0","","3.0","","2","N","N","","0","","0","0","1","","0","","","1","0","0","0","0","0","0","2","0","1","","","","N","","","","","","","","","",""
"2010019717","","0","0","0","0","0","0","0","0","0","0","1","","02","2","2010","6","40.497691","-80.120635","","11","0","0","0","0","0","0","0","0","3","0","1","0","","","1","","0","","40 29:51.686","1","0","80 07:14.287","4","0","0","0","2126","0","0","0","N","0","0","0","1","68B03","1","","1.0","","1","N","N","","0","","0","0","0","","0","N","","1","1","0","0","0","0","0","2","0","1","","","","N","","","","","","","","","",""
"2010019718","","1","0","0","0","0","0","0","0","0","1","0","","02","2","2010","6","40.415825","-80.059527","","11","0","0","0","1","0","0","0","0","","0","0","0","","","0","","0","","40 24:56.969","","0","80 03:34.297","0","0","0","0","2435","0","0","0","N","0","0","0","2","68B03","0","","1.0","","1","N","N","","0","","0","0","1","","0","","","2","0","0","0","0","0","0","2","0","2","","","","N","","","","","","","","","",""
"2010019719","","1","0","0","0","0","0","0","0","0","1","0","","02","2","2010","6","40.423744","-80.030477","","11","0","0","0","1","0","0","0","0","","0","0","0","","","0","","0","","40 25:25.477","","0","80 01:49.718","0","0","0","0","2435","0","0","0","N","0","0","0","5","68B03","0","","1.0","","1","N","N","","0","","0","0","1","","0","","","2","0","0","0","0","0","0","2","0","2","","","","N","","","","","","","","","",""
"2010019720","","2","0","0","0","0","0","0","0","0","4","0","","02","2","2010","7","40.415089","-80.061302","","11","0","0","0","1","0","0","0","0","1","0","0","0","","","0","","0","","40 24:54.322","4","0","80 03:40.687","0","0","0","0","2435","0","0","0","N","0","0","0","3","68B03","0","","3.0","","9","N","N","","0","","0","0","0","","0","N","","2","0","0","0","0","0","0","2","0","2","","","","N","","","","","","","","","",""
"2010019801","","2","0","0","0","0","0","0","0","0","4","0","","02","2","2010","1","40.356129","-80.045169","","11","0","0","0","0","0","0","0","0","","0","0","0","","","0","","1","","40 21:22.064","","0","80 02:42.608","0","0","0","0","2109","0","0","0","N","0","0","0","3","02109","0","","1.0","","9","N","N","","0","","0","0","0","","2","","","2","0","0","0","0","0","0","2","0","2","","","","N","","","","","","","","","",""
"2010019802","","1","0","0","0","0","0","0","0","0","4","0","","02","2","2010","1","40.459017","-79.817216","","11","0","0","1","0","0","0","0","0","","0","0","0","","","1","","2","","40 27:32.460","","0","79 49:01.976","4","0","0","0","2113","0","0","0","N","0","0","0","3","02113","1","","1.0","","1","N","N","","0","","0","0","1","","3","","","2","1","0","0","0","0","0","2","0","2","","","","N","","","","","","","","","",""
"2010019813","","1","0","0","0","0","0","0","0","0","2","0","","02","2","2010","5","","","","11","0","0","0","0","0","0","0","0","","0","0","0","","","0","","0","","","","0","","0","0","0","0","2301","0","0","0","N","0","0","0","2","02301","0","","1.0","","2","N","N","","0","","0","0","1","","0","","","2","0","0","0","0","0","0","1","0","2","","","","N","","","","","","","","","",""
"2010019820","","1","0","0","0","0","0","0","0","0","5","1","","02","2","2010","5","40.427401","-79.955099","","11","0","0","0","0","0","1","0","0","","0","1","0","","","1","","0","","40 25:38.644","","0","79 57:18.358","4","0","0","0","2301","0","0","0","N","0","0","0","2","02301","1","","1.0","","7","N","N","","0","","0","0","0","","0","","","2","1","0","0","0","0","0","2","0","2","","","","N","","","","","","","","","",""
"2010019823","","2","0","0","0","0","0","0","0","0","4","0","","02","2","2010","6","40.531834","-80.067669","","11","0","0","0","0","0","0","0","0","1","0","0","0","","","0","","0","","40 31:54.603","3","0","80 04:03.609","0","0","0","0","2215","0","0","0","N","0","0","0","2","02215","0","","1.0","","9","N","N","","0","","0","0","0","","0","N","","2","0","0","0","0","0","0","2","0","2","","","","N","","","","","","","","","",""
"2010019826","","0","0","0","0","0","0","0","0","0","7","0","","02","2","2010","2","40.450907","-80.000978","","11","0","0","0","0","0","0","0","0","2","0","0","0","","","0","","2","","40 27:03.265","4","0","80 00:03.520","0","0","0","0","2301","0","0","0","N","0","0","0","1","02301","0","","2.0","","1","N","N","","0","","0","0","1","","3","Y","","1","0","0","0","0","0","0","2","0","1","","","","N","","","","","","","","","",""
"2010019833","","0","0","0","0","0","0","0","0","0","1","1","05","02","2","2010","2","40.463223","-79.966826","","11","0","0","0","0","0","0","0","0","4","0","1","0","","","0","","0","","40 27:47.602","6","0","79 58:00.573","0","0","0","0","2301","0","0","0","N","0","0","0","2","02301","0","","1.0","","9","N","N","","0","","0","0","1","","8","Y","","2","0","1","0","0","0","0","2","0","2","","","Y","Y","4","2","Y","","N","","","","",""
"2010019848","","0","0","0","0","0","0","0","0","0","7","0","","02","2","2010","2","40.439569","-80.230631","","11","0","0","0","0","0","0","0","0","","0","0","0","","","3","","0","","40 26:22.448","","0","80 13:50.273","4","0","0","0","2214","0","0","0","N","0","0","0","4","68B03","3","","4.0","","7","N","N","","0","","0","0","1","","0","","","1","3","0","0","0","0","0","2","0","1","","","","N","","","","","","","","","",""
"2010019849","","1","0","0","0","0","0","0","0","0","7","0","","02","2","2010","7","40.434279","-79.964939","","11","0","0","0","0","0","0","0","0","1","0","0","0","","","1","","0","","40 26:03.406","3","0","79 57:53.780","3","0","0","0","2301","0","0","0","N","0","0","0","1","68B03","0","","3.0","","1","N","N","","0","","1","0","0","","0","N","","1","1","0","0","0","0","0","2","0","1","","","","N","","","","","","","","","",""
"2010019894","","0","0","0","0","0","0","0","0","0","7","0","","02","2","2010","5","40.644961","-80.138681","","11","0","0","0","0","0","0","0","0","","0","0","0","","","0","","0","","40 38:41.859","","0","80 08:19.251","0","0","0","0","2212","0","0","0","N","0","0","0","1","02505","0","","5.0","","7","N","N","","1","","0","0","0","","0","","","1","0","0","0","0","0","0","1","0","1","","","","N","","","","","","","","","",""
"2010019924","","2","0","0","0","0","0","0","0","0","4","0","","02","2","2010","4","40.63151","-79.93545","","11","0","0","0","0","0","0","0","0","2","0","0","0","","","0","","0","","40 37:53.436","6","0","79 56:07.620","0","0","0","0","2217","0","0","0","N","0","0","0","2","02505","0","","1.0","","9","N","N","","0","","0","0","0","","0","Y","","2","0","0","0","0","0","0","2","0","2","","","","N","","","","","","","","","",""
"2010019931","","2","0","0","0","0","0","0","0","0","4","0","","02","2","2010","6","40.487307","-80.039156","","11","0","0","0","0","0","0","0","1","1","0","0","0","","","0","","2","","40 29:14.305","4","0","80 02:20.961","0","0","0","0","2301","0","0","0","N","0","0","0","3","02301","0","","1.0","","1","N","N","","0","","0","0","0","","3","Y","","2","0","1","0","0","0","0","2","0","2","","","","N","","","","","","","","","",""
"2010019934","","0","0","0","0","0","0","0","0","0","4","0","","02","2","2010","2","40.356967","-80.120356","","11","0","0","0","0","0","1","0","0","","0","0","0","","","0","","1","","40 21:25.081","","0","80 07:13.280","0","0","0","0","2119","0","0","0","N","0","0","0","2","02119","0","","1.0","","1","N","N","","1","","0","0","1","","2","","","2","0","0","0","0","0","0","2","0","2","","","","N","","","","","","","","","",""
"2010019942","","3","0","0","0","0","0","0","0","0","1","0","","02","2","2010","2","40.458061","-79.934662","","11","0","0","0","1","0","1","0","0","1","0","0","0","","","1","","1","","40 27:29.021","3","0","79 56:04.783","4","0","0","0","2301","0","0","0","N","0","0","0","3","02301","1","","1.0","","1","N","N","","0","","0","0","0","","2","N","","3","1","0","0","0","0","0","2","0","3","","","","N","","","","","","","","","",""
"2010019943","","1","0","0","0","0","0","0","0","0","1","0","","02","2","2010","2","40.47957","-80.104122","","11","0","0","0","0","0","1","0","0","","0","0","0","","","0","","2","","40 28:46.452","","0","80 06:14.839","0","0","0","0","2126","0","0","0","N","0","0","0","2","02126","0","","1.0","","1","N","N","","0","","0","0","1","","0","","","2","0","0","0","0","0","0","2","0","2","","","","N","","","","","","","","","",""
"2010019944","","1","0","0","0","0","0","0","0","0","4","0","","02","2","2010","2","40.36996","-80.099355","","11","0","0","0","0","0","0","1","0","1","0","0","0","","","0","","2","","40 22:11.856","3","0","80 05:57.678","0","0","0","0","2102","0","0","0","N","0","0","0","4","02102","0","","1.0","","9","N","N","","0","","0","0","1","","0","N","","2","0","0","0","0","0","0","2","0","2","","","","N","","","","","","","","","",""
"2010019957","","2","0","0","0","0","0","0","0","0","4","0","","02","2","2010","1","40.431933","-79.839183","","11","0","0","0","0","0","1","0","1","2","0","0","0","","","1","","2","","40 25:54.959","5","0","79 50:21.059","4","0","0","0","2419","0","0","0","N","0","0","0","2","02419","1","","1.0","","1","N","N","","0","","0","0","0","","3","Y","","2","1","0","0","0","0","0","2","0","2","","","","N","","","","","","","","","",""
"2010019963","","1","0","0","0","0","0","0","0","0","1","0","","02","2","2010","2","40.413924","-79.955642","","11","0","0","0","0","0","1","0","0","","0","0","0","","","1","","0","","40 24:50.127","","0","79 57:20.312","4","0","0","0","2301","0","0","0","N","0","0","0","2","02301","1","","1.0","","9","N","N","","1","","0","0","0","","0","","","2","1","0","0","0","0","0","2","0","2","","","","N","","","","","","","","","",""
"2010019964","","0","0","0","0","0","0","0","0","0","7","0","","02","2","2010","2","40.481376","-79.804659","","11","0","0","0","0","0","0","0","0","4","0","0","0","","","0","","2","","40 28:52.953","6","0","79 48:16.772","0","0","0","0","2113","0","0","0","N","0","0","0","1","02113","0","","5.0","","9","N","N","","1","","0","0","0","","0","Y","","1","0","0","0","0","0","0","2","0","1","","","","N","","","","","","","","","",""
"2010019987","","2","0","0","0","0","0","0","0","0","0","1","","02","2","2010","5","40.545878","-80.016897","","11","0","0","0","0","0","1","0","0","2","0","0","0","","","0","","1","","40 32:45.159","2","0","80 01:00.828","0","0","0","0","2116","0","0","0","N","0","0","0","3","02116","0","","1.0","","9","N","N","","1","","0","0","0","","2","N","","3","0","0","0","0","0","0","2","0","3","","","","N","","","","","","","","","",""
"2010019989","","1","0","0","0","0","0","0","0","0","6","1","","02","2","2010","4","40.667154","-80.102148","","11","1","0","0","0","0","1","0","0","2","0","1","0","","","0","","1","","40 40:01.754","2","0","80 06:07.732","0","0","0","0","2212","0","0","0","N","0","0","0","3","02505","0","","1.0","","9","N","N","","0","","0","0","0","","2","N","","2","0","1","0","0","0","0","2","0","2","","","","N","","","","","","","","","",""
"2010019994","","1","0","0","0","0","0","0","0","0","4","0","","02","2","2010","4","40.399271","-79.886592","","11","0","0","0","0","0","0","0","0","","0","0","0","","","1","","2","","40 23:57.375","","0","79 53:11.731","3","0","0","0","2475","0","0","0","","0","0","0","2","02475","0","","1.0","","6","N","N","","0","","1","0","1","","3","","","2","1","0","0","0","0","0","2","0","2","","","","N","","","","","","","","","",""
"2010020001","","2","0","0","0","0","0","0","0","0","4","0","","02","2","2010","2","40.39371","-80.089122","","11","0","0","0","0","0","1","1","0","1","0","0","0","","","0","","2","","40 23:37.356","5","0","80 05:20.839","0","0","0","0","2437","0","0","0","N","0","0","0","2","02117","0","","1.0","","9","N","N","","0","","0","0","0","","3","Y","","2","0","0","0","0","0","0","2","0","2","","","","N","","","","","","","","","",""
"2010020006","","0","0","0","0","0","0","0","0","0","7","0","","02","2","2010","1","40.348551","-79.942953","","11","0","0","0","0","0","0","0","0","1","0","0","0","","","0","","0","","40 20:54.784","1","0","79 56:34.630","0","0","0","0","2473","0","0","0","N","0","0","0","1","02473","0","","5.0","","1","N","N","","0","","0","0","1","","0","N","","1","0","1","0","0","0","0","2","0","1","","","","N","","","","","","","","","",""
"2010020010","","1","0","0","0","0","0","0","0","0","0","0","","02","2","2010","6","40.370876","-79.964226","","11","0","0","0","0","0","1","0","0","2","0","0","0","","","0","","0","","40 22:15.152","6","0","79 57:51.215","0","0","0","0","2413","0","0","0","N","0","0","0","1","02413","0","","2.0","","7","N","N","","0","","0","0","0","","0","Y","","1","0","0","0","0","0","0","2","0","1","","","","N","","","","","","","","","",""
"2010020011","","0","0","0","0","0","0","0","0","0","1","0","","02","2","2010","2","40.429186","-79.999223","","11","0","0","0","0","0","1","1","0","","0","0","0","","","1","","1","","40 25:45.071","","3","79 59:57.204","4","0","0","0","2301","0","0","0","N","0","0","0","3","02301","1","","1.0","","9","N","N","","1","","0","0","1","","4","","","2","1","0","0","0","0","0","2","0","2","","","","N","","","","","","","","","",""
"2010020016","","2","0","0","0","0","0","0","0","0","2","0","","02","2","2010","2","40.417994","-79.864715","","11","0","0","0","0","0","0","0","0","","0","0","0","","","0","","0","","40 25:04.777","","0","79 51:52.974","0","0","0","0","2411","0","0","0","N","0","0","0","2","02411","0","","1.0","","2","N","N","","0","","0","0","0","","0","","","2","0","0","0","0","0","0","2","0","2","","","","N","","","","","","","","","",""
"2010020020","","1","0","0","0","0","0","0","0","0","7","0","","02","2","2010","7","40.445944","-79.84844","","11","0","0","0","0","0","0","0","1","","0","0","0","","","0","","3","","40 26:45.400","","2","79 50:54.384","0","0","0","0","2419","0","0","0","N","0","0","0","1","02419","0","","3.0","","1","N","N","","0","","0","0","0","","0","","","1","0","0","0","0","0","0","2","0","1","","","","N","","","","","","","","","",""
"2010020024","","0","0","0","0","0","0","0","0","0","5","1","","02","2","2010","2","40.402642","-80.031045","","11","0","0","0","0","0","2","0","0","2","0","0","0","","","0","","2","","40 24:09.511","2","0","80 01:51.762","0","0","0","0","2301","0","0","0","N","0","0","0","3","02503","0","","1.0","","9","N","N","","0","","0","0","2","","0","N","","3","0","0","0","0","0","0","2","0","3","","","","N","","","","","","","","","",""
"2010020025","","2","0","0","0","0","0","0","0","0","1","0","","02","2","2010","3","40.45821","-80.137785","","11","0","0","0","1","0","0","0","0","","0","0","0","","","0","","0","","40 27:29.556","","0","80 08:16.026","0","0","0","0","2115","0","0","0","N","0","0","0","3","02115","0","","1.0","","6","N","N","","0","","0","0","0","","0","","","2","0","0","0","0","0","0","2","0","2","","","","N","","","","","","","","","",""
"2010020027","","1","0","0","0","0","0","0","0","0","7","0","","02","2","2010","4","40.545202","-80.230319","","11","0","0","0","0","0","0","0","0","1","0","0","0","","","1","","2","","40 32:42.727","5","0","80 13:49.148","3","0","0","0","2213","0","0","0","N","0","0","0","1","02213","0","","5.0","","1","N","N","","0","","1","0","0","","3","N","","1","1","1","0","0","0","0","2","0","1","","","","N","","","","","","","","","",""
"2010020028","","1","0","0","0","0","0","0","0","0","1","0","","02","2","2010","3","40.506907","-80.223298","","11","0","0","1","0","0","0","0","0","1","0","0","0","","","1","","0","","40 30:24.866","2","0","80 13:23.872","4","0","0","0","2213","0","0","0","N","0","0","0","4","02213","1","","1.0","","9","N","N","","0","","0","0","0","","2","Y","","2","1","0","0","0","0","0","2","1","2","","","","N","","","","","","","","","",""