"CRN","ARRIVAL_TM","AUTOMOBILE_COUNT","BELTED_DEATH_COUNT","BELTED_SUSP_SERIOUS_INJ_COUNT","BICYCLE_COUNT","BICYCLE_DEATH_COUNT","BICYCLE_SUSP_SERIOUS_INJ_COUNT","BUS_COUNT","CHLDPAS_DEATH_COUNT","CHLDPAS_SUSP_SERIOUS_INJ_COUNT","COLLISION_TYPE","COMM_VEH_COUNT","CONS_ZONE_SPD_LIM","COUNTY","CRASH_MONTH","CRASH_YEAR","DAY_OF_WEEK","DEC_LATITUDE","DEC_LONGITUDE","DISPATCH_TM","DISTRICT","DRIVER_COUNT_16YR","DRIVER_COUNT_17YR","DRIVER_COUNT_18YR","DRIVER_COUNT_19YR","DRIVER_COUNT_20YR","DRIVER_COUNT_50_64YR","DRIVER_COUNT_65_74YR","DRIVER_COUNT_75PLUS","EST_HRS_CLOSED","FATAL_COUNT","HEAVY_TRUCK_COUNT","HORSE_BUGGY_COUNT","HOUR_OF_DAY","ILLUMINATION","INJURY_COUNT","INTERSECTION_RELATED","INTERSECT_TYPE","LANE_CLOSED","LATITUDE","LN_CLOSE_DIR","LOCATION_TYPE","LONGITUDE","MAX_SEVERITY_LEVEL","MCYCLE_DEATH_COUNT","MCYCLE_SUSP_SERIOUS_INJ_COUNT","MOTORCYCLE_COUNT","MUNICIPALITY","NONMOTR_COUNT","NONMOTR_DEATH_COUNT","NONMOTR_SUSP_SERIOUS_INJ_COUNT","NTFY_HIWY_MAINT","PED_COUNT","PED_DEATH_COUNT","PED_SUSP_SERIOUS_INJ_COUNT","PERSON_COUNT","POLICE_AGCY","POSSIBLE_INJ_COUNT","RDWY_SURF_TYPE_CD","RELATION_TO_ROAD","ROADWAY_CLEARED","ROAD_CONDITION","SCH_BUS_IND","SCH_ZONE_IND","SECONDARY_CRASH","SMALL_TRUCK_COUNT","SPEC_JURIS_CD","SUSP_MINOR_INJ_COUNT","SUSP_SERIOUS_INJ_COUNT","SUV_COUNT","TCD_FUNC_CD","TCD_TYPE","TFC_DETOUR_IND","TIME_OF_DAY","TOTAL_UNITS","TOT_INJ_COUNT","UNBELTED_OCC_COUNT","UNB_DEATH_COUNT","UNB_SUSP_SERIOUS_INJ_COUNT","UNK_INJ_DEG_COUNT","UNK_INJ_PER_COUNT","URBAN_RURAL","VAN_COUNT","VEHICLE_COUNT","WEATHER1","WEATHER2","WORKERS_PRES","WORK_ZONE_IND","WORK_ZONE_LOC","WORK_ZONE_TYPE","WZ_CLOSE_DETOUR","WZ_FLAGGER","WZ_LAW_OFFCR_IND","WZ_LN_CLOSURE","WZ_MOVING","WZ_OTHER","WZ_SHLDER_MDN","WZ_WORKERS_INJ_KILLED"
"2010020062","","0","0","0","0","0","0","1","0","0","8","1","","02","2","2010","2","40.437733","-80.000234","","11","0","0","0","0","0","0","0","0","2","0","0","0","","","2","","1","","40 26:15.840","2","0","80 00:00.841","4","0","0","0","2301","1","0","0","N","1","0","0","3","02503","2","","1.0","","9","N","N","","0","","0","0","0","","2","Y","","2","2","0","0","0","0","0","2","0","1","","","","N","","","","","","","","","",""
"2010020086","","1","0","0","0","0","0","0","0","0","4","1","","02","2","2010","1","40.576459","-80.025834","","11","0","0","0","0","0","0","0","0","2","0","1","0","","","0","","1","","40 34:35.251","1","0","80 01:33.002","0","0","0","0","2108","0","0","0","N","0","0","0","2","02108","0","","1.0","","6","N","N","","0","","0","0","0","","2","Y","","2","0","0","0","0","0","0","2","0","2","","","","N","","","","","","","","","",""
"2010020103","","2","0","0","0","0","0","0","0","0","4","0","","02","2","2010","2","40.426292","-79.963576","","11","0","0","0","0","0","0","0","0","","0","0","0","","","1","","1","","40 25:34.651","","0","79 57:48.873","8","0","0","0","2301","0","0","0","N","0","0","0","2","02301","0","","1.0","","9","N","N","","0","","0","0","0","","2","","","2","1","0","0","0","1","0","2","0","2","","","","N","","","","","","","","","",""
"2010020104","","2","0","0","0","0","0","0","0","0","1","0","","02","2","2010","4","40.434922","-79.790576","","11","0","0","0","0","0","0","0","0","","0","0","0","","","1","","0","","40 26:05.720","","7","79 47:26.074","4","0","0","0","2446","0","0","0","N","0","0","0","3","02446","1","","1.0","","9","N","N","","1","","0","0","0","","2","","","3","1","3","0","0","0","0","2","0","3","","","","N","","","","","","","","","",""
"2010020108","","2","0","0","0","0","0","0","0","0","4","0","","02","2","2010","3","40.546177","-79.770448","","11","0","0","0","0","0","0","0","0","1","0","0","0","","","1","","2","","40 32:46.237","3","0","79 46:13.611","4","0","0","0","2121","0","0","0","N","0","0","0","5","02121","1","","1.0","","7","N","N","","0","","0","0","0","","3","N","","2","1","1","0","0","0","0","1","0","2","","","","N","","","","","","","","","",""
"2010020117","","0","0","0","0","0","0","0","0","0","1","0","","02","2","2010","6","40.431712","-79.794475","","11","0","0","0","0","0","0","0","0","","0","0","0","","","0","","0","","40 25:54.164","","0","79 47:40.109","0","0","0","0","2446","0","0","0","N","0","0","0","9","02446","0","","1.0","","1","N","N","","1","","0","0","0","","0","","","2","0","9","0","0","0","0","2","1","2","","","","N","","","","","","","","","",""
"2010020118","","0","0","0","0","0","0","0","0","0","8","0","","02","2","2010","5","40.441779","-79.749974","","11","0","0","1","0","0","0","0","0","1","0","0","0","","","1","","2","","40 26:30.404","6","0","79 44:59.906","3","0","0","0","2446","1","0","0","N","1","0","0","4","02446","0","","1.0","","9","N","N","","0","","1","0","1","","3","N","","2","1","0","0","0","0","0","2","0","1","","","","N","","","","","","","","","",""
"2010020120","","2","0","0","0","0","0","0","0","0","4","0","","02","2","2010","2","40.454029","-79.912399","","11","0","0","0","0","0","0","0","0","1","0","0","0","","","0","","1","","40 27:14.504","2","0","79 54:44.638","0","0","0","0","2301","0","0","0","N","0","0","0","3","02301","0","","1.0","","9","N","N","","0","","0","0","0","","2","N","","2","0","2","0","0","0","0","2","0","2","","","","N","","","","","","","","","",""
"2010020144","","2","0","0","0","0","0","0","0","0","0","0","","02","2","2010","1","40.367093","-79.910028","","11","0","0","0","0","0","0","0","0","3","0","0","0","","","0","","0","","40 22:01.533","2","0","79 54:36.099","0","0","0","0","2301","0","0","0","N","0","0","0","2","02301","0","","5.0","","9","N","N","","0","","0","0","0","","0","N","","3","0","0","0","0","0","0","2","1","3","","","","N","","","","","","","","","",""
"2010020153","","1","0","0","0","0","0","0","0","0","7","0","","02","2","2010","2","40.468011","-79.977266","","11","0","0","0","0","0","0","0","0","2","0","0","0","","","0","","0","","40 28:04.838","2","0","79 58:38.157","0","0","0","0","2118","0","0","0","Y","0","0","0","1","02118","0","","2.0","","1","N","N","","0","","0","0","0","","0","N","","1","0","0","0","0","0","0","2","0","1","","","","N","","","","","","","","","",""
"2010020163","","1","0","0","0","0","0","1","0","0","4","1","","02","2","2010","3","40.448765","-80.020481","","11","0","0","0","0","0","0","0","0","2","0","0","0","","","1","","7","","40 26:55.555","5","2","80 01:13.730","3","0","0","0","2301","0","0","0","N","0","0","0","3","02301","0","","7.0","","9","Y","N","","0","","1","0","0","","0","Y","","2","1","0","0","0","0","0","2","0","2","","05","","N","","","","","","","","","",""
"2010020182","","1","0","0","0","0","0","0","0","0","1","0","","02","2","2010","3","40.484224","-79.907886","","11","0","0","0","0","0","1","0","1","1","0","0","0","","","0","","2","","40 29:03.206","3","0","79 54:28.391","0","0","0","0","2301","0","0","0","N","0","0","0","3","02301","0","","1.0","","9","N","N","","2","","0","0","0","","0","N","","3","0","1","0","0","0","0","2","0","3","","","","N","","","","","","","","","",""
"2010020200","","1","0","0","0","0","0","0","0","0","1","0","","02","2","2010","1","40.51393","-80.004183","","11","0","0","0","0","0","1","0","0","1","0","0","0","","","0","","0","","40 30:50.149","2","3","80 00:15.060","0","0","0","0","2116","0","0","0","N","0","0","0","3","02116","0","","1.0","","9","N","N","","0","","0","0","1","","0","N","","2","0","0","0","0","0","0","2","0","2","","","","N","","","","","","","","","",""
"2010020226","","2","0","0","0","0","0","0","0","0","1","0","","02","2","2010","2","40.450193","-80.107667","","11","0","0","0","0","0","1","0","0","1","0","0","0","","","1","","2","","40 27:00.694","1","0","80 06:27.601","4","0","0","0","2126","0","0","0","N","0","0","0","2","02126","1","","1.0","","9","N","N","","0","","0","0","0","","3","N","","2","1","0","0","0","0","0","2","0","2","","","","N","","","","","","","","","",""
"2010020232","","3","0","0","0","0","0","0","0","0","4","0","","02","2","2010","2","40.38473","-79.824237","","11","0","0","0","0","0","3","0","0","1","0","0","0","","","4","","1","","40 23:05.027","4","0","79 49:27.253","8","0","0","0","2111","0","0","0","N","0","0","0","5","02111","0","","1.0","","1","N","N","","0","","0","0","0","","2","N","","3","4","0","0","0","4","0","2","0","3","","","","N","","","","","","","","","",""
"2010020235","","3","0","0","0","0","0","0","0","0","5","0","","02","2","2010","1","40.492496","-80.054246","","11","0","0","0","0","0","0","0","0","2","0","0","0","","","1","","0","","40 29:32.985","5","0","80 03:15.285","4","0","0","0","2404","0","0","0","N","0","0","0","2","02404","1","","6.0","","6","N","N","","0","","0","0","0","","0","Y","","3","1","2","0","0","0","0","2","0","3","","","","N","","","","","","","","","",""
"2010020248","","4","0","0","0","0","0","0","0","0","1","0","","02","2","2010","3","40.401298","-80.063263","","11","0","0","0","0","1","1","0","0","1","0","0","0","","","0","","0","","40 24:04.673","2","0","80 03:47.747","0","0","0","0","2117","0","0","0","N","0","0","0","7","02117","0","","1.0","","1","N","N","","1","","0","0","0","","0","N","","5","0","0","0","0","0","0","2","0","5","","","","N","","","","","","","","","",""
"2010020250","","1","0","0","0","0","0","0","0","0","4","0","","02","2","2010","3","40.379486","-79.812729","","11","0","0","0","0","0","0","0","0","1","0","0","0","","","2","","2","","40 22:46.150","5","0","79 48:45.824","3","0","0","0","2424","0","0","0","N","0","0","0","2","02424","0","","1.0","","9","N","N","","0","","2","0","0","","0","N","","2","2","0","0","0","0","0","2","1","2","","","","N","","","","","","","","","",""
"2010020330","","4","0","0","0","0","0","0","0","0","1","0","","02","1","2010","3","40.41729","-80.056428","","11","0","0","0","0","0","0","0","0","2","0","0","0","","","0","","0","","40 25:02.244","3","0","80 03:23.142","0","0","0","0","2435","0","0","0","N","0","0","0","5","68B03","0","","1.0","","9","N","N","","0","","0","0","0","","0","N","","4","0","0","0","0","0","0","2","0","4","","","","N","","","","","","","","","",""
"2010020331","","1","0","0","0","0","0","0","0","0","7","0","","02","1","2010","2","40.421635","-80.096711","","11","0","0","0","0","0","0","0","0","","0","0","0","","","0","","0","","40 25:17.885","","0","80 05:48.161","0","0","0","0","2115","0","0","0","N","0","0","0","1","68B03","0","","4.0","","9","N","N","","0","","0","0","0","","0","","","1","0","0","0","0","0","0","2","0","1","","","","N","","","","","","","","","",""
"2010020332","","0","0","0","0","0","0","0","0","0","7","0","","02","1","2010","2","40.434478","-79.997349","","11","0","0","0","0","0","1","0","0","","0","0","0","","","1","","6","","40 26:04.119","","2","79 59:50.458","3","0","0","0","2301","0","0","0","Y","0","0","0","1","68B03","0","","7.0","","9","N","N","","1","","1","0","0","","0","","","1","1","1","0","0","0","0","2","0","1","","","","N","","","","","","","","","",""
"2010020333","","1","0","0","0","0","0","0","0","0","7","0","","02","1","2010","3","40.431969","-80.25727","","11","0","0","0","0","0","0","0","0","","0","0","0","","","0","","0","","40 25:55.088","","0","80 15:26.173","0","0","0","0","2214","0","0","0","N","0","0","0","1","68B03","0","","4.0","","7","N","N","","0","","0","0","0","","0","","","1","0","0","0","0","0","0","2","0","1","","","","N","","","","","","","","","",""
"2010020334","","1","0","0","0","0","0","0","0","0","7","0","","02","2","2010","2","40.445355","-79.848197","","11","0","0","0","0","0","0","0","0","","0","0","0","","","1","","0","","40 26:43.279","","0","79 50:53.510","4","0","0","0","2419","0","0","0","N","0","0","0","1","68B03","1","","2.0","","1","N","N","","0","","0","0","0","","0","","","1","1","0","0","0","0","0","2","0","1","","","","N","","","","","","","","","",""
"2010020335","","1","0","0","0","0","0","0","0","0","4","0","","02","2","2010","1","40.41775","-80.087471","","11","0","0","0","0","0","0","0","0","1","0","0","0","","","0","","0","","40 25:03.900","4","0","80 05:14.897","0","0","0","0","2415","0","0","0","N","0","0","0","1","68B03","0","","1.0","","7","N","N","","0","","0","0","1","","0","N","","2","0","0","0","0","0","0","2","0","2","","","","N","","","","","","","","","",""
"2010020336","","1","0","0","0","0","0","0","0","0","7","0","","02","2","2010","1","40.375524","-80.102025","","11","0","0","0","0","0","0","0","0","","0","0","0","","","0","","0","","40 22:31.888","","0","80 06:07.289","0","0","0","0","2102","0","0","0","N","0","0","0","1","68B03","0","","3.0","","2","N","N","","0","","0","0","0","","0","","","1","0","0","0","0","0","0","2","0","1","","","","N","","","","","","","","","",""
"2010020337","","0","0","0","0","0","0","0","0","0","7","0","","02","2","2010","1","40.474022","-80.006148","","11","0","0","0","0","0","0","0","0","1","0","0","0","","","0","","0","","40 28:26.479","2","0","80 00:22.133","0","0","0","0","2301","0","0","0","N","0","0","0","1","68B03","0","","2.0","","6","N","N","","0","","0","0","1","","0","N","","1","0","0","0","0","0","0","2","0","1","","","","N","","","","","","","","","",""
"2010020338","","2","0","0","0","0","0","0","0","0","7","0","","02","2","2010","2","40.449305","-80.002853","","11","0","0","0","0","0","0","0","0","1","0","0","0","","","1","","7","","40 26:57.499","2","2","80 00:10.269","4","0","0","0","2301","0","0","0","N","0","0","0","4","68B03","1","","3.0","","1","N","N","","0","","0","0","0","","0","Y","","2","1","0","0","0","0","0","2","0","2","","","","N","","","","","","","","","",""
"2010020339","","0","0","0","0","0","0","0","0","0","7","0","","02","2","2010","3","40.499522","-80.120889","","11","0","0","0","0","0","0","0","0","","0","0","0","","","0","","0","","40 29:58.279","","0","80 07:15.199","0","0","0","0","2115","0","0","0","N","0","0","0","1","68B03","0","","3.0","","1","N","N","","0","","0","0","1","","0","","","1","0","0","0","0","0","0","2","0","1","","","","N","","","","","","","","","",""
"2010020340","","1","0","0","0","0","0","0","0","0","7","0","","02","2","2010","6","40.560219","-80.085357","","11","0","0","0","0","0","0","0","0","1","0","0","0","","","0","","0","","40 33:36.789","1","0","80 05:07.286","0","0","0","0","2481","0","0","0","Y","0","0","0","1","68B03","0","","3.0","","9","N","N","","0","","0","0","0","","0","N","","1","0","0","0","0","0","0","2","0","1","","","","N","","","","","","","","","",""
"2010020341","","2","0","0","0","0","0","0","0","0","1","0","","02","2","2010","6","40.424882","-80.114744","","11","0","0","0","0","0","0","0","0","","0","0","0","","","0","","0","","40 25:29.576","","0","80 06:53.077","0","0","0","0","2102","0","0","0","N","0","0","0","3","68B03","0","","1.0","","1","N","N","","0","","0","0","0","","0","","","3","0","0","0","0","0","0","2","1","3","","","","N","","","","","","","","","",""
"2010020342","","2","0","0","0","0","0","0","0","0","1","0","","02","2","2010","3","40.425436","-79.907795","","11","0","0","0","0","0","0","1","0","","0","0","0","","","1","","0","","40 25:31.570","","0","79 54:28.061","4","0","0","0","2301","0","0","0","N","0","0","0","2","68B03","1","","1.0","","9","N","N","","0","","0","0","0","","2","","","2","1","0","0","0","0","0","2","0","2","","","","N","","","","","","","","","",""
"2010020344","","1","0","0","0","0","0","0","0","0","1","0","","02","2","2010","4","40.4262","-79.8953","","11","0","0","0","0","0","0","0","0","","0","0","0","","","3","","6","","40 25:34.320","","2","79 53:43.080","3","0","0","0","2301","0","0","0","N","0","0","0","3","68B03","0","","1.0","","1","N","N","","0","","3","0","0","","4","","","2","3","0","0","0","0","0","2","1","2","","","","N","","","","","","","","","",""
"2010020345","","0","0","0","0","0","0","0","0","0","0","0","","02","2","2010","5","40.425697","-79.911213","","11","0","0","0","0","0","1","0","0","2","0","0","0","","","0","","0","","40 25:32.510","3","0","79 54:40.368","0","0","0","0","2301","0","0","0","N","0","0","0","1","68B03","0","","1.0","","1","N","N","","0","","0","0","1","","0","N","","1","0","0","0","0","0","0","2","0","1","","","","N","","","","","","","","","",""
"2010020346","","0","0","0","0","0","0","0","0","0","1","0","","02","2","2010","6","40.434253","-79.996481","","11","0","0","0","0","1","0","0","0","","0","0","0","","","0","","0","","40 26:03.309","","2","79 59:47.333","0","0","0","0","2301","0","0","0","N","0","0","0","2","68B03","0","","1.0","","9","N","N","","1","","0","0","1","","4","","","2","0","0","0","0","0","0","2","0","2","","","","N","","","","","","","","","",""
"2010020347","","1","0","0","0","0","0","0","0","0","4","0","","02","2","2010","6","40.43657","-80.015516","","11","0","0","0","0","0","0","0","0","1","0","0","0","","","1","","0","","40 26:11.652","3","3","80 00:55.859","4","0","0","0","2301","0","0","0","N","0","0","0","2","68B03","1","","1.0","","1","N","N","","0","","0","0","1","","0","N","","2","1","0","0","0","0","0","2","0","2","","","","N","","","","","","","","","",""
"2010020349","","1","0","0","0","0","0","0","0","0","7","0","","02","2","2010","2","40.423707","-80.030593","","11","0","0","0","0","0","0","0","0","","0","0","0","","","0","","0","","40 25:25.346","","0","80 01:50.133","0","0","0","0","2301","0","0","0","N","0","0","0","1","68B03","0","","4.0","","9","N","N","","0","","0","0","0","","0","","","1","0","0","0","0","0","0","2","0","1","","","","N","","","","","","","","","",""
"2010020350","","1","0","0","0","0","0","0","0","0","1","0","","02","2","2010","2","40.447429","-80.165583","","11","0","0","0","0","0","1","0","0","2","0","0","0","","","1","","7","","40 26:50.743","4","2","80 09:56.097","8","0","0","0","2115","0","0","0","N","0","0","0","2","68B03","0","","1.0","","9","N","N","","1","","0","0","0","","3","N","","2","1","0","0","0","1","1","2","0","2","","","","N","","","","","","","","","",""
"2010020373","","0","0","0","0","0","0","0","0","0","1","0","","02","1","2010","7","40.497298","-79.924299","","11","0","0","0","0","0","0","0","0","3","0","0","0","","","2","","0","","40 29:50.273","1","0","79 55:27.475","3","0","0","0","2112","0","0","0","N","0","0","0","3","68D02","1","","1.0","","1","N","N","","0","","1","0","0","","0","Y","","2","2","1","0","0","0","1","2","1","2","","","","N","","","","","","","","","",""
"2010020375","","1","0","0","0","0","0","0","0","0","0","0","","02","2","2010","4","40.567311","-79.799112","","11","0","0","0","0","0","0","0","0","3","0","0","0","","","0","","0","","40 34:02.318","2","2","79 47:56.804","0","0","0","0","2206","0","0","0","N","0","0","0","2","68D02","0","","3.0","","1","N","N","","0","","0","0","0","","0","N","","1","0","0","0","0","0","0","2","0","1","","","","N","","","","","","","","","",""
"2010020479","","0","0","0","0","0","0","1","0","0","5","1","","02","2","2010","7","40.507354","-79.851753","","11","0","0","0","0","0","0","0","0","","0","0","0","","","0","","10","","40 30:26.476","","0","79 51:06.310","0","0","0","0","2112","0","0","0","N","0","0","0","2","02503","0","","1.0","","9","N","N","","1","","0","0","0","","0","","","2","0","0","0","0","0","0","2","0","2","","","","N","","","","","","","","","",""
"2010020563","","2","0","0","0","0","0","0","0","0","1","0","","02","2","2010","3","40.467378","-79.834206","","11","0","0","0","0","0","1","0","0","1","0","0","0","","","1","","0","","40 28:02.559","4","0","79 50:03.141","8","0","0","0","2113","0","0","0","N","0","0","0","3","02113","0","","1.0","","1","N","N","","0","","0","0","0","","0","N","","2","1","0","0","0","1","0","2","0","2","","","","N","","","","","","","","","",""
"2010020567","","2","0","0","0","0","0","0","0","0","4","0","","02","2","2010","3","40.463782","-80.022721","","11","0","0","0","0","0","0","0","0","","0","0","0","","","1","","2","","40 27:49.615","","0","80 01:21.795","8","0","0","0","2301","0","0","0","N","0","0","0","3","02301","0","","1.0","","9","N","N","","0","","0","0","0","","0","","","2","1","0","0","0","1","2","2","0","2","","","","N","","","","","","","","","",""
"2010020582","","0","0","0","0","0","0","0","0","0","7","0","","02","2","2010","1","40.534759","-79.960735","","11","0","0","1","0","0","0","0","0","2","0","0","0","","","2","","0","","40 32:05.131","1","0","79 57:38.646","3","0","0","0","2118","0","0","0","Y","0","0","0","2","02118","0","","3.0","","9","N","N","","0","","1","0","1","","0","Y","","1","2","0","0","0","1","0","2","0","1","","","","N","","","","","","","","","",""
"2010020583","","2","0","0","0","0","0","0","0","0","5","0","","02","2","2010","1","40.451478","-80.172831","","11","0","0","0","0","0","1","0","0","2","0","0","0","","","1","","0","","40 27:05.320","4","3","80 10:22.191","8","0","0","0","2214","0","0","0","N","0","0","0","3","02214","0","","1.0","","1","N","N","","0","","0","0","0","","0","Y","","2","1","1","0","0","1","0","2","0","2","","","","N","","","","","","","","","",""
"2010020584","","0","0","0","0","0","0","0","0","0","7","0","","02","2","2010","3","40.479911","-79.763537","","11","0","0","0","0","0","0","0","0","2","0","0","0","","","1","","0","","40 28:47.679","5","0","79 45:48.733","4","0","0","0","2466","0","0","0","N","0","0","0","1","02466","1","","1.0","","1","N","N","","0","","0","0","1","","0","N","","1","1","0","0","0","0","0","2","0","1","","","","N","","","","","","","","","",""
"2010020591","","2","0","0","0","0","0","0","0","0","5","0","","02","2","2010","6","40.461469","-80.031162","","11","0","0","0","0","0","0","0","0","1","0","0","0","","","1","","3","","40 27:41.287","1","0","80 01:52.183","8","0","0","0","2301","0","0","0","N","0","0","0","5","02301","0","","7.0","","9","N","N","","0","","0","0","0","","0","Y","","2","1","0","0","0","1","3","2","0","2","","","","N","","","","","","","","","",""
"2010020596","","1","0","0","0","0","0","0","0","0","7","0","","02","2","2010","6","40.313304","-79.895475","","11","0","0","0","0","0","0","0","0","1","0","0","0","","","1","","0","","40 18:47.895","5","0","79 53:43.711","3","0","0","0","2302","0","0","0","N","0","0","0","1","02302","0","","4.0","","9","N","N","","0","","1","0","0","","8","N","","1","1","1","0","0","0","0","2","0","1","","","","N","","","","","","","","","",""
"2010020602","","0","0","0","0","0","0","0","0","0","7","0","","02","2","2010","4","40.448765","-80.020481","","11","0","0","0","0","0","0","0","0","","0","0","0","","","0","","7","","40 26:55.555","","2","80 01:13.730","0","0","0","0","2301","0","0","0","N","0","0","0","1","02301","0","","2.0","","2","N","N","","0","","0","0","1","","0","","","1","0","0","0","0","0","0","2","0","1","","","","N","","","","","","","","","",""
"2010020603","","0","0","0","0","0","0","0","0","0","7","0","","02","2","2010","1","40.474831","-80.059559","","11","0","0","0","0","0","0","0","0","2","0","0","0","","","0","","6","","40 28:29.392","3","2","80 03:34.414","0","0","0","0","2444","0","0","0","N","0","0","0","1","02444","0","","7.0","","2","N","N","","1","","0","0","0","","0","Y","","1","0","0","0","0","0","0","2","0","1","","","","N","","","","","","","","","",""
"2010020608","","1","0","0","0","0","0","0","0","0","7","0","","02","2","2010","4","40.455256","-79.967601","","11","0","0","0","0","0","0","0","0","1","0","0","0","","","0","","0","","40 27:18.923","4","0","79 58:03.363","0","0","0","0","2301","0","0","0","N","0","0","0","1","02301","0","","2.0","","2","N","N","","0","","0","0","0","","0","N","","1","0","0","0","0","0","0","2","0","1","","","","N","","","","","","","","","",""
"2010020609","","1","0","0","0","0","0","0","0","0","1","0","","02","2","2010","2","40.57378","-79.864482","","11","0","1","0","1","0","0","0","0","","0","0","0","","","0","","3","","40 34:25.607","","0","79 51:52.136","0","0","0","0","2209","0","0","0","N","0","0","0","3","02209","0","","1.0","","9","N","N","","0","","0","0","1","","0","","","2","0","0","0","0","0","0","2","0","2","","","","N","","","","","","","","","",""
"2010020610","","2","0","0","0","0","0","0","0","0","4","0","","02","2","2010","3","40.390587","-80.040003","","11","0","0","0","0","0","1","0","0","2","0","0","0","","","0","","1","","40 23:26.112","2","0","80 02:24.012","0","0","0","0","2422","0","0","0","N","0","0","0","3","02422","0","","1.0","","1","N","N","","0","","0","0","0","","7","N","","2","0","0","0","0","0","0","2","0","2","","","","N","","","","","","","","","",""
"2010020625","","0","0","0","0","0","0","0","0","0","7","0","","02","2","2010","4","40.436053","-79.967909","","11","0","0","0","0","0","0","0","0","3","0","0","0","","","1","","0","","40 26:09.791","2","0","79 58:04.472","4","0","0","0","2301","0","0","0","N","0","0","0","1","02301","1","","3.0","","2","N","N","","0","","0","0","1","","0","N","","1","1","0","0","0","0","0","2","0","1","","","","N","","","","","","","","","",""
"2010020626","","2","0","0","0","0","0","0","0","0","1","0","","02","2","2010","4","40.571173","-79.954605","","11","0","0","0","0","0","0","0","0","","0","0","0","","","0","","0","","40 34:16.223","","0","79 57:16.579","0","0","0","0","2207","0","0","0","Y","0","0","0","2","02207","0","","1.0","","2","N","N","","0","","0","0","0","","0","","","2","0","0","0","0","0","0","2","0","2","","","","N","","","","","","","","","",""
"2010020637","","1","0","0","0","0","0","0","0","0","4","0","","02","2","2010","4","40.667174","-80.101831","","11","0","0","0","0","0","0","0","0","","0","0","0","","","0","","0","","40 40:01.826","","0","80 06:06.591","0","0","0","0","2212","0","0","0","N","0","0","0","3","02505","0","","1.0","","9","N","N","","1","","0","0","0","","0","","","2","0","0","0","0","0","0","2","0","2","","","","N","","","","","","","","","",""
"2010020660","","0","0","0","0","0","0","0","0","0","7","0","","02","2","2010","4","40.641351","-79.774436","","11","0","0","0","1","0","0","0","0","2","0","0","0","","","0","","0","","40 38:28.863","6","0","79 46:27.968","0","0","0","0","2202","0","0","0","N","0","0","0","1","02202","0","","4.0","","2","N","N","","0","","0","0","1","","0","N","","1","0","0","0","0","0","0","1","0","1","","","","N","","","","","","","","","",""
"2010020661","","1","0","0","0","0","0","0","0","0","7","0","","02","2","2010","4","40.487437","-79.928693","","11","0","0","0","0","0","0","0","0","","0","0","0","","","0","","1","","40 29:14.773","","0","79 55:43.294","9","0","0","0","2301","0","0","0","N","0","0","0","1","02301","0","","9.0","","2","N","N","","0","","0","0","0","","0","","","1","0","0","0","0","0","1","2","0","1","","","","N","","","","","","","","","",""
"2010020662","","0","0","0","0","0","0","0","0","0","6","0","","02","2","2010","4","40.545912","-79.759763","","11","0","0","0","0","0","1","0","0","1","0","0","0","","","1","","0","","40 32:45.282","5","0","79 45:35.146","3","0","0","0","2466","0","0","0","N","0","0","0","3","02466","0","","1.0","","2","","N","","0","","1","0","1","","0","N","","2","1","0","0","0","0","0","1","1","2","","","","N","","","","","","","","","",""
"2010020665","","1","0","0","0","0","0","0","0","0","1","0","","02","2","2010","4","40.442859","-79.837902","","11","0","0","0","0","0","2","0","0","1","0","0","0","","","1","","0","","40 26:34.291","6","0","79 50:16.448","8","0","0","0","2419","0","0","0","N","0","0","0","3","02419","0","","1.0","","1","N","N","","0","","0","0","2","","0","Y","","3","1","1","0","0","1","0","2","0","3","","","","N","","","","","","","","","",""
"2010020673","","1","0","0","0","0","0","0","0","0","4","0","","02","2","2010","4","40.442023","-80.045072","","11","0","0","0","0","0","0","0","0","","0","0","0","","","0","","2","","40 26:31.282","","0","80 02:42.259","0","0","0","0","2301","0","0","0","N","0","0","0","3","02301","0","","1.0","","1","N","N","","1","","0","0","0","","3","","","2","0","1","0","0","0","0","2","0","2","","","","N","","","","","","","","","",""
"2010020674","","1","0","0","0","0","0","0","0","0","7","0","","02","2","2010","4","40.622809","-80.000329","","11","0","0","0","0","0","0","0","0","","0","0","0","","","0","","2","","40 37:22.114","","0","80 00:01.184","0","0","0","0","2216","0","0","0","N","0","0","0","1","02505","0","","2.0","","2","N","N","","0","","0","0","0","","0","","","1","0","0","0","0","0","0","2","0","1","","","","N","","","","","","","","","",""
"2010020677","","2","0","0","0","0","0","0","0","0","4","0","","02","2","2010","4","40.37143","-80.080044","","11","0","0","0","0","0","1","1","0","1","0","0","0","","","1","","2","","40 22:17.148","4","0","80 04:48.158","4","0","0","0","2117","0","0","0","N","0","0","0","2","02117","1","","1.0","","1","N","N","","0","","0","0","0","","3","N","","2","1","0","0","0","0","0","2","0","2","","","","N","","","","","","","","","",""
"2010020688","","1","0","0","0","0","0","0","0","0","5","0","","02","2","2010","4","40.476821","-80.006766","","11","0","0","0","0","0","1","0","0","2","0","0","0","","","0","","2","","40 28:36.555","2","0","80 00:24.357","0","0","0","0","2301","0","0","0","N","0","0","0","3","02301","0","","1.0","","1","N","N","","0","","0","0","0","","2","N","","2","0","0","0","0","0","0","2","1","2","","","","N","","","","","","","","","",""