"CRN","ARRIVAL_TM","AUTOMOBILE_COUNT","BELTED_DEATH_COUNT","BELTED_SUSP_SERIOUS_INJ_COUNT","BICYCLE_COUNT","BICYCLE_DEATH_COUNT","BICYCLE_SUSP_SERIOUS_INJ_COUNT","BUS_COUNT","CHLDPAS_DEATH_COUNT","CHLDPAS_SUSP_SERIOUS_INJ_COUNT","COLLISION_TYPE","COMM_VEH_COUNT","CONS_ZONE_SPD_LIM","COUNTY","CRASH_MONTH","CRASH_YEAR","DAY_OF_WEEK","DEC_LATITUDE","DEC_LONGITUDE","DISPATCH_TM","DISTRICT","DRIVER_COUNT_16YR","DRIVER_COUNT_17YR","DRIVER_COUNT_18YR","DRIVER_COUNT_19YR","DRIVER_COUNT_20YR","DRIVER_COUNT_50_64YR","DRIVER_COUNT_65_74YR","DRIVER_COUNT_75PLUS","EST_HRS_CLOSED","FATAL_COUNT","HEAVY_TRUCK_COUNT","HORSE_BUGGY_COUNT","HOUR_OF_DAY","ILLUMINATION","INJURY_COUNT","INTERSECTION_RELATED","INTERSECT_TYPE","LANE_CLOSED","LATITUDE","LN_CLOSE_DIR","LOCATION_TYPE","LONGITUDE","MAX_SEVERITY_LEVEL","MCYCLE_DEATH_COUNT","MCYCLE_SUSP_SERIOUS_INJ_COUNT","MOTORCYCLE_COUNT","MUNICIPALITY","NONMOTR_COUNT","NONMOTR_DEATH_COUNT","NONMOTR_SUSP_SERIOUS_INJ_COUNT","NTFY_HIWY_MAINT","PED_COUNT","PED_DEATH_COUNT","PED_SUSP_SERIOUS_INJ_COUNT","PERSON_COUNT","POLICE_AGCY","POSSIBLE_INJ_COUNT","RDWY_SURF_TYPE_CD","RELATION_TO_ROAD","ROADWAY_CLEARED","ROAD_CONDITION","SCH_BUS_IND","SCH_ZONE_IND","SECONDARY_CRASH","SMALL_TRUCK_COUNT","SPEC_JURIS_CD","SUSP_MINOR_INJ_COUNT","SUSP_SERIOUS_INJ_COUNT","SUV_COUNT","TCD_FUNC_CD","TCD_TYPE","TFC_DETOUR_IND","TIME_OF_DAY","TOTAL_UNITS","TOT_INJ_COUNT","UNBELTED_OCC_COUNT","UNB_DEATH_COUNT","UNB_SUSP_SERIOUS_INJ_COUNT","UNK_INJ_DEG_COUNT","UNK_INJ_PER_COUNT","URBAN_RURAL","VAN_COUNT","VEHICLE_COUNT","WEATHER1","WEATHER2","WORKERS_PRES","WORK_ZONE_IND","WORK_ZONE_LOC","WORK_ZONE_TYPE","WZ_CLOSE_DETOUR","WZ_FLAGGER","WZ_LAW_OFFCR_IND","WZ_LN_CLOSURE","WZ_MOVING","WZ_OTHER","WZ_SHLDER_MDN","WZ_WORKERS_INJ_KILLED"
"2010020695","","3","0","0","0","0","0","0","0","0","1","0","","02","2","2010","4","40.478829","-80.04312","","11","0","0","0","0","0","0","0","0","","0","0","0","","","2","","1","","40 28:43.784","","0","80 02:35.231","8","0","0","0","2301","0","0","0","N","0","0","0","7","02301","0","","1.0","","1","N","N","","2","","0","0","0","","2","","","5","2","1","0","0","2","0","2","0","5","","","","N","","","","","","","","","",""
"2010020696","","1","0","0","0","0","0","0","0","0","5","0","","02","2","2010","4","40.427804","-79.928568","","11","0","0","0","0","0","1","0","0","","0","0","0","","","0","","6","","40 25:40.096","","2","79 55:42.843","0","0","0","0","2301","0","0","0","N","0","0","0","2","02301","0","","1.0","","1","N","N","","0","","0","0","1","","0","","","2","0","0","0","0","0","0","2","0","2","","","","N","","","","","","","","","",""
"2010020701","","1","0","0","0","0","0","0","0","0","1","0","","02","2","2010","4","40.504559","-79.946842","","11","0","0","0","1","0","1","0","0","","0","0","0","","","0","","0","","40 30:16.414","","0","79 56:48.631","0","0","0","0","2118","0","0","0","N","0","0","0","2","02118","0","","1.0","","1","N","N","","0","","0","0","1","","0","","","2","0","0","0","0","0","0","2","0","2","","","","N","","","","","","","","","",""
"2010020704","","1","0","0","0","0","0","0","0","0","0","0","","02","2","2010","4","40.383954","-79.991849","","11","0","0","0","0","0","0","0","0","3","0","0","0","","","0","","0","","40 23:02.234","4","0","79 59:30.656","0","0","0","0","2301","0","0","0","N","0","0","0","1","02301","0","","1.0","","1","N","N","","0","","0","0","0","","0","N","","1","0","0","0","0","0","0","2","0","1","","","","N","","","","","","","","","",""
"2010020705","","1","0","0","0","0","0","0","0","0","4","0","","02","2","2010","1","","","","11","0","0","0","0","0","0","0","0","1","0","0","0","","","1","","0","","","1","7","","4","0","0","0","2115","0","0","0","N","0","0","0","2","02115","1","","1.0","","9","N","N","","0","","0","0","1","","2","N","","2","1","0","0","0","0","0","1","0","2","","","","N","","","","","","","","","",""
"2010020707","","1","0","0","0","0","0","0","0","0","4","0","","02","2","2010","6","40.355431","-80.031171","","11","0","0","0","0","0","0","1","0","","0","0","0","","","1","","0","","40 21:19.553","","0","80 01:52.215","8","0","0","0","2407","0","0","0","N","0","0","0","3","02407","0","","1.0","","9","N","N","","0","","0","0","1","","0","","","2","1","0","0","0","1","0","2","0","2","","","","N","","","","","","","","","",""
"2010020709","","2","0","0","0","0","0","0","0","0","4","0","","02","2","2010","7","40.338544","-80.017787","","11","0","0","0","0","1","0","1","0","","0","0","0","","","3","","1","","40 20:18.757","","0","80 01:04.033","4","0","0","0","2407","0","0","0","N","0","0","0","4","02407","3","","1.0","","1","N","N","","0","","0","0","0","","2","","","2","3","0","0","0","0","0","2","0","2","","","","N","","","","","","","","","",""
"2010020710","","0","0","0","0","0","0","0","0","0","6","0","","02","2","2010","2","40.353895","-80.027365","","11","0","0","0","0","0","2","0","0","","0","0","0","","","0","","0","","40 21:14.021","","0","80 01:38.513","0","0","0","0","2407","0","0","0","N","0","0","0","2","02407","0","","1.0","","9","N","N","","1","","0","0","1","","0","","","2","0","0","0","0","0","0","2","0","2","","","","N","","","","","","","","","",""
"2010020785","","1","0","0","0","0","0","0","0","0","7","0","","02","2","2010","5","40.438736","-80.011627","","11","0","0","0","0","0","0","0","0","","0","0","0","","","0","","0","","40 26:19.450","","3","80 00:41.857","0","0","0","0","2301","0","0","0","N","0","0","0","1","68B03","0","","4.0","","1","N","N","","0","","0","0","0","","0","","","1","0","0","0","0","0","0","2","0","1","","","","N","","","","","","","","","",""
"2010020891","","1","0","0","0","0","0","0","0","0","7","0","55","02","2","2010","7","40.522208","-79.81602","","11","0","0","0","0","0","0","0","0","","0","0","0","","","1","","0","","40 31:19.950","","0","79 48:57.672","4","0","0","0","2466","0","0","0","N","0","0","0","1","68T02","1","","3.0","","1","N","N","","0","","0","0","0","","0","","","1","1","1","0","0","0","0","2","0","1","","","N","Y","5","1","N","N","N","N","Y","N","N",""
"2010020913","","2","0","0","0","0","0","0","0","0","1","0","","02","2","2010","4","40.511385","-79.95733","","11","0","0","0","0","1","0","0","0","1","0","0","0","","","0","","2","","40 30:40.986","1","0","79 57:26.389","0","0","0","0","2118","0","0","0","N","0","0","0","2","02118","0","","1.0","","1","N","N","","0","","0","0","0","","0","N","","2","0","0","0","0","0","0","2","0","2","","","","N","","","","","","","","","",""
"2010020914","","1","0","0","0","0","0","0","0","0","6","0","","02","2","2010","4","40.409124","-79.818891","","11","0","0","0","0","0","0","1","0","","0","0","0","","","0","","2","","40 24:32.846","","0","79 49:08.007","0","0","0","0","2467","0","0","0","N","0","0","0","2","02467","0","","1.0","","9","N","N","","1","","0","0","0","","2","","","2","0","0","0","0","0","0","2","0","2","","","","N","","","","","","","","","",""
"2010020919","","3","0","0","0","0","0","0","0","0","4","0","","02","2","2010","4","40.499663","-79.837527","","11","0","0","0","0","0","1","0","0","3","0","0","0","","","2","","0","","40 29:58.786","5","0","79 50:15.097","2","0","0","0","2113","0","0","0","N","0","0","0","2","02113","1","","1.0","","1","N","N","","0","","0","1","0","","0","Y","","3","2","1","0","1","0","0","2","0","3","","","","N","","","","","","","","","",""
"2010020922","","2","0","0","0","0","0","0","0","0","1","0","","02","2","2010","4","40.375399","-79.983245","","11","0","0","0","0","0","0","0","0","1","0","0","0","","","0","","1","","40 22:31.436","2","0","79 58:59.683","0","0","0","0","2413","0","0","0","N","0","0","0","3","02413","0","","1.0","","9","N","N","","0","","0","0","1","","2","N","","3","0","0","0","0","0","0","2","0","3","","","","N","","","","","","","","","",""
"2010020934","","0","0","0","0","0","0","0","0","0","7","0","","02","2","2010","4","40.401893","-79.861153","","11","0","0","0","0","1","0","0","0","2","0","0","0","","","2","","0","","40 24:06.813","5","0","79 51:40.151","8","0","0","0","2449","0","0","0","N","0","0","0","2","02449","0","","5.0","","1","N","N","","0","","0","0","1","","0","N","","1","2","0","0","0","2","0","2","0","1","","","","N","","","","","","","","","",""
"2010020936","","0","0","0","0","0","0","0","0","0","7","0","","02","2","2010","4","40.425289","-80.031306","","11","0","0","0","0","0","0","0","0","","0","0","0","","","1","","0","","40 25:31.041","","0","80 01:52.702","8","0","0","0","2301","0","0","0","Y","0","0","0","1","02301","0","","2.0","","2","N","N","","0","","0","0","1","","0","","","1","1","0","0","0","1","0","2","0","1","","","","N","","","","","","","","","",""
"2010020937","","1","0","0","0","0","0","0","0","0","7","0","","02","2","2010","3","40.444202","-80.028173","","11","0","0","0","0","0","0","0","0","","0","0","0","","","0","","10","","40 26:39.126","","3","80 01:41.424","0","0","0","0","2301","0","0","0","Y","0","0","0","1","02301","0","","4.0","","2","N","N","","0","","0","0","0","","0","","","1","0","0","0","0","0","0","2","0","1","","","","N","","","","","","","","","",""
"2010020941","","0","0","0","0","0","0","0","0","0","7","0","","02","2","2010","5","40.455857","-79.965454","","11","0","0","0","0","0","0","0","0","","0","0","0","","","0","","0","","40 27:21.086","","0","79 57:55.633","0","0","0","0","2301","0","0","0","N","0","0","0","1","02301","0","","2.0","","2","N","N","","0","","0","0","1","","0","","","1","0","1","0","0","0","0","2","0","1","","","","N","","","","","","","","","",""
"2010020950","","1","0","0","0","0","0","0","0","0","0","0","","02","2","2010","4","40.490172","-79.820164","","11","0","0","0","0","0","0","0","0","1","0","0","0","","","1","","0","","40 29:24.620","2","0","79 49:12.592","8","0","0","0","2113","0","0","0","N","0","0","0","1","02113","0","","2.0","","2","N","N","","0","","0","0","0","","0","N","","1","1","0","0","0","1","0","2","0","1","","","","N","","","","","","","","","",""
"2010020954","","2","0","0","0","0","0","0","0","0","1","0","","02","2","2010","4","40.58559","-80.069412","","11","0","0","0","0","0","1","0","0","","0","0","0","","","0","","0","","40 35:08.123","","0","80 04:09.883","0","0","0","0","2481","0","0","0","N","0","0","0","2","02481","0","","1.0","","9","N","N","","0","","0","0","0","","0","","","2","0","0","0","0","0","0","2","0","2","","","","N","","","","","","","","","",""
"2010020956","","1","0","0","0","0","0","0","0","0","1","0","","02","2","2010","5","40.443304","-79.996569","","11","0","0","0","0","0","1","0","0","","0","0","0","","","0","","2","","40 26:35.894","","0","79 59:47.648","0","0","0","0","2301","0","0","0","N","0","0","0","2","02301","0","","1.0","","9","N","N","","0","","0","0","1","","2","","","2","0","0","0","0","0","0","2","0","2","","","","N","","","","","","","","","",""
"2010021051","","1","0","0","0","0","0","0","0","0","4","0","","02","2","2010","4","40.45563","-79.966107","","11","0","0","0","0","0","0","0","0","","0","0","0","","","1","","2","","40 27:20.268","","0","79 57:57.984","8","0","0","0","2301","0","0","0","N","0","0","0","2","02301","0","","1.0","","2","N","N","","0","","0","0","1","","0","","","2","1","1","0","0","1","0","2","0","2","","","","N","","","","","","","","","",""
"2010021059","","1","0","0","0","0","0","0","0","0","1","0","","02","2","2010","5","40.455757","-79.910552","","11","0","0","0","0","0","0","0","0","","0","0","0","","","0","","2","","40 27:20.725","","0","79 54:37.988","0","0","0","0","2301","0","0","0","N","0","0","0","2","02301","0","","1.0","","9","N","N","","0","","0","0","0","","0","","","2","0","0","0","0","0","0","2","1","2","","","","N","","","","","","","","","",""
"2010021060","","2","0","0","0","0","0","0","0","0","5","0","","02","2","2010","4","40.435564","-79.756077","","11","0","0","0","0","0","0","0","0","2","0","0","0","","","1","","0","","40 26:08.032","2","0","79 45:21.877","3","0","0","0","2446","0","0","0","N","0","0","0","2","02446","0","","1.0","","1","N","N","","0","","1","0","0","","0","N","","2","1","1","0","0","0","0","2","0","2","","","","N","","","","","","","","","",""
"2010021061","","1","0","0","0","0","0","0","0","0","7","0","","02","2","2010","5","40.460028","-80.030692","","11","0","0","0","0","0","0","0","0","","0","0","0","","","0","","0","","40 27:36.101","","0","80 01:50.492","0","0","0","0","2301","0","0","0","N","0","0","0","1","02301","0","","3.0","","9","N","N","","0","","0","0","0","","0","","","1","0","0","0","0","0","0","2","0","1","","","","N","","","","","","","","","",""
"2010021069","","1","0","0","0","0","0","0","0","0","4","0","","02","2","2010","5","40.506767","-80.006989","","11","0","0","0","0","0","0","0","0","2","0","0","0","","","1","","1","","40 30:24.360","1","0","80 00:25.161","3","0","0","0","2116","0","0","0","N","0","0","0","2","02116","0","","1.0","","9","N","N","","0","","1","0","1","","2","N","","2","1","0","0","0","0","0","2","0","2","","","","N","","","","","","","","","",""
"2010021074","","2","0","0","0","0","0","0","0","0","4","0","","02","2","2010","5","40.420174","-80.007565","","11","0","0","0","0","0","0","0","0","1","0","0","0","","","1","","2","","40 25:12.626","2","0","80 00:27.234","4","0","0","0","2301","0","0","0","N","0","0","0","3","02301","1","","1.0","","9","N","N","","0","","0","0","0","","3","N","","2","1","1","0","0","0","0","2","0","2","","","","N","","","","","","","","","",""
"2010021078","","0","0","0","0","0","0","0","0","0","8","0","","02","2","2010","5","40.418339","-79.997305","","11","0","0","0","0","0","0","0","0","","0","0","0","","","1","","0","","40 25:06.022","","0","79 59:50.299","8","0","0","0","2301","1","0","0","N","1","0","0","2","02301","0","","1.0","","9","","N","","0","","0","0","1","","0","","","2","1","0","0","0","1","1","2","0","1","","","","N","","","","","","","","","",""
"2010021082","","0","0","0","0","0","0","0","0","0","7","0","","02","2","2010","5","40.465193","-80.053754","","11","0","0","0","0","0","1","0","0","2","0","0","0","","","1","","2","","40 27:54.694","1","0","80 03:13.514","4","0","0","0","2444","0","0","0","N","0","0","0","1","02444","1","","5.0","","1","N","N","","0","","0","0","0","","2","N","","1","1","0","0","0","0","0","2","1","1","","","","N","","","","","","","","","",""
"2010021106","","1","0","0","0","0","0","1","0","0","1","1","","02","2","2010","5","40.311893","-80.078149","","11","0","0","1","0","0","1","0","0","","0","0","0","","","0","","2","","40 18:42.814","","0","80 04:41.336","0","0","0","0","2123","0","0","0","N","0","0","0","13","02123","0","","1.0","","1","Y","N","","0","","0","0","0","","3","","","2","0","0","0","0","0","0","2","0","2","","","","N","","","","","","","","","",""
"2010021107","","0","0","0","0","0","0","0","0","0","7","0","","02","2","2010","5","40.438878","-79.774663","","11","0","0","0","0","0","1","0","0","1","0","0","0","","","0","","0","","40 26:19.960","2","0","79 46:28.786","0","0","0","0","2446","0","0","0","N","0","0","0","4","02446","0","","1.0","","1","N","N","","0","","0","0","2","","0","N","","2","0","0","0","0","0","0","2","0","2","","","","N","","","","","","","","","",""
"2010021115","","1","0","0","0","0","0","0","0","0","7","0","","02","2","2010","5","40.349658","-79.861552","","11","0","0","0","0","0","0","0","0","1","0","0","0","","","1","","2","","40 20:58.768","6","0","79 51:41.587","3","0","0","0","2304","0","0","0","N","0","0","0","1","02304","0","","2.0","","9","N","N","","0","","1","0","0","","0","N","","1","1","1","0","0","0","0","2","0","1","","","","N","","","","","","","","","",""
"2010021119","","2","0","0","0","0","0","0","0","0","1","0","","02","2","2010","5","40.455705","-79.965876","","11","0","0","0","0","0","0","0","0","3","0","0","0","","","3","","5","","40 27:20.539","6","0","79 57:57.152","4","0","0","0","2301","0","0","0","N","0","0","0","5","02301","2","","1.0","","1","N","N","","0","","0","0","2","","2","Y","","4","3","0","0","0","1","0","2","0","4","","","","N","","","","","","","","","",""
"2010021120","","0","0","0","0","0","0","0","0","0","4","0","","02","2","2010","5","40.468928","-80.097926","","11","0","0","0","0","0","0","1","0","","0","0","0","","","0","","2","","40 28:08.139","","7","80 05:52.534","0","0","0","0","2126","0","0","0","N","0","0","0","2","02126","0","","1.0","","1","N","N","","0","","0","0","2","","2","","","2","0","0","0","0","0","0","2","0","2","","","","N","","","","","","","","","",""
"2010021128","","2","0","0","0","0","0","0","0","0","4","0","","02","2","2010","5","40.40079","-80.031792","","11","0","0","0","0","0","0","0","1","","0","0","0","","","0","","5","","40 24:02.844","","0","80 01:54.451","0","0","0","0","2301","0","0","0","N","0","0","0","2","02301","0","","1.0","","9","N","N","","0","","0","0","0","","3","","","2","0","0","0","0","0","0","2","0","2","","","","N","","","","","","","","","",""
"2010021130","","2","0","0","0","0","0","0","0","0","6","0","","02","2","2010","5","40.544727","-79.902996","","11","0","0","0","0","0","1","0","0","1","0","0","0","","","0","","2","","40 32:41.017","3","0","79 54:10.785","0","0","0","0","2209","0","0","0","N","0","0","0","2","02209","0","","1.0","","9","N","N","","0","","0","0","0","","3","N","","2","0","0","0","0","0","0","2","0","2","","","","N","","","","","","","","","",""
"2010021185","","0","0","0","0","0","0","0","0","0","7","0","","02","2","2010","6","40.426477","-80.296229","","11","0","0","0","0","1","0","0","0","","0","0","0","","","1","","0","","40 25:35.316","","0","80 17:46.425","4","0","0","0","2214","0","0","0","N","0","0","0","1","68B03","1","","2.0","","1","N","N","","0","","0","0","0","","0","","","1","1","1","0","0","0","0","1","1","1","","","","N","","","","","","","","","",""
"2010021186","","1","0","0","0","0","0","0","0","0","7","0","","02","2","2010","2","40.433703","-80.254086","","11","0","1","0","0","0","0","0","0","","0","0","0","","","0","","0","","40 26:01.329","","0","80 15:14.708","0","0","0","0","2214","0","0","0","N","0","0","0","2","68B03","0","","4.0","","1","N","N","","0","","0","0","0","","0","","","1","0","0","0","0","0","0","2","0","1","","","","N","","","","","","","","","",""
"2010021188","","0","0","0","0","0","0","0","0","0","1","2","","02","2","2010","4","40.432134","-80.023752","","11","0","0","0","0","0","0","0","0","","0","2","0","","","0","","0","","40 25:55.681","","0","80 01:25.507","0","0","0","0","2301","0","0","0","N","0","0","0","2","68B03","0","","1.0","","1","N","N","","0","","0","0","0","","0","","","2","0","0","0","0","0","0","2","0","2","","","","N","","","","","","","","","",""
"2010021237","","2","0","0","0","0","0","0","0","0","1","0","","02","2","2010","4","40.633319","-80.05961","","11","0","0","0","0","0","0","0","0","","0","0","0","","","0","","1","","40 37:59.949","","0","80 03:34.597","0","0","0","0","2216","0","0","0","N","0","0","0","3","02505","0","","1.0","","9","N","N","","0","","0","0","0","","0","","","2","0","0","0","0","0","0","2","0","2","","","","N","","","","","","","","","",""
"2010021243","","2","0","0","0","0","0","0","0","0","4","0","","02","2","2010","5","40.384713","-79.995126","","11","0","0","0","0","0","1","0","0","1","0","0","0","","","0","","2","","40 23:04.968","2","0","79 59:42.454","0","0","0","0","2301","0","0","0","N","0","0","0","2","02301","0","","1.0","","1","N","N","","0","","0","0","0","","2","N","","2","0","0","0","0","0","0","2","0","2","","","","N","","","","","","","","","",""
"2010021247","","3","0","0","0","0","0","0","0","0","1","0","","02","2","2010","5","40.475051","-79.970518","","11","0","0","0","1","0","0","0","0","2","0","0","0","","","0","","0","","40 28:30.185","1","0","79 58:13.863","0","0","0","0","2445","0","0","0","N","0","0","0","3","02445","0","","1.0","","1","N","N","","0","","0","0","0","","0","N","","3","0","0","0","0","0","0","2","0","3","","","","N","","","","","","","","","",""
"2010021263","","0","0","0","0","0","0","0","0","0","5","0","","02","2","2010","3","40.408886","-79.842624","","11","0","0","0","0","0","1","0","0","","0","0","0","","","0","","3","","40 24:31.990","","0","79 50:33.447","0","0","0","0","2449","0","0","0","N","0","0","0","3","02449","0","","2.0","","1","N","N","","0","","0","0","1","","4","","","2","0","0","0","0","0","0","2","1","2","","","","N","","","","","","","","","",""
"2010021270","","1","0","0","0","0","0","0","0","0","7","0","","02","2","2010","3","40.454029","-79.912399","","11","0","0","0","0","0","0","1","0","","0","0","0","","","0","","10","","40 27:14.504","","0","79 54:44.638","0","0","0","0","2301","0","0","0","N","0","0","0","1","02301","0","","3.0","","9","N","N","","0","","0","0","0","","2","","","1","0","0","0","0","0","0","2","0","1","","","","N","","","","","","","","","",""
"2010021279","","1","0","0","0","0","0","0","0","0","8","0","","02","2","2010","5","40.4287","-79.988509","","11","0","0","0","0","0","0","0","0","","0","0","0","","","1","","0","","40 25:43.320","","0","79 59:18.634","8","0","0","0","2301","1","0","0","N","1","0","0","2","02301","0","","1.0","","1","N","N","","0","","0","0","0","","0","","","2","1","0","0","0","1","0","2","0","1","","","","N","","","","","","","","","",""
"2010021280","","0","0","0","0","0","0","0","0","0","1","0","","02","2","2010","6","40.427156","-79.723335","","11","0","0","0","0","0","1","0","0","2","0","0","0","","","0","","2","","40 25:37.763","3","0","79 43:24.005","0","0","0","0","2446","0","0","0","N","0","0","0","2","02446","0","","1.0","","9","N","N","","0","","0","0","2","","2","N","","2","0","0","0","0","0","0","2","0","2","","","","N","","","","","","","","","",""
"2010021283","","1","0","0","0","0","0","0","0","0","5","0","","02","2","2010","6","40.436997","-79.952502","","11","0","0","0","0","1","0","0","0","1","0","0","0","","","0","","1","","40 26:13.189","6","0","79 57:09.007","0","0","0","0","2301","0","0","0","N","0","0","0","1","02301","0","","1.0","","9","N","N","","0","","0","0","0","","0","Y","","2","0","0","0","0","0","0","2","1","2","","","","N","","","","","","","","","",""
"2010021284","","1","0","0","0","0","0","0","0","0","8","0","","02","2","2010","6","40.457842","-79.974246","","11","0","0","0","0","0","0","0","0","","0","0","0","","","3","","1","","40 27:28.231","","0","79 58:27.285","2","0","0","0","2301","3","0","1","N","3","0","1","4","02301","2","","1.0","","9","N","N","","0","","0","1","0","","0","","","4","3","1","0","0","0","0","2","0","1","","","","N","","","","","","","","","",""
"2010021286","","3","0","0","0","0","0","0","0","0","4","0","","02","2","2010","6","40.481265","-79.952326","","11","0","0","0","0","0","0","0","0","2","0","0","0","","","0","","0","","40 28:52.554","3","0","79 57:08.373","9","0","0","0","2301","0","0","0","N","0","0","0","2","02301","0","","6.0","","2","N","N","","0","","0","0","0","","0","N","","3","0","0","0","0","0","2","2","0","3","","","","N","","","","","","","","","",""
"2010021291","","0","0","0","0","0","0","0","0","0","7","0","","02","2","2010","5","40.324548","-79.834108","","11","0","0","0","0","0","0","0","0","1","0","0","0","","","0","","0","","40 19:28.374","2","0","79 50:02.790","0","0","0","0","2304","0","0","0","N","0","0","0","1","02304","0","","5.0","","2","N","N","","0","","0","0","1","","0","N","","1","0","0","0","0","0","0","2","0","1","","","","N","","","","","","","","","",""
"2010021309","","1","0","0","0","0","0","0","0","0","2","0","","02","2","2010","3","40.474106","-79.931577","","11","0","0","0","0","0","0","0","0","","0","0","0","","","2","","0","","40 28:26.781","","0","79 55:53.677","4","0","0","0","2301","0","0","0","N","0","0","0","5","02301","2","","1.0","","1","N","N","","0","","0","0","1","","0","","","2","2","2","0","0","0","0","2","0","2","","","","N","","","","","","","","","",""
"2010021312","","2","0","0","0","0","0","0","0","0","1","0","","02","2","2010","6","40.379623","-79.925521","","11","0","0","0","0","0","1","0","0","","0","0","0","","","1","","2","","40 22:46.644","","0","79 55:31.877","8","0","0","0","2301","0","0","0","N","0","0","0","2","02301","0","","1.0","","7","N","N","","0","","0","0","0","","2","","","2","1","0","0","0","1","0","2","0","2","","","","N","","","","","","","","","",""
"2010021318","","1","0","0","0","0","0","0","0","0","4","0","","02","2","2010","5","40.384931","-79.862772","","11","0","0","0","0","0","1","0","0","","0","0","0","","","2","","2","","40 23:05.753","","7","79 51:45.979","3","0","0","0","2303","0","0","0","N","0","0","0","2","02303","0","","1.0","","9","N","N","","1","","1","0","0","","3","","","2","2","0","0","0","1","0","2","0","2","","","","N","","","","","","","","","",""
"2010021320","","1","0","0","0","0","0","0","0","0","4","0","","02","2","2010","6","40.464045","-79.949634","","11","0","0","0","0","0","0","0","0","","0","0","0","","","0","","2","","40 27:50.562","","0","79 56:58.682","0","0","0","0","2301","0","0","0","N","0","0","0","2","02301","0","","1.0","","7","N","N","","0","","0","0","1","","2","","","2","0","0","0","0","0","0","2","0","2","","","","N","","","","","","","","","",""
"2010021321","","1","0","0","0","0","0","0","0","0","4","0","","02","2","2010","6","40.391725","-80.049267","","11","0","0","0","0","0","0","0","0","","0","0","0","","","0","","1","","40 23:30.210","","0","80 02:57.361","0","0","0","0","2109","0","0","0","N","0","0","0","2","02109","0","","1.0","","7","N","N","","0","","0","0","1","","3","","","2","0","0","0","0","0","0","2","0","2","","","","N","","","","","","","","","",""
"2010021331","","1","0","0","0","0","0","0","0","0","4","0","","02","2","2010","5","40.522885","-79.960325","","11","0","0","1","0","0","0","1","0","2","0","0","0","","","0","","2","","40 31:22.386","2","0","79 57:37.171","0","0","0","0","2118","0","0","0","N","0","0","0","2","02118","0","","1.0","","9","N","N","","0","","0","0","0","","3","Y","","2","0","0","0","0","0","0","2","1","2","","","","N","","","","","","","","","",""
"2010021337","","1","0","0","0","0","0","0","0","0","4","0","","02","2","2010","6","40.34347","-79.920147","","11","0","0","0","0","0","1","0","0","","0","0","0","","","0","","2","","40 20:36.492","","0","79 55:12.530","0","0","0","0","2473","0","0","0","N","0","0","0","3","02473","0","","1.0","","7","N","N","","0","","0","0","1","","3","","","2","0","0","0","0","0","0","2","0","2","","","","N","","","","","","","","","",""
"2010021341","","0","0","0","0","0","0","0","0","0","7","0","","02","2","2010","6","40.486954","-80.009412","","11","0","0","0","0","0","0","0","0","","0","0","0","","","1","","0","","40 29:13.036","","2","80 00:33.883","4","0","0","0","2301","0","0","0","N","0","0","0","1","02301","1","","2.0","","7","N","N","","1","","0","0","0","","0","","","1","1","0","0","0","0","0","2","0","1","","","","N","","","","","","","","","",""
"2010021343","","0","0","0","0","0","0","0","0","0","1","0","","02","2","2010","3","40.590011","-79.750841","","11","0","0","0","0","0","1","0","0","1","0","0","0","","","1","","2","","40 35:24.040","2","7","79 45:03.028","4","0","0","0","2464","0","0","0","N","0","0","0","4","64305","1","","1.0","","1","N","N","","0","","0","0","3","","2","N","","3","1","0","0","0","0","0","2","0","3","","","","N","","","","","","","","","",""
"2010021345","","0","0","0","0","0","0","0","0","0","1","0","","02","2","2010","5","40.423043","-79.856362","","11","0","0","0","0","0","1","0","0","2","0","0","0","","","0","","0","","40 25:22.954","3","0","79 51:22.902","0","0","0","0","2431","0","0","0","N","0","0","0","3","02431","0","","1.0","","9","N","N","","1","","0","0","1","","2","N","","2","0","0","0","0","0","0","2","0","2","","","","N","","","","","","","","","",""
"2010021346","","1","0","0","0","0","0","0","0","0","7","0","","02","2","2010","6","40.482898","-79.907975","","11","0","0","0","0","0","0","0","0","","0","0","0","","","0","","0","","40 28:58.431","","0","79 54:28.711","0","0","0","0","2301","0","0","0","N","0","0","0","1","02301","0","","2.0","","7","N","N","","0","","0","0","0","","0","","","1","0","0","0","0","0","0","2","0","1","","","","N","","","","","","","","","",""
"2010021349","","1","0","0","0","0","0","0","0","0","5","0","","02","2","2010","6","40.435957","-79.909157","","11","0","0","0","0","0","0","0","1","","0","0","0","","","2","","0","","40 26:09.445","","0","79 54:32.965","3","0","0","0","2301","0","0","0","N","0","0","0","4","02301","1","","1.0","","7","N","N","","0","","1","0","0","","0","","","2","2","0","0","0","0","0","2","1","2","","","","N","","","","","","","","","",""
"2010021350","","0","0","0","0","0","0","0","0","0","7","0","","02","2","2010","2","40.406646","-79.840921","","11","0","0","0","0","0","0","0","0","","0","0","0","","","2","","3","","40 24:23.927","","0","79 50:27.316","8","0","0","0","2449","0","0","0","N","0","0","0","2","02449","0","","5.0","","2","N","N","","0","","0","0","0","","0","","","1","2","0","0","0","2","0","2","1","1","","","","N","","","","","","","","","",""