"CRN","ARRIVAL_TM","AUTOMOBILE_COUNT","BELTED_DEATH_COUNT","BELTED_SUSP_SERIOUS_INJ_COUNT","BICYCLE_COUNT","BICYCLE_DEATH_COUNT","BICYCLE_SUSP_SERIOUS_INJ_COUNT","BUS_COUNT","CHLDPAS_DEATH_COUNT","CHLDPAS_SUSP_SERIOUS_INJ_COUNT","COLLISION_TYPE","COMM_VEH_COUNT","CONS_ZONE_SPD_LIM","COUNTY","CRASH_MONTH","CRASH_YEAR","DAY_OF_WEEK","DEC_LATITUDE","DEC_LONGITUDE","DISPATCH_TM","DISTRICT","DRIVER_COUNT_16YR","DRIVER_COUNT_17YR","DRIVER_COUNT_18YR","DRIVER_COUNT_19YR","DRIVER_COUNT_20YR","DRIVER_COUNT_50_64YR","DRIVER_COUNT_65_74YR","DRIVER_COUNT_75PLUS","EST_HRS_CLOSED","FATAL_COUNT","HEAVY_TRUCK_COUNT","HORSE_BUGGY_COUNT","HOUR_OF_DAY","ILLUMINATION","INJURY_COUNT","INTERSECTION_RELATED","INTERSECT_TYPE","LANE_CLOSED","LATITUDE","LN_CLOSE_DIR","LOCATION_TYPE","LONGITUDE","MAX_SEVERITY_LEVEL","MCYCLE_DEATH_COUNT","MCYCLE_SUSP_SERIOUS_INJ_COUNT","MOTORCYCLE_COUNT","MUNICIPALITY","NONMOTR_COUNT","NONMOTR_DEATH_COUNT","NONMOTR_SUSP_SERIOUS_INJ_COUNT","NTFY_HIWY_MAINT","PED_COUNT","PED_DEATH_COUNT","PED_SUSP_SERIOUS_INJ_COUNT","PERSON_COUNT","POLICE_AGCY","POSSIBLE_INJ_COUNT","RDWY_SURF_TYPE_CD","RELATION_TO_ROAD","ROADWAY_CLEARED","ROAD_CONDITION","SCH_BUS_IND","SCH_ZONE_IND","SECONDARY_CRASH","SMALL_TRUCK_COUNT","SPEC_JURIS_CD","SUSP_MINOR_INJ_COUNT","SUSP_SERIOUS_INJ_COUNT","SUV_COUNT","TCD_FUNC_CD","TCD_TYPE","TFC_DETOUR_IND","TIME_OF_DAY","TOTAL_UNITS","TOT_INJ_COUNT","UNBELTED_OCC_COUNT","UNB_DEATH_COUNT","UNB_SUSP_SERIOUS_INJ_COUNT","UNK_INJ_DEG_COUNT","UNK_INJ_PER_COUNT","URBAN_RURAL","VAN_COUNT","VEHICLE_COUNT","WEATHER1","WEATHER2","WORKERS_PRES","WORK_ZONE_IND","WORK_ZONE_LOC","WORK_ZONE_TYPE","WZ_CLOSE_DETOUR","WZ_FLAGGER","WZ_LAW_OFFCR_IND","WZ_LN_CLOSURE","WZ_MOVING","WZ_OTHER","WZ_SHLDER_MDN","WZ_WORKERS_INJ_KILLED"
"2010023732","","1","0","0","0","0","0","0","0","0","1","1","","02","3","2010","5","40.436193","-79.996034","","11","0","0","0","0","0","0","1","0","","0","1","0","","","1","","2","","40 26:10.293","","0","79 59:45.723","4","0","0","0","2301","0","0","0","N","0","0","0","2","02301","1","","1.0","","1","N","N","","0","","0","0","0","","2","","","2","1","0","0","0","0","0","2","0","2","","","","N","","","","","","","","","",""
"2010023737","","1","0","0","0","0","0","0","0","0","4","0","","02","3","2010","5","40.524539","-79.96827","","11","0","0","0","0","0","2","0","0","1","0","0","0","","","1","","0","","40 31:28.340","6","0","79 58:05.771","3","0","0","0","2118","0","0","0","N","0","0","0","4","02118","0","","1.0","","1","N","N","","0","","1","0","1","","0","Y","","3","1","0","0","0","0","0","2","1","3","","","","N","","","","","","","","","",""
"2010023744","","1","0","0","0","0","0","0","0","0","7","0","","02","3","2010","5","40.476235","-80.011471","","11","0","0","0","0","0","0","0","0","2","0","0","0","","","0","","0","","40 28:34.446","6","0","80 00:41.295","0","0","0","0","2301","0","0","0","N","0","0","0","3","02301","0","","1.0","","1","N","N","","0","","0","0","0","","0","N","","1","0","0","0","0","0","0","2","0","1","","","","N","","","","","","","","","",""
"2010023746","","1","0","0","0","0","0","0","0","0","7","0","","02","3","2010","5","40.520223","-79.809496","","11","0","0","1","0","0","0","0","0","1","0","0","0","","","1","","0","","40 31:12.804","1","0","79 48:34.186","8","0","0","0","2466","0","0","0","N","0","0","0","1","02466","0","","5.0","","1","N","N","","0","","0","0","0","","0","N","","1","1","0","0","0","1","0","2","0","1","","","","N","","","","","","","","","",""
"2010023748","","1","0","0","0","0","0","0","0","0","1","0","","02","3","2010","4","40.600447","-79.760427","","11","0","0","0","0","0","0","0","0","1","0","0","0","","","0","","0","","40 36:01.608","6","0","79 45:37.537","0","0","0","0","2464","0","0","0","N","0","0","0","2","02464","0","","1.0","","1","N","N","","0","","0","0","2","","0","Y","","3","0","0","0","0","0","0","2","0","3","","","","N","","","","","","","","","",""
"2010023752","","1","0","0","0","0","0","0","0","0","8","0","","02","3","2010","5","40.467019","-79.958708","","11","0","0","0","0","0","0","0","0","","0","0","0","","","1","","0","","40 28:01.268","","0","79 57:31.348","8","0","0","0","2301","1","0","0","N","1","0","0","2","02301","0","","4.0","","1","N","N","","0","","0","0","0","","0","","","2","1","0","0","0","1","0","2","0","1","","","","N","","","","","","","","","",""
"2010023755","","2","0","0","0","0","0","0","0","0","4","0","","02","3","2010","4","40.566143","-79.859438","","11","0","0","0","1","0","0","0","1","1","0","0","0","","","1","","2","","40 33:58.114","3","0","79 51:33.976","4","0","0","0","2209","0","0","0","N","0","0","0","3","02209","1","","1.0","","1","N","N","","0","","0","0","0","","3","N","","2","1","1","0","0","0","0","2","0","2","","","","N","","","","","","","","","",""
"2010023756","","2","0","0","0","0","0","0","0","0","4","0","","02","3","2010","3","40.325406","-80.02629","","11","0","0","1","0","0","0","1","0","1","0","0","0","","","1","","0","","40 19:31.462","3","7","80 01:34.643","4","0","0","0","2407","0","0","0","N","0","0","0","2","02407","1","","1.0","","1","N","N","","0","","0","0","0","","0","Y","","2","1","0","0","0","0","0","2","0","2","","","","N","","","","","","","","","",""
"2010023825","","1","0","0","0","0","0","0","0","0","4","0","","02","3","2010","5","40.538044","-79.839716","","11","0","0","1","0","0","0","0","0","1","0","0","0","","","1","","2","","40 32:16.958","3","7","79 50:22.976","4","0","0","0","2208","0","0","0","N","0","0","0","3","02208","1","","1.0","","1","N","N","","0","","0","0","1","","2","N","","2","1","0","0","0","0","0","2","0","2","","","","N","","","","","","","","","",""
"2010023828","","1","0","0","0","0","0","0","0","0","6","0","","02","3","2010","5","40.39851","-80.027607","","11","0","0","0","0","0","0","0","0","1","0","0","0","","","1","","2","","40 23:54.636","6","0","80 01:39.385","8","0","0","0","2301","0","0","0","N","0","0","0","2","02301","0","","1.0","","1","N","N","","1","","0","0","0","","0","Y","","2","1","0","0","0","1","0","2","0","2","","","","N","","","","","","","","","",""
"2010023831","","2","0","0","0","0","0","0","0","0","4","0","","02","3","2010","5","40.391837","-80.020643","","11","0","0","1","0","0","0","0","0","1","0","0","0","","","2","","1","","40 23:30.613","7","0","80 01:14.314","4","0","0","0","2301","0","0","0","N","0","0","0","2","02301","1","","1.0","","1","N","N","","0","","0","0","0","","3","N","","2","2","0","0","0","1","0","2","0","2","","","","N","","","","","","","","","",""
"2010023832","","2","0","0","0","0","0","0","0","0","2","0","","02","3","2010","5","40.341785","-79.846665","","11","0","0","0","0","0","0","0","0","3","0","0","0","","","2","","0","","40 20:30.425","5","0","79 50:47.994","4","0","0","0","2304","0","0","0","N","0","0","0","2","02304","1","","1.0","","1","N","N","","0","","0","0","0","","3","N","","2","2","0","0","0","1","0","2","0","2","","","","N","","","","","","","","","",""
"2010023833","","1","0","0","0","0","0","0","0","0","1","0","","02","3","2010","5","40.4965","-79.943626","","11","0","0","0","0","0","0","0","0","2","0","0","0","","","0","","0","","40 29:47.399","6","0","79 56:37.053","0","0","0","0","2430","0","0","0","N","0","0","0","1","02430","0","","2.0","","1","N","N","","1","","0","0","0","","0","N","","2","0","0","0","0","0","0","2","0","2","","","","N","","","","","","","","","",""
"2010023837","","1","0","0","0","0","0","0","0","0","7","0","","02","2","2010","7","40.408774","-79.907337","","11","0","0","0","0","0","0","0","0","","0","0","0","","","1","","1","","40 24:31.588","","0","79 54:26.412","4","0","0","0","2438","0","0","0","N","0","0","0","1","02438","1","","5.0","","7","N","N","","0","","0","0","0","","2","","","1","1","1","0","0","0","0","2","0","1","","","","N","","","","","","","","","",""
"2010023838","","3","0","0","0","0","0","0","0","0","1","0","","02","2","2010","1","40.451189","-79.920253","","11","0","0","0","0","0","0","0","0","","0","0","0","","","0","","0","","40 27:04.280","","0","79 55:12.910","9","0","0","0","2301","0","0","0","N","0","0","0","1","02301","0","","6.0","","7","N","N","","0","","0","0","0","","0","","","3","0","0","0","0","0","1","2","0","3","","","","N","","","","","","","","","",""
"2010023840","","1","0","0","0","0","0","0","0","0","7","0","","02","2","2010","7","40.449819","-79.929656","","11","0","0","0","0","0","0","0","0","","0","0","0","","","0","","1","","40 26:59.348","","0","79 55:46.761","0","0","0","0","2301","0","0","0","N","0","0","0","2","02301","0","","2.0","","7","N","N","","0","","0","0","0","","2","","","1","0","0","0","0","0","0","2","0","1","","","","N","","","","","","","","","",""
"2010023841","","1","0","0","0","0","0","0","0","0","7","0","","02","2","2010","2","40.408664","-79.842159","","11","0","0","0","0","0","1","0","0","","0","0","0","","","0","","3","","40 24:31.192","","3","79 50:31.771","0","0","0","0","2417","0","0","0","N","0","0","0","1","02449","0","","3.0","","2","N","N","","0","","0","0","0","","0","","","1","0","0","0","0","0","0","2","0","1","","","","N","","","","","","","","","",""
"2010023847","","1","0","0","0","0","0","0","0","0","2","0","","02","3","2010","5","","","","11","0","0","0","0","0","0","0","0","","0","0","0","","","0","","0","","","","0","","9","0","0","0","2301","0","0","0","N","0","0","0","2","02301","0","","1.0","","1","N","N","","0","","0","0","1","","0","","","2","0","0","0","0","0","1","1","0","2","","","","N","","","","","","","","","",""
"2010023849","","1","0","0","0","0","0","0","0","0","1","0","","02","3","2010","6","40.463471","-79.930682","","11","0","0","1","0","0","0","0","0","","0","0","0","","","1","","1","","40 27:48.495","","0","79 55:50.455","4","0","0","0","2301","0","0","0","N","0","0","0","2","02301","1","","1.0","","9","N","N","","0","","0","0","1","","2","","","2","1","0","0","0","0","0","2","0","2","","","","N","","","","","","","","","",""
"2010023853","","1","0","0","0","0","0","0","0","0","7","0","","02","3","2010","6","40.430057","-79.957786","","11","0","0","0","0","0","0","0","0","","0","0","0","","","0","","2","","40 25:48.205","","3","79 57:28.031","0","0","0","0","2301","0","0","0","N","0","0","0","3","02301","0","","5.0","","1","N","N","","0","","0","0","0","","2","","","1","0","0","0","0","0","0","2","0","1","","","","N","","","","","","","","","",""
"2010023857","","2","0","0","0","0","0","0","0","0","4","0","","02","2","2010","6","40.629324","-80.056542","","11","0","0","1","0","0","0","0","1","","0","0","0","","","0","","1","","40 37:45.567","","0","80 03:23.551","0","0","0","0","2216","0","0","0","N","0","0","0","6","02505","0","","1.0","","1","N","N","","0","","0","0","0","","2","","","2","0","0","0","0","0","0","2","0","2","","","","N","","","","","","","","","",""
"2010023874","","2","0","0","0","0","0","0","0","0","1","0","","02","3","2010","4","40.494462","-79.904564","","11","0","0","0","0","0","1","0","0","2","0","0","0","","","1","","0","","40 29:40.063","2","0","79 54:16.431","4","0","0","0","2401","0","0","0","N","0","0","0","10","68D02","1","","1.0","","1","N","N","","2","","0","0","0","","0","N","","5","1","0","0","0","0","0","2","1","5","","","","N","","","","","","","","","",""
"2010024032","","1","0","0","0","0","0","0","0","0","4","0","","02","3","2010","5","40.509038","-79.88826","","11","0","0","0","0","0","0","1","0","","0","0","0","","","0","","1","","40 30:32.536","","0","79 53:17.736","0","0","0","0","2432","0","0","0","N","0","0","0","6","02432","0","","1.0","","1","N","N","","0","","0","0","0","","3","","","2","0","0","0","0","0","0","2","1","2","","","","N","","","","","","","","","",""
"2010024038","","1","0","0","0","0","0","0","0","0","1","0","","02","3","2010","5","40.358929","-79.908297","","11","0","0","1","0","0","1","0","0","","0","0","0","","","1","","3","","40 21:32.146","","0","79 54:29.870","4","0","0","0","2473","0","0","0","N","0","0","0","3","02473","1","","1.0","","1","N","N","","0","","0","0","1","","2","","","2","1","1","0","0","0","0","2","0","2","","","","N","","","","","","","","","",""
"2010024045","","1","0","0","0","0","0","0","0","0","4","0","","02","3","2010","5","40.529919","-79.771404","","11","0","0","0","1","0","0","1","0","2","0","0","0","","","1","","2","","40 31:47.709","5","0","79 46:17.054","8","0","0","0","2466","0","0","0","N","0","0","0","3","02466","0","","1.0","","1","N","N","","1","","0","0","0","","3","N","","2","1","0","0","0","1","0","1","0","2","","","","N","","","","","","","","","",""
"2010024061","","2","0","0","0","0","0","0","0","0","4","0","","02","3","2010","4","40.4893","-79.972803","","11","0","1","0","0","0","0","0","0","2","0","0","0","","","3","","1","","40 29:21.480","1","0","79 58:22.090","4","0","0","0","2445","0","0","0","N","0","0","0","4","02445","3","","1.0","","1","N","N","","0","","0","0","0","","1","Y","","2","3","3","0","0","0","0","2","0","2","","","","N","","","","","","","","","",""
"2010024075","","3","0","0","0","0","0","0","0","0","1","0","","02","3","2010","5","40.361297","-79.982515","","11","0","0","0","0","0","0","0","0","2","0","0","0","","","0","","10","","40 21:40.669","1","0","79 58:57.053","0","0","0","0","2413","0","0","0","N","0","0","0","3","02413","0","","1.0","","1","N","N","","0","","0","0","0","","0","N","","3","0","3","0","0","0","0","2","0","3","","","","N","","","","","","","","","",""
"2010024077","","2","0","0","0","0","0","0","0","0","4","0","","02","3","2010","6","40.411509","-80.01144","","11","0","0","0","0","0","1","0","1","","0","0","0","","","0","","0","","40 24:41.431","","7","80 00:41.183","0","0","0","0","2301","0","0","0","Y","0","0","0","2","02301","0","","1.0","","1","N","N","","0","","0","0","0","","0","","","2","0","0","0","0","0","0","2","0","2","","","","N","","","","","","","","","",""
"2010024084","","2","0","0","0","0","0","0","0","0","1","0","","02","3","2010","6","40.29795","-79.994441","","11","2","0","0","0","0","0","0","0","1","0","0","0","","","0","","0","","40 17:52.621","2","0","79 59:39.987","0","0","0","0","2219","0","0","0","N","0","0","0","3","02219","0","","1.0","","1","N","N","","0","","0","0","0","","0","Y","","2","0","0","0","0","0","0","2","0","2","","","","N","","","","","","","","","",""
"2010024091","","0","0","0","0","0","0","0","0","0","8","0","","02","3","2010","6","40.334923","-79.850195","","11","0","0","0","0","0","0","0","0","2","0","0","0","","","1","","0","","40 20:05.724","7","0","79 51:00.701","8","0","0","0","2304","1","0","0","N","1","0","0","3","02304","0","","1.0","","1","N","N","","0","","0","0","1","","0","Y","","2","1","0","0","0","1","0","2","0","1","","","","N","","","","","","","","","",""
"2010024094","","1","0","0","0","0","0","0","0","0","7","0","","02","3","2010","6","40.400088","-80.023753","","11","0","0","0","1","0","0","0","0","","0","0","0","","","1","","1","","40 24:00.316","","0","80 01:25.511","4","0","0","0","2301","0","0","0","N","0","0","0","1","02301","1","","2.0","","1","N","N","","0","","0","0","0","","0","","","1","1","0","0","0","0","0","2","0","1","","","","N","","","","","","","","","",""
"2010024096","","0","0","0","0","0","0","0","0","0","7","0","","02","2","2010","7","40.542739","-80.252959","","11","0","0","0","0","0","1","0","0","","0","0","0","","","0","","0","","40 32:33.859","","0","80 15:10.651","0","0","0","0","2213","0","0","0","N","0","0","0","1","02213","0","","2.0","","6","N","N","","0","","0","0","1","","0","","","1","0","0","0","0","0","0","2","0","1","","","","N","","","","","","","","","",""
"2010024111","","0","0","0","0","0","0","0","0","0","5","0","","02","3","2010","6","40.471435","-80.008868","","11","0","0","0","0","0","0","0","0","","0","0","0","","","1","","2","","40 28:17.166","","0","80 00:31.924","3","0","0","0","2301","0","0","0","N","0","0","0","3","02301","0","","1.0","","1","N","N","","0","","1","0","2","","0","","","2","1","0","0","0","0","1","2","0","2","","","","N","","","","","","","","","",""
"2010024123","","2","0","0","0","0","0","0","0","0","4","0","","02","3","2010","6","40.45362","-79.915337","","11","0","0","0","1","0","0","0","0","","0","0","0","","","1","","2","","40 27:13.032","","0","79 54:55.213","4","0","0","0","2301","0","0","0","N","0","0","0","3","02301","1","","1.0","","1","N","N","","0","","0","0","0","","2","","","2","1","2","0","0","0","0","2","0","2","","","","N","","","","","","","","","",""
"2010024128","","1","0","0","0","0","0","0","0","0","1","0","","02","3","2010","6","40.328653","-79.834169","","11","0","0","0","0","0","0","0","0","1","0","0","0","","","1","","2","","40 19:43.150","4","0","79 50:03.008","8","0","0","0","2304","0","0","0","N","0","0","0","3","02304","0","","1.0","","1","N","N","","0","","0","0","0","","0","Y","","2","1","0","0","0","1","0","2","1","2","","","","N","","","","","","","","","",""
"2010024133","","1","0","0","0","0","0","0","0","0","2","0","","02","3","2010","6","40.624621","-79.941987","","11","0","0","1","0","0","1","0","0","3","0","0","0","","","3","","0","","40 37:28.635","2","0","79 56:31.153","4","0","0","0","2217","0","0","0","N","0","0","0","4","02505","2","","1.0","","1","N","N","","2","","0","0","0","","0","Y","","3","3","2","0","0","1","0","2","0","3","","","","N","","","","","","","","","",""
"2010024138","","1","0","0","0","0","0","0","0","0","7","0","","02","3","2010","3","40.367633","-79.929756","","11","0","0","0","0","0","0","0","0","1","0","0","0","","","1","","0","","40 22:03.478","1","0","79 55:47.120","8","0","0","0","2473","0","0","0","N","0","0","0","1","02473","0","","2.0","","1","N","N","","0","","0","0","0","","1","N","","1","1","0","0","0","1","0","2","0","1","","","","N","","","","","","","","","",""
"2010024139","","1","0","0","0","0","0","0","0","0","7","0","","02","3","2010","6","40.346377","-79.888126","","11","0","0","0","0","0","0","0","0","1","0","0","0","","","1","","0","","40 20:46.957","1","3","79 53:17.255","4","0","0","0","2423","0","0","0","N","0","0","0","1","02304","1","","2.0","","2","N","N","","0","","0","0","0","","0","N","","1","1","0","0","0","0","0","2","0","1","","","","N","","","","","","","","","",""
"2010024153","","2","0","0","0","0","0","0","0","0","7","0","","02","2","2010","5","40.327914","-79.987038","","11","0","0","0","0","0","1","0","0","1","0","0","0","","","1","","0","","40 19:40.490","1","0","79 59:13.336","8","0","0","0","2219","0","0","0","N","0","0","0","1","02219","0","","6.0","","9","N","N","","0","","0","0","0","","0","N","","2","1","0","0","0","1","0","2","0","2","","","","N","","","","","","","","","",""
"2010024156","","2","0","0","0","0","0","0","0","0","4","0","","02","3","2010","7","40.454014","-79.952635","","11","0","0","0","0","0","0","0","0","2","0","0","0","","","0","","2","","40 27:14.452","3","0","79 57:09.486","0","0","0","0","2301","0","0","0","N","0","0","0","2","02301","0","","1.0","","1","N","N","","0","","0","0","0","","3","N","","2","0","0","0","0","0","0","2","0","2","","","","N","","","","","","","","","",""
"2010024157","","2","0","0","0","0","0","0","0","0","6","0","","02","3","2010","6","40.433179","-79.958406","","11","0","0","0","0","0","0","0","0","2","0","0","0","","","0","","0","","40 25:59.445","1","0","79 57:30.262","0","0","0","0","2301","0","0","0","N","0","0","0","2","02301","0","","1.0","","1","N","N","","0","","0","0","0","","0","N","","2","0","0","0","0","0","0","2","0","2","","","","N","","","","","","","","","",""
"2010024159","","1","0","0","0","0","0","0","0","0","7","0","","02","3","2010","6","40.277535","-79.88883","","11","0","0","0","0","0","0","1","0","","0","0","0","","","0","","0","","40 16:39.125","","0","79 53:19.788","0","0","0","0","2440","0","0","0","Y","0","0","0","1","02440","0","","1.0","","1","N","N","","0","","0","0","0","","0","","","1","0","0","0","0","0","0","2","0","1","","","","N","","","","","","","","","",""
"2010024161","","0","0","0","0","0","0","0","0","0","7","0","","02","3","2010","7","40.458231","-79.853224","","11","0","0","0","0","0","0","0","0","1","0","0","0","","","0","","0","","40 27:29.631","3","0","79 51:11.606","0","0","0","0","2113","0","0","0","N","0","0","0","2","02113","0","","1.0","","1","N","N","","1","","0","0","0","","0","Y","","1","0","0","0","0","0","0","2","0","1","","","","N","","","","","","","","","",""
"2010024163","","1","0","0","0","0","0","0","0","0","5","0","","02","3","2010","5","40.340829","-79.847537","","11","0","0","1","0","0","0","0","0","1","0","0","0","","","0","","0","","40 20:26.984","1","0","79 50:51.133","9","0","0","0","2304","0","0","0","N","0","0","0","1","02304","0","","6.0","","1","N","N","","0","","0","0","0","","0","N","","2","0","0","0","0","0","1","2","1","2","","","","N","","","","","","","","","",""
"2010024164","","1","0","0","0","0","0","0","0","0","7","0","","02","3","2010","7","40.384887","-79.873786","","11","0","0","0","0","0","0","0","0","","0","0","0","","","0","","3","","40 23:05.592","","0","79 52:25.629","0","0","0","0","2473","0","0","0","N","0","0","0","1","02473","0","","4.0","","1","N","N","","0","","0","0","0","","0","","","1","0","0","0","0","0","0","2","0","1","","","","N","","","","","","","","","",""
"2010024165","","1","0","0","0","0","0","0","0","0","7","0","","02","3","2010","7","40.424901","-79.952581","","11","0","0","0","0","0","0","0","0","","0","0","0","","","0","","0","","40 25:29.645","","3","79 57:09.293","9","0","0","0","2301","0","0","0","N","0","0","0","1","02301","0","","4.0","","1","N","N","","0","","0","0","0","","0","","","1","0","0","0","0","0","1","2","0","1","","","","N","","","","","","","","","",""
"2010024169","","1","0","0","0","0","0","0","0","0","99","0","","02","2","2010","7","40.494763","-80.011813","","11","0","0","0","0","0","1","0","0","","0","0","0","","","0","","6","","40 29:41.147","","2","80 00:42.528","0","0","0","0","2301","0","0","0","Y","0","0","0","1","02301","0","","2.0","","6","N","N","","0","","0","0","0","","0","","","1","0","0","0","0","0","0","2","0","1","","","","N","","","","","","","","","",""
"2010024173","","1","0","0","0","0","0","0","0","0","7","0","","02","3","2010","6","40.595041","-79.830253","","11","0","0","0","0","0","0","0","1","1","0","0","0","","","1","","0","","40 35:42.147","1","0","79 49:48.909","8","0","0","0","2209","0","0","0","N","0","0","0","1","02209","0","","2.0","","1","N","N","","0","","0","0","0","","0","N","","1","1","0","0","0","1","0","1","0","1","","","","N","","","","","","","","","",""
"2010024205","","2","0","0","0","0","0","0","0","0","1","0","","02","2","2010","4","40.343894","-80.122015","","11","0","0","0","0","0","0","0","0","","0","0","0","","","0","","0","","40 20:38.019","","0","80 07:19.255","9","0","0","0","2119","0","0","0","N","0","0","0","2","68B03","0","","1.0","","1","N","N","","0","","0","0","0","","0","","","2","0","0","0","0","0","1","2","0","2","","","","N","","","","","","","","","",""
"2010024206","","1","0","0","0","0","0","0","0","0","7","0","","02","3","2010","4","40.502259","-80.025594","","11","0","0","0","0","0","1","0","0","","0","0","0","","","1","","0","","40 30:08.132","","0","80 01:32.138","8","0","0","0","2116","0","0","0","N","0","0","0","1","68B03","0","","3.0","","2","N","N","","0","","0","0","0","","0","","","1","1","0","0","0","1","0","2","0","1","","","","N","","","","","","","","","",""
"2010024207","","1","0","0","0","0","0","0","0","0","4","1","","02","3","2010","4","40.426219","-79.894599","","11","0","0","0","0","0","1","0","0","","0","1","0","","","1","","0","","40 25:34.389","","0","79 53:40.558","4","0","0","0","2301","0","0","0","N","0","0","0","2","68B03","1","","1.0","","1","N","N","","0","","0","0","0","","0","","","2","1","0","0","0","0","0","2","0","2","","","","N","","","","","","","","","",""
"2010024294","","1","0","0","0","0","0","0","0","0","1","0","","02","3","2010","7","40.463745","-79.923774","","11","0","0","0","0","0","0","0","0","","0","0","0","","","2","","1","","40 27:49.482","","0","79 55:25.586","3","0","0","0","2301","0","0","0","N","0","0","0","8","02301","1","","1.0","","1","N","N","","0","","1","0","1","","0","","","2","2","0","0","0","0","0","2","0","2","","","","N","","","","","","","","","",""
"2010024311","","2","0","0","0","0","0","0","0","0","4","0","","02","3","2010","7","40.465156","-79.944138","","11","0","0","0","0","0","0","1","0","1","0","0","0","","","0","","2","","40 27:54.561","6","0","79 56:38.896","0","0","0","0","2301","0","0","0","N","0","0","0","3","02301","0","","1.0","","1","N","N","","0","","0","0","0","","0","Y","","2","0","0","0","0","0","0","2","0","2","","","","N","","","","","","","","","",""
"2010024315","","0","0","0","0","0","0","0","0","0","1","0","","02","3","2010","7","40.50089","-80.039646","","11","0","0","0","0","0","0","0","0","1","0","0","0","","","0","","0","","40 30:03.203","3","0","80 02:22.726","0","0","0","0","2116","0","0","0","N","0","0","0","3","02116","0","","1.0","","2","N","N","","1","","0","0","1","","0","Y","","2","0","0","0","0","0","0","2","0","2","","","","N","","","","","","","","","",""
"2010024321","","1","0","0","0","0","0","0","0","0","8","0","","02","3","2010","6","40.530531","-80.011301","","11","0","0","0","0","0","0","1","0","","0","0","0","","","1","","0","","40 31:49.913","","7","80 00:40.682","4","0","0","0","2116","1","0","0","N","1","0","0","2","02116","1","","4.0","","1","N","N","","0","","0","0","0","","0","","","2","1","0","0","0","0","0","2","0","1","","","","N","","","","","","","","","",""
"2010024325","","0","0","0","0","0","0","1","0","0","1","1","","02","3","2010","6","40.439598","-80.010088","","11","0","0","0","0","0","0","0","0","","0","0","0","","","1","","6","","40 26:22.552","","8","80 00:36.315","4","0","0","0","2301","0","0","0","N","0","0","0","10","02503","1","","1.0","","1","N","N","","0","","0","0","0","","4","","","2","1","0","0","0","0","0","2","1","2","","","","N","","","","","","","","","",""
"2010024327","","2","0","0","0","0","0","0","0","0","5","0","","02","3","2010","6","40.498292","-80.049528","","11","0","0","0","0","0","0","0","0","","0","0","0","","","0","","0","","40 29:53.850","","0","80 02:58.300","0","0","0","0","2116","0","0","0","N","0","0","0","2","02116","0","","1.0","","1","N","N","","0","","0","0","0","","0","","","2","0","0","0","0","0","0","2","0","2","","","","N","","","","","","","","","",""
"2010024339","","1","0","0","0","0","0","0","0","0","5","0","","02","3","2010","7","40.402867","-80.060416","","11","0","0","0","0","0","0","1","0","1","0","0","0","","","0","","2","","40 24:10.321","3","0","80 03:37.496","0","0","0","0","2117","0","0","0","N","0","0","0","3","02117","0","","1.0","","1","N","N","","0","","0","0","1","","0","N","","2","0","0","0","0","0","0","2","0","2","","","","N","","","","","","","","","",""
"2010024357","","1","0","0","0","0","0","0","0","0","7","0","","02","3","2010","5","40.350273","-79.926997","","11","0","0","0","0","0","0","0","0","2","0","0","0","","","0","","1","","40 21:00.984","3","0","79 55:37.188","0","0","0","0","2473","0","0","0","N","0","0","0","1","02473","0","","5.0","","1","N","N","","0","","0","0","0","","2","N","","1","0","0","0","0","0","0","2","0","1","","","","N","","","","","","","","","",""
"2010024358","","3","0","0","0","0","0","0","0","0","5","0","","02","3","2010","7","40.428417","-79.974621","","11","0","1","0","0","0","0","0","0","1","0","0","0","","","1","","1","","40 25:42.300","4","0","79 58:28.634","4","0","0","0","2301","0","0","0","N","0","0","0","5","02301","1","","1.0","","1","N","N","","0","","0","0","0","","2","Y","","3","1","0","0","0","0","0","2","0","3","","","","N","","","","","","","","","",""
"2010024360","","0","0","0","0","0","0","0","0","0","5","0","","02","3","2010","7","40.474884","-80.012526","","11","0","0","0","0","0","0","0","0","","0","0","0","","","1","","0","","40 28:29.582","","0","80 00:45.094","4","0","0","0","2301","0","0","0","N","0","0","0","1","02301","1","","1.0","","1","N","N","","1","","0","0","2","","0","","","3","1","0","0","0","0","0","2","0","3","","","","N","","","","","","","","","",""
"2010024363","","1","0","0","0","0","0","0","0","0","1","0","","02","3","2010","5","40.414819","-79.752181","","11","0","0","0","0","0","1","0","0","1","0","0","0","","","0","","2","","40 24:53.348","2","0","79 45:07.851","0","0","0","0","2446","0","0","0","N","0","0","0","2","02446","0","","1.0","","1","N","N","","0","","0","0","0","","0","N","","2","0","0","0","0","0","0","2","1","2","","","","N","","","","","","","","","",""
"2010024364","","1","0","0","0","0","0","0","0","0","1","0","","02","2","2010","1","40.461592","-79.883408","","11","0","0","0","0","0","0","0","0","","0","0","0","","","0","","2","","40 27:41.731","","0","79 53:00.267","0","0","0","0","2113","0","0","0","N","0","0","0","1","02113","0","","4.0","","2","N","N","","0","","0","0","0","","0","","","2","0","0","0","0","0","0","2","1","2","","","","N","","","","","","","","","",""
"2010024366","","2","0","0","0","0","0","0","0","0","1","0","","02","3","2010","7","40.403","-80.059895","","11","0","0","0","0","0","1","0","0","1","0","0","0","","","0","","0","","40 24:10.800","1","0","80 03:35.621","0","0","0","0","2117","0","0","0","N","0","0","0","4","02117","0","","1.0","","1","N","N","","0","","0","0","1","","0","N","","3","0","0","0","0","0","0","2","0","3","","","","N","","","","","","","","","",""