"CRN","ARRIVAL_TM","AUTOMOBILE_COUNT","BELTED_DEATH_COUNT","BELTED_SUSP_SERIOUS_INJ_COUNT","BICYCLE_COUNT","BICYCLE_DEATH_COUNT","BICYCLE_SUSP_SERIOUS_INJ_COUNT","BUS_COUNT","CHLDPAS_DEATH_COUNT","CHLDPAS_SUSP_SERIOUS_INJ_COUNT","COLLISION_TYPE","COMM_VEH_COUNT","CONS_ZONE_SPD_LIM","COUNTY","CRASH_MONTH","CRASH_YEAR","DAY_OF_WEEK","DEC_LATITUDE","DEC_LONGITUDE","DISPATCH_TM","DISTRICT","DRIVER_COUNT_16YR","DRIVER_COUNT_17YR","DRIVER_COUNT_18YR","DRIVER_COUNT_19YR","DRIVER_COUNT_20YR","DRIVER_COUNT_50_64YR","DRIVER_COUNT_65_74YR","DRIVER_COUNT_75PLUS","EST_HRS_CLOSED","FATAL_COUNT","HEAVY_TRUCK_COUNT","HORSE_BUGGY_COUNT","HOUR_OF_DAY","ILLUMINATION","INJURY_COUNT","INTERSECTION_RELATED","INTERSECT_TYPE","LANE_CLOSED","LATITUDE","LN_CLOSE_DIR","LOCATION_TYPE","LONGITUDE","MAX_SEVERITY_LEVEL","MCYCLE_DEATH_COUNT","MCYCLE_SUSP_SERIOUS_INJ_COUNT","MOTORCYCLE_COUNT","MUNICIPALITY","NONMOTR_COUNT","NONMOTR_DEATH_COUNT","NONMOTR_SUSP_SERIOUS_INJ_COUNT","NTFY_HIWY_MAINT","PED_COUNT","PED_DEATH_COUNT","PED_SUSP_SERIOUS_INJ_COUNT","PERSON_COUNT","POLICE_AGCY","POSSIBLE_INJ_COUNT","RDWY_SURF_TYPE_CD","RELATION_TO_ROAD","ROADWAY_CLEARED","ROAD_CONDITION","SCH_BUS_IND","SCH_ZONE_IND","SECONDARY_CRASH","SMALL_TRUCK_COUNT","SPEC_JURIS_CD","SUSP_MINOR_INJ_COUNT","SUSP_SERIOUS_INJ_COUNT","SUV_COUNT","TCD_FUNC_CD","TCD_TYPE","TFC_DETOUR_IND","TIME_OF_DAY","TOTAL_UNITS","TOT_INJ_COUNT","UNBELTED_OCC_COUNT","UNB_DEATH_COUNT","UNB_SUSP_SERIOUS_INJ_COUNT","UNK_INJ_DEG_COUNT","UNK_INJ_PER_COUNT","URBAN_RURAL","VAN_COUNT","VEHICLE_COUNT","WEATHER1","WEATHER2","WORKERS_PRES","WORK_ZONE_IND","WORK_ZONE_LOC","WORK_ZONE_TYPE","WZ_CLOSE_DETOUR","WZ_FLAGGER","WZ_LAW_OFFCR_IND","WZ_LN_CLOSURE","WZ_MOVING","WZ_OTHER","WZ_SHLDER_MDN","WZ_WORKERS_INJ_KILLED"
"2010027046","","2","0","0","0","0","0","0","0","0","1","0","","02","2","2010","1","40.428646","-80.029591","","11","0","0","0","0","0","0","0","1","","0","0","0","","","0","","0","","40 25:43.125","","0","80 01:46.527","0","0","0","0","2301","0","0","0","N","0","0","0","6","68B03","0","","1.0","","9","N","N","","0","","0","0","0","","0","","","2","0","0","0","0","0","0","2","0","2","","","","N","","","","","","","","","",""
"2010027143","","1","0","0","0","0","0","0","0","0","4","0","","02","3","2010","2","40.55292","-80.105133","","11","0","2","0","0","0","0","0","0","","0","0","0","","","1","","3","","40 33:10.513","","0","80 06:18.477","4","0","0","0","2215","0","0","0","N","0","0","0","3","02215","1","","1.0","","1","N","N","","0","","0","0","1","","3","","","2","1","0","0","0","0","0","2","0","2","","","","N","","","","","","","","","",""
"2010027147","","1","0","0","0","0","0","0","0","0","7","0","","02","3","2010","2","40.258116","-79.904607","","11","0","0","0","0","0","0","0","0","3","0","0","0","","","0","","0","","40 15:29.219","2","0","79 54:16.584","9","0","0","0","2204","0","0","0","N","0","0","0","1","02204","0","","5.0","","1","N","N","","0","","0","0","0","","0","Y","","1","0","1","0","0","0","1","1","0","1","","","","N","","","","","","","","","",""
"2010027157","","1","0","0","0","0","0","0","0","0","99","0","","02","3","2010","6","40.352057","-80.114345","","11","0","0","0","0","0","0","0","0","2","0","0","0","","","0","","0","","40 21:07.405","1","0","80 06:51.641","0","0","0","0","2119","0","0","0","N","0","0","0","2","02119","0","","1.0","","1","N","N","","0","","0","0","1","","0","N","","2","0","0","0","0","0","0","2","0","2","","","","N","","","","","","","","","",""
"2010027159","","0","0","0","0","0","0","0","0","0","0","0","","02","3","2010","2","40.568084","-79.798124","","11","0","0","0","0","0","1","0","0","","0","0","0","","","1","","0","","40 34:05.103","","0","79 47:53.246","3","0","0","0","2206","0","0","0","N","0","0","0","1","02206","0","","5.0","","1","N","N","","0","","1","0","1","","0","","","1","1","0","0","0","0","0","2","0","1","","","","N","","","","","","","","","",""
"2010027162","","1","0","0","0","0","0","0","0","0","8","0","","02","3","2010","3","40.4385","-79.961171","","11","0","0","0","0","0","0","1","0","","0","0","0","","","1","","1","","40 26:18.601","","0","79 57:40.215","4","0","0","0","2301","1","0","0","N","1","0","0","2","02301","1","","1.0","","1","N","N","","0","","0","0","0","","2","","","2","1","0","0","0","0","0","2","0","1","","","","N","","","","","","","","","",""
"2010027171","","1","0","0","0","0","0","0","0","0","7","0","","02","3","2010","3","40.471787","-79.934173","","11","0","0","0","1","0","0","0","0","","0","0","0","","","0","","0","","40 28:18.433","","0","79 56:03.022","0","0","0","0","2301","0","0","0","N","0","0","0","1","02301","0","","9.0","","1","N","N","","0","","0","0","0","","0","","","1","0","0","0","0","0","0","2","0","1","","","","N","","","","","","","","","",""
"2010027180","","1","0","0","0","0","0","0","0","0","1","0","","02","3","2010","3","40.371798","-79.843755","","11","0","0","0","0","0","0","1","0","","0","0","0","","","2","","2","","40 22:18.472","","0","79 50:37.518","3","0","0","0","2303","0","0","0","N","0","0","0","2","02303","0","","1.0","","1","N","N","","0","","1","0","1","","2","","","2","2","0","0","0","1","0","2","0","2","","","","N","","","","","","","","","",""
"2010027188","","1","0","0","0","0","0","1","0","0","3","1","","02","3","2010","3","40.443827","-79.993911","","11","0","0","0","0","0","1","0","0","","0","0","0","","","1","","1","","40 26:37.777","","0","79 59:38.079","8","0","0","0","2301","0","0","0","N","0","0","0","3","02503","0","","1.0","","1","N","N","","0","","0","0","0","","2","","","2","1","0","0","0","1","0","2","0","2","","","","N","","","","","","","","","",""
"2010027199","","1","0","0","0","0","0","0","0","0","1","0","","02","3","2010","3","40.453756","-80.063929","","11","0","0","0","0","0","1","0","0","","0","0","0","","","0","","2","","40 27:13.521","","0","80 03:50.144","0","0","0","0","2301","0","0","0","N","0","0","0","2","02301","0","","1.0","","1","N","N","","0","","0","0","0","","0","","","2","0","0","0","0","0","0","2","1","2","","","","N","","","","","","","","","",""
"2010027204","","0","0","0","0","0","0","1","0","0","8","1","","02","3","2010","1","40.437024","-79.882138","","11","0","0","0","0","0","0","0","0","3","0","0","0","","","1","","2","","40 26:13.286","1","0","79 52:55.696","3","0","0","0","2478","1","0","0","N","1","0","0","7","02503","0","","1.0","","1","N","N","","0","","1","0","0","","3","Y","","2","1","0","0","0","0","0","2","0","1","","","","N","","","","","","","","","",""
"2010027208","","1","0","0","0","0","0","0","0","0","4","0","","02","3","2010","3","40.447997","-80.17107","","11","0","0","0","0","0","2","0","0","","0","0","0","","","1","","0","","40 26:52.789","","0","80 10:15.853","4","0","0","0","2214","0","0","0","N","0","0","0","2","02214","1","","1.0","","1","N","N","","0","","0","0","1","","0","","","2","1","0","0","0","0","0","2","0","2","","","","N","","","","","","","","","",""
"2010027211","","0","0","0","0","0","0","0","0","0","8","0","","02","3","2010","7","40.453768","-79.999122","","11","0","0","0","0","0","0","1","0","","0","0","0","","","1","","1","","40 27:13.565","","0","79 59:56.839","3","0","0","0","2301","1","0","0","N","1","0","0","2","02301","0","","1.0","","9","N","N","","0","","1","0","1","","0","","","2","1","0","0","0","0","0","2","0","1","","","","N","","","","","","","","","",""
"2010027218","","2","0","0","0","0","0","0","0","0","4","0","","02","3","2010","2","40.513868","-79.95145","","11","0","0","0","0","0","0","0","0","2","0","0","0","","","1","","1","","40 30:49.923","2","0","79 57:05.221","8","0","0","0","2118","0","0","0","N","0","0","0","4","02118","0","","1.0","","1","N","N","","1","","0","0","0","","2","Y","","3","1","0","0","0","1","0","2","0","3","","","","N","","","","","","","","","",""
"2010027271","","1","0","0","0","0","0","0","0","0","7","0","","02","2","2010","1","40.420228","-80.104305","","11","0","0","0","1","0","0","0","0","","0","0","0","","","0","","0","","40 25:12.820","","2","80 06:15.497","0","0","0","0","2115","0","0","0","N","0","0","0","1","68B03","0","","3.0","","9","N","N","","0","","0","0","0","","0","","","1","0","0","0","0","0","0","2","0","1","","","","N","","","","","","","","","",""
"2010027272","","1","0","0","0","0","0","0","0","0","1","0","","02","3","2010","1","40.443253","-80.008962","","11","0","0","0","0","0","1","0","0","1","0","0","0","","","0","","0","","40 26:35.709","2","3","80 00:32.263","0","0","0","0","2301","0","0","0","N","0","0","0","4","68B03","0","","1.0","","1","N","N","","0","","0","0","1","","0","Y","","3","0","0","0","0","0","0","2","0","2","","","","N","","","","","","","","","",""
"2010027273","","1","0","0","0","0","0","0","0","0","7","0","","02","3","2010","6","40.507978","-80.044286","","11","0","0","0","0","0","0","0","0","3","0","0","0","","","2","","0","","40 30:28.721","1","0","80 02:39.431","3","0","0","0","2116","0","0","0","N","0","0","0","2","68B03","1","","3.0","","9","N","N","","0","","1","0","0","","0","N","","1","2","0","0","0","0","0","2","0","1","","","","N","","","","","","","","","",""
"2010027278","","0","0","0","0","0","0","0","0","0","99","0","","02","3","2010","3","40.558766","-79.803271","","11","0","0","0","0","0","0","0","0","","0","0","0","","","0","","0","","40 33:31.558","","0","79 48:11.774","0","0","0","0","2121","0","0","0","N","0","0","0","1","68D02","0","","1.0","","1","N","N","","0","","0","0","1","","0","","","1","0","0","0","0","0","0","2","0","1","","","","N","","","","","","","","","",""
"2010027317","","0","0","0","0","0","0","0","0","0","7","0","","02","3","2010","4","40.544351","-80.032561","","11","0","0","0","0","0","0","0","0","1","0","0","0","","","0","","0","","40 32:39.663","4","0","80 01:57.218","0","0","0","0","2116","0","0","0","N","0","0","0","1","02116","0","","5.0","","1","N","N","","0","","0","0","1","","0","N","","1","0","0","0","0","0","0","2","0","1","","","","N","","","","","","","","","",""
"2010027322","","1","0","0","0","0","0","0","0","0","7","0","","02","3","2010","3","40.509909","-79.775658","","11","0","1","0","0","0","0","0","0","3","0","0","0","","","1","","0","","40 30:35.672","1","0","79 46:32.368","4","0","0","0","2466","0","0","0","N","0","0","0","4","02466","1","","2.0","","1","N","N","","0","","0","0","0","","0","Y","","1","1","0","0","0","0","0","2","0","1","","","","N","","","","","","","","","",""
"2010027327","","2","0","0","0","0","0","0","0","0","4","0","","02","3","2010","3","40.452816","-79.825994","","11","0","0","0","0","0","0","0","1","","0","0","0","","","0","","2","","40 27:10.139","","0","79 49:33.579","0","0","0","0","2113","0","0","0","N","0","0","0","2","02113","0","","1.0","","1","N","N","","0","","0","0","0","","3","","","2","0","0","0","0","0","0","2","0","2","","","","N","","","","","","","","","",""
"2010027329","","1","0","0","0","0","0","0","0","0","7","0","","02","3","2010","7","40.506397","-80.018133","","11","0","0","0","0","0","0","0","0","2","0","0","0","","","0","","0","","40 30:23.030","4","0","80 01:05.280","0","0","0","0","2116","0","0","0","N","0","0","0","1","02116","0","","5.0","","9","N","N","","0","","0","0","0","","0","N","","1","0","0","0","0","0","0","2","0","1","","","","N","","","","","","","","","",""
"2010027333","","1","0","0","0","0","0","0","0","0","8","0","","02","3","2010","3","40.355301","-79.967693","","11","0","0","0","0","0","0","0","0","1","0","0","0","","","1","","2","","40 21:19.082","4","0","79 58:03.696","3","0","0","0","2403","1","0","0","N","1","0","0","2","02403","0","","1.0","","1","N","N","","0","","1","0","0","","0","N","","2","1","0","0","0","0","1","2","0","1","","","","N","","","","","","","","","",""
"2010027344","","1","0","0","0","0","0","0","0","0","8","0","","02","3","2010","3","40.498203","-79.815199","","11","0","0","0","0","0","0","0","0","","0","0","0","","","1","","2","","40 29:53.531","","0","79 48:54.717","4","0","0","0","2113","1","0","0","N","1","0","0","2","02113","1","","1.0","","1","Y","N","","0","","0","0","0","","3","","","2","1","0","0","0","0","0","2","0","1","","","","N","","","","","","","","","",""
"2010027345","","2","0","0","0","0","0","0","0","0","1","0","","02","3","2010","3","40.444202","-80.028173","","11","0","0","1","0","0","1","0","1","","0","0","0","","","2","","10","","40 26:39.126","","0","80 01:41.424","8","0","0","0","2301","0","0","0","N","0","0","0","8","02301","0","","2.0","","1","N","N","","0","","0","0","2","","2","","","4","2","1","0","0","2","0","2","0","4","","","","N","","","","","","","","","",""
"2010027348","","2","0","0","0","0","0","0","0","0","4","0","35","02","3","2010","7","40.498859","-80.279805","","11","0","0","0","1","0","0","1","0","","0","0","0","","","0","","2","","40 29:55.892","","2","80 16:47.297","0","0","0","0","2203","0","0","0","N","0","0","0","3","02203","0","","1.0","","9","N","N","","0","","0","0","0","","3","","","2","0","0","0","0","0","0","1","0","2","","","N","Y","3","1","","","N","","","","",""
"2010027353","","2","0","0","0","0","0","0","0","0","4","0","","02","3","2010","4","40.441056","-80.006785","","11","0","0","0","0","0","0","1","0","","0","0","0","","","1","","1","","40 26:27.803","","2","80 00:24.425","4","0","0","0","2301","0","0","0","N","0","0","0","6","02301","1","","1.0","","1","N","N","","0","","0","0","0","","2","","","2","1","0","0","0","0","0","2","0","2","","","","N","","","","","","","","","",""
"2010027403","","1","0","0","0","0","0","0","0","0","7","0","55","02","3","2010","7","40.550701","-79.827686","","11","0","0","0","0","0","0","0","0","1","0","0","0","","","0","","0","","40 33:02.525","3","0","79 49:39.668","0","0","0","0","2208","0","0","0","N","0","0","0","4","68T02","0","","3.0","","1","N","N","","0","","0","0","0","","0","N","","1","0","0","0","0","0","0","2","0","1","","","N","Y","2","1","N","N","N","N","N","N","Y",""
"2010027417","","1","0","0","0","0","0","0","0","0","7","0","","02","3","2010","2","40.632394","-79.936752","","11","0","0","0","0","0","0","0","0","","0","0","0","","","0","","0","","40 37:56.620","","0","79 56:12.307","0","0","0","0","2217","0","0","0","N","0","0","0","1","02505","0","","5.0","","9","N","N","","0","","0","0","0","","0","","","1","0","0","0","0","0","0","2","0","1","","","","N","","","","","","","","","",""
"2010027420","","1","0","0","0","0","0","0","0","0","7","0","","02","3","2010","3","40.547569","-79.997194","","11","0","1","0","0","0","0","0","0","2","0","0","0","","","1","","0","","40 32:51.250","2","0","79 59:49.900","8","0","0","0","2116","0","0","0","N","0","0","0","1","02116","0","","5.0","","1","N","N","","0","","0","0","0","","0","Y","","1","1","0","0","0","1","0","2","0","1","","","","N","","","","","","","","","",""
"2010027423","","2","0","0","0","0","0","0","0","0","5","0","","02","3","2010","4","40.429653","-79.997747","","11","0","0","0","0","0","0","0","0","2","0","0","0","","","0","","2","","40 25:46.750","3","0","79 59:51.890","0","0","0","0","2301","0","0","0","N","0","0","0","2","02301","0","","2.0","","1","N","N","","0","","0","0","0","","0","N","","2","0","1","0","0","0","0","2","0","2","","","","N","","","","","","","","","",""
"2010027424","","1","0","0","0","0","0","0","0","0","4","0","","02","3","2010","4","40.459738","-79.907173","","11","0","0","0","0","0","0","0","0","","0","0","0","","","1","","2","","40 27:35.058","","0","79 54:25.822","4","0","0","0","2301","0","0","0","N","0","0","0","4","02301","1","","1.0","","1","N","Y","","0","","0","0","1","","0","","","2","1","0","0","0","0","0","2","0","2","","","","N","","","","","","","","","",""
"2010027441","","1","0","0","0","0","0","0","0","0","8","0","","02","3","2010","4","40.439032","-79.998133","","11","0","0","0","0","0","0","0","0","1","0","0","0","","","1","","1","","40 26:20.515","4","0","79 59:53.278","8","0","0","0","2301","1","0","0","N","1","0","0","2","02301","0","","1.0","","1","N","N","","0","","0","0","0","","2","N","","2","1","0","0","0","1","0","2","0","1","","","","N","","","","","","","","","",""
"2010027445","","1","0","0","0","0","0","0","0","0","1","0","","02","3","2010","4","40.343302","-80.06036","","11","0","0","0","0","0","1","0","1","2","0","0","0","","","3","","1","","40 20:35.887","1","0","80 03:37.295","3","0","0","0","2123","0","0","0","","0","0","0","3","02123","0","","1.0","","1","N","N","","1","","2","0","1","","2","Y","","3","3","1","0","0","1","0","2","0","3","","","","N","","","","","","","","","",""
"2010027450","","1","0","0","0","0","0","0","0","0","5","1","","02","2","2010","2","40.561964","-80.20689","","11","0","0","0","0","0","0","1","1","","0","1","0","","","0","","2","","40 33:43.070","","0","80 12:24.804","0","0","0","0","2441","0","0","0","N","0","0","0","2","02441","0","","1.0","","1","N","N","","0","","0","0","0","","2","","","2","0","0","0","0","0","0","2","0","2","","","","N","","","","","","","","","",""
"2010027455","","1","0","0","0","0","0","0","0","0","4","0","","02","3","2010","4","40.451499","-79.953396","","11","0","0","0","0","0","1","0","0","","0","0","0","","","1","","1","","40 27:05.396","","0","79 57:12.225","8","0","0","0","2301","0","0","0","N","0","0","0","2","02301","0","","1.0","","1","N","N","","0","","0","0","0","","3","","","2","1","0","0","0","1","0","2","1","2","","","","N","","","","","","","","","",""
"2010027458","","1","0","0","0","0","0","0","0","0","7","0","","02","3","2010","3","40.489037","-80.01791","","11","0","0","0","1","0","0","0","0","2","0","0","0","","","1","","0","","40 29:20.533","2","0","80 01:04.477","8","0","0","0","2301","0","0","0","N","0","0","0","1","02301","0","","4.0","","1","N","Y","","0","","0","0","0","","0","N","","1","1","0","0","0","1","0","2","0","1","","","","N","","","","","","","","","",""
"2010027459","","1","0","0","0","0","0","0","0","0","8","0","","02","3","2010","4","40.476186","-79.848384","","11","0","0","1","0","0","0","0","0","","0","0","0","","","1","","0","","40 28:34.271","","0","79 50:54.182","4","0","0","0","2113","1","0","0","N","1","0","0","2","02113","1","","1.0","","1","N","N","","0","","0","0","0","","0","","","2","1","1","0","0","0","0","2","0","1","","","","N","","","","","","","","","",""
"2010027475","","2","0","0","0","0","0","0","0","0","4","0","","02","3","2010","3","40.332799","-79.946058","","11","0","0","0","0","0","0","0","1","","0","0","0","","","0","","0","","40 19:58.077","","0","79 56:45.810","0","0","0","0","2454","0","0","0","N","0","0","0","2","02454","0","","1.0","","1","N","N","","0","","0","0","0","","2","","","2","0","0","0","0","0","0","2","0","2","","","","N","","","","","","","","","",""
"2010027478","","3","0","0","0","0","0","0","0","0","2","0","","02","3","2010","6","40.377657","-79.80241","","11","0","0","0","0","0","0","1","0","2","0","0","0","","","2","","0","","40 22:39.565","6","0","79 48:08.675","4","0","0","0","2111","0","0","0","N","0","0","0","5","02111","2","","1.0","","1","N","N","","0","","0","0","0","","0","N","","4","2","0","0","0","0","1","2","1","4","","","","N","","","","","","","","","",""
"2010027480","","0","0","0","0","0","0","0","0","0","7","0","","02","3","2010","2","40.550541","-79.804855","","11","0","0","0","0","0","0","0","0","","0","0","0","","","0","","0","","40 33:01.946","","0","79 48:17.477","0","0","0","0","2121","0","0","0","N","0","0","0","1","02121","0","","5.0","","1","N","N","","0","","0","0","1","","0","","","1","0","0","0","0","0","0","2","0","1","","","","N","","","","","","","","","",""
"2010027483","","0","0","0","0","0","0","0","0","0","0","0","","02","3","2010","7","40.324883","-80.044175","","11","0","0","0","0","0","0","0","0","","0","0","0","","","1","","2","","40 19:29.578","","0","80 02:39.030","3","0","0","1","2407","0","0","0","N","0","0","0","1","02407","0","","1.0","","9","N","N","","0","","1","0","0","","3","","","1","1","0","0","0","0","0","2","0","1","","","","N","","","","","","","","","",""
"2010027502","","2","0","0","0","0","0","0","0","0","4","0","","02","3","2010","4","40.457634","-80.073235","","11","0","0","0","0","0","0","0","0","","0","0","0","","","0","","1","","40 27:27.482","","0","80 04:23.646","0","0","0","0","2301","0","0","0","N","0","0","0","5","02301","0","","1.0","","1","N","N","","0","","0","0","0","","0","","","2","0","0","0","0","0","0","2","0","2","","","","N","","","","","","","","","",""
"2010027543","","3","0","0","0","0","0","0","0","0","4","0","","02","3","2010","4","40.283372","-79.837138","","11","0","0","1","0","0","0","0","1","2","0","0","0","","","1","","2","","40 17:00.138","2","0","79 50:13.697","8","0","0","0","2105","0","0","0","N","0","0","0","4","02105","0","","1.0","","1","N","N","","0","","0","0","0","","3","Y","","3","1","0","0","0","1","0","1","0","3","","","","N","","","","","","","","","",""
"2010027545","","1","0","0","0","0","0","0","0","0","4","0","","02","3","2010","4","40.355983","-80.051819","","11","0","0","0","0","0","1","0","0","2","0","0","0","","","1","","0","","40 21:21.537","3","7","80 03:06.550","4","0","0","0","2109","0","0","0","N","0","0","0","2","02109","1","","1.0","","1","N","N","","0","","0","0","0","","0","N","","2","1","0","0","0","0","0","2","1","2","","","","N","","","","","","","","","",""
"2010027547","","2","0","0","0","0","0","0","0","0","4","0","","02","3","2010","4","40.400244","-80.098608","","11","0","0","1","0","0","0","0","0","1","0","0","0","","","0","","0","","40 24:00.879","4","0","80 05:54.987","0","0","0","0","2415","0","0","0","N","0","0","0","3","02102","0","","1.0","","1","N","N","","0","","0","0","0","","0","N","","2","0","0","0","0","0","0","2","0","2","","","","N","","","","","","","","","",""
"2010027556","","1","0","0","0","0","0","0","0","0","7","0","","02","3","2010","4","40.452373","-79.844197","","11","0","0","0","0","0","0","0","0","2","0","0","0","","","0","","0","","40 27:08.542","1","0","79 50:39.110","0","0","0","0","2113","0","0","0","N","0","0","0","1","02113","0","","5.0","","1","N","N","","0","","0","0","0","","0","N","","1","0","0","0","0","0","0","2","0","1","","","","N","","","","","","","","","",""
"2010027558","","1","0","0","0","0","0","0","0","0","4","0","","02","3","2010","4","40.473543","-80.029834","","11","0","0","0","0","0","0","0","0","2","0","0","0","","","0","","1","","40 28:24.754","1","0","80 01:47.402","0","0","0","0","2301","0","0","0","N","0","0","0","2","02301","0","","1.0","","1","N","N","","0","","0","0","0","","3","Y","","2","0","0","0","0","0","0","2","1","2","","","","N","","","","","","","","","",""
"2010027567","","0","0","0","0","0","0","0","0","0","4","0","","02","3","2010","4","40.644725","-79.938231","","11","0","0","0","0","0","0","0","0","2","0","0","0","","","1","","1","","40 38:41.009","2","0","79 56:17.631","4","0","0","0","2217","0","0","0","N","0","0","0","4","02505","1","","1.0","","1","N","N","","1","","0","0","1","","2","N","","2","1","0","0","0","0","0","2","0","2","","","","N","","","","","","","","","",""
"2010027574","","1","0","0","0","0","0","0","0","0","4","1","","02","3","2010","5","40.427972","-79.970343","","11","0","0","0","0","0","1","0","0","1","0","1","0","","","1","","0","","40 25:40.699","4","0","79 58:13.236","3","0","0","0","2301","0","0","0","N","0","0","0","3","02301","0","","1.0","","1","N","N","","0","","1","0","0","","0","N","","2","1","0","0","0","0","0","2","0","2","","","","N","","","","","","","","","",""
"2010027581","","1","0","0","0","0","0","0","0","0","7","0","","02","3","2010","5","40.413763","-80.009801","","11","0","0","0","0","0","0","0","0","","0","0","0","","","3","","1","","40 24:49.548","","8","80 00:35.283","2","0","0","0","2301","0","0","0","N","0","0","0","3","02301","1","","2.0","","1","N","N","","0","","0","2","0","","0","","","1","3","1","0","1","0","0","2","0","1","","","","N","","","","","","","","","",""
"2010027589","","0","0","0","0","0","0","0","0","0","7","0","","02","2","2010","3","40.647316","-80.095418","","11","0","0","0","0","0","0","0","0","","0","0","0","","","1","","0","","40 38:50.337","","0","80 05:43.505","4","0","0","0","2212","0","0","0","Y","0","0","0","1","68B03","1","","4.0","","1","N","N","","0","","0","0","1","","0","","","1","1","0","0","0","0","0","2","0","1","","","","N","","","","","","","","","",""
"2010027590","","0","0","0","0","0","0","0","0","0","7","0","","02","2","2010","5","40.44419","-80.309653","","11","0","0","0","1","0","0","0","0","","0","0","0","","","1","","0","","40 26:39.083","","0","80 18:34.751","8","0","0","0","2203","0","0","0","N","0","0","0","1","68B03","0","","3.0","","2","N","N","","0","","0","0","1","","0","","","1","1","0","0","0","1","0","1","0","1","","","","N","","","","","","","","","",""
"2010027591","","0","0","0","0","0","0","0","0","0","0","0","","02","3","2010","3","40.438341","-79.755361","","11","0","0","0","0","0","0","0","0","","0","0","0","","","1","","0","","40 26:18.028","","0","79 45:19.301","4","0","0","0","2446","0","0","0","N","0","0","0","1","68B03","1","","1.0","","1","N","N","","0","","0","0","0","","0","","","1","1","1","0","0","0","0","2","1","1","","","","N","","","","","","","","","",""
"2010027633","","1","0","0","0","0","0","0","0","0","7","0","","02","2","2010","5","40.406362","-79.803663","","11","0","0","0","0","0","0","0","0","2","0","0","0","","","0","","2","","40 24:22.903","1","0","79 48:13.186","0","0","0","0","2446","0","0","0","N","0","0","0","1","02446","0","","2.0","","2","N","N","","0","","0","0","0","","0","N","","1","0","0","0","0","0","0","2","0","1","","","","N","","","","","","","","","",""
"2010027648","","2","0","0","0","0","0","0","0","0","0","0","","02","3","2010","5","40.481375","-80.045843","","11","0","0","0","0","0","0","1","0","1","0","0","0","","","0","","0","","40 28:52.949","3","0","80 02:45.035","0","0","0","0","2404","0","0","0","N","0","0","0","3","02404","0","","1.0","","1","N","N","","0","","0","0","0","","0","N","","2","0","2","0","0","0","0","2","0","2","","","","N","","","","","","","","","",""
"2010027655","","1","0","0","0","0","0","0","0","0","4","0","","02","3","2010","5","40.365026","-79.908453","","11","0","0","0","0","0","0","0","0","","0","0","0","","","0","","0","","40 21:54.092","","7","79 54:30.431","0","0","0","0","2301","0","0","0","N","0","0","0","3","02301","0","","1.0","","1","N","N","","1","","0","0","0","","0","","","2","0","0","0","0","0","0","2","0","2","","","","N","","","","","","","","","",""
"2010027658","","0","0","0","0","0","0","0","0","0","1","0","","02","3","2010","5","40.429186","-79.999223","","11","0","0","0","0","0","1","0","1","","0","0","0","","","0","","2","","40 25:45.071","","4","79 59:57.204","0","0","0","0","2301","0","0","0","N","0","0","0","2","02301","0","","1.0","","1","N","N","","1","","0","0","1","","2","","","2","0","0","0","0","0","0","2","0","2","","","","N","","","","","","","","","",""
"2010027669","","1","0","0","0","0","0","1","0","0","2","1","","02","3","2010","4","40.509565","-80.029403","","11","0","0","0","0","0","0","0","1","","0","0","0","","","0","","1","","40 30:34.435","","0","80 01:45.852","0","0","0","0","2116","0","0","0","","0","0","0","2","02503","0","","1.0","","1","N","N","","0","","0","0","0","","2","","","2","0","0","0","0","0","0","2","0","2","","","","N","","","","","","","","","",""
"2010027671","","0","0","0","0","0","0","0","0","0","8","0","","02","3","2010","5","40.403525","-80.083343","","11","0","0","0","0","0","0","0","0","","0","0","0","","","1","","0","","40 24:12.689","","0","80 05:00.035","4","0","0","0","2415","1","0","0","N","1","0","0","2","02415","1","","4.0","","1","N","N","","0","","0","0","0","","0","","","2","1","0","0","0","0","0","2","1","1","","","","N","","","","","","","","","",""
"2010027672","","2","0","0","0","0","0","0","0","0","1","0","","02","3","2010","5","40.463317","-80.007368","","11","0","0","0","0","0","0","0","0","","0","0","0","","","1","","0","","40 27:47.941","","99","80 00:26.524","8","0","0","0","2301","0","0","0","N","0","0","0","1","02301","0","","1.0","","1","N","N","","0","","0","0","0","","0","","","2","1","0","0","0","1","0","2","0","2","","","","N","","","","","","","","","",""
"2010027674","","3","0","1","0","0","0","0","0","0","4","0","","02","3","2010","5","40.373681","-79.844875","","11","0","0","0","0","0","2","0","1","","0","0","0","","","3","","1","","40 22:25.252","","0","79 50:41.551","2","0","0","0","2303","0","0","0","N","0","0","0","4","02303","0","","1.0","","1","N","N","","0","","2","1","1","","2","","","4","3","0","0","0","0","0","2","0","4","","","","N","","","","","","","","","",""
"2010027677","","0","0","0","0","0","0","0","0","0","5","0","","02","3","2010","5","40.532179","-79.969862","","11","0","0","0","0","0","0","1","0","","0","0","0","","","0","","0","","40 31:55.844","","0","79 58:11.503","0","0","0","0","2118","0","0","0","N","0","0","0","4","02118","0","","1.0","","1","N","N","","0","","0","0","1","","0","","","2","0","0","0","0","0","0","2","1","2","","","","N","","","","","","","","","",""