"CRN","ARRIVAL_TM","AUTOMOBILE_COUNT","BELTED_DEATH_COUNT","BELTED_SUSP_SERIOUS_INJ_COUNT","BICYCLE_COUNT","BICYCLE_DEATH_COUNT","BICYCLE_SUSP_SERIOUS_INJ_COUNT","BUS_COUNT","CHLDPAS_DEATH_COUNT","CHLDPAS_SUSP_SERIOUS_INJ_COUNT","COLLISION_TYPE","COMM_VEH_COUNT","CONS_ZONE_SPD_LIM","COUNTY","CRASH_MONTH","CRASH_YEAR","DAY_OF_WEEK","DEC_LATITUDE","DEC_LONGITUDE","DISPATCH_TM","DISTRICT","DRIVER_COUNT_16YR","DRIVER_COUNT_17YR","DRIVER_COUNT_18YR","DRIVER_COUNT_19YR","DRIVER_COUNT_20YR","DRIVER_COUNT_50_64YR","DRIVER_COUNT_65_74YR","DRIVER_COUNT_75PLUS","EST_HRS_CLOSED","FATAL_COUNT","HEAVY_TRUCK_COUNT","HORSE_BUGGY_COUNT","HOUR_OF_DAY","ILLUMINATION","INJURY_COUNT","INTERSECTION_RELATED","INTERSECT_TYPE","LANE_CLOSED","LATITUDE","LN_CLOSE_DIR","LOCATION_TYPE","LONGITUDE","MAX_SEVERITY_LEVEL","MCYCLE_DEATH_COUNT","MCYCLE_SUSP_SERIOUS_INJ_COUNT","MOTORCYCLE_COUNT","MUNICIPALITY","NONMOTR_COUNT","NONMOTR_DEATH_COUNT","NONMOTR_SUSP_SERIOUS_INJ_COUNT","NTFY_HIWY_MAINT","PED_COUNT","PED_DEATH_COUNT","PED_SUSP_SERIOUS_INJ_COUNT","PERSON_COUNT","POLICE_AGCY","POSSIBLE_INJ_COUNT","RDWY_SURF_TYPE_CD","RELATION_TO_ROAD","ROADWAY_CLEARED","ROAD_CONDITION","SCH_BUS_IND","SCH_ZONE_IND","SECONDARY_CRASH","SMALL_TRUCK_COUNT","SPEC_JURIS_CD","SUSP_MINOR_INJ_COUNT","SUSP_SERIOUS_INJ_COUNT","SUV_COUNT","TCD_FUNC_CD","TCD_TYPE","TFC_DETOUR_IND","TIME_OF_DAY","TOTAL_UNITS","TOT_INJ_COUNT","UNBELTED_OCC_COUNT","UNB_DEATH_COUNT","UNB_SUSP_SERIOUS_INJ_COUNT","UNK_INJ_DEG_COUNT","UNK_INJ_PER_COUNT","URBAN_RURAL","VAN_COUNT","VEHICLE_COUNT","WEATHER1","WEATHER2","WORKERS_PRES","WORK_ZONE_IND","WORK_ZONE_LOC","WORK_ZONE_TYPE","WZ_CLOSE_DETOUR","WZ_FLAGGER","WZ_LAW_OFFCR_IND","WZ_LN_CLOSURE","WZ_MOVING","WZ_OTHER","WZ_SHLDER_MDN","WZ_WORKERS_INJ_KILLED"
"2010027684","","1","0","0","0","0","0","0","0","0","4","0","","02","3","2010","5","40.478534","-80.067069","","11","0","0","0","0","1","0","0","0","","0","0","0","","","1","","2","","40 28:42.724","","0","80 04:01.449","4","0","0","0","2444","0","0","0","N","0","0","0","4","02444","1","","1.0","","1","N","N","","1","","0","0","0","","3","","","2","1","0","0","0","0","2","2","0","2","","","","N","","","","","","","","","",""
"2010027686","","2","0","1","0","0","0","0","0","0","3","0","","02","3","2010","5","40.461919","-79.946931","","11","0","0","0","0","0","0","0","0","","0","0","0","","","1","","0","","40 27:42.908","","0","79 56:48.951","2","0","0","0","2301","0","0","0","N","0","0","0","2","02301","0","","1.0","","1","N","N","","0","","0","1","0","","0","","","2","1","0","0","0","0","0","2","0","2","","","","N","","","","","","","","","",""
"2010027689","","1","0","0","0","0","0","0","0","0","7","0","","02","3","2010","5","40.276803","-79.869368","","11","0","0","0","0","0","1","0","0","2","0","0","0","","","1","","0","","40 16:36.489","6","0","79 52:09.726","8","0","0","0","2105","0","0","0","Y","0","0","0","1","02105","0","","2.0","","1","N","N","","0","","0","0","0","","0","Y","","1","1","0","0","0","1","0","2","0","1","","","","N","","","","","","","","","",""
"2010027697","","1","0","0","0","0","0","0","0","0","1","0","","02","3","2010","4","40.585372","-79.950567","","11","0","0","0","0","0","1","0","0","1","0","0","0","","","3","","0","","40 35:07.339","1","0","79 57:02.041","8","0","0","0","2207","0","0","0","N","0","0","0","5","02207","0","","1.0","","1","N","N","","0","","0","0","1","","0","Y","","4","3","2","0","0","3","0","2","2","4","","","","N","","","","","","","","","",""
"2010027720","","0","0","0","0","0","0","0","0","0","0","0","","02","2","2010","6","40.420126","-80.035873","","11","0","0","0","0","0","0","0","0","","0","0","0","","","0","","0","","40 25:12.455","","0","80 02:09.142","0","0","0","0","2301","0","0","0","N","0","0","0","1","68B03","0","","4.0","","9","N","N","","0","","0","0","1","","0","","","1","0","1","0","0","0","0","2","0","1","","","","N","","","","","","","","","",""
"2010027721","","1","0","0","0","0","0","0","0","0","1","0","","02","3","2010","4","40.429182","-79.887521","","11","0","0","0","0","0","1","0","0","","0","0","0","","","1","","0","","40 25:45.055","","0","79 53:15.077","3","0","0","0","2426","0","0","0","N","0","0","0","3","68B03","0","","1.0","","1","N","N","","1","","1","0","0","","0","","","2","1","1","0","0","0","0","2","0","2","","","","N","","","","","","","","","",""
"2010027765","","1","0","0","0","0","0","0","0","0","1","0","","02","3","2010","5","40.387795","-80.052179","","11","0","0","0","0","0","0","0","0","","0","0","0","","","1","","1","","40 23:16.062","","0","80 03:07.844","8","0","0","0","2109","0","0","0","N","0","0","0","5","02109","0","","1.0","","1","N","N","","0","","0","0","0","","3","","","2","1","0","0","0","1","0","2","1","2","","","","N","","","","","","","","","",""
"2010027772","","0","0","0","0","0","0","0","0","0","4","0","","02","3","2010","5","40.532594","-79.958414","","11","0","0","0","0","0","1","0","0","","0","0","0","","","1","","2","","40 31:57.337","","0","79 57:30.290","8","0","0","0","2118","0","0","0","N","0","0","0","3","02118","0","","1.0","","1","N","N","","1","","0","0","1","","2","","","2","1","0","0","0","1","0","2","0","2","","","","N","","","","","","","","","",""
"2010027778","","1","0","0","1","0","0","0","0","0","8","0","","02","3","2010","4","40.455325","-79.940637","","11","0","0","0","0","0","0","0","0","","0","0","0","","","1","","0","","40 27:19.170","","0","79 56:26.293","8","0","0","0","2301","1","0","0","N","0","0","0","3","02301","0","","1.0","","1","N","N","","0","","0","0","0","","0","","","2","1","1","0","0","1","0","2","0","1","","","","N","","","","","","","","","",""
"2010027780","","1","0","0","0","0","0","0","0","0","5","0","","02","3","2010","5","40.446014","-80.030504","","11","0","0","0","0","0","1","0","0","","0","0","0","","","0","","0","","40 26:45.651","","0","80 01:49.816","0","0","0","0","2301","0","0","0","N","0","0","0","2","02301","0","","1.0","","1","N","N","","0","","0","0","1","","0","","","2","0","0","0","0","0","0","2","0","2","","","","N","","","","","","","","","",""
"2010027802","","1","0","0","0","0","0","0","0","0","2","0","","02","3","2010","5","40.455076","-79.710801","","11","0","0","0","0","0","0","2","0","2","0","0","0","","","3","","2","","40 27:18.272","3","0","79 42:38.883","8","0","0","0","2466","0","0","0","N","0","0","0","3","02466","0","","1.0","","1","N","N","","1","","0","0","0","","2","Y","","2","3","0","0","0","3","0","2","0","2","","","","N","","","","","","","","","",""
"2010027804","","1","0","0","0","0","0","0","0","0","6","0","","02","3","2010","6","40.480011","-79.837813","","11","0","0","0","0","0","0","0","0","1","0","0","0","","","0","","0","","40 28:48.038","3","0","79 50:16.127","0","0","0","0","2113","0","0","0","N","0","0","0","3","02113","0","","1.0","","1","N","N","","1","","0","0","0","","0","Y","","2","0","0","0","0","0","0","2","0","2","","","","N","","","","","","","","","",""
"2010027805","","1","0","0","0","0","0","0","0","0","7","0","","02","3","2010","6","40.455905","-79.938602","","11","0","0","0","0","0","0","0","0","","0","0","0","","","0","","5","","40 27:21.258","","0","79 56:18.967","0","0","0","0","2301","0","0","0","N","0","0","0","1","02301","0","","1.0","","1","N","N","","0","","0","0","0","","2","","","1","0","0","0","0","0","0","2","0","1","","","","N","","","","","","","","","",""
"2010027812","","2","0","0","0","0","0","0","0","0","2","0","","02","3","2010","5","40.455076","-79.710801","","11","0","0","0","0","0","0","0","0","2","0","0","0","","","0","","2","","40 27:18.272","3","0","79 42:38.883","9","0","0","0","2466","0","0","0","N","0","0","0","1","02466","0","","1.0","","1","N","N","","1","","0","0","0","","2","N","","3","0","0","0","0","0","1","2","0","3","","","","N","","","","","","","","","",""
"2010027866","","0","0","0","0","0","0","0","0","0","7","0","","02","3","2010","6","40.659971","-80.088707","","11","0","0","0","0","0","1","0","0","","0","0","0","","","0","","0","","40 39:35.896","","0","80 05:19.345","0","0","0","0","2212","0","0","0","N","0","0","0","1","68T02","0","","2.0","","9","N","N","","0","","0","0","1","","0","","","1","0","0","0","0","0","0","2","0","1","","","","N","","","","","","","","","",""
"2010027867","","1","0","0","0","0","0","0","0","0","7","0","55","02","3","2010","1","40.550287","-79.826845","","11","0","0","0","1","0","0","0","0","1","0","0","0","","","0","","0","","40 33:01.034","3","0","79 49:36.641","0","0","0","0","2208","0","0","0","N","0","0","0","1","68T02","0","","3.0","","9","N","N","","0","","0","0","0","","0","N","","1","0","0","0","0","0","0","2","0","1","","","N","Y","4","1","N","N","N","N","Y","Y","N",""
"2010028128","","2","0","0","0","0","0","0","0","0","1","0","","02","3","2010","2","40.40922","-79.982327","","11","0","0","0","0","0","0","0","1","","0","0","0","","","2","","0","","40 24:33.192","","0","79 58:56.377","4","0","0","0","2447","0","0","0","N","0","0","0","5","02447","2","","1.0","","1","N","N","","0","","0","0","0","","0","","","2","2","0","0","0","0","0","2","0","2","","","","N","","","","","","","","","",""
"2010028234","","0","0","0","0","0","0","0","0","0","6","0","","02","3","2010","1","40.356945","-79.901098","","11","0","0","0","0","1","0","0","0","1","0","0","0","","","0","","0","","40 21:25.001","1","0","79 54:03.954","0","0","0","0","2473","0","0","0","N","0","0","0","3","02473","0","","1.0","","1","N","N","","0","","0","0","2","","0","N","","2","0","0","0","0","0","0","2","0","2","","","","N","","","","","","","","","",""
"2010028417","","1","0","0","0","0","0","0","0","0","4","0","","02","3","2010","5","40.448652","-80.002304","","11","0","0","0","0","0","0","0","0","","0","0","0","","","0","","1","","40 26:55.147","","0","80 00:08.294","0","0","0","0","2301","0","0","0","N","0","0","0","2","02301","0","","1.0","","1","N","N","","0","","0","0","1","","2","","","2","0","0","0","0","0","0","2","0","2","","","","N","","","","","","","","","",""
"2010028419","","1","0","0","0","0","0","0","0","0","7","0","","02","3","2010","6","40.516868","-79.772976","","11","0","0","0","0","0","0","0","0","2","0","0","0","","","0","","0","","40 31:00.723","5","0","79 46:22.713","0","0","0","0","2466","0","0","0","N","0","0","0","1","02466","0","","2.0","","1","N","N","","0","","0","0","0","","0","N","","1","0","0","0","0","0","0","2","0","1","","","","N","","","","","","","","","",""
"2010028423","","2","0","0","0","0","0","0","0","0","4","0","","02","3","2010","6","40.434538","-79.987139","","11","0","0","0","0","0","1","0","0","","0","0","0","","","0","","0","","40 26:04.337","","0","79 59:13.702","0","0","0","0","2301","0","0","0","N","0","0","0","2","02301","0","","1.0","","1","N","N","","0","","0","0","0","","2","","","2","0","0","0","0","0","0","2","0","2","","","","N","","","","","","","","","",""
"2010028426","","1","0","0","0","0","0","0","0","0","1","0","","02","3","2010","6","40.613146","-79.956225","","11","0","0","0","0","1","0","0","0","","0","0","0","","","0","","1","","40 36:47.326","","0","79 57:22.409","0","0","0","0","2207","0","0","0","N","0","0","0","3","02207","0","","1.0","","1","N","N","","1","","0","0","0","","3","","","2","0","1","0","0","0","0","2","0","2","","","","N","","","","","","","","","",""
"2010028430","","2","0","0","0","0","0","0","0","0","1","0","","02","3","2010","6","40.438744","-79.747717","","11","0","0","0","0","0","1","0","0","","0","0","0","","","0","","0","","40 26:19.479","","0","79 44:51.780","0","0","0","0","2446","0","0","0","N","0","0","0","6","02446","0","","1.0","","1","N","N","","0","","0","0","2","","0","","","4","0","0","0","0","0","0","2","0","4","","","","N","","","","","","","","","",""
"2010028449","","0","0","0","0","0","0","0","0","0","0","0","","02","3","2010","6","40.35618","-80.092995","","11","0","0","0","0","0","0","0","0","","0","0","0","","","1","","0","","40 21:22.248","","0","80 05:34.782","8","0","0","1","2123","0","0","0","N","0","0","0","1","02123","0","","2.0","","1","N","N","","0","","0","0","0","","0","","","1","1","0","0","0","1","0","2","0","1","","","","N","","","","","","","","","",""
"2010028451","","1","0","0","0","0","0","0","0","0","7","0","","02","3","2010","5","40.440317","-80.006909","","11","0","0","0","0","0","1","0","0","","0","0","0","","","1","","0","","40 26:25.140","","0","80 00:24.871","4","0","0","0","2301","0","0","0","N","0","0","0","2","02301","1","","3.0","","1","N","N","","0","","0","0","0","","0","","","1","1","1","0","0","0","0","2","0","1","","","","N","","","","","","","","","",""
"2010028459","","2","0","0","0","0","0","0","0","0","4","0","","02","3","2010","5","40.362373","-79.826135","","11","0","0","0","0","0","1","0","0","","0","0","0","","","1","","1","","40 21:44.541","","0","79 49:34.085","3","0","0","0","2111","0","0","0","N","0","0","0","3","02111","0","","1.0","","1","N","N","","1","","1","0","0","","2","","","3","1","1","0","0","0","0","2","0","3","","","","N","","","","","","","","","",""
"2010028477","","1","0","0","0","0","0","0","0","0","8","0","","02","3","2010","6","40.440508","-79.990654","","11","0","0","0","0","0","0","0","0","2","0","0","0","","","1","","0","","40 26:25.828","4","0","79 59:26.355","2","0","0","0","2301","1","0","1","N","1","0","1","3","02301","0","","1.0","","1","N","N","","0","","0","1","0","","0","N","","2","1","0","0","0","0","0","2","0","1","","","","N","","","","","","","","","",""
"2010028480","","0","0","0","0","0","0","1","0","0","8","1","","02","3","2010","6","40.461639","-79.994618","","11","0","0","0","0","0","0","0","0","","0","0","0","","","1","","0","","40 27:41.900","","0","79 59:40.626","4","0","0","0","2301","1","0","0","N","1","0","0","2","02301","1","","1.0","","98","Y","N","","0","","0","0","0","","0","","","2","1","0","0","0","0","0","2","0","1","","","","N","","","","","","","","","",""
"2010028485","","3","0","0","0","0","0","0","0","0","1","0","","02","3","2010","6","40.442442","-80.00323","","11","0","0","0","0","0","0","0","0","1","0","0","0","","","1","","1","","40 26:32.791","3","0","80 00:11.628","8","0","0","0","2301","0","0","0","N","0","0","0","5","02301","0","","1.0","","1","N","N","","0","","0","0","0","","2","N","","3","1","0","0","0","1","0","2","0","3","","","","N","","","","","","","","","",""
"2010028486","","1","0","0","0","0","0","0","0","0","1","0","","02","3","2010","6","40.477869","-80.012109","","11","0","0","0","0","0","1","0","0","2","0","0","0","","","5","","0","","40 28:40.328","1","0","80 00:43.593","8","0","0","0","2301","0","0","0","N","0","0","0","6","02301","0","","1.0","","1","N","N","","0","","0","0","1","","0","N","","2","5","2","0","0","5","0","2","0","2","","","","N","","","","","","","","","",""
"2010028489","","1","0","0","0","0","0","0","0","0","1","0","","02","3","2010","4","40.468762","-80.127062","","11","0","0","1","0","0","0","0","1","","0","0","0","","","1","","0","","40 28:07.543","","0","80 07:37.423","8","0","0","0","2115","0","0","0","N","0","0","0","2","02115","0","","1.0","","1","N","N","","1","","0","0","0","","0","","","2","1","0","0","0","1","0","2","0","2","","","","N","","","","","","","","","",""
"2010028586","","0","0","0","0","0","0","0","0","0","0","0","","02","3","2010","6","40.460202","-79.969305","","11","0","0","0","0","0","0","0","0","","0","0","0","","","1","","1","","40 27:36.727","","0","79 58:09.498","4","0","0","1","2301","0","0","0","N","0","0","0","1","02301","1","","1.0","","1","N","N","","0","","0","0","0","","0","","","1","1","0","0","0","0","0","2","0","1","","","","N","","","","","","","","","",""
"2010028602","","1","0","0","0","0","0","0","0","0","4","0","","02","3","2010","6","40.472176","-79.934586","","11","0","0","0","0","0","0","0","0","2","0","0","0","","","1","","2","","40 28:19.833","1","0","79 56:04.509","3","0","0","0","2301","0","0","0","N","0","0","0","2","02301","0","","1.0","","1","N","N","","1","","1","0","0","","3","N","","2","1","0","0","0","0","0","2","0","2","","","","N","","","","","","","","","",""
"2010028604","","1","0","0","0","0","0","0","0","0","1","0","","02","3","2010","6","40.531501","-79.848375","","11","0","0","0","0","0","1","0","0","","0","0","0","","","1","","0","","40 31:53.405","","0","79 50:54.149","4","0","0","0","2208","0","0","0","N","0","0","0","2","02208","1","","1.0","","1","N","N","","0","","0","0","1","","0","","","2","1","0","0","0","0","0","2","0","2","","","","N","","","","","","","","","",""
"2010028610","","2","0","0","0","0","0","0","0","0","4","0","","02","3","2010","6","40.453338","-79.7314","","11","0","0","0","0","0","1","1","0","2","0","0","0","","","2","","2","","40 27:12.018","6","0","79 43:53.040","8","0","0","0","2466","0","0","0","N","0","0","0","3","02466","0","","1.0","","1","N","N","","0","","0","0","0","","3","N","","2","2","0","0","0","2","0","2","0","2","","","","N","","","","","","","","","",""
"2010028617","","0","0","0","0","0","0","0","0","0","4","0","","02","3","2010","6","40.455237","-79.966063","","11","0","0","0","0","0","0","0","0","","0","0","0","","","0","","1","","40 27:18.853","","0","79 57:57.826","0","0","0","0","2301","0","0","0","N","0","0","0","6","02301","0","","1.0","","1","N","N","","1","","0","0","1","","0","","","2","0","1","0","0","0","0","2","0","2","","","","N","","","","","","","","","",""
"2010028633","","0","0","0","0","0","0","0","0","0","7","0","","02","3","2010","6","40.387489","-79.987863","","11","0","0","0","0","0","0","0","0","","0","0","0","","","0","","0","","40 23:14.960","","0","79 59:16.306","0","0","0","0","2301","0","0","0","","0","0","0","1","02301","0","","5.0","","1","","","","0","","0","0","1","","0","","","1","0","0","0","0","0","0","2","0","1","","","","N","","","","","","","","","",""
"2010028749","","0","0","0","0","0","0","0","0","0","4","0","","02","3","2010","6","40.529503","-79.965657","","11","0","0","0","0","0","0","1","0","1","0","0","0","","","0","","1","","40 31:46.211","1","0","79 57:56.365","0","0","0","0","2118","0","0","0","N","0","0","0","3","02118","0","","1.0","","1","N","N","","1","","0","0","1","","2","N","","2","0","0","0","0","0","0","2","0","2","","","","N","","","","","","","","","",""
"2010028757","","1","0","0","0","0","0","0","0","0","1","0","","02","3","2010","6","40.453683","-79.888851","","11","0","0","0","0","0","0","0","0","","0","0","0","","","0","","1","","40 27:13.258","","0","79 53:19.863","0","0","0","1","2301","0","0","0","N","0","0","0","2","02301","0","","1.0","","1","N","N","","0","","0","0","0","","3","","","2","0","0","0","0","0","0","2","0","2","","","","N","","","","","","","","","",""
"2010028761","","1","0","0","0","0","0","0","0","0","1","0","","02","3","2010","6","40.467378","-79.834206","","11","0","0","0","0","0","1","0","0","","0","0","0","","","0","","0","","40 28:02.559","","0","79 50:03.141","0","0","0","0","2113","0","0","0","N","0","0","0","3","02113","0","","1.0","","1","N","N","","0","","0","0","0","","0","","","2","0","1","0","0","0","0","2","1","2","","","","N","","","","","","","","","",""
"2010028773","","1","0","0","0","0","0","0","0","0","1","0","","02","3","2010","7","40.479354","-79.966229","","11","0","0","0","0","0","0","0","0","2","0","0","0","","","4","","0","","40 28:45.675","1","0","79 57:58.425","8","0","0","0","2118","0","0","0","N","0","0","0","7","02118","0","","1.0","","1","N","N","","0","","0","0","2","","0","N","","3","4","1","0","0","4","3","2","0","3","","","","N","","","","","","","","","",""
"2010028775","","1","0","0","0","0","0","0","0","0","4","0","","02","3","2010","7","40.593897","-79.996883","","11","0","0","0","0","0","2","0","0","","0","0","0","","","0","","1","","40 35:38.030","","0","79 59:48.778","0","0","0","0","2108","0","0","0","N","0","0","0","3","02501","0","","1.0","","1","N","N","","0","","0","0","0","","2","","","2","0","0","0","0","0","0","1","1","2","","","","N","","","","","","","","","",""
"2010028782","","0","0","0","0","0","0","0","0","0","7","0","","02","3","2010","7","40.472378","-79.886075","","11","0","0","0","0","0","0","0","0","2","0","0","0","","","0","","0","","40 28:20.559","7","0","79 53:09.869","0","0","0","0","2113","0","0","0","N","0","0","0","2","02113","0","","2.0","","1","N","N","","0","","0","0","1","","0","N","","1","0","0","0","0","0","0","2","0","1","","","","N","","","","","","","","","",""
"2010028789","","2","0","0","0","0","0","0","0","0","1","0","","02","3","2010","7","40.423717","-79.961989","","11","0","0","0","0","0","1","0","0","1","0","0","0","","","2","","10","","40 25:25.380","3","0","79 57:43.161","8","0","0","0","2301","0","0","0","N","0","0","0","2","02301","0","","1.0","","1","N","N","","0","","0","0","0","","4","N","","2","2","0","0","0","2","0","2","0","2","","","","N","","","","","","","","","",""
"2010028790","","1","0","0","0","0","0","0","0","0","1","0","","02","3","2010","7","40.484224","-79.907886","","11","0","0","0","0","0","0","0","0","2","0","0","0","","","0","","1","","40 29:03.206","3","0","79 54:28.391","9","0","0","0","2301","0","0","0","N","0","0","0","3","02301","0","","1.0","","1","N","N","","0","","0","0","2","","2","N","","3","0","0","0","0","0","1","2","0","3","","","","N","","","","","","","","","",""
"2010028794","","2","0","0","0","0","0","0","0","0","4","0","","02","3","2010","6","","","","11","0","0","0","0","0","0","0","2","1","0","0","0","","","0","","2","","","5","0","","0","0","0","0","2473","0","0","0","N","0","0","0","2","02473","0","","1.0","","1","N","N","","0","","0","0","0","","3","Y","","2","0","0","0","0","0","0","1","0","2","","","","N","","","","","","","","","",""
"2010028799","","0","0","0","0","0","0","0","0","0","0","0","","02","3","2010","7","40.432195","-80.266228","","11","0","0","0","0","0","0","0","0","","0","0","0","","","1","","0","","40 25:55.902","","0","80 15:58.420","2","0","1","1","2214","0","0","0","N","0","0","0","1","02214","0","","2.0","","1","N","N","","0","","0","1","0","","0","","","1","1","0","0","0","0","0","2","0","1","","","","N","","","","","","","","","",""
"2010028800","","0","0","0","0","0","0","0","0","0","7","0","","02","3","2010","7","40.478715","-80.092455","","11","0","0","0","0","0","0","1","0","3","0","0","0","","","1","","3","","40 28:43.374","5","0","80 05:32.838","2","0","0","0","2126","0","0","0","N","0","0","0","1","02126","0","","5.0","","1","N","N","","1","","0","1","0","","0","Y","","1","1","1","0","1","0","0","2","0","1","","","","N","","","","","","","","","",""
"2010028808","","1","0","0","0","0","0","0","0","0","7","0","","02","3","2010","1","40.275239","-79.893529","","11","0","0","0","0","1","0","0","0","1","0","0","0","","","0","","0","","40 16:30.862","1","0","79 53:36.704","0","0","0","0","2440","0","0","0","N","0","0","0","2","02440","0","","3.0","","9","N","N","","0","","0","0","0","","0","N","","1","0","0","0","0","0","0","2","0","1","","","","N","","","","","","","","","",""
"2010028862","","1","0","0","0","0","0","0","0","0","2","0","","02","3","2010","1","40.455869","-80.063562","","11","0","0","0","0","0","0","0","0","","0","0","0","","","0","","0","","40 27:21.128","","0","80 03:48.823","0","0","0","0","2301","0","0","0","N","0","0","0","1","02301","0","","1.0","","1","N","N","","0","","0","0","1","","0","","","2","0","0","0","0","0","0","2","0","2","","","","N","","","","","","","","","",""
"2010028865","","1","0","0","0","0","0","0","0","0","4","0","","02","3","2010","1","40.408856","-80.081097","","11","0","0","0","0","0","0","0","0","2","0","0","0","","","2","","1","","40 24:31.883","3","0","80 04:51.949","3","0","0","0","2415","0","0","0","N","0","0","0","2","02415","0","","1.0","","1","N","N","","0","","1","0","1","","2","N","","2","2","0","0","0","1","0","2","0","2","","","","N","","","","","","","","","",""
"2010028879","","1","0","0","0","0","0","0","0","0","4","0","","02","3","2010","7","40.436846","-80.063864","","11","0","0","0","0","0","1","0","0","","0","0","0","","","0","","1","","40 26:12.644","","0","80 03:49.911","0","0","0","0","2421","0","0","0","N","0","0","0","2","02421","0","","1.0","","1","N","N","","0","","0","0","1","","2","","","2","0","0","0","0","0","0","2","0","2","","","","N","","","","","","","","","",""
"2010028886","","1","0","0","0","0","0","0","0","0","1","0","","02","3","2010","4","40.540106","-80.025161","","11","0","0","0","0","0","1","0","0","","0","0","0","","","1","","1","","40 32:24.381","","0","80 01:30.579","8","0","0","0","2116","0","0","0","","0","0","0","2","02116","0","","1.0","","1","","","","0","","0","0","1","","0","","","2","1","0","0","0","1","0","2","0","2","","","","N","","","","","","","","","",""
"2010028905","","1","0","0","0","0","0","0","0","0","7","0","","02","3","2010","1","40.453138","-80.072011","","11","0","0","0","0","0","0","1","0","","0","0","0","","","0","","0","","40 27:11.296","","0","80 04:19.239","0","0","0","0","2301","0","0","0","N","0","0","0","2","02301","0","","5.0","","1","N","N","","0","","0","0","0","","0","","","1","0","0","0","0","0","0","2","0","1","","","","N","","","","","","","","","",""
"2010028921","","0","0","0","0","0","0","0","0","0","99","0","","02","2","2010","5","40.440119","-80.313142","","11","0","0","0","0","0","0","0","0","","0","0","0","","","0","","0","","40 26:24.430","","0","80 18:47.310","0","0","0","0","2203","0","0","0","N","0","0","0","1","68B03","0","","2.0","","7","N","N","","1","","0","0","0","","0","","","1","0","0","0","0","0","0","1","0","1","","","","N","","","","","","","","","",""
"2010028922","","0","0","0","0","0","0","0","0","0","1","0","","02","3","2010","4","40.463623","-79.999889","","11","0","0","0","0","0","0","0","0","2","0","0","0","","","0","","0","","40 27:49.041","2","0","79 59:59.599","0","0","0","0","2301","0","0","0","N","0","0","0","2","68B03","0","","1.0","","1","N","N","","0","","0","0","2","","0","N","","2","0","0","0","0","0","0","2","0","2","","","","N","","","","","","","","","",""
"2010028923","","4","0","0","0","0","0","0","0","0","1","0","","02","3","2010","6","40.338284","-80.132725","","11","0","0","0","0","0","2","0","0","2","0","0","0","","","0","","0","","40 20:17.824","2","0","80 07:57.809","0","0","0","0","2119","0","0","0","N","0","0","0","5","68B03","0","","1.0","","1","N","N","","0","","0","0","1","","0","N","","5","0","0","0","0","0","0","2","0","5","","","","N","","","","","","","","","",""
"2010028940","","0","0","0","0","0","0","0","0","0","7","0","","02","3","2010","1","40.481542","-80.013626","","11","0","0","0","0","0","1","0","0","","0","0","0","","","1","","0","","40 28:53.552","","0","80 00:49.055","3","0","0","1","2301","0","0","0","N","0","0","0","1","02301","0","","1.0","","1","N","N","","0","","1","0","0","","0","","","1","1","0","0","0","0","0","2","0","1","","","","N","","","","","","","","","",""
"2010028977","","1","0","0","0","0","0","0","0","0","4","0","","02","3","2010","1","40.385696","-80.053897","","11","0","1","0","0","0","0","0","0","","0","0","0","","","2","","1","","40 23:08.504","","0","80 03:14.030","4","0","0","0","2109","0","0","0","N","0","0","0","4","02109","1","","1.0","","1","N","N","","0","","0","0","1","","3","","","2","2","0","0","0","1","0","2","0","2","","","","N","","","","","","","","","",""
"2010028992","","0","0","0","0","0","0","0","0","0","8","0","","02","3","2010","1","40.480775","-79.949888","","11","0","0","0","0","0","0","0","0","","0","0","0","","","1","","0","","40 28:50.790","","0","79 56:59.596","3","0","0","0","2301","1","0","0","N","1","0","0","4","02301","0","","1.0","","1","N","N","","0","","1","0","1","","0","","","2","1","0","0","0","0","0","2","0","1","","","","N","","","","","","","","","",""
"2010029006","","0","0","0","0","0","0","0","0","0","99","0","40","02","3","2010","4","40.563824","-79.958253","","11","0","0","0","0","0","0","0","0","","0","0","0","","","0","","0","","40 33:49.765","","3","79 57:29.712","0","0","0","0","2207","0","0","0","N","0","0","0","1","02207","0","","1.0","","3","N","N","","1","","0","0","0","","8","","","1","0","0","0","0","0","0","2","0","1","","","N","Y","4","1","Y","","N","","","","",""
"2010029010","","0","0","0","0","0","0","0","0","0","7","0","","02","3","2010","1","40.447137","-79.895168","","11","0","0","0","0","0","0","0","0","","0","0","0","","","1","","1","","40 26:49.694","","0","79 53:42.603","3","0","0","0","2301","0","0","0","N","0","0","0","3","02301","0","","5.0","","1","N","N","","0","","1","0","1","","2","","","1","1","1","0","0","0","2","2","0","1","","","","N","","","","","","","","","",""
"2010029111","","1","0","0","0","0","0","0","0","0","1","0","","02","3","2010","1","40.435855","-79.994846","","11","0","0","0","0","0","0","0","0","","0","0","0","","","1","","1","","40 26:09.079","","0","79 59:41.444","4","0","0","0","2301","0","0","0","N","0","0","0","9","02301","1","","1.0","","1","N","N","","0","","0","0","0","","3","","","2","1","0","0","0","0","0","2","1","2","","","","N","","","","","","","","","",""