"CRN","ARRIVAL_TM","AUTOMOBILE_COUNT","BELTED_DEATH_COUNT","BELTED_SUSP_SERIOUS_INJ_COUNT","BICYCLE_COUNT","BICYCLE_DEATH_COUNT","BICYCLE_SUSP_SERIOUS_INJ_COUNT","BUS_COUNT","CHLDPAS_DEATH_COUNT","CHLDPAS_SUSP_SERIOUS_INJ_COUNT","COLLISION_TYPE","COMM_VEH_COUNT","CONS_ZONE_SPD_LIM","COUNTY","CRASH_MONTH","CRASH_YEAR","DAY_OF_WEEK","DEC_LATITUDE","DEC_LONGITUDE","DISPATCH_TM","DISTRICT","DRIVER_COUNT_16YR","DRIVER_COUNT_17YR","DRIVER_COUNT_18YR","DRIVER_COUNT_19YR","DRIVER_COUNT_20YR","DRIVER_COUNT_50_64YR","DRIVER_COUNT_65_74YR","DRIVER_COUNT_75PLUS","EST_HRS_CLOSED","FATAL_COUNT","HEAVY_TRUCK_COUNT","HORSE_BUGGY_COUNT","HOUR_OF_DAY","ILLUMINATION","INJURY_COUNT","INTERSECTION_RELATED","INTERSECT_TYPE","LANE_CLOSED","LATITUDE","LN_CLOSE_DIR","LOCATION_TYPE","LONGITUDE","MAX_SEVERITY_LEVEL","MCYCLE_DEATH_COUNT","MCYCLE_SUSP_SERIOUS_INJ_COUNT","MOTORCYCLE_COUNT","MUNICIPALITY","NONMOTR_COUNT","NONMOTR_DEATH_COUNT","NONMOTR_SUSP_SERIOUS_INJ_COUNT","NTFY_HIWY_MAINT","PED_COUNT","PED_DEATH_COUNT","PED_SUSP_SERIOUS_INJ_COUNT","PERSON_COUNT","POLICE_AGCY","POSSIBLE_INJ_COUNT","RDWY_SURF_TYPE_CD","RELATION_TO_ROAD","ROADWAY_CLEARED","ROAD_CONDITION","SCH_BUS_IND","SCH_ZONE_IND","SECONDARY_CRASH","SMALL_TRUCK_COUNT","SPEC_JURIS_CD","SUSP_MINOR_INJ_COUNT","SUSP_SERIOUS_INJ_COUNT","SUV_COUNT","TCD_FUNC_CD","TCD_TYPE","TFC_DETOUR_IND","TIME_OF_DAY","TOTAL_UNITS","TOT_INJ_COUNT","UNBELTED_OCC_COUNT","UNB_DEATH_COUNT","UNB_SUSP_SERIOUS_INJ_COUNT","UNK_INJ_DEG_COUNT","UNK_INJ_PER_COUNT","URBAN_RURAL","VAN_COUNT","VEHICLE_COUNT","WEATHER1","WEATHER2","WORKERS_PRES","WORK_ZONE_IND","WORK_ZONE_LOC","WORK_ZONE_TYPE","WZ_CLOSE_DETOUR","WZ_FLAGGER","WZ_LAW_OFFCR_IND","WZ_LN_CLOSURE","WZ_MOVING","WZ_OTHER","WZ_SHLDER_MDN","WZ_WORKERS_INJ_KILLED"
"2010029825","","2","0","0","0","0","0","0","0","0","4","0","","02","3","2010","4","40.364724","-79.869713","","11","0","0","0","0","0","1","0","1","2","0","0","0","","","0","","5","","40 21:53.006","2","0","79 52:10.966","0","0","0","0","2473","0","0","0","N","0","0","0","4","02473","0","","1.0","","1","N","N","","0","","0","0","0","","2","Y","","2","0","0","0","0","0","0","2","0","2","","","","N","","","","","","","","","",""
"2010029840","","1","0","0","0","0","0","0","0","0","8","0","","02","3","2010","6","40.497005","-80.058379","","11","0","0","0","0","0","0","1","0","","0","0","0","","","1","","0","","40 29:49.218","","0","80 03:30.164","4","0","0","0","2404","1","0","0","N","1","0","0","3","02404","1","","1.0","","1","N","N","","0","","0","0","0","","0","","","2","1","0","0","0","0","0","2","0","1","","","","N","","","","","","","","","",""
"2010029849","","2","0","0","0","0","0","0","0","0","1","0","","02","3","2010","4","40.364657","-80.086676","","11","0","0","0","0","0","0","0","0","","0","0","0","","","1","","0","","40 21:52.764","","0","80 05:12.033","8","0","0","0","2117","0","0","0","N","0","0","0","3","02117","0","","1.0","","1","N","N","","0","","0","0","0","","0","","","2","1","0","0","0","1","0","2","0","2","","","","N","","","","","","","","","",""
"2010029851","","1","0","0","1","0","0","0","0","0","8","0","","02","3","2010","4","40.424909","-79.952181","","11","0","0","0","0","0","0","0","0","2","0","0","0","","","1","","2","","40 25:29.672","1","0","79 57:07.850","4","0","0","0","2301","1","0","0","N","0","0","0","2","02301","1","","1.0","","1","N","N","","0","","0","0","0","","0","N","","2","1","0","0","0","0","0","2","0","1","","","","N","","","","","","","","","",""
"2010029884","","1","0","0","0","0","0","0","0","0","1","0","","02","3","2010","4","40.490465","-80.060097","","11","0","0","0","0","0","0","0","0","","0","0","0","","","1","","0","","40 29:25.675","","0","80 03:36.348","4","0","0","0","2402","0","0","0","N","0","0","0","2","02402","1","","1.0","","1","Y","N","","1","","0","0","0","","0","","","2","1","0","0","0","0","0","2","0","2","","","","N","","","","","","","","","",""
"2010029892","","0","0","0","0","0","0","0","0","0","7","0","","02","3","2010","4","40.481023","-79.781408","","11","0","0","0","0","0","0","0","0","2","0","0","0","","","1","","0","","40 28:51.682","1","0","79 46:53.068","8","0","0","0","2466","0","0","0","N","0","0","0","1","02466","0","","5.0","","1","N","N","","0","","0","0","1","","0","Y","","1","1","0","0","0","1","0","2","0","1","","","","N","","","","","","","","","",""
"2010029899","","0","0","0","0","0","0","0","0","0","8","0","","02","3","2010","4","40.373443","-80.048838","","11","0","0","0","0","0","1","0","0","","0","0","0","","","1","","2","","40 22:24.396","","0","80 02:55.817","4","0","0","0","2109","1","0","0","N","1","0","0","2","02109","1","","1.0","","1","N","N","","0","","0","0","0","","2","","","2","1","0","0","0","0","0","2","1","1","","","","N","","","","","","","","","",""
"2010029909","","2","0","0","0","0","0","0","0","0","6","0","","02","3","2010","5","40.438568","-79.985087","","11","0","0","0","0","1","0","0","0","","0","0","0","","","0","","1","","40 26:18.844","","0","79 59:06.313","0","0","0","0","2301","0","0","0","N","0","0","0","3","02301","0","","1.0","","1","N","N","","0","","0","0","0","","1","","","2","0","1","0","0","0","0","2","0","2","","","","N","","","","","","","","","",""
"2010029918","","2","0","0","0","0","0","0","0","0","1","0","","02","3","2010","1","40.407188","-79.906102","","11","0","0","0","0","0","0","0","0","3","0","0","0","","","1","","0","","40 24:25.877","5","0","79 54:21.967","8","0","0","0","2438","0","0","0","N","0","0","0","2","02438","0","","6.0","","1","N","N","","0","","0","0","0","","0","Y","","2","1","1","0","0","1","0","2","0","2","","","","N","","","","","","","","","",""
"2010029919","","1","0","0","0","0","0","0","0","0","7","0","","02","3","2010","5","40.539203","-79.874079","","11","0","0","0","0","0","0","0","0","2","0","0","0","","","1","","0","","40 32:21.130","1","0","79 52:26.684","3","0","0","0","2432","0","0","0","N","0","0","0","1","02432","0","","5.0","","1","N","N","","0","","1","0","0","","0","N","","1","1","0","0","0","0","0","2","0","1","","","","N","","","","","","","","","",""
"2010029925","","1","0","0","0","0","0","0","0","0","4","0","","02","3","2010","4","","","","11","0","0","0","0","0","1","1","0","1","0","0","0","","","0","","2","","","1","7","","0","0","0","0","2473","0","0","0","N","0","0","0","3","02473","0","","1.0","","1","N","N","","0","","0","0","2","","3","N","","3","0","0","0","0","0","0","1","0","3","","","","N","","","","","","","","","",""
"2010029928","","2","0","0","0","0","0","0","0","0","1","0","","02","3","2010","4","40.358929","-79.908297","","11","0","0","0","0","0","0","0","0","","0","0","0","","","2","","2","","40 21:32.146","","0","79 54:29.870","4","0","0","0","2473","0","0","0","N","0","0","0","5","02473","2","","1.0","","1","N","N","","0","","0","0","0","","3","","","2","2","0","0","0","0","0","2","0","2","","","","N","","","","","","","","","",""
"2010029929","","0","0","0","0","0","0","0","0","0","7","0","","02","3","2010","1","40.379349","-79.853544","","11","0","0","0","0","0","0","0","0","","0","0","0","","","0","","2","","40 22:45.658","","0","79 51:12.757","0","0","0","0","2303","0","0","0","","0","0","0","1","02303","0","","2.0","","9","","","","0","","0","0","1","","0","","","1","0","0","0","0","0","0","2","0","1","","","","N","","","","","","","","","",""
"2010029937","","2","0","0","0","0","0","0","0","0","1","0","","02","3","2010","3","40.39701","-79.770466","","11","0","0","0","0","0","1","0","0","","0","0","0","","","1","","0","","40 23:49.235","","3","79 46:13.676","8","0","0","0","2446","0","0","0","N","0","0","0","2","02446","0","","1.0","","9","N","N","","0","","0","0","0","","2","","","2","1","0","0","0","1","0","2","0","2","","","","N","","","","","","","","","",""
"2010029946","","1","0","0","0","0","0","0","0","0","4","0","","02","3","2010","5","40.354743","-79.979009","","11","0","0","0","0","0","1","0","0","1","0","0","0","","","1","","0","","40 21:17.075","1","0","79 58:44.431","4","0","0","0","2476","0","0","0","N","0","0","0","2","02476","1","","1.0","","1","N","N","","1","","0","0","0","","0","Y","","2","1","0","0","0","0","0","2","0","2","","","","N","","","","","","","","","",""
"2010029968","","0","0","0","0","0","0","0","0","0","7","1","","02","3","2010","5","40.397936","-79.986711","","11","0","0","0","0","0","0","0","0","1","0","1","0","","","0","","0","","40 23:52.569","7","7","79 59:12.159","0","0","0","0","2301","0","0","0","N","0","0","0","1","02301","0","","4.0","","1","N","N","","0","","0","0","0","","0","Y","","1","0","0","0","0","0","0","2","0","1","","","","N","","","","","","","","","",""
"2010029982","","1","0","0","0","0","0","0","0","0","6","0","","02","3","2010","5","40.448652","-80.002304","","11","0","0","0","0","0","1","0","0","","0","0","0","","","0","","1","","40 26:55.147","","0","80 00:08.294","0","0","0","0","2301","0","0","0","N","0","0","0","3","02301","0","","1.0","","1","N","N","","1","","0","0","0","","2","","","2","0","0","0","0","0","0","2","0","2","","","","N","","","","","","","","","",""
"2010029984","","2","0","0","0","0","0","0","0","0","4","0","","02","3","2010","4","40.521068","-79.949606","","11","0","0","0","0","0","0","0","1","","0","0","0","","","1","","0","","40 31:15.843","","7","79 56:58.581","8","0","0","0","2118","0","0","0","N","0","0","0","3","02118","0","","1.0","","1","N","N","","0","","0","0","0","","2","","","2","1","0","0","0","1","0","2","0","2","","","","N","","","","","","","","","",""
"2010029993","","1","0","0","0","0","0","0","0","0","5","1","","02","3","2010","5","40.478514","-80.042694","","11","0","0","0","0","0","2","0","0","1","0","1","0","","","0","","0","","40 28:42.651","2","0","80 02:33.700","0","0","0","0","2301","0","0","0","N","0","0","0","3","02301","0","","1.0","","9","N","N","","0","","0","0","0","","0","N","","2","0","1","0","0","0","0","2","0","2","","","","N","","","","","","","","","",""
"2010029994","","1","0","0","0","0","0","0","0","0","1","0","","02","3","2010","5","40.466035","-80.03409","","11","0","0","0","0","0","1","0","0","2","0","0","0","","","0","","0","","40 27:57.727","1","3","80 02:02.725","0","0","0","0","2301","0","0","0","N","0","0","0","3","02301","0","","1.0","","9","N","N","","1","","0","0","1","","0","N","","3","0","0","0","0","0","0","2","0","3","","","","N","","","","","","","","","",""
"2010030003","","1","0","0","0","0","0","0","0","0","7","0","","02","3","2010","7","40.658946","-79.883084","","11","0","0","0","0","0","1","0","0","3","0","0","0","","","2","","0","","40 39:32.205","6","0","79 52:59.101","2","0","0","0","2220","0","0","0","N","0","0","0","2","02220","0","","5.0","","1","N","N","","0","","1","1","0","","0","Y","","1","2","0","0","0","0","0","1","0","1","","","","N","","","","","","","","","",""
"2010030004","","1","0","0","0","0","0","0","0","0","1","0","","02","3","2010","5","40.469868","-80.100535","","11","0","0","0","0","0","1","0","0","","0","0","0","","","1","","0","","40 28:11.523","","0","80 06:01.927","8","0","0","0","2126","0","0","0","N","0","0","0","4","02126","0","","1.0","","9","N","N","","0","","0","0","0","","0","","","2","1","0","0","0","1","0","2","1","2","","","","N","","","","","","","","","",""
"2010030005","","2","0","0","0","0","0","0","0","0","1","0","","02","3","2010","5","40.424866","-80.191782","","11","0","0","1","1","0","0","0","0","","0","0","0","","","2","","2","","40 25:29.517","","0","80 11:30.414","3","0","0","0","2214","0","0","0","N","0","0","0","2","02214","1","","1.0","","9","N","N","","0","","1","0","0","","0","","","2","2","0","0","0","0","0","1","0","2","","","","N","","","","","","","","","",""
"2010030011","","1","0","0","0","0","0","0","0","0","7","0","","02","3","2010","5","40.465008","-79.914221","","11","0","0","0","0","0","0","0","0","3","1","0","0","","","0","","2","","40 27:54.028","6","0","79 54:51.195","1","0","0","0","2301","0","0","0","N","0","0","0","1","02301","0","2","5.0","","9","N","N","","0","0","0","0","0","","0","Y","","1","0","1","1","0","0","0","2","0","1","","","","N","","","","","","","","","",""
"2010030019","","2","0","0","0","0","0","0","0","0","4","0","","02","3","2010","6","40.521934","-80.005364","","11","0","0","0","0","0","0","0","0","1","0","0","0","","","0","","2","","40 31:18.962","2","7","80 00:19.311","0","0","0","0","2116","0","0","0","N","0","0","0","5","02116","0","","1.0","","1","N","N","","0","","0","0","1","","2","N","","3","0","0","0","0","0","0","2","0","3","","","","N","","","","","","","","","",""
"2010030027","","2","0","0","0","0","0","0","0","0","1","0","","02","3","2010","5","40.378677","-79.992894","","11","0","0","0","0","0","1","0","0","","0","0","0","","","0","","2","","40 22:43.238","","0","79 59:34.420","9","0","0","0","2301","0","0","0","N","0","0","0","2","02301","0","","1.0","","9","N","N","","0","","0","0","0","","2","","","2","0","0","0","0","0","1","2","0","2","","","","N","","","","","","","","","",""
"2010030028","","2","0","0","0","0","0","0","0","0","5","0","","02","3","2010","5","40.384209","-79.965951","","11","0","0","0","0","0","0","0","1","2","0","0","0","","","0","","0","","40 23:03.152","6","0","79 57:57.423","0","0","0","0","2403","0","0","0","N","0","0","0","1","02403","0","","1.0","","9","N","N","","0","","0","0","0","","0","N","","3","0","0","0","0","0","0","2","1","3","","","","N","","","","","","","","","",""
"2010030034","","4","0","0","0","0","0","0","0","0","6","0","","02","3","2010","5","40.419527","-79.989714","","11","0","0","0","0","0","0","0","0","","0","0","0","","","0","","0","","40 25:10.297","","0","79 59:22.970","9","0","0","0","2301","0","0","0","N","0","0","0","1","02301","0","","4.0","","1","N","N","","0","","0","0","0","","0","","","4","0","0","0","0","0","1","2","0","4","","","","N","","","","","","","","","",""
"2010030040","","1","0","0","0","0","0","0","0","0","99","0","","02","3","2010","2","40.661242","-80.129121","","11","0","0","0","0","0","0","0","0","","0","0","0","","","0","","0","","40 39:40.472","","0","80 07:44.834","0","0","0","0","2212","0","0","0","N","0","0","0","1","02505","0","","5.0","","9","N","N","","0","","0","0","0","","0","","","1","0","0","0","0","0","0","1","0","1","","","","N","","","","","","","","","",""
"2010030041","","1","0","0","0","0","0","0","0","0","7","0","","02","3","2010","6","40.472803","-80.22233","","11","0","0","0","0","0","0","0","0","","0","0","0","","","1","","1","","40 28:22.091","","2","80 13:20.387","4","0","0","0","2203","0","0","0","N","0","0","0","5","02203","1","","2.0","","9","N","N","","0","","0","0","0","","3","","","1","1","0","0","0","0","0","2","0","1","","","","N","","","","","","","","","",""
"2010030043","","2","0","0","0","0","0","0","0","0","5","0","","02","3","2010","6","40.447724","-79.966555","","11","0","0","0","0","0","0","0","0","1","0","0","0","","","0","","0","","40 26:51.806","3","0","79 57:59.598","9","0","0","0","2301","0","0","0","N","0","0","0","2","02301","0","","1.0","","9","N","N","","0","","0","0","0","","0","N","","2","0","0","0","0","0","1","2","0","2","","","","N","","","","","","","","","",""
"2010030052","","1","0","0","0","0","0","0","0","0","4","0","","02","3","2010","4","40.38128","-79.976168","","11","0","0","0","0","0","0","0","0","","0","0","0","","","1","","2","","40 22:52.608","","0","79 58:34.204","8","0","0","1","2413","0","0","0","N","0","0","0","2","02413","0","","1.0","","1","N","N","","0","","0","0","0","","3","","","2","1","0","0","0","1","0","2","0","2","","","","N","","","","","","","","","",""
"2010030060","","2","0","0","0","0","0","0","0","0","1","0","","02","3","2010","6","40.455746","-79.910475","","11","0","0","0","0","0","1","0","0","","0","0","0","","","0","","2","","40 27:20.686","","7","79 54:37.709","0","0","0","0","2301","0","0","0","N","0","0","0","3","02301","0","","1.0","","1","N","N","","1","","0","0","0","","2","","","3","0","0","0","0","0","0","2","0","3","","","","N","","","","","","","","","",""
"2010030063","","1","0","0","0","0","0","0","0","0","0","0","","02","3","2010","5","40.53274","-80.046981","","11","0","0","0","0","0","1","0","0","1","0","0","0","","","1","","0","","40 31:57.863","6","0","80 02:49.133","4","0","0","0","2116","0","0","0","N","0","0","0","1","02116","1","","5.0","","1","N","N","","0","","0","0","0","","0","N","","1","1","0","0","0","0","0","2","0","1","","","","N","","","","","","","","","",""
"2010030066","","1","0","0","0","0","0","0","0","0","1","0","","02","3","2010","6","40.434894","-79.992607","","11","0","0","0","0","0","0","1","0","1","0","0","0","","","1","","0","","40 26:05.618","3","0","79 59:33.386","4","0","0","0","2301","0","0","0","N","0","0","0","3","02301","1","","1.0","","1","N","N","","0","","0","0","2","","0","N","","3","1","0","0","0","0","0","2","0","3","","","","N","","","","","","","","","",""
"2010030069","","1","0","0","0","0","0","0","0","0","1","0","","02","3","2010","6","40.495734","-80.066981","","11","0","0","0","0","0","0","0","0","","0","0","0","","","1","","2","","40 29:44.644","","0","80 04:01.131","8","0","0","0","2402","0","0","0","N","0","0","0","2","02402","0","","1.0","","1","N","N","","1","","0","0","0","","2","","","2","1","0","0","0","1","0","2","0","2","","","","N","","","","","","","","","",""
"2010030072","","0","0","0","0","0","0","0","0","0","2","0","","02","3","2010","6","40.383841","-79.992512","","11","0","1","0","0","0","0","0","0","1","0","0","0","","","0","","0","","40 23:01.827","2","0","79 59:33.043","0","0","0","0","2301","0","0","0","N","0","0","0","3","02301","0","","1.0","","1","N","N","","0","","0","0","1","","0","N","","2","0","0","0","0","0","0","2","0","2","","","","N","","","","","","","","","",""
"2010030115","","2","0","0","0","0","0","0","0","0","2","0","","02","3","2010","1","40.441562","-80.008816","","11","0","0","0","0","0","0","0","0","2","0","0","0","","","2","","0","","40 26:29.624","1","0","80 00:31.736","3","0","0","0","2301","0","0","0","N","0","0","0","2","68B03","1","","1.0","","1","N","N","","0","","1","0","0","","0","Y","","2","2","1","0","0","0","0","2","0","2","","","","N","","","","","","","","","",""
"2010030116","","1","0","0","0","0","0","0","0","0","5","0","","02","3","2010","3","40.437905","-80.004376","","11","0","0","0","0","1","0","0","0","1","0","0","0","","","0","","7","","40 26:16.457","4","0","80 00:15.753","0","0","0","0","2301","0","0","0","N","0","0","0","2","68B03","0","","1.0","","1","N","N","","0","","0","0","1","","0","N","","2","0","0","0","0","0","0","2","0","2","","","","N","","","","","","","","","",""
"2010030117","","2","0","0","0","0","0","0","0","0","1","0","","02","3","2010","3","40.433104","-79.961913","","11","0","0","0","0","0","0","0","0","2","0","0","0","","","0","","0","","40 25:59.174","4","0","79 57:42.886","0","0","0","0","2301","0","0","0","N","0","0","0","2","68B03","0","","1.0","","1","N","N","","0","","0","0","0","","0","N","","2","0","0","0","0","0","0","2","0","2","","","","N","","","","","","","","","",""
"2010030118","","1","0","0","0","0","0","0","0","0","7","0","","02","3","2010","3","40.454574","-80.111517","","11","0","0","0","0","0","0","0","0","","0","0","0","","","0","","0","","40 27:16.467","","0","80 06:41.462","0","0","0","0","2115","0","0","0","Y","0","0","0","1","68B03","0","","3.0","","1","N","N","","0","","0","0","0","","0","","","1","0","0","0","0","0","0","2","0","1","","","","N","","","","","","","","","",""
"2010030119","","1","0","0","0","0","0","0","0","0","0","0","","02","3","2010","3","40.491683","-80.009484","","11","0","0","0","0","0","1","0","0","","0","0","0","","","0","","7","","40 29:30.060","","2","80 00:34.144","0","0","0","0","2301","0","0","0","N","0","0","0","1","68B03","0","","1.0","","9","N","N","","0","","0","0","0","","0","","","1","0","0","0","0","0","0","2","0","1","","","","N","","","","","","","","","",""
"2010030120","","1","0","0","0","0","0","0","0","0","4","0","","02","3","2010","3","40.372568","-80.110534","","11","0","0","0","0","0","1","0","0","2","0","0","0","","","1","","6","","40 22:21.244","1","2","80 06:37.923","4","0","0","0","2102","0","0","0","N","0","0","0","4","68B03","1","","1.0","","9","N","N","","2","","0","0","0","","0","N","","3","1","0","0","0","0","0","2","0","3","","","","N","","","","","","","","","",""
"2010030136","","1","0","0","0","0","0","0","0","0","0","0","","02","3","2010","7","40.490536","-79.878086","","11","0","0","0","0","0","0","0","0","2","0","0","0","","","1","","7","","40 29:25.930","1","2","79 52:41.111","4","0","0","0","2112","0","0","0","N","0","0","0","6","68D02","1","","1.0","","1","N","N","","0","","0","0","0","","0","N","","1","1","0","0","0","0","3","2","0","1","","","","N","","","","","","","","","",""
"2010030138","","2","0","0","0","0","0","0","0","0","1","0","","02","3","2010","2","40.497137","-79.922492","","11","0","0","0","0","0","0","0","0","","0","0","0","","","0","","0","","40 29:49.692","","0","79 55:20.970","0","0","0","0","2112","0","0","0","N","0","0","0","3","68D02","0","","1.0","","1","N","N","","1","","0","0","0","","0","","","3","0","0","0","0","0","0","2","0","3","","","","N","","","","","","","","","",""
"2010030231","","1","0","0","0","0","0","0","0","0","99","0","","02","3","2010","2","40.415346","-79.730278","","11","0","0","0","0","0","0","0","0","","0","0","0","","","0","","0","","40 24:55.244","","0","79 43:49.002","0","0","0","0","2446","0","0","0","N","0","0","0","1","68T09","0","","1.0","","9","N","N","","0","","0","0","0","","0","","","1","0","0","0","0","0","0","2","0","1","","","","N","","","","","","","","","",""
"2010030316","","1","0","0","0","0","0","0","0","0","1","1","","02","3","2010","1","40.535834","-80.182865","","11","0","0","0","0","0","0","0","0","2","0","1","0","","","1","","0","","40 32:09.003","1","0","80 10:58.314","4","0","0","0","2427","0","0","0","N","0","0","0","3","02427","1","","1.0","","1","N","N","","0","","0","0","0","","0","N","","2","1","0","0","0","0","1","2","0","2","","","","N","","","","","","","","","",""
"2010030335","","1","0","0","0","0","0","0","0","0","7","0","","02","3","2010","6","40.465529","-79.907554","","11","0","0","0","0","0","0","0","1","","0","0","0","","","0","","0","","40 27:55.906","","0","79 54:27.193","0","0","0","0","2301","0","0","0","N","0","0","0","1","02301","0","","5.0","","1","N","N","","0","","0","0","0","","0","","","1","0","0","0","0","0","0","2","0","1","","","","N","","","","","","","","","",""
"2010030383","","2","0","0","0","0","0","0","0","0","4","0","","02","3","2010","6","40.499137","-79.8533","","11","0","0","0","0","0","0","1","0","","0","0","0","","","0","","0","","40 29:56.893","","7","79 51:11.879","0","0","0","0","2112","0","0","0","N","0","0","0","2","02112","0","","1.0","","1","N","N","","0","","0","0","0","","0","","","2","0","0","0","0","0","0","2","0","2","","","","N","","","","","","","","","",""
"2010030390","","0","0","0","0","0","0","0","0","0","7","0","","02","3","2010","6","40.470581","-79.72001","","11","0","0","0","0","0","0","1","0","1","0","0","0","","","0","","0","","40 28:14.092","5","0","79 43:12.035","9","0","0","0","2466","0","0","0","N","0","0","0","1","02466","0","","4.0","","1","N","N","","1","","0","0","0","","0","N","","1","0","0","0","0","0","1","2","0","1","","","","N","","","","","","","","","",""
"2010030405","","2","0","0","0","0","0","0","0","0","4","0","","02","3","2010","6","40.438004","-79.98265","","11","0","1","0","0","0","1","0","0","","0","0","0","","","1","","1","","40 26:16.814","","0","79 58:57.540","8","0","0","0","2301","0","0","0","N","0","0","0","2","02301","0","","1.0","","1","N","N","","0","","0","0","0","","0","","","2","1","0","0","0","1","0","2","0","2","","","","N","","","","","","","","","",""
"2010030407","","2","0","0","0","0","0","0","0","0","1","0","","02","3","2010","4","40.478026","-79.841216","","11","0","0","0","0","0","0","0","0","","0","0","0","","","2","","0","","40 28:40.895","","0","79 50:28.378","8","0","0","0","2113","0","0","0","N","0","0","0","3","02113","0","","1.0","","1","N","N","","0","","0","0","0","","0","","","2","2","1","0","0","2","0","2","0","2","","","","N","","","","","","","","","",""
"2010030409","","1","0","0","0","0","0","0","0","0","7","0","","02","3","2010","6","40.436013","-79.785255","","11","0","0","0","0","0","0","0","0","","0","0","0","","","0","","0","","40 26:09.646","","0","79 47:06.919","0","0","0","0","2446","0","0","0","N","0","0","0","2","02446","0","","5.0","","1","N","N","","0","","0","0","0","","0","","","1","0","0","0","0","0","0","2","0","1","","","","N","","","","","","","","","",""
"2010030410","","2","0","0","0","0","0","0","0","0","1","0","","02","3","2010","6","40.352494","-79.839264","","11","0","0","0","0","0","0","0","0","","0","0","0","","","1","","0","","40 21:08.977","","0","79 50:21.351","8","0","0","0","2304","0","0","0","N","0","0","0","3","02304","0","","1.0","","1","N","N","","0","","0","0","1","","0","","","3","1","1","0","0","1","1","2","0","3","","","","N","","","","","","","","","",""
"2010030411","","0","0","0","0","0","0","0","0","0","1","0","","02","3","2010","6","40.464747","-79.979783","","11","0","0","0","0","0","0","0","0","","0","0","0","","","0","","2","","40 27:53.088","","0","79 58:47.220","0","0","0","0","2301","0","0","0","N","0","0","0","2","02301","0","","1.0","","1","N","N","","0","","0","0","2","","2","","","2","0","0","0","0","0","0","2","0","2","","","","N","","","","","","","","","",""
"2010030419","","2","0","0","0","0","0","0","0","0","7","0","","02","3","2010","1","40.455274","-79.967248","","11","0","0","0","0","0","0","0","0","1","0","0","0","","","0","","0","","40 27:18.988","3","0","79 58:02.093","0","0","0","0","2301","0","0","0","N","0","0","0","2","02301","0","","2.0","","1","N","N","","0","","0","0","0","","2","N","","2","0","0","0","0","0","0","2","0","2","","","","N","","","","","","","","","",""
"2010030425","","2","0","0","0","0","0","0","0","0","1","0","","02","3","2010","5","40.346586","-79.939144","","11","0","0","0","0","0","0","0","0","1","0","0","0","","","2","","0","","40 20:47.708","1","0","79 56:20.918","8","0","0","0","2473","0","0","0","N","0","0","0","3","02473","0","","1.0","","9","N","N","","0","","0","0","0","","0","N","","2","2","0","0","0","2","0","2","0","2","","","","N","","","","","","","","","",""
"2010030525","","2","0","0","0","0","0","0","0","0","1","0","","02","3","2010","6","40.472899","-79.958722","","11","0","0","0","0","0","1","0","1","","0","0","0","","","2","","1","","40 28:22.438","","0","79 57:31.400","4","0","0","0","2301","0","0","0","N","0","0","0","3","02301","2","","1.0","","1","N","N","","0","","0","0","0","","2","","","2","2","0","0","0","0","0","2","0","2","","","","N","","","","","","","","","",""
"2010030526","","2","0","0","0","0","0","0","0","0","1","0","","02","3","2010","6","40.429656","-79.892091","","11","0","0","0","0","0","0","0","0","","0","0","0","","","1","","2","","40 25:46.763","","0","79 53:31.527","8","0","0","0","2426","0","0","0","N","0","0","0","4","02426","0","","1.0","","1","N","N","","0","","0","0","0","","0","","","2","1","0","0","0","1","0","2","0","2","","","","N","","","","","","","","","",""
"2010030530","","0","0","0","0","0","0","0","0","0","8","0","","02","3","2010","6","40.361086","-79.990909","","11","0","0","0","0","0","0","0","0","1","0","0","0","","","1","","1","","40 21:39.908","6","0","79 59:27.273","4","0","0","0","2476","1","0","0","N","1","0","0","3","02476","1","","1.0","","1","N","N","","0","","0","0","1","","0","Y","","2","1","0","0","0","0","0","2","0","1","","","","N","","","","","","","","","",""
"2010030533","","2","0","0","0","0","0","0","0","0","4","0","25","02","3","2010","6","40.443782","-80.004751","","11","0","0","0","0","0","0","0","0","6","0","0","0","","","0","","2","","40 26:37.614","7","0","80 00:17.103","0","0","0","0","2301","0","0","0","Y","0","0","0","3","02301","0","","1.0","","1","N","N","","0","","0","0","0","","2","N","","2","0","0","0","0","0","0","2","0","2","","","N","Y","3","1","","","N","Y","","","",""
"2010030536","","1","0","0","0","0","0","0","0","0","7","0","","02","3","2010","6","40.430451","-80.002849","","11","0","0","0","0","0","1","0","0","1","0","0","0","","","0","","0","","40 25:49.623","5","0","80 00:10.256","0","0","0","0","2301","0","0","0","N","0","0","0","1","02301","0","","2.0","","1","N","N","","0","","0","0","0","","0","N","","1","0","0","0","0","0","0","2","0","1","","","","N","","","","","","","","","",""
"2010030539","","2","0","0","0","0","0","0","0","0","4","0","","02","3","2010","6","40.428658","-79.979132","","11","0","0","1","0","0","0","0","0","2","0","0","0","","","0","","1","","40 25:43.167","3","0","79 58:44.876","0","0","0","0","2301","0","0","0","N","0","0","0","4","02301","0","","1.0","","1","N","N","","0","","0","0","0","","3","N","","2","0","3","0","0","0","0","2","0","2","","","","N","","","","","","","","","",""