"CRN","ARRIVAL_TM","AUTOMOBILE_COUNT","BELTED_DEATH_COUNT","BELTED_SUSP_SERIOUS_INJ_COUNT","BICYCLE_COUNT","BICYCLE_DEATH_COUNT","BICYCLE_SUSP_SERIOUS_INJ_COUNT","BUS_COUNT","CHLDPAS_DEATH_COUNT","CHLDPAS_SUSP_SERIOUS_INJ_COUNT","COLLISION_TYPE","COMM_VEH_COUNT","CONS_ZONE_SPD_LIM","COUNTY","CRASH_MONTH","CRASH_YEAR","DAY_OF_WEEK","DEC_LATITUDE","DEC_LONGITUDE","DISPATCH_TM","DISTRICT","DRIVER_COUNT_16YR","DRIVER_COUNT_17YR","DRIVER_COUNT_18YR","DRIVER_COUNT_19YR","DRIVER_COUNT_20YR","DRIVER_COUNT_50_64YR","DRIVER_COUNT_65_74YR","DRIVER_COUNT_75PLUS","EST_HRS_CLOSED","FATAL_COUNT","HEAVY_TRUCK_COUNT","HORSE_BUGGY_COUNT","HOUR_OF_DAY","ILLUMINATION","INJURY_COUNT","INTERSECTION_RELATED","INTERSECT_TYPE","LANE_CLOSED","LATITUDE","LN_CLOSE_DIR","LOCATION_TYPE","LONGITUDE","MAX_SEVERITY_LEVEL","MCYCLE_DEATH_COUNT","MCYCLE_SUSP_SERIOUS_INJ_COUNT","MOTORCYCLE_COUNT","MUNICIPALITY","NONMOTR_COUNT","NONMOTR_DEATH_COUNT","NONMOTR_SUSP_SERIOUS_INJ_COUNT","NTFY_HIWY_MAINT","PED_COUNT","PED_DEATH_COUNT","PED_SUSP_SERIOUS_INJ_COUNT","PERSON_COUNT","POLICE_AGCY","POSSIBLE_INJ_COUNT","RDWY_SURF_TYPE_CD","RELATION_TO_ROAD","ROADWAY_CLEARED","ROAD_CONDITION","SCH_BUS_IND","SCH_ZONE_IND","SECONDARY_CRASH","SMALL_TRUCK_COUNT","SPEC_JURIS_CD","SUSP_MINOR_INJ_COUNT","SUSP_SERIOUS_INJ_COUNT","SUV_COUNT","TCD_FUNC_CD","TCD_TYPE","TFC_DETOUR_IND","TIME_OF_DAY","TOTAL_UNITS","TOT_INJ_COUNT","UNBELTED_OCC_COUNT","UNB_DEATH_COUNT","UNB_SUSP_SERIOUS_INJ_COUNT","UNK_INJ_DEG_COUNT","UNK_INJ_PER_COUNT","URBAN_RURAL","VAN_COUNT","VEHICLE_COUNT","WEATHER1","WEATHER2","WORKERS_PRES","WORK_ZONE_IND","WORK_ZONE_LOC","WORK_ZONE_TYPE","WZ_CLOSE_DETOUR","WZ_FLAGGER","WZ_LAW_OFFCR_IND","WZ_LN_CLOSURE","WZ_MOVING","WZ_OTHER","WZ_SHLDER_MDN","WZ_WORKERS_INJ_KILLED"
"2010033612","","2","0","0","0","0","0","0","0","0","4","0","","02","4","2010","2","40.452538","-79.981143","","11","0","0","0","0","0","0","0","0","2","0","0","0","","","1","","1","","40 27:09.136","7","0","79 58:52.114","8","0","0","0","2301","0","0","0","N","0","0","0","2","02301","0","","1.0","","1","N","N","","0","","0","0","0","","0","Y","","2","1","0","0","0","1","0","2","0","2","","","","N","","","","","","","","","",""
"2010033620","","1","0","0","0","0","0","0","0","0","7","0","","02","3","2010","7","40.294072","-79.832104","","11","0","0","0","0","0","1","0","0","3","0","0","0","","","1","","0","","40 17:38.658","6","3","79 49:55.576","2","0","0","0","2443","0","0","0","Y","0","0","0","1","02443","0","","2.0","","1","N","N","","0","","0","1","0","","0","N","","1","1","0","0","0","0","0","1","0","1","","","","N","","","","","","","","","",""
"2010033624","","1","0","0","0","0","0","0","0","0","1","0","","02","4","2010","3","40.428211","-79.949118","","11","0","0","0","0","0","0","0","0","","0","0","0","","","0","","0","","40 25:41.559","","1","79 56:56.824","9","0","0","0","2301","0","0","0","N","0","0","0","2","02301","0","","1.0","","1","N","N","","0","","0","0","1","","0","","","2","0","0","0","0","0","1","2","0","2","","","","N","","","","","","","","","",""
"2010033628","","1","0","0","0","0","0","0","0","0","0","0","","02","4","2010","6","40.409684","-79.991654","","11","0","0","0","0","0","0","1","0","","0","0","0","","","0","","0","","40 24:34.862","","0","79 59:29.954","0","0","0","0","2301","0","0","0","N","0","0","0","2","02301","0","","1.0","","1","N","N","","0","","0","0","0","","0","","","1","0","1","0","0","0","0","2","0","1","","","","N","","","","","","","","","",""
"2010033643","","1","0","0","0","0","0","0","0","0","1","0","","02","4","2010","5","40.486753","-79.89242","","11","0","0","0","0","0","0","1","0","","0","0","0","","","1","","2","","40 29:12.311","","0","79 53:32.713","8","0","0","0","2301","0","0","0","N","0","0","0","3","02301","0","","1.0","","1","N","N","","0","","0","0","0","","2","","","2","1","0","0","0","1","0","2","1","2","","","","N","","","","","","","","","",""
"2010033645","","2","0","0","0","0","0","0","0","0","1","0","","02","4","2010","3","40.482883","-79.809644","","11","0","0","0","0","0","0","0","0","1","0","0","0","","","0","","2","","40 28:58.380","4","0","79 48:34.720","0","0","0","0","2113","0","0","0","N","0","0","0","2","02113","0","","1.0","","1","N","N","","0","","0","0","0","","2","N","","2","0","0","0","0","0","0","2","0","2","","","","N","","","","","","","","","",""
"2010033646","","1","0","0","0","0","0","0","0","0","0","0","","02","4","2010","3","40.491031","-79.784514","","11","0","0","0","0","0","0","0","0","2","0","0","0","","","1","","0","","40 29:27.712","5","0","79 47:04.251","4","0","0","0","2466","0","0","0","N","0","0","0","2","02466","1","","1.0","","1","N","N","","0","","0","0","0","","0","N","","1","1","0","0","0","0","0","2","0","1","","","","N","","","","","","","","","",""
"2010033648","","1","0","0","0","0","0","0","0","0","7","0","","02","3","2010","4","40.667154","-80.102148","","11","0","0","0","0","0","1","0","0","1","0","0","0","","","0","","1","","40 40:01.754","6","0","80 06:07.732","0","0","0","0","2212","0","0","0","N","0","0","0","1","02505","0","","4.0","","1","N","N","","0","","0","0","0","","2","N","","1","0","0","0","0","0","0","2","0","1","","","","N","","","","","","","","","",""
"2010033656","","1","0","0","0","0","0","0","0","0","2","0","","02","4","2010","3","40.438031","-79.916137","","11","0","0","1","0","0","1","0","0","1","0","0","0","","","1","","1","","40 26:16.911","5","0","79 54:58.093","8","0","0","0","2301","0","0","0","N","0","0","0","4","02301","0","","1.0","","1","N","N","","0","","0","0","1","","2","N","","2","1","0","0","0","1","0","2","0","2","","","","N","","","","","","","","","",""
"2010033672","","2","0","0","0","0","0","0","0","0","4","0","","02","4","2010","3","40.449245","-80.173673","","11","0","0","0","0","0","0","0","0","","0","0","0","","","1","","2","","40 26:57.282","","0","80 10:25.221","4","0","0","0","2214","0","0","0","N","0","0","0","3","02214","1","","1.0","","1","N","N","","0","","0","0","0","","3","","","2","1","0","0","0","0","0","2","0","2","","","","N","","","","","","","","","",""
"2010033680","","1","0","0","0","0","0","0","0","0","7","0","","02","4","2010","3","40.376454","-79.893172","","11","0","0","0","0","0","0","1","0","1","0","0","0","","","1","","0","","40 22:35.235","2","0","79 53:35.418","4","0","0","0","2448","0","0","0","N","0","0","0","1","02448","1","","2.0","","1","N","N","","0","","0","0","1","","0","N","","2","1","0","0","0","0","0","2","0","2","","","","N","","","","","","","","","",""
"2010033684","","1","0","0","0","0","0","0","0","0","0","0","","02","4","2010","3","40.387428","-80.043606","","11","0","0","0","0","0","0","0","0","1","0","0","0","","","0","","0","","40 23:14.739","2","0","80 02:36.980","0","0","0","0","2109","0","0","0","N","0","0","0","1","02109","0","","1.0","","1","N","N","","0","","0","0","0","","0","N","","1","0","0","0","0","0","0","2","0","1","","","","N","","","","","","","","","",""
"2010033696","","1","0","0","0","0","0","0","0","0","1","0","","02","4","2010","6","40.330046","-80.022388","","11","0","0","0","0","0","0","0","0","1","0","0","0","","","0","","0","","40 19:48.166","1","0","80 01:20.597","0","0","0","0","2407","0","0","0","N","0","0","0","4","02407","0","","1.0","","1","N","N","","0","","0","0","0","","0","N","","2","0","0","0","0","0","0","2","1","2","","","","N","","","","","","","","","",""
"2010033748","","0","0","0","0","0","0","0","0","0","1","0","","02","4","2010","2","40.515538","-80.133724","","11","0","0","0","0","0","0","0","0","","0","0","0","","","1","","0","","40 30:55.937","","3","80 08:01.407","8","0","0","0","2434","0","0","0","N","0","0","0","2","68B03","0","","1.0","","1","N","N","","0","","0","0","2","","0","","","2","1","0","0","0","1","0","2","0","2","","","","N","","","","","","","","","",""
"2010033808","","1","0","0","0","0","0","0","0","0","7","0","","02","4","2010","3","40.462143","-79.919403","","11","0","0","0","0","1","0","0","0","","0","0","0","","","0","","2","","40 27:43.713","","0","79 55:09.852","9","0","0","0","2301","0","0","0","N","0","0","0","1","02301","0","","5.0","","1","N","N","","0","","0","0","0","","0","","","1","0","0","0","0","0","1","2","0","1","","","","N","","","","","","","","","",""
"2010033834","","0","0","0","0","0","0","0","0","0","4","0","","02","4","2010","6","40.541269","-79.797831","","11","0","0","0","0","0","0","0","0","2","0","0","0","","","0","","1","","40 32:28.567","3","0","79 47:52.192","9","0","0","0","2418","0","0","0","N","0","0","0","2","02418","0","","1.0","","1","N","N","","0","","0","0","2","","3","N","","2","0","0","0","0","0","2","2","0","2","","","","N","","","","","","","","","",""
"2010033848","","1","0","0","0","0","0","0","0","0","7","0","","02","4","2010","4","40.501453","-79.833343","","11","0","0","0","0","0","0","0","0","","0","0","0","","","1","","0","","40 30:05.230","","0","79 50:00.034","4","0","0","0","2113","0","0","0","N","0","0","0","1","02113","1","","5.0","","1","N","N","","0","","0","0","0","","0","","","1","1","0","0","0","0","0","2","0","1","","","","N","","","","","","","","","",""
"2010033852","","0","0","0","0","0","0","0","0","0","7","0","","02","4","2010","4","40.460261","-79.909053","","11","0","0","0","0","0","0","0","0","","0","0","0","","","0","","2","","40 27:36.939","","0","79 54:32.590","9","0","0","0","2301","0","0","0","N","0","0","0","1","02301","0","","4.0","","1","N","N","","0","","0","0","1","","0","","","1","0","0","0","0","0","1","2","0","1","","","","N","","","","","","","","","",""
"2010033855","","1","0","0","0","0","0","0","0","0","7","0","","02","4","2010","4","40.400172","-79.785928","","11","0","0","0","0","0","0","0","0","1","0","0","0","","","0","","0","","40 24:00.618","6","0","79 47:09.341","0","0","0","0","2446","0","0","0","N","0","0","0","2","02446","0","","2.0","","1","N","N","","0","","0","0","0","","0","N","","1","0","0","0","0","0","0","2","0","1","","","","N","","","","","","","","","",""
"2010033874","","0","0","0","0","0","0","0","0","0","1","0","","02","3","2010","3","40.428793","-79.945222","","11","0","0","0","0","0","1","0","0","","0","0","0","","","0","","0","","40 25:43.654","","0","79 56:42.798","0","0","0","0","2301","0","0","0","N","0","0","0","5","68B03","0","","1.0","","1","N","N","","0","","0","0","2","","0","","","2","0","0","0","0","0","0","2","0","2","","","","N","","","","","","","","","",""
"2010033875","","2","0","0","0","0","0","0","0","0","1","0","","02","4","2010","6","40.450693","-80.168689","","11","0","0","0","0","0","0","0","0","","0","0","0","","","1","","0","","40 27:02.494","","0","80 10:07.279","4","0","0","0","2115","0","0","0","N","0","0","0","5","68B03","1","","1.0","","1","N","N","","0","","0","0","0","","3","","","2","1","0","0","0","0","0","2","0","2","","","","N","","","","","","","","","",""
"2010033876","","0","0","0","0","0","0","0","0","0","0","1","","02","4","2010","2","40.53897","-80.123297","","11","0","0","0","0","0","1","0","0","3","0","1","0","","","0","","0","","40 32:20.293","2","0","80 07:23.869","0","0","0","0","2460","0","0","0","Y","0","0","0","1","68B03","0","","1.0","","1","N","N","","0","","0","0","0","","0","N","","1","0","0","0","0","0","0","1","0","1","","","","N","","","","","","","","","",""
"2010033940","","1","0","0","0","0","0","0","0","0","4","0","","02","4","2010","3","40.443997","-80.002735","","11","0","0","0","0","0","0","0","0","","0","0","0","","","1","","1","","40 26:38.389","","0","80 00:09.846","8","0","0","0","2301","0","0","0","N","0","0","0","3","02301","0","","1.0","","1","N","N","","0","","0","0","0","","2","","","2","1","0","0","0","1","0","2","1","2","","","","N","","","","","","","","","",""
"2010033947","","0","0","0","0","0","0","0","0","0","4","0","","02","4","2010","3","40.379518","-79.812714","","11","0","0","0","0","0","0","0","0","1","0","0","0","","","1","","2","","40 22:46.263","2","0","79 48:45.771","3","0","0","0","2424","0","0","0","N","0","0","0","2","02424","0","","1.0","","1","N","N","","1","","1","0","1","","3","N","","2","1","0","0","0","0","0","2","0","2","","","","N","","","","","","","","","",""
"2010033959","","2","0","0","0","0","0","0","0","0","1","0","","02","4","2010","4","40.501233","-79.843203","","11","0","0","0","0","0","0","0","0","2","0","0","0","","","1","","0","","40 30:04.439","1","0","79 50:35.531","8","0","0","0","2113","0","0","0","N","0","0","0","3","02113","0","","1.0","","1","N","N","","0","","0","0","0","","0","N","","2","1","2","0","0","1","0","2","0","2","","","","N","","","","","","","","","",""
"2010033960","","2","0","0","0","0","0","0","0","0","4","0","","02","4","2010","4","40.336459","-79.971494","","11","0","0","0","0","0","0","0","0","1","0","0","0","","","0","","2","","40 20:11.254","4","0","79 58:17.380","0","0","0","0","2454","0","0","0","N","0","0","0","3","02454","0","","1.0","","1","N","N","","0","","0","0","0","","2","N","","2","0","0","0","0","0","0","2","0","2","","","","N","","","","","","","","","",""
"2010033961","","1","0","0","0","0","0","0","0","0","4","0","","02","4","2010","4","40.494325","-79.929566","","11","0","0","0","0","0","1","0","0","","0","0","0","","","1","","1","","40 29:39.570","","0","79 55:46.438","4","0","0","1","2461","0","0","0","N","0","0","0","2","02461","1","","1.0","","1","N","N","","0","","0","0","0","","3","","","2","1","0","0","0","0","0","2","0","2","","","","N","","","","","","","","","",""
"2010033962","","1","0","0","0","0","0","0","0","0","4","0","","02","4","2010","3","40.51015","-80.094099","","11","0","0","0","0","0","0","0","0","2","0","0","0","","","1","","0","","40 30:36.539","2","0","80 05:38.757","4","0","0","0","2429","0","0","0","N","0","0","0","2","02215","1","","1.0","","1","N","N","","1","","0","0","0","","0","N","","2","1","1","0","0","0","0","2","0","2","","","","N","","","","","","","","","",""
"2010033974","","1","0","0","0","0","0","0","0","0","1","1","","02","4","2010","4","40.430269","-80.02846","","11","0","0","0","0","0","0","0","0","","0","1","0","","","0","","6","","40 25:48.968","","2","80 01:42.455","0","0","0","0","2301","0","0","0","N","0","0","0","3","02301","0","","1.0","","1","N","N","","0","","0","0","0","","4","","","2","0","0","0","0","0","0","2","0","2","","","","N","","","","","","","","","",""
"2010033984","","3","0","0","0","0","0","0","0","0","4","0","","02","4","2010","4","40.451468","-79.908178","","11","0","0","0","0","0","2","0","1","","0","0","0","","","2","","1","","40 27:05.286","","0","79 54:29.439","8","0","0","0","2301","0","0","0","N","0","0","0","3","02301","0","","1.0","","1","N","N","","0","","0","0","0","","2","","","3","2","0","0","0","2","0","2","0","3","","","","N","","","","","","","","","",""
"2010033985","","0","0","0","0","0","0","0","0","0","8","0","","02","4","2010","4","40.380063","-80.044754","","11","0","0","0","0","0","1","0","0","","0","0","0","","","1","","2","","40 22:48.226","","0","80 02:41.115","4","0","0","0","2109","1","0","0","N","1","0","0","2","02109","1","","1.0","","1","N","N","","0","","0","0","1","","2","","","2","1","0","0","0","0","0","2","0","1","","","","N","","","","","","","","","",""
"2010033986","","1","0","0","0","0","0","0","0","0","1","0","25","02","4","2010","3","40.442653","-80.024365","","11","0","0","0","1","0","1","0","0","","0","0","0","","","0","","5","","40 26:33.550","","3","80 01:27.715","0","0","0","0","2301","0","0","0","N","0","0","0","2","02301","0","","1.0","","1","N","N","","1","","0","0","0","","2","","","2","0","0","0","0","0","0","2","0","2","","","Y","Y","2","1","Y","","Y","Y","Y","","",""
"2010034002","","0","0","0","0","0","0","0","0","0","1","0","","02","4","2010","3","40.328823","-79.944944","","11","0","0","0","0","0","0","0","0","","0","0","0","","","0","","0","","40 19:43.762","","0","79 56:41.800","0","0","0","0","2454","0","0","0","N","0","0","0","2","02454","0","","1.0","","1","N","N","","0","","0","0","2","","0","","","2","0","0","0","0","0","0","2","0","2","","","","N","","","","","","","","","",""
"2010034006","","1","0","0","0","0","0","0","0","0","4","0","","02","4","2010","4","40.435331","-79.995552","","11","0","0","0","0","1","0","0","0","","0","0","0","","","1","","1","","40 26:07.191","","0","79 59:43.987","4","0","0","0","2301","0","0","0","N","0","0","0","2","02301","1","","1.0","","1","N","N","","1","","0","0","0","","3","","","2","1","0","0","0","0","0","2","0","2","","","","N","","","","","","","","","",""
"2010034016","","2","0","0","0","0","0","0","0","0","4","0","","02","4","2010","4","40.668249","-80.036651","","11","0","0","0","0","0","0","0","0","","0","0","0","","","0","","2","","40 40:05.695","","0","80 02:11.942","0","0","0","0","2216","0","0","0","N","0","0","0","3","02505","0","","1.0","","1","N","N","","0","","0","0","0","","3","","","2","0","0","0","0","0","0","2","0","2","","","","N","","","","","","","","","",""
"2010034028","","1","0","0","0","0","0","0","0","0","4","0","","02","3","2010","4","40.34132","-80.022424","","11","0","0","0","0","0","0","1","0","","0","0","0","","","0","","1","","40 20:28.753","","0","80 01:20.728","0","0","0","0","2407","0","0","0","N","0","0","0","2","02407","0","","1.0","","1","N","N","","0","","0","0","0","","3","","","2","0","0","0","0","0","0","2","1","2","","","","N","","","","","","","","","",""
"2010034029","","1","0","0","0","0","0","0","0","0","7","0","","02","4","2010","7","40.340742","-80.041527","","11","0","0","0","0","0","0","0","1","","0","0","0","","","0","","0","","40 20:26.672","","0","80 02:29.497","0","0","0","0","2407","0","0","0","N","0","0","0","2","02407","0","","5.0","","1","N","N","","0","","0","0","0","","0","","","2","0","0","0","0","0","0","2","0","1","","","","N","","","","","","","","","",""
"2010034067","","1","0","0","0","0","0","0","0","0","5","1","","02","3","2010","3","40.435943","-79.974804","","11","0","0","0","0","0","1","0","1","","0","1","0","","","0","","0","","40 26:09.395","","0","79 58:29.295","0","0","0","0","2301","0","0","0","N","0","0","0","2","68B03","0","","1.0","","9","N","N","","0","","0","0","0","","0","","","2","0","0","0","0","0","0","2","0","2","","","","N","","","","","","","","","",""
"2010034069","","0","0","0","0","0","0","0","0","0","99","0","","02","4","2010","3","40.477123","-80.119865","","11","0","0","0","0","0","0","0","0","","0","0","0","","","0","","0","","40 28:37.641","","0","80 07:11.513","0","0","0","0","2115","0","0","0","N","0","0","0","5","68B03","0","","1.0","","1","N","N","","0","","0","0","0","","0","","","1","0","0","0","0","0","0","2","1","1","","","","N","","","","","","","","","",""
"2010034210","","0","0","0","0","0","0","0","0","0","0","0","","02","4","2010","4","40.455122","-80.008622","","11","0","0","0","0","0","0","0","0","","0","0","0","","","1","","1","","40 27:18.439","","0","80 00:31.039","8","0","0","1","2301","0","0","0","N","0","0","0","1","02301","0","","1.0","","1","N","N","","0","","0","0","0","","2","","","1","1","0","0","0","1","0","2","0","1","","","","N","","","","","","","","","",""
"2010034212","","2","0","0","0","0","0","0","0","0","2","0","","02","4","2010","6","40.498586","-80.061839","","11","0","0","0","0","0","1","0","0","","0","0","0","","","0","","1","","40 29:54.909","","0","80 03:42.620","0","0","0","0","2402","0","0","0","N","0","0","0","3","02402","0","","1.0","","1","N","N","","0","","0","0","0","","2","","","2","0","1","0","0","0","0","2","0","2","","","","N","","","","","","","","","",""
"2010034228","","0","0","0","1","0","0","0","0","0","8","0","","02","4","2010","4","40.458103","-79.995496","","11","0","0","0","0","0","0","0","0","","0","0","0","","","1","","1","","40 27:29.170","","0","79 59:43.785","8","0","0","0","2301","1","0","0","N","0","0","0","2","02301","0","","1.0","","1","N","N","","0","","0","0","0","","0","","","2","1","0","0","0","1","1","2","1","1","","","","N","","","","","","","","","",""
"2010034235","","1","0","0","0","0","0","0","0","0","8","0","","02","4","2010","2","40.405674","-79.990711","","11","0","0","0","0","0","0","0","0","","0","0","0","","","1","","0","","40 24:20.426","","0","79 59:26.559","4","0","0","0","2301","1","0","0","N","1","0","0","2","02301","1","","1.0","","1","N","N","","0","","0","0","0","","0","","","2","1","0","0","0","0","1","2","0","1","","","","N","","","","","","","","","",""
"2010034241","","2","0","0","0","0","0","0","0","0","2","0","","02","4","2010","5","40.462633","-79.967236","","11","0","0","0","0","0","0","0","0","1","0","0","0","","","1","","5","","40 27:45.479","3","0","79 58:02.049","3","0","0","0","2301","0","0","0","N","0","0","0","3","02301","0","","1.0","","1","N","N","","0","","1","0","0","","2","N","","2","1","2","0","0","0","0","2","0","2","","","","N","","","","","","","","","",""
"2010034248","","0","0","0","0","0","0","0","0","0","7","0","","02","4","2010","5","40.494934","-79.832977","","11","0","0","0","0","0","0","0","0","","0","0","0","","","1","","0","","40 29:41.761","","0","79 49:58.718","4","0","0","0","2113","0","0","0","N","0","0","0","1","02113","1","","5.0","","1","N","N","","0","","0","0","1","","0","","","1","1","1","0","0","0","0","2","0","1","","","","N","","","","","","","","","",""
"2010034255","","1","0","0","0","0","0","0","0","0","1","0","","02","4","2010","4","40.534178","-80.186654","","11","0","0","0","0","0","1","0","0","1","0","0","0","","","0","","0","","40 32:03.039","3","3","80 11:11.953","0","0","0","0","2458","0","0","0","N","0","0","0","3","02458","0","","1.0","","1","N","N","","1","","0","0","0","","0","N","","2","0","0","0","0","0","0","2","0","2","","","","N","","","","","","","","","",""
"2010034262","","2","0","0","0","0","0","0","0","0","2","0","","02","1","2010","6","40.439525","-80.010045","","11","0","0","1","0","0","0","0","0","1","0","0","0","","","1","","0","","40 26:22.289","1","3","80 00:36.162","3","0","0","0","2301","0","0","0","N","0","0","0","3","68B03","0","","1.0","","9","N","N","","0","","1","0","0","","0","N","","2","1","0","0","0","0","0","2","0","2","","","","N","","","","","","","","","",""
"2010034306","","1","0","0","0","0","0","0","0","0","7","0","","02","4","2010","1","40.656809","-80.081408","","11","0","0","0","0","1","0","0","0","","0","0","0","","","1","","0","","40 39:24.514","","0","80 04:53.070","4","0","0","0","2212","0","0","0","N","0","0","0","1","68T02","1","","2.0","","1","N","N","","0","","0","0","0","","0","","","1","1","0","0","0","0","0","2","0","1","","","","N","","","","","","","","","",""
"2010034329","","2","0","0","0","0","0","0","0","0","4","0","","02","4","2010","6","40.447965","-79.990536","","11","0","0","0","0","0","2","0","0","","0","0","0","","","0","","1","","40 26:52.674","","0","79 59:25.929","0","0","0","0","2301","0","0","0","N","0","0","0","7","02301","0","","1.0","","1","N","N","","0","","0","0","0","","3","","","2","0","1","0","0","0","0","2","0","2","","","","N","","","","","","","","","",""
"2010034332","","3","0","0","0","0","0","0","0","0","1","0","","02","4","2010","4","40.438962","-79.764124","","11","0","0","0","0","0","2","0","0","","0","0","0","","","1","","0","","40 26:20.262","","7","79 45:50.846","2","0","0","0","2446","0","0","0","N","0","0","0","3","02446","0","","1.0","","1","N","N","","0","","0","1","0","","2","","","3","1","0","0","0","0","0","2","0","3","","","","N","","","","","","","","","",""
"2010034350","","0","0","0","0","0","0","0","0","0","4","0","","02","4","2010","5","40.406467","-79.826811","","11","0","0","0","0","0","0","1","0","","0","0","0","","","0","","1","","40 24:23.281","","0","79 49:36.519","9","0","0","0","2467","0","0","0","N","0","0","0","2","02467","0","","1.0","","1","N","N","","2","","0","0","0","","2","","","2","0","0","0","0","0","2","2","0","2","","","","N","","","","","","","","","",""
"2010034365","","0","0","0","0","0","0","0","0","0","4","0","","02","4","2010","5","40.40079","-80.031792","","11","0","0","0","0","0","1","0","0","","0","0","0","","","0","","2","","40 24:02.844","","0","80 01:54.451","0","0","0","0","2301","0","0","0","N","0","0","0","4","02301","0","","1.0","","1","N","N","","1","","0","0","0","","3","","","2","0","0","0","0","0","0","2","1","2","","","","N","","","","","","","","","",""
"2010034370","","2","0","0","0","0","0","0","0","0","1","0","","02","4","2010","3","40.425799","-80.019809","","11","0","0","0","0","0","0","1","0","1","0","0","0","","","1","","2","","40 25:32.876","3","0","80 01:11.311","8","0","0","0","2301","0","0","0","N","0","0","0","3","02301","0","","1.0","","1","N","N","","0","","0","0","0","","2","N","","2","1","0","0","0","1","0","2","0","2","","","","N","","","","","","","","","",""
"2010034387","","0","0","0","0","0","0","0","0","0","1","0","","02","4","2010","4","40.480082","-79.849275","","11","0","0","0","0","0","1","0","0","","0","0","0","","","1","","0","","40 28:48.296","","0","79 50:57.389","8","0","0","0","2113","0","0","0","N","0","0","0","2","02113","0","","1.0","","1","N","N","","0","","0","0","0","","0","","","2","1","0","0","0","1","0","2","2","2","","","","N","","","","","","","","","",""
"2010034394","","1","0","0","0","0","0","0","0","0","7","0","","02","4","2010","1","40.540968","-79.795822","","11","0","0","0","0","1","0","0","0","","0","0","0","","","0","","0","","40 32:27.483","","0","79 47:44.958","0","0","0","0","2418","0","0","0","N","0","0","0","1","02418","0","","5.0","","1","N","N","","0","","0","0","0","","0","","","1","0","1","0","0","0","0","2","0","1","","","","N","","","","","","","","","",""
"2010034397","","2","0","0","0","0","0","0","0","0","2","0","","02","4","2010","5","40.625064","-80.05414","","11","0","0","0","0","0","0","0","0","1","0","0","0","","","0","","2","","40 37:30.230","2","0","80 03:14.904","0","0","0","0","2216","0","0","0","N","0","0","0","3","02505","0","","1.0","","9","N","N","","0","","0","0","0","","0","N","","2","0","0","0","0","0","0","1","0","2","","","","N","","","","","","","","","",""
"2010034399","","1","0","0","0","0","0","0","0","0","4","0","","02","4","2010","5","40.372698","-79.982046","","11","0","0","0","0","0","0","0","0","1","0","0","0","","","0","","0","","40 22:21.711","1","0","79 58:55.365","0","0","0","0","2413","0","0","0","N","0","0","0","2","02413","0","","1.0","","9","N","N","","1","","0","0","0","","0","Y","","2","0","0","0","0","0","0","2","0","2","","","","N","","","","","","","","","",""
"2010034406","","2","0","0","0","0","0","0","0","0","1","0","","02","4","2010","5","40.340235","-79.96737","","11","0","0","0","0","1","0","1","0","1","0","0","0","","","3","","2","","40 20:24.847","4","0","79 58:02.531","8","0","0","0","2454","0","0","0","N","0","0","0","3","02454","0","","1.0","","9","N","N","","0","","0","0","0","","2","N","","2","3","0","0","0","3","0","2","0","2","","","","N","","","","","","","","","",""
"2010034412","","1","0","0","0","0","0","0","0","0","4","0","","02","4","2010","2","40.448948","-80.162827","","11","0","0","0","0","0","0","1","0","","0","0","0","","","0","","2","","40 26:56.212","","7","80 09:46.177","0","0","0","0","2115","0","0","0","N","0","0","0","2","02115","0","","1.0","","1","N","N","","1","","0","0","0","","0","","","2","0","0","0","0","0","0","2","0","2","","","","N","","","","","","","","","",""
"2010034445","","1","0","0","0","0","0","0","0","0","7","0","","02","3","2010","1","40.425769","-79.910479","","11","0","0","0","0","0","0","0","0","1","0","0","0","","","0","","0","","40 25:32.769","4","4","79 54:37.723","0","0","0","0","2301","0","0","0","N","0","0","0","1","68B01","0","","2.0","","1","N","N","","0","","0","0","0","","0","N","","1","0","0","0","0","0","0","2","0","1","","","","N","","","","","","","","","",""
"2010034446","","0","0","0","0","0","0","0","0","0","99","0","","02","3","2010","4","40.439881","-79.860334","","11","0","0","0","0","0","1","0","0","1","0","0","0","","","1","","0","","40 26:23.570","3","0","79 51:37.204","4","0","0","1","2419","0","0","0","N","0","0","0","1","68B03","1","","1.0","","1","N","N","","0","","0","0","0","","0","N","","1","1","0","0","0","0","0","2","0","1","","","","N","","","","","","","","","",""
"2010034482","","1","0","0","0","0","0","0","0","0","5","0","","02","4","2010","5","40.522686","-79.960087","","11","0","0","0","0","0","1","0","0","","0","0","0","","","0","","0","","40 31:21.671","","0","79 57:36.314","0","0","0","0","2118","0","0","0","N","0","0","0","2","02118","0","","1.0","","1","N","N","","1","","0","0","0","","0","","","2","0","0","0","0","0","0","2","0","2","","","","N","","","","","","","","","",""
"2010034488","","1","0","0","0","0","0","0","0","0","5","0","","02","4","2010","5","40.435223","-79.968498","","11","0","0","0","0","0","0","0","0","2","0","0","0","","","1","","0","","40 26:06.802","6","0","79 58:06.592","3","0","0","0","2301","0","0","0","N","0","0","0","2","02301","0","","1.0","","9","N","N","","0","","1","0","1","","0","N","","2","1","1","0","0","0","0","2","0","2","","","","N","","","","","","","","","",""