"CRN","ARRIVAL_TM","AUTOMOBILE_COUNT","BELTED_DEATH_COUNT","BELTED_SUSP_SERIOUS_INJ_COUNT","BICYCLE_COUNT","BICYCLE_DEATH_COUNT","BICYCLE_SUSP_SERIOUS_INJ_COUNT","BUS_COUNT","CHLDPAS_DEATH_COUNT","CHLDPAS_SUSP_SERIOUS_INJ_COUNT","COLLISION_TYPE","COMM_VEH_COUNT","CONS_ZONE_SPD_LIM","COUNTY","CRASH_MONTH","CRASH_YEAR","DAY_OF_WEEK","DEC_LATITUDE","DEC_LONGITUDE","DISPATCH_TM","DISTRICT","DRIVER_COUNT_16YR","DRIVER_COUNT_17YR","DRIVER_COUNT_18YR","DRIVER_COUNT_19YR","DRIVER_COUNT_20YR","DRIVER_COUNT_50_64YR","DRIVER_COUNT_65_74YR","DRIVER_COUNT_75PLUS","EST_HRS_CLOSED","FATAL_COUNT","HEAVY_TRUCK_COUNT","HORSE_BUGGY_COUNT","HOUR_OF_DAY","ILLUMINATION","INJURY_COUNT","INTERSECTION_RELATED","INTERSECT_TYPE","LANE_CLOSED","LATITUDE","LN_CLOSE_DIR","LOCATION_TYPE","LONGITUDE","MAX_SEVERITY_LEVEL","MCYCLE_DEATH_COUNT","MCYCLE_SUSP_SERIOUS_INJ_COUNT","MOTORCYCLE_COUNT","MUNICIPALITY","NONMOTR_COUNT","NONMOTR_DEATH_COUNT","NONMOTR_SUSP_SERIOUS_INJ_COUNT","NTFY_HIWY_MAINT","PED_COUNT","PED_DEATH_COUNT","PED_SUSP_SERIOUS_INJ_COUNT","PERSON_COUNT","POLICE_AGCY","POSSIBLE_INJ_COUNT","RDWY_SURF_TYPE_CD","RELATION_TO_ROAD","ROADWAY_CLEARED","ROAD_CONDITION","SCH_BUS_IND","SCH_ZONE_IND","SECONDARY_CRASH","SMALL_TRUCK_COUNT","SPEC_JURIS_CD","SUSP_MINOR_INJ_COUNT","SUSP_SERIOUS_INJ_COUNT","SUV_COUNT","TCD_FUNC_CD","TCD_TYPE","TFC_DETOUR_IND","TIME_OF_DAY","TOTAL_UNITS","TOT_INJ_COUNT","UNBELTED_OCC_COUNT","UNB_DEATH_COUNT","UNB_SUSP_SERIOUS_INJ_COUNT","UNK_INJ_DEG_COUNT","UNK_INJ_PER_COUNT","URBAN_RURAL","VAN_COUNT","VEHICLE_COUNT","WEATHER1","WEATHER2","WORKERS_PRES","WORK_ZONE_IND","WORK_ZONE_LOC","WORK_ZONE_TYPE","WZ_CLOSE_DETOUR","WZ_FLAGGER","WZ_LAW_OFFCR_IND","WZ_LN_CLOSURE","WZ_MOVING","WZ_OTHER","WZ_SHLDER_MDN","WZ_WORKERS_INJ_KILLED"
"2010034492","","1","0","0","0","0","0","0","0","0","1","0","99","02","4","2010","5","40.482702","-79.962597","","11","0","0","0","0","0","0","0","0","9","0","0","0","","","0","","0","","40 28:57.728","1","0","79 57:45.350","0","0","0","0","2118","0","0","0","N","0","0","0","3","02118","0","","1.0","","9","N","N","","0","","0","0","1","","0","Y","","2","0","0","0","0","0","0","2","0","2","","","N","Y","8","1","Y","","N","Y","","","Y",""
"2010034505","","0","0","0","0","0","0","0","0","0","8","0","","02","4","2010","5","40.436358","-79.996493","","11","0","0","0","0","0","0","0","0","","0","0","0","","","1","","2","","40 26:10.887","","0","79 59:47.375","4","0","0","0","2301","1","0","0","N","1","0","0","2","02301","1","","1.0","","1","N","N","","0","","0","0","0","","3","","","2","1","0","0","0","0","1","2","1","1","","","","N","","","","","","","","","",""
"2010034525","","1","0","0","0","0","0","0","0","0","1","0","","02","4","2010","6","40.329256","-79.958956","","11","0","0","0","0","0","0","0","0","1","0","0","0","","","0","","2","","40 19:45.321","2","0","79 57:32.243","0","0","0","0","2454","0","0","0","N","0","0","0","2","02454","0","","1.0","","1","N","N","","0","","0","0","1","","3","N","","2","0","0","0","0","0","0","2","0","2","","","","N","","","","","","","","","",""
"2010034610","","0","0","0","0","0","0","0","0","0","7","0","","02","2","2010","4","40.317627","-79.833823","","11","0","0","0","0","0","0","0","0","","0","0","0","","","0","","0","","40 19:03.458","","0","79 50:01.763","0","0","0","0","2469","0","0","0","N","0","0","0","1","02469","0","","5.0","","7","N","N","","1","","0","0","0","","0","","","1","0","0","0","0","0","0","2","0","1","","","","N","","","","","","","","","",""
"2010034670","","1","0","0","0","0","0","0","0","0","8","0","","02","3","2010","3","40.417656","-79.986476","","11","0","0","0","0","1","0","0","0","","0","0","0","","","1","","1","","40 25:03.561","","0","79 59:11.313","8","0","0","0","2447","1","0","0","N","1","0","0","2","02447","0","","1.0","","1","N","N","","0","","0","0","0","","2","","","2","1","0","0","0","1","0","2","0","1","","","","N","","","","","","","","","",""
"2010034811","","2","0","0","0","0","0","0","0","0","6","0","","02","4","2010","5","40.414147","-79.903411","","11","0","0","0","0","0","0","2","0","1","0","0","0","","","0","","0","","40 24:50.930","3","7","79 54:12.280","0","0","0","0","2448","0","0","0","N","0","0","0","2","02448","0","","1.0","","1","N","N","","0","","0","0","0","","3","N","","2","0","0","0","0","0","0","2","0","2","","","","N","","","","","","","","","",""
"2010034818","","1","0","0","0","0","0","0","0","0","1","0","","02","4","2010","6","40.388705","-79.830194","","11","0","0","0","0","0","1","0","0","2","0","0","0","","","2","","2","","40 23:19.337","4","0","79 49:48.700","4","0","0","0","2111","0","0","0","N","0","0","0","4","02111","2","","1.0","","1","N","N","","1","","0","0","0","","2","N","","2","2","0","0","0","0","0","2","0","2","","","","N","","","","","","","","","",""
"2010034843","","2","0","0","0","0","0","0","0","0","1","0","","02","4","2010","5","40.538562","-80.049745","","11","0","0","0","0","0","2","1","0","","0","0","0","","","2","","0","","40 32:18.822","","0","80 02:59.082","4","0","0","0","2116","0","0","0","N","0","0","0","3","02116","2","","1.0","","1","N","N","","0","","0","0","1","","0","","","3","2","0","0","0","0","0","2","0","3","","","","N","","","","","","","","","",""
"2010034848","","1","0","0","0","0","0","0","0","0","1","0","","02","4","2010","4","40.358043","-79.901968","","11","0","0","0","0","0","1","0","0","","0","0","0","","","2","","0","","40 21:28.954","","0","79 54:07.085","4","0","0","0","2473","0","0","0","N","0","0","0","2","02473","2","","1.0","","1","N","N","","0","","0","0","1","","0","","","2","2","0","0","0","0","0","2","0","2","","","","N","","","","","","","","","",""
"2010034850","","1","0","0","0","0","0","0","0","0","5","0","","02","4","2010","5","40.544353","-80.0334","","11","0","0","0","0","0","2","0","0","1","0","0","0","","","0","","0","","40 32:39.670","6","0","80 02:00.240","0","0","0","0","2116","0","0","0","N","0","0","0","2","02116","0","","1.0","","1","N","N","","0","","0","0","1","","0","N","","2","0","0","0","0","0","0","2","0","2","","","","N","","","","","","","","","",""
"2010034854","","2","0","0","0","0","0","0","0","0","4","0","","02","4","2010","5","40.510539","-79.993116","","11","0","0","0","0","0","2","0","0","1","0","0","0","","","0","","0","","40 30:37.942","1","7","79 59:35.218","0","0","0","0","2116","0","0","0","N","0","0","0","2","02116","0","","1.0","","9","N","N","","0","","0","0","0","","0","N","","2","0","0","0","0","0","0","2","0","2","","","","N","","","","","","","","","",""
"2010034858","","2","0","0","0","0","0","0","0","0","4","0","","02","4","2010","5","40.447225","-79.764222","","11","0","0","0","0","0","2","0","0","1","0","0","0","","","1","","0","","40 26:50.010","1","0","79 45:51.200","8","0","0","0","2446","0","0","0","N","0","0","0","2","02446","0","","1.0","","1","N","N","","0","","0","0","0","","0","N","","2","1","0","0","0","1","0","2","0","2","","","","N","","","","","","","","","",""
"2010034874","","1","0","0","0","0","0","0","0","0","1","0","","02","4","2010","6","40.53168","-79.873584","","11","0","1","1","0","0","0","0","0","","0","0","0","","","2","","0","","40 31:54.048","","0","79 52:24.902","8","0","0","0","2432","0","0","0","N","0","0","0","2","02432","0","","1.0","","1","N","N","","0","","0","0","1","","0","","","2","2","0","0","0","2","0","2","0","2","","","","N","","","","","","","","","",""
"2010034881","","0","0","0","0","0","0","0","0","0","7","0","","02","3","2010","6","40.405062","-79.829597","","11","0","0","0","0","0","0","0","0","1","0","0","0","","","1","","2","","40 24:18.223","4","0","79 49:46.549","8","0","0","0","2467","0","0","0","N","0","0","0","1","02467","0","","5.0","","1","N","N","","0","","0","0","1","","0","N","","1","1","0","0","0","1","0","2","0","1","","","","N","","","","","","","","","",""
"2010034924","","2","0","0","0","0","0","0","0","0","1","0","","02","2","2010","6","40.557183","-80.204455","","11","0","0","0","0","0","0","0","0","1","0","0","0","","","0","","2","","40 33:25.857","4","0","80 12:16.038","0","0","0","0","2441","0","0","0","N","0","0","0","3","02441","0","","1.0","","7","N","N","","0","","0","0","0","","0","N","","2","0","0","0","0","0","0","2","0","2","","","","N","","","","","","","","","",""
"2010034937","","2","0","0","0","0","0","0","0","0","1","0","","02","3","2010","6","40.301306","-79.866105","","11","0","0","0","1","0","0","0","0","1","0","0","0","","","0","","0","","40 18:04.702","1","0","79 51:57.978","0","0","0","0","2443","0","0","0","N","0","0","0","6","02443","0","","1.0","","1","N","N","","1","","0","0","0","","0","N","","3","0","0","0","0","0","0","1","0","3","","","","N","","","","","","","","","",""
"2010034961","","2","0","0","0","0","0","0","0","0","4","0","","02","4","2010","6","40.618903","-80.084552","","11","0","0","0","0","0","1","0","0","","0","0","0","","","0","","2","","40 37:08.052","","0","80 05:04.388","0","0","0","0","2212","0","0","0","N","0","0","0","2","02505","0","","1.0","","1","N","N","","0","","0","0","0","","3","","","2","0","0","0","0","0","0","2","0","2","","","","N","","","","","","","","","",""
"2010034962","","2","0","0","0","0","0","0","0","0","2","0","","02","4","2010","3","40.36113","-79.905733","","11","0","0","0","1","0","1","0","0","2","0","0","0","","","1","","3","","40 21:40.069","6","0","79 54:20.637","8","0","0","0","2473","0","0","0","N","0","0","0","4","02473","0","","1.0","","1","N","N","","0","","0","0","1","","0","Y","","3","1","1","0","0","1","0","2","0","3","","","","N","","","","","","","","","",""
"2010034966","","2","0","0","0","0","0","0","0","0","4","0","","02","4","2010","6","40.470663","-80.030593","","11","0","0","0","0","0","0","0","0","","0","0","0","","","0","","1","","40 28:14.386","","0","80 01:50.134","0","0","0","0","2301","0","0","0","N","0","0","0","1","02301","0","","1.0","","1","N","N","","0","","0","0","0","","3","","","2","0","0","0","0","0","0","2","0","2","","","","N","","","","","","","","","",""
"2010034967","","1","0","0","0","0","0","0","0","0","7","0","","02","4","2010","6","40.648509","-79.937221","","11","0","0","0","0","0","0","0","0","1","0","0","0","","","0","","2","","40 38:54.634","1","0","79 56:13.997","0","0","0","0","2217","0","0","0","Y","0","0","0","1","02505","0","","5.0","","1","N","N","","0","","0","0","0","","0","N","","1","0","0","0","0","0","0","2","0","1","","","","N","","","","","","","","","",""
"2010034981","","2","0","0","0","0","0","0","0","0","4","0","","02","4","2010","6","40.46586","-79.922782","","11","0","0","0","0","0","0","0","0","","0","0","0","","","0","","1","","40 27:57.096","","0","79 55:22.015","0","0","0","0","2301","0","0","0","N","0","0","0","4","02301","0","","1.0","","1","N","N","","0","","0","0","0","","2","","","2","0","0","0","0","0","0","2","0","2","","","","N","","","","","","","","","",""
"2010034984","","2","0","0","0","0","0","0","0","0","2","0","","02","4","2010","6","40.479795","-79.919677","","11","0","0","0","0","0","0","1","0","2","0","0","0","","","3","","2","","40 28:47.262","5","0","79 55:10.837","4","0","0","0","2301","0","0","0","N","0","0","0","3","02301","3","","1.0","","1","N","N","","0","","0","0","0","","3","Y","","2","3","1","0","0","0","0","2","0","2","","","","N","","","","","","","","","",""
"2010034994","","0","0","0","0","0","0","0","0","0","4","0","","02","4","2010","7","40.449472","-80.002558","","11","0","0","0","0","0","1","0","0","1","0","0","0","","","2","","1","","40 26:58.099","4","0","80 00:09.210","4","0","0","0","2301","0","0","0","N","0","0","0","3","02301","1","","1.0","","1","N","N","","1","","0","0","1","","1","N","","2","2","1","0","0","1","0","2","0","2","","","","N","","","","","","","","","",""
"2010034998","","2","0","0","0","0","0","0","0","0","1","0","","02","4","2010","7","40.444582","-79.942971","","11","0","0","0","0","0","0","0","0","1","0","0","0","","","1","","1","","40 26:40.494","3","0","79 56:34.697","4","0","0","0","2301","0","0","0","N","0","0","0","3","02301","1","","1.0","","1","N","N","","0","","0","0","0","","2","N","","2","1","0","0","0","0","0","2","0","2","","","","N","","","","","","","","","",""
"2010035017","","1","0","0","0","0","0","0","0","0","1","0","","02","3","2010","3","40.4117","-80.076424","","11","0","0","0","0","0","1","0","0","2","0","0","0","","","0","","6","","40 24:42.120","3","2","80 04:35.128","0","0","0","0","2117","0","0","0","Y","0","0","0","2","68B03","0","","1.0","","1","N","N","","0","","0","0","1","","4","N","","2","0","0","0","0","0","0","2","0","2","","","","N","","","","","","","","","",""
"2010035018","","0","0","0","0","0","0","0","0","0","4","0","","02","3","2010","3","40.447848","-79.990965","","11","0","0","0","0","0","1","0","0","2","0","0","0","","","1","","7","","40 26:52.254","2","2","79 59:27.475","3","0","0","0","2301","0","0","0","N","0","0","0","2","68B01","0","","1.0","","1","N","N","","0","","1","0","1","","0","N","","2","1","0","0","0","0","0","2","1","2","","","","N","","","","","","","","","",""
"2010035019","","3","0","0","0","0","0","0","0","0","1","0","","02","4","2010","4","40.428078","-80.030388","","11","0","0","0","0","0","1","1","0","","0","0","0","","","1","","0","","40 25:41.079","","0","80 01:49.397","4","0","0","0","2301","0","0","0","N","0","0","0","3","68B03","1","","1.0","","1","N","N","","0","","0","0","0","","0","","","4","1","0","0","0","0","0","2","0","3","","","","N","","","","","","","","","",""
"2010035100","","1","0","0","0","0","0","0","0","0","7","0","","02","4","2010","5","40.294032","-79.881743","","11","0","0","0","0","0","0","0","0","2","0","0","0","","","0","","0","","40 17:38.515","6","7","79 52:54.274","0","0","0","0","2302","0","0","0","N","0","0","0","1","02302","0","","4.0","","1","N","N","","0","","0","0","0","","0","Y","","1","0","0","0","0","0","0","2","0","1","","","","N","","","","","","","","","",""
"2010035102","","1","0","0","0","0","0","0","0","0","0","0","","02","3","2010","7","40.29136","-79.914349","","11","0","1","0","0","0","0","0","0","2","0","0","0","","","0","","0","","40 17:28.897","2","0","79 54:51.655","0","0","0","0","2440","0","0","0","N","0","0","0","4","02440","0","","1.0","","1","N","N","","0","","0","0","0","","0","N","","1","0","4","0","0","0","0","2","0","1","","","","N","","","","","","","","","",""
"2010035113","","1","0","0","0","0","0","0","0","0","7","0","","02","4","2010","3","40.51467","-79.952394","","11","0","0","0","0","0","0","0","0","2","0","0","0","","","0","","0","","40 30:52.812","1","0","79 57:08.617","0","0","0","0","2118","0","0","0","N","0","0","0","3","02118","0","","3.0","","1","N","N","","0","","0","0","0","","0","N","","1","0","0","0","0","0","0","2","0","1","","","","N","","","","","","","","","",""
"2010035116","","1","0","0","0","0","0","0","0","0","6","0","","02","4","2010","7","40.476425","-79.788642","","11","0","0","0","0","0","2","0","0","","0","0","0","","","0","","0","","40 28:35.130","","0","79 47:19.112","0","0","0","0","2113","0","0","0","N","0","0","0","2","02113","0","","1.0","","1","N","N","","0","","0","0","1","","0","","","2","0","1","0","0","0","0","2","0","2","","","","N","","","","","","","","","",""
"2010035131","","1","0","0","1","0","0","0","0","0","8","0","","02","4","2010","7","40.377546","-80.03534","","11","0","0","0","0","0","1","0","0","","0","0","0","","","1","","0","","40 22:39.165","","0","80 02:07.224","4","0","0","0","2109","1","0","0","N","0","0","0","2","02109","1","","1.0","","1","N","N","","0","","0","0","0","","0","","","2","1","0","0","0","0","0","2","0","1","","","","N","","","","","","","","","",""
"2010035132","","0","0","0","0","0","0","0","0","0","1","0","","02","4","2010","7","40.326006","-79.793457","","11","0","0","0","0","0","1","1","0","","0","0","0","","","1","","2","","40 19:33.622","","0","79 47:36.446","4","0","0","0","2477","0","0","0","N","0","0","0","2","02477","1","","1.0","","1","N","N","","0","","0","0","1","","0","","","2","1","0","0","0","0","1","2","1","2","","","","N","","","","","","","","","",""
"2010035135","","0","0","0","0","0","0","0","0","0","1","0","","02","4","2010","7","40.603102","-79.754436","","11","0","0","0","0","0","0","0","0","1","0","0","0","","","1","","0","","40 36:11.167","1","0","79 45:15.969","4","0","0","1","2464","0","0","0","N","0","0","0","1","02464","1","","2.0","","1","N","N","","1","","0","0","0","","0","N","","2","1","0","0","0","0","0","2","0","2","","","","N","","","","","","","","","",""
"2010035156","","1","0","0","0","0","0","0","0","0","1","0","","02","4","2010","7","40.440089","-80.227387","","11","0","1","0","0","0","0","0","0","","0","0","0","","","0","","2","","40 26:24.320","","0","80 13:38.593","0","0","0","0","2214","0","0","0","N","0","0","0","3","02214","0","","1.0","","1","N","N","","0","","0","0","1","","0","","","2","0","0","0","0","0","0","2","0","2","","","","N","","","","","","","","","",""
"2010035170","","3","0","0","0","0","0","0","0","0","1","0","","02","4","2010","5","40.446361","-80.170449","","11","0","0","0","1","1","1","0","0","2","0","0","0","","","1","","0","","40 26:46.901","3","0","80 10:13.617","4","0","0","0","2214","0","0","0","N","0","0","0","3","68B03","1","","1.0","","1","N","N","","0","","0","0","0","","0","N","","3","1","0","0","0","0","0","2","0","3","","","","N","","","","","","","","","",""
"2010035193","","1","0","0","0","0","0","0","0","0","1","0","","02","4","2010","6","40.494913","-79.749958","","11","0","0","0","0","0","1","1","0","","0","0","0","","","0","","2","","40 29:41.687","","0","79 44:59.849","0","0","0","0","2466","0","0","0","N","0","0","0","2","02466","0","","1.0","","1","N","N","","0","","0","0","1","","0","","","2","0","0","0","0","0","0","2","0","2","","","","N","","","","","","","","","",""
"2010035194","","2","0","0","0","0","0","0","0","0","2","0","","02","4","2010","7","40.363208","-80.046867","","11","0","0","0","1","0","1","0","0","3","0","0","0","","","2","","2","","40 21:47.550","2","0","80 02:48.722","8","0","0","0","2109","0","0","0","N","0","0","0","2","02109","0","","1.0","","1","N","N","","0","","0","0","0","","1","Y","","2","2","1","0","0","2","0","2","0","2","","","","N","","","","","","","","","",""
"2010035200","","0","0","0","0","0","0","0","0","0","1","0","","02","4","2010","7","40.513883","-79.958982","","11","0","0","0","0","0","0","0","0","","0","0","0","","","0","","0","","40 30:49.980","","7","79 57:32.336","0","0","0","0","2118","0","0","0","N","0","0","0","6","02118","0","","1.0","","1","N","N","","0","","0","0","2","","0","","","2","0","0","0","0","0","0","2","0","2","","","","N","","","","","","","","","",""
"2010035203","","2","0","0","0","0","0","0","0","0","1","0","","02","4","2010","7","40.438348","-80.01929","","11","0","0","0","1","0","0","0","0","","0","0","0","","","0","","2","","40 26:18.052","","0","80 01:09.444","9","0","0","0","2301","0","0","0","N","0","0","0","6","02301","0","","1.0","","1","N","N","","0","","0","0","1","","0","","","3","0","0","0","0","0","1","2","0","3","","","","N","","","","","","","","","",""
"2010035204","","0","0","0","0","0","0","0","0","0","0","0","","02","4","2010","7","40.61375","-80.099973","","11","0","0","0","0","0","0","0","0","","0","0","0","","","2","","2","","40 36:49.501","","0","80 05:59.904","4","0","0","0","2481","0","0","0","N","0","0","0","4","02481","2","","7.0","","1","N","N","","1","","0","0","2","","2","","","3","2","0","0","0","0","0","1","0","3","","","","N","","","","","","","","","",""
"2010035207","","0","0","0","0","0","0","0","0","0","4","0","","02","4","2010","7","40.240884","-79.860117","","11","0","1","0","0","0","0","1","0","1","0","0","0","","","2","","1","","40 14:27.181","5","0","79 51:36.420","3","0","0","0","2105","0","0","0","N","0","0","0","3","02105","1","","1.0","","1","N","N","","1","","1","0","1","","3","N","","2","2","0","0","0","0","0","1","0","2","","","","N","","","","","","","","","",""
"2010035208","","1","0","0","0","0","0","0","0","0","8","0","","02","4","2010","7","40.431461","-80.002499","","11","0","0","0","0","0","0","0","0","","0","0","0","","","1","","0","","40 25:53.259","","0","80 00:08.995","3","0","0","0","2301","1","0","0","N","1","0","0","2","02301","0","","1.0","","1","N","N","","0","","1","0","0","","0","","","2","1","0","0","0","0","0","2","0","1","","","","N","","","","","","","","","",""
"2010035211","","2","0","0","0","0","0","0","0","0","1","0","","02","4","2010","7","40.396218","-79.998194","","11","0","0","0","0","0","0","0","0","","0","0","0","","","1","","1","","40 23:46.384","","0","79 59:53.499","4","0","0","0","2301","0","0","0","N","0","0","0","2","02301","1","","1.0","","1","N","N","","0","","0","0","0","","2","","","2","1","0","0","0","0","0","2","0","2","","","","N","","","","","","","","","",""
"2010035214","","2","0","0","0","0","0","0","0","0","4","0","","02","4","2010","7","40.35151","-79.865072","","11","0","0","0","0","0","1","0","0","","0","0","0","","","0","","2","","40 21:05.436","","0","79 51:54.259","0","0","0","0","2304","0","0","0","N","0","0","0","2","02304","0","","2.0","","1","N","N","","0","","0","0","0","","2","","","2","0","0","0","0","0","0","2","0","2","","","","N","","","","","","","","","",""
"2010035225","","1","0","0","0","0","0","0","0","0","4","0","","02","4","2010","1","40.430103","-79.986493","","11","0","0","0","0","0","0","0","0","1","0","0","0","","","0","","1","","40 25:48.370","3","0","79 59:11.374","0","0","0","0","2301","0","0","0","N","0","0","0","5","02301","0","","1.0","","1","N","N","","0","","0","0","1","","3","N","","2","0","0","0","0","0","0","2","0","2","","","","N","","","","","","","","","",""
"2010035234","","1","0","0","0","0","0","0","0","0","4","0","","02","4","2010","3","40.628373","-79.941843","","11","0","0","0","0","1","0","0","0","","0","0","0","","","0","","2","","40 37:42.142","","0","79 56:30.635","0","0","0","0","2217","0","0","0","N","0","0","0","3","02505","0","","1.0","","1","N","N","","1","","0","0","0","","0","","","2","0","0","0","0","0","0","2","0","2","","","","N","","","","","","","","","",""
"2010035242","","0","0","0","0","0","0","0","0","0","7","0","","02","4","2010","6","40.653198","-79.906515","","11","0","0","0","0","0","0","1","0","1","0","0","0","","","1","","2","","40 39:11.511","2","0","79 54:23.455","4","0","0","1","2220","0","0","0","N","0","0","0","1","02220","1","","2.0","","1","N","N","","0","","0","0","0","","0","N","","1","1","0","0","0","0","0","1","0","1","","","","N","","","","","","","","","",""
"2010035245","","1","0","0","0","0","0","0","0","0","4","0","","02","4","2010","7","40.456922","-79.894133","","11","0","0","0","0","0","1","0","0","","0","0","0","","","1","","1","","40 27:24.919","","0","79 53:38.878","4","0","0","0","2301","0","0","0","N","0","0","0","3","02301","1","","1.0","","1","N","N","","0","","0","0","2","","3","","","3","1","0","0","0","0","0","2","0","3","","","","N","","","","","","","","","",""
"2010035246","","2","0","0","0","0","0","0","0","0","4","0","","02","4","2010","6","40.36803","-79.779756","","11","0","0","0","1","0","0","0","0","","0","0","0","","","1","","1","","40 22:04.907","","0","79 46:47.123","3","0","0","0","2111","0","0","0","N","0","0","0","4","02111","0","","1.0","","1","N","N","","0","","1","0","0","","2","","","2","1","0","0","0","0","0","2","0","2","","","","N","","","","","","","","","",""
"2010035247","","0","0","0","0","0","0","0","0","0","7","0","","02","4","2010","7","40.660313","-79.881231","","11","0","0","0","0","0","0","0","0","1","0","0","0","","","1","","0","","40 39:37.126","4","0","79 52:52.431","3","0","0","1","2220","0","0","0","N","0","0","0","1","02220","0","","2.0","","1","N","N","","0","","1","0","0","","0","N","","1","1","0","0","0","0","0","1","0","1","","","","N","","","","","","","","","",""
"2010035254","","1","0","0","0","0","0","0","0","0","0","0","","02","4","2010","1","40.543287","-79.760767","","11","0","0","0","0","0","0","0","0","1","0","0","0","","","1","","2","","40 32:35.832","1","0","79 45:38.761","4","0","0","0","2466","0","0","0","Y","0","0","0","1","02466","1","","5.0","","1","N","N","","0","","0","0","0","","0","N","","1","1","0","0","0","0","0","2","0","1","","","","N","","","","","","","","","",""
"2010035259","","2","0","0","0","0","0","0","0","0","4","0","","02","4","2010","1","40.46945","-79.963153","","11","0","0","1","0","0","1","0","0","","0","0","0","","","1","","0","","40 28:10.020","","0","79 57:47.350","8","0","0","0","2301","0","0","0","N","0","0","0","3","02301","0","","1.0","","1","N","N","","0","","0","0","0","","0","","","2","1","0","0","0","1","0","2","0","2","","","","N","","","","","","","","","",""
"2010035261","","2","0","0","0","0","0","0","0","0","4","0","","02","4","2010","4","40.587423","-79.749682","","11","0","0","0","0","0","0","0","1","","0","0","0","","","2","","1","","40 35:14.723","","0","79 44:58.856","4","0","0","0","2464","0","0","0","N","0","0","0","2","64305","2","","1.0","","1","N","N","","0","","0","0","0","","0","","","2","2","0","0","0","0","0","2","0","2","","","","N","","","","","","","","","",""
"2010035267","","1","0","0","0","0","0","0","0","0","5","0","","02","4","2010","1","40.394571","-80.048716","","11","0","0","0","0","0","0","0","0","","0","0","0","","","0","","0","","40 23:40.455","","0","80 02:55.377","0","0","0","0","2109","0","0","0","N","0","0","0","1","02109","0","","4.0","","1","N","N","","1","","0","0","0","","0","","","2","0","0","0","0","0","0","2","0","2","","","","N","","","","","","","","","",""
"2010035268","","1","0","0","0","0","0","0","0","0","4","0","","02","4","2010","2","40.395112","-79.827173","","11","0","0","0","0","0","0","0","0","1","0","0","0","","","0","","2","","40 23:42.404","1","0","79 49:37.821","0","0","0","0","2111","0","0","0","N","0","0","0","2","02111","0","","1.0","","1","N","N","","0","","0","0","1","","0","N","","2","0","0","0","0","0","0","2","0","2","","","","N","","","","","","","","","",""
"2010035269","","1","0","0","0","0","0","0","0","0","8","0","","02","4","2010","1","40.521863","-80.031725","","11","0","0","0","0","0","1","0","0","","0","0","0","","","1","","1","","40 31:18.708","","0","80 01:54.211","8","0","0","0","2474","1","0","0","N","1","0","0","2","02474","0","","1.0","","1","N","N","","0","","0","0","0","","0","","","2","1","0","0","0","1","0","2","0","1","","","","N","","","","","","","","","",""
"2010035270","","2","0","0","0","0","0","0","0","0","1","0","","02","3","2010","2","40.502814","-80.024386","","11","0","0","0","0","0","0","1","0","1","0","0","0","","","1","","0","","40 30:10.132","1","0","80 01:27.790","4","0","0","0","2116","0","0","0","N","0","0","0","7","02116","1","","1.0","","1","N","N","","0","","0","0","1","","0","N","","3","1","0","0","0","0","1","2","0","3","","","","N","","","","","","","","","",""
"2010035282","","0","0","0","0","0","0","0","0","0","7","0","","02","4","2010","7","40.648509","-79.937221","","11","0","0","0","0","0","1","0","0","","0","0","0","","","0","","2","","40 38:54.634","","0","79 56:13.997","0","0","0","0","2217","0","0","0","N","0","0","0","1","02505","0","","4.0","","1","N","N","","1","","0","0","0","","2","","","1","0","0","0","0","0","0","2","0","1","","","","N","","","","","","","","","",""
"2010035309","","0","0","0","0","0","0","0","0","0","0","0","","02","4","2010","1","40.466547","-79.998199","","11","0","0","0","0","0","0","0","0","","0","0","0","","","1","","0","","40 27:59.569","","0","79 59:53.516","8","0","0","1","2301","0","0","0","N","0","0","0","1","02301","0","","1.0","","1","N","N","","0","","0","0","0","","0","","","2","1","0","0","0","1","0","2","0","1","","","","N","","","","","","","","","",""
"2010035313","","1","0","0","0","0","0","0","0","0","1","0","","02","4","2010","1","40.38327","-79.930462","","11","0","0","0","0","1","0","0","0","2","0","0","0","","","2","","1","","40 22:59.773","2","0","79 55:49.664","3","0","0","0","2301","0","0","0","N","0","0","0","5","02301","0","","1.0","","1","N","N","","0","","2","0","1","","2","N","","2","2","2","0","0","0","0","2","0","2","","","","N","","","","","","","","","",""
"2010035330","","0","0","0","0","0","0","0","0","0","7","0","","02","3","2010","1","40.439673","-79.755349","","11","0","0","0","0","0","0","0","0","","0","0","0","","","0","","0","","40 26:22.821","","0","79 45:19.256","0","0","0","0","2446","0","0","0","N","0","0","0","2","68B01","0","","2.0","","9","N","N","","1","","0","0","0","","0","","","1","0","2","0","0","0","0","2","0","1","","","","N","","","","","","","","","",""
"2010035331","","0","0","0","0","0","0","0","0","0","1","0","","02","4","2010","6","40.421105","-80.045841","","11","0","1","0","0","0","0","0","0","","0","0","0","","","1","","6","","40 25:15.978","","2","80 02:45.027","4","0","0","0","2435","0","0","0","N","0","0","0","3","68B01","1","","1.0","","1","N","N","","1","","0","0","1","","3","","","2","1","0","0","0","0","0","2","0","2","","","","N","","","","","","","","","",""
"2010035332","","2","0","0","0","0","0","0","0","0","4","0","","02","4","2010","7","40.449283","-80.167369","","11","0","0","0","0","0","0","0","0","1","0","0","0","","","0","","0","","40 26:57.417","4","0","80 10:02.527","0","0","0","0","2115","0","0","0","N","0","0","0","2","68B03","0","","1.0","","1","N","N","","0","","0","0","0","","0","N","","2","0","0","0","0","0","0","2","0","2","","","","N","","","","","","","","","",""