"CRN","ARRIVAL_TM","AUTOMOBILE_COUNT","BELTED_DEATH_COUNT","BELTED_SUSP_SERIOUS_INJ_COUNT","BICYCLE_COUNT","BICYCLE_DEATH_COUNT","BICYCLE_SUSP_SERIOUS_INJ_COUNT","BUS_COUNT","CHLDPAS_DEATH_COUNT","CHLDPAS_SUSP_SERIOUS_INJ_COUNT","COLLISION_TYPE","COMM_VEH_COUNT","CONS_ZONE_SPD_LIM","COUNTY","CRASH_MONTH","CRASH_YEAR","DAY_OF_WEEK","DEC_LATITUDE","DEC_LONGITUDE","DISPATCH_TM","DISTRICT","DRIVER_COUNT_16YR","DRIVER_COUNT_17YR","DRIVER_COUNT_18YR","DRIVER_COUNT_19YR","DRIVER_COUNT_20YR","DRIVER_COUNT_50_64YR","DRIVER_COUNT_65_74YR","DRIVER_COUNT_75PLUS","EST_HRS_CLOSED","FATAL_COUNT","HEAVY_TRUCK_COUNT","HORSE_BUGGY_COUNT","HOUR_OF_DAY","ILLUMINATION","INJURY_COUNT","INTERSECTION_RELATED","INTERSECT_TYPE","LANE_CLOSED","LATITUDE","LN_CLOSE_DIR","LOCATION_TYPE","LONGITUDE","MAX_SEVERITY_LEVEL","MCYCLE_DEATH_COUNT","MCYCLE_SUSP_SERIOUS_INJ_COUNT","MOTORCYCLE_COUNT","MUNICIPALITY","NONMOTR_COUNT","NONMOTR_DEATH_COUNT","NONMOTR_SUSP_SERIOUS_INJ_COUNT","NTFY_HIWY_MAINT","PED_COUNT","PED_DEATH_COUNT","PED_SUSP_SERIOUS_INJ_COUNT","PERSON_COUNT","POLICE_AGCY","POSSIBLE_INJ_COUNT","RDWY_SURF_TYPE_CD","RELATION_TO_ROAD","ROADWAY_CLEARED","ROAD_CONDITION","SCH_BUS_IND","SCH_ZONE_IND","SECONDARY_CRASH","SMALL_TRUCK_COUNT","SPEC_JURIS_CD","SUSP_MINOR_INJ_COUNT","SUSP_SERIOUS_INJ_COUNT","SUV_COUNT","TCD_FUNC_CD","TCD_TYPE","TFC_DETOUR_IND","TIME_OF_DAY","TOTAL_UNITS","TOT_INJ_COUNT","UNBELTED_OCC_COUNT","UNB_DEATH_COUNT","UNB_SUSP_SERIOUS_INJ_COUNT","UNK_INJ_DEG_COUNT","UNK_INJ_PER_COUNT","URBAN_RURAL","VAN_COUNT","VEHICLE_COUNT","WEATHER1","WEATHER2","WORKERS_PRES","WORK_ZONE_IND","WORK_ZONE_LOC","WORK_ZONE_TYPE","WZ_CLOSE_DETOUR","WZ_FLAGGER","WZ_LAW_OFFCR_IND","WZ_LN_CLOSURE","WZ_MOVING","WZ_OTHER","WZ_SHLDER_MDN","WZ_WORKERS_INJ_KILLED"
"2010035377","","0","0","0","0","0","0","0","0","0","4","0","","02","4","2010","6","40.366924","-79.84223","","11","0","0","0","0","0","0","1","0","1","0","0","0","","","1","","2","","40 22:00.926","5","0","79 50:32.029","8","0","0","0","2303","0","0","0","N","0","0","0","3","02303","0","","1.0","","1","N","N","","0","","0","0","2","","2","N","","2","1","0","0","0","1","0","2","0","2","","","","N","","","","","","","","","",""
"2010035378","","1","0","0","0","0","0","0","0","0","8","0","","02","4","2010","1","40.465901","-79.940891","","11","0","0","0","0","0","0","1","0","","0","0","0","","","1","","1","","40 27:57.243","","0","79 56:27.207","2","0","0","0","2301","1","0","1","N","1","0","1","4","02301","0","","1.0","","1","N","N","","0","","0","1","0","","0","","","2","1","1","0","0","0","0","2","0","1","","","","N","","","","","","","","","",""
"2010035380","","1","0","0","0","0","0","0","0","0","2","0","","02","4","2010","7","40.462819","-79.957327","","11","0","1","0","0","0","0","0","0","","0","0","0","","","0","","1","","40 27:46.148","","0","79 57:26.377","0","0","0","0","2301","0","0","0","N","0","0","0","3","02301","0","","1.0","","1","N","N","","0","","0","0","0","","2","","","2","0","0","0","0","0","0","2","1","2","","","","N","","","","","","","","","",""
"2010035381","","2","0","0","0","0","0","0","0","0","4","0","","02","4","2010","1","40.471018","-79.819998","","11","0","0","0","0","0","0","0","1","","0","0","0","","","0","","0","","40 28:15.666","","0","79 49:11.994","0","0","0","0","2113","0","0","0","N","0","0","0","2","02113","0","","1.0","","1","N","N","","0","","0","0","0","","0","","","2","0","0","0","0","0","0","2","0","2","","","","N","","","","","","","","","",""
"2010035382","","2","0","0","0","0","0","0","0","0","2","0","","02","4","2010","7","","","","11","0","0","0","0","0","1","0","0","3","0","0","0","","","2","","0","","","6","0","","4","0","0","0","2448","0","0","0","N","0","0","0","2","02448","1","","1.0","","1","N","N","","0","","0","0","0","","0","N","","2","2","1","0","0","1","0","1","0","2","","","","N","","","","","","","","","",""
"2010035386","","2","0","0","0","0","0","0","0","0","4","0","","02","4","2010","6","40.484184","-79.819298","","11","0","0","0","0","0","1","1","0","","0","0","0","","","0","","0","","40 29:03.062","","7","79 49:09.471","0","0","0","0","2113","0","0","0","N","0","0","0","2","02113","0","","1.0","","1","N","N","","0","","0","0","0","","0","","","2","0","0","0","0","0","0","2","0","2","","","","N","","","","","","","","","",""
"2010035393","","1","0","0","0","0","0","0","0","0","7","0","","02","4","2010","1","40.456567","-80.029179","","11","0","0","0","0","0","0","0","0","2","0","0","0","","","0","","2","","40 27:23.641","1","0","80 01:45.045","9","0","0","0","2301","0","0","0","N","0","0","0","1","02301","0","","4.0","","1","N","N","","0","","0","0","0","","0","N","","1","0","0","0","0","0","1","2","0","1","","","","N","","","","","","","","","",""
"2010035398","","1","0","0","0","0","0","0","0","0","7","0","","02","4","2010","1","40.339183","-80.077891","","11","0","0","0","0","0","0","0","0","","0","0","0","","","0","","0","","40 20:21.057","","0","80 04:40.407","0","0","0","0","2123","0","0","0","N","0","0","0","1","02123","0","","2.0","","1","N","N","","0","","0","0","0","","0","","","1","0","0","0","0","0","0","2","0","1","","","","N","","","","","","","","","",""
"2010035410","","1","0","0","0","0","0","0","0","0","4","0","","02","4","2010","1","40.290658","-79.913337","","11","0","0","0","0","0","1","0","0","2","0","0","0","","","1","","2","","40 17:26.370","6","0","79 54:48.014","8","0","0","0","2440","0","0","0","N","0","0","0","2","02440","0","","1.0","","1","N","N","","0","","0","0","1","","3","N","","2","1","0","0","0","1","0","2","0","2","","","","N","","","","","","","","","",""
"2010035426","","1","0","0","0","0","0","0","0","0","4","0","","02","4","2010","4","40.312775","-79.938555","","11","0","0","0","0","0","0","0","1","","0","0","0","","","0","","0","","40 18:45.991","","7","79 56:18.798","0","0","0","0","2440","0","0","0","N","0","0","0","3","02440","0","","1.0","","1","N","N","","0","","0","0","1","","0","","","2","0","1","0","0","0","0","2","0","2","","","","N","","","","","","","","","",""
"2010035497","","1","0","0","0","0","0","0","0","0","5","0","","02","4","2010","6","40.390681","-80.074219","","11","0","0","0","0","0","1","0","0","","0","0","0","","","0","","1","","40 23:26.450","","0","80 04:27.189","0","0","0","0","2117","0","0","0","N","0","0","0","2","02117","0","","9.0","","1","N","N","","1","","0","0","0","","2","","","2","0","0","0","0","0","0","2","0","2","","","","N","","","","","","","","","",""
"2010035501","","3","0","0","0","0","0","0","0","0","4","0","","02","4","2010","5","40.347046","-80.055134","","11","0","0","0","0","0","2","0","1","","0","0","0","","","0","","1","","40 20:49.366","","0","80 03:18.484","0","0","0","0","2123","0","0","0","N","0","0","0","3","02123","0","","1.0","","1","N","N","","0","","0","0","0","","2","","","3","0","0","0","0","0","0","2","0","3","","","","N","","","","","","","","","",""
"2010035502","","1","0","0","0","0","0","0","0","0","8","0","","02","4","2010","2","40.460247","-80.018047","","11","0","0","0","0","0","1","0","0","","0","0","0","","","1","","5","","40 27:36.889","","0","80 01:04.969","4","0","0","0","2301","1","0","0","N","1","0","0","2","02301","1","","1.0","","1","N","N","","0","","0","0","0","","0","","","2","1","0","0","0","0","0","2","0","1","","","","N","","","","","","","","","",""
"2010035503","","1","0","0","0","0","0","0","0","0","7","0","","02","3","2010","1","40.31916","-79.822513","","11","0","0","0","0","0","0","0","0","","0","0","0","","","0","","0","","40 19:08.975","","0","79 49:21.046","0","0","0","0","2469","0","0","0","N","0","0","0","1","02469","0","","2.0","","1","N","N","","0","","0","0","0","","0","","","1","0","0","0","0","0","0","2","0","1","","","","N","","","","","","","","","",""
"2010035514","","0","0","0","1","0","0","0","0","0","8","0","","02","4","2010","2","40.501751","-79.945537","","11","0","0","0","0","0","1","0","0","","0","0","0","","","1","","0","","40 30:06.305","","0","79 56:43.932","3","0","0","0","2430","1","0","0","N","0","0","0","2","02430","0","","1.0","","1","N","N","","0","","1","0","1","","2","","","2","1","0","0","0","0","0","2","0","1","","","","N","","","","","","","","","",""
"2010035521","","2","0","0","0","0","0","0","0","0","4","0","","02","4","2010","2","40.456602","-79.954976","","11","0","0","0","0","0","0","0","0","","0","0","0","","","0","","0","","40 27:23.766","","0","79 57:17.912","0","0","0","0","2301","0","0","0","N","0","0","0","2","02301","0","","1.0","","1","N","N","","0","","0","0","0","","0","","","2","0","0","0","0","0","0","2","0","2","","","","N","","","","","","","","","",""
"2010035530","","2","0","0","0","0","0","0","0","0","1","0","","02","4","2010","1","40.255844","-79.924725","","11","0","0","1","0","0","0","0","0","2","0","0","0","","","0","","0","","40 15:21.037","3","0","79 55:29.010","0","0","0","0","2440","0","0","0","N","0","0","0","4","02440","0","","1.0","","1","N","N","","0","","0","0","0","","0","N","","2","0","0","0","0","0","0","2","0","2","","","","N","","","","","","","","","",""
"2010035531","","1","0","0","0","0","0","0","0","0","4","0","","02","4","2010","2","40.447708","-79.938872","","11","0","0","0","0","0","0","1","1","1","0","0","0","","","0","","2","","40 26:51.748","4","0","79 56:19.939","0","0","0","0","2301","0","0","0","N","0","0","0","2","02301","0","","1.0","","1","N","N","","0","","0","0","1","","2","N","","2","0","0","0","0","0","0","2","0","2","","","","N","","","","","","","","","",""
"2010035541","","1","0","0","0","0","0","0","0","0","2","0","","02","4","2010","2","40.464484","-79.930088","","11","0","0","0","0","0","2","0","0","","0","0","0","","","0","","10","","40 27:52.142","","0","79 55:48.316","0","0","0","0","2301","0","0","0","N","0","0","0","2","02301","0","","1.0","","1","N","N","","0","","0","0","1","","0","","","2","0","0","0","0","0","0","2","0","2","","","","N","","","","","","","","","",""
"2010035556","","2","0","0","0","0","0","0","0","0","1","0","","02","4","2010","2","40.428363","-79.97351","","11","0","0","0","0","0","1","0","0","","0","0","0","","","1","","2","","40 25:42.107","","0","79 58:24.636","4","0","0","0","2301","0","0","0","N","0","0","0","6","02301","1","","1.0","","1","N","N","","0","","0","0","1","","0","","","3","1","0","0","0","0","0","2","0","3","","","","N","","","","","","","","","",""
"2010035570","","3","0","0","0","0","0","0","0","0","4","0","","02","4","2010","2","40.440057","-79.998687","","11","0","0","0","0","0","0","0","0","2","0","0","0","","","2","","1","","40 26:24.205","7","0","79 59:55.273","8","0","0","0","2301","0","0","0","N","0","0","0","3","02301","0","","1.0","","1","N","N","","0","","0","0","0","","2","Y","","3","2","0","0","0","2","0","2","0","3","","","","N","","","","","","","","","",""
"2010035571","","0","0","0","0","0","0","0","0","0","0","0","","02","4","2010","7","40.448227","-80.142343","","11","0","0","0","0","0","1","0","0","","0","0","0","","","1","","2","","40 26:53.617","","0","80 08:32.435","3","0","0","1","2115","0","0","0","N","0","0","0","1","02115","0","","2.0","","1","N","N","","0","","1","0","0","","0","","","1","1","0","0","0","0","0","2","0","1","","","","N","","","","","","","","","",""
"2010035572","","0","0","0","0","0","0","0","0","0","4","0","","02","4","2010","3","40.448696","-80.121094","","11","0","0","0","0","0","0","1","0","2","0","0","0","","","0","","2","","40 26:55.306","1","0","80 07:15.939","0","0","0","0","2115","0","0","0","N","0","0","0","3","02115","0","","1.0","","1","N","N","","2","","0","0","0","","0","Y","","2","0","0","0","0","0","0","2","0","2","","","","N","","","","","","","","","",""
"2010035573","","2","0","0","0","0","0","0","0","0","1","0","","02","4","2010","7","40.466368","-80.156771","","11","0","0","0","0","0","0","0","0","","0","0","0","","","2","","2","","40 27:58.925","","0","80 09:24.377","4","0","0","0","2115","0","0","0","N","0","0","0","3","02115","2","","1.0","","1","N","N","","0","","0","0","0","","0","","","2","2","0","0","0","0","0","2","0","2","","","","N","","","","","","","","","",""
"2010035631","","1","0","0","0","0","0","0","0","0","0","0","","02","4","2010","5","40.605968","-80.094441","","11","0","0","0","0","0","0","0","0","","0","0","0","","","1","","0","","40 36:21.485","","0","80 05:39.989","4","0","0","0","2481","0","0","0","N","0","0","0","1","68B03","1","","1.0","","1","N","N","","0","","0","0","0","","0","","","1","1","0","0","0","0","0","2","0","1","","","","N","","","","","","","","","",""
"2010035632","","2","0","0","0","0","0","0","0","0","1","0","","02","4","2010","6","40.440593","-79.759873","","11","0","0","1","1","0","0","0","0","","0","0","0","","","1","","6","","40 26:26.133","","2","79 45:35.541","3","0","0","0","2446","0","0","0","N","0","0","0","3","68B03","0","","1.0","","1","N","N","","0","","1","0","0","","4","","","2","1","0","0","0","0","0","2","0","2","","","","N","","","","","","","","","",""
"2010035711","","0","0","0","0","0","0","0","0","0","7","0","","02","4","2010","2","40.240884","-79.860117","","11","0","0","0","0","0","0","0","0","3","0","0","0","","","1","","1","","40 14:27.181","1","0","79 51:36.420","8","0","0","0","2105","0","0","0","N","0","0","0","1","02105","0","","2.0","","1","N","N","","0","","0","0","1","","0","Y","","1","1","1","0","0","1","0","1","0","1","","","","N","","","","","","","","","",""
"2010035735","","1","0","0","0","0","0","0","0","0","7","0","","02","4","2010","2","40.576732","-79.970262","","11","0","0","0","1","0","0","0","0","2","0","0","0","","","0","","3","","40 34:36.236","4","0","79 58:12.943","0","0","0","0","2207","0","0","0","N","0","0","0","2","02207","0","","5.0","","1","N","N","","0","","0","0","0","","0","N","","1","0","0","0","0","0","0","2","0","1","","","","N","","","","","","","","","",""
"2010035742","","1","0","0","0","0","0","0","0","0","8","0","","02","4","2010","2","40.462303","-79.874372","","11","0","0","0","0","0","0","0","0","","0","0","0","","","1","","0","","40 27:44.290","","7","79 52:27.739","4","0","0","0","2113","1","0","0","N","1","0","0","2","02113","1","","1.0","","1","N","N","","0","","0","0","0","","0","","","2","1","0","0","0","0","1","2","0","1","","","","N","","","","","","","","","",""
"2010035743","","1","0","0","0","0","0","0","0","0","7","0","","02","4","2010","3","40.496176","-79.941749","","11","0","0","0","0","0","0","0","0","1","0","0","0","","","0","","0","","40 29:46.235","5","0","79 56:30.296","0","0","0","0","2301","0","0","0","N","0","0","0","1","02301","0","","5.0","","1","N","N","","0","","0","0","0","","0","Y","","1","0","0","0","0","0","0","2","0","1","","","","N","","","","","","","","","",""
"2010035750","","0","0","0","0","0","0","0","0","0","7","0","","02","4","2010","3","40.400758","-79.938984","","11","0","0","0","0","0","0","0","0","3","0","0","0","","","1","","2","","40 24:02.729","3","3","79 56:20.342","3","0","0","0","2301","0","0","0","N","0","0","0","1","02301","0","","4.0","","1","N","N","","0","","1","0","1","","0","Y","","1","1","0","0","0","0","0","2","0","1","","","","N","","","","","","","","","",""
"2010035755","","0","0","0","0","0","0","0","0","0","7","0","","02","4","2010","2","40.649858","-79.79883","","11","0","0","0","0","0","0","1","0","","0","0","0","","","0","","0","","40 38:59.488","","1","79 47:55.788","0","0","0","0","2202","0","0","0","Y","0","0","0","2","02202","0","","1.0","","1","N","N","","1","","0","0","0","","0","","","1","0","0","0","0","0","0","1","0","1","","","","N","","","","","","","","","",""
"2010035759","","1","0","0","1","0","0","0","0","0","8","0","","02","4","2010","2","40.552419","-79.934755","","11","0","0","0","0","0","0","0","0","","0","0","0","","","1","","0","","40 33:08.708","","0","79 56:05.117","3","0","0","0","2209","1","0","0","N","0","0","0","2","02209","0","","1.0","","1","N","N","","0","","1","0","0","","0","","","2","1","0","0","0","0","0","2","0","1","","","","N","","","","","","","","","",""
"2010035767","","1","0","0","0","0","0","0","0","0","1","0","","02","4","2010","2","40.429819","-79.884861","","11","0","0","0","0","0","1","0","0","2","0","0","0","","","1","","0","","40 25:47.350","4","0","79 53:05.500","4","0","0","0","2426","0","0","0","N","0","0","0","3","68B01","1","","1.0","","1","N","N","","0","","0","0","2","","0","N","","3","1","0","0","0","0","0","2","0","3","","","","N","","","","","","","","","",""
"2010035853","","0","0","0","0","0","0","0","0","0","7","0","","02","4","2010","3","40.465093","-79.839219","","11","0","0","0","0","0","1","0","0","","0","0","0","","","0","","0","","40 27:54.334","","0","79 50:21.188","0","0","0","0","2113","0","0","0","N","0","0","0","1","02113","0","","5.0","","1","N","N","","0","","0","0","1","","0","","","1","0","0","0","0","0","0","2","0","1","","","","N","","","","","","","","","",""
"2010035854","","0","0","0","0","0","0","0","0","0","5","0","","02","4","2010","3","40.452962","-79.981294","","11","0","0","0","0","0","0","0","0","3","0","0","0","","","1","","0","","40 27:10.663","4","0","79 58:52.658","3","0","0","0","2301","0","0","0","N","0","0","0","2","02301","0","","6.0","","1","N","N","","1","","1","0","1","","0","Y","","2","1","0","0","0","0","0","2","0","2","","","","N","","","","","","","","","",""
"2010035856","","1","0","0","0","0","0","0","0","0","7","0","","02","4","2010","3","40.484268","-79.907841","","11","0","0","0","0","0","0","0","0","1","0","0","0","","","0","","2","","40 29:03.363","6","0","79 54:28.228","0","0","0","0","2301","0","0","0","N","0","0","0","1","02301","0","","2.0","","9","N","N","","0","","0","0","0","","2","N","","1","0","0","0","0","0","0","2","0","1","","","","N","","","","","","","","","",""
"2010035858","","0","0","0","0","0","0","0","0","0","4","1","","02","3","2010","6","40.395519","-79.86575","","11","0","0","0","0","0","0","0","0","3","0","1","0","","","0","","9","","40 23:43.868","7","0","79 51:56.700","9","0","0","0","2410","0","0","0","N","0","0","0","1","02410","0","","1.0","","1","N","N","","0","","0","0","0","","5","N","","2","0","0","0","0","0","1","2","0","1","","","","N","","","","","","","","","",""
"2010035864","","2","0","0","0","0","0","0","0","0","4","0","","02","4","2010","3","40.45041","-79.948748","","11","0","0","0","0","0","0","0","0","1","0","0","0","","","2","","1","","40 27:01.476","4","0","79 56:55.492","4","0","0","0","2301","0","0","0","N","0","0","0","3","02301","2","","1.0","","9","N","N","","0","","0","0","0","","2","N","","2","2","0","0","0","0","0","2","0","2","","","","N","","","","","","","","","",""
"2010035866","","1","0","0","0","0","0","0","0","0","1","0","","02","4","2010","2","40.499931","-80.07277","","11","0","0","0","0","0","0","0","1","2","0","0","0","","","0","","0","","40 29:59.750","1","0","80 04:21.973","0","0","0","0","2405","0","0","0","N","0","0","0","3","02215","0","","1.0","","1","N","N","","0","","0","0","0","","0","N","","2","0","0","0","0","0","0","2","1","2","","","","N","","","","","","","","","",""
"2010035884","","1","0","0","0","0","0","0","0","0","7","0","","02","3","2010","2","40.275163","-79.838082","","11","0","0","0","0","0","1","0","0","2","0","0","0","","","1","","0","","40 16:30.588","5","0","79 50:17.094","8","0","0","0","2105","0","0","0","N","0","0","0","1","02105","0","","2.0","","9","N","N","","0","","0","0","0","","0","Y","","1","1","0","0","0","1","0","2","0","1","","","","N","","","","","","","","","",""
"2010035894","","1","0","0","0","0","0","0","0","0","5","1","","02","4","2010","3","40.458805","-79.943747","","11","0","0","0","0","0","1","0","0","","0","0","0","","","0","","1","","40 27:31.698","","0","79 56:37.489","0","0","0","0","2301","0","0","0","N","0","0","0","1","02301","0","","1.0","","9","N","N","","0","","0","0","0","","0","","","2","0","0","0","0","0","0","2","0","2","","","","N","","","","","","","","","",""
"2010035899","","1","0","0","0","0","0","0","0","0","1","0","","02","4","2010","2","40.61476","-79.947132","","11","0","0","0","0","0","0","0","0","","0","0","0","","","1","","0","","40 36:53.135","","0","79 56:49.675","8","0","0","0","2217","0","0","0","N","0","0","0","3","02505","0","","1.0","","1","N","N","","1","","0","0","0","","0","","","2","1","0","0","0","1","1","2","0","2","","","","N","","","","","","","","","",""
"2010035920","","1","0","0","0","0","0","0","0","0","4","0","","02","4","2010","5","40.541202","-79.816155","","11","0","0","0","0","0","0","0","0","","0","0","0","","","0","","0","","40 32:28.327","","0","79 48:58.158","0","0","0","0","2208","0","0","0","N","0","0","0","2","02208","0","","1.0","","9","N","N","","0","","0","0","1","","0","","","2","0","0","0","0","0","0","2","0","2","","","","N","","","","","","","","","",""
"2010035927","","2","0","0","0","0","0","0","0","0","1","0","","02","4","2010","5","40.536939","-79.83918","","11","0","0","0","0","0","1","0","0","","0","0","0","","","1","","2","","40 32:12.979","","0","79 50:21.047","8","0","0","0","2208","0","0","0","N","0","0","0","3","02208","0","","1.0","","1","N","N","","0","","0","0","0","","2","","","2","1","0","0","0","1","0","2","0","2","","","","N","","","","","","","","","",""
"2010035935","","0","0","0","0","0","0","0","0","0","0","0","","02","4","2010","1","40.510016","-79.796025","","11","0","0","0","0","0","0","0","0","","0","0","0","","","1","","0","","40 30:36.058","","0","79 47:45.689","8","0","0","1","2113","0","0","0","N","0","0","0","1","02113","0","","2.0","","1","N","N","","0","","0","0","0","","0","","","1","1","0","0","0","1","0","2","0","1","","","","N","","","","","","","","","",""
"2010035939","","1","0","0","0","0","0","0","0","0","2","0","","02","3","2010","3","40.446443","-79.759644","","11","0","0","0","0","0","2","1","0","1","0","0","0","","","1","","0","","40 26:47.195","1","0","79 45:34.718","4","0","0","0","2446","0","0","0","N","0","0","0","3","02446","1","","1.0","","1","N","N","","1","","0","0","1","","0","N","","3","1","2","0","0","0","0","2","0","3","","","","N","","","","","","","","","",""
"2010035943","","2","0","0","0","0","0","0","0","0","4","0","","02","4","2010","3","40.389564","-80.081101","","11","0","0","1","0","0","0","0","0","1","0","0","0","","","1","","0","","40 23:22.429","3","7","80 04:51.962","4","0","0","0","2117","0","0","0","N","0","0","0","5","02117","1","","1.0","","1","N","N","","0","","0","0","0","","0","N","","2","1","0","0","0","0","0","2","0","2","","","","N","","","","","","","","","",""
"2010036005","","2","0","0","0","0","0","0","0","0","1","0","","02","4","2010","2","40.607994","-80.094333","","11","0","0","0","0","0","1","0","0","","0","0","0","","","3","","0","","40 36:28.778","","0","80 05:39.600","4","0","0","0","2481","0","0","0","N","0","0","0","4","68B03","3","","1.0","","1","N","N","","0","","0","0","0","","0","","","2","3","0","0","0","0","0","2","0","2","","","","N","","","","","","","","","",""
"2010036045","","1","0","0","0","0","0","0","0","0","4","0","","02","4","2010","1","40.262467","-79.910489","","11","0","0","0","0","0","0","0","0","2","0","0","0","","","0","","0","","40 15:44.881","1","0","79 54:37.760","0","0","0","0","2440","0","0","0","N","0","0","0","2","02440","0","","1.0","","1","N","N","","0","","0","0","1","","0","N","","2","0","0","0","0","0","0","2","0","2","","","","N","","","","","","","","","",""
"2010036048","","2","0","0","0","0","0","0","0","0","4","0","","02","4","2010","3","40.434575","-79.78703","","11","0","0","0","0","0","0","1","0","1","0","0","0","","","0","","0","","40 26:04.470","4","0","79 47:13.308","0","0","0","0","2446","0","0","0","N","0","0","0","2","02446","0","","1.0","","1","N","N","","0","","0","0","0","","0","N","","2","0","1","0","0","0","0","2","0","2","","","","N","","","","","","","","","",""
"2010036056","","0","0","0","0","0","0","0","0","0","4","0","","02","4","2010","1","40.452724","-80.252605","","11","0","0","0","0","0","0","1","0","2","0","0","0","","","2","","2","","40 27:09.808","6","0","80 15:09.377","4","0","0","0","2203","0","0","0","N","0","0","0","3","02203","2","","1.0","","1","N","N","","0","","0","0","3","","3","Y","","3","2","0","0","0","0","0","2","0","3","","","","N","","","","","","","","","",""
"2010036065","","1","0","0","0","0","0","0","0","0","7","0","","02","4","2010","3","40.479707","-79.966","","11","0","0","0","0","0","0","0","0","1","0","0","0","","","0","","7","","40 28:46.944","2","2","79 57:57.600","0","0","0","0","2118","0","0","0","N","0","0","0","1","02118","0","","2.0","","1","N","N","","0","","0","0","0","","0","N","","1","0","1","0","0","0","0","2","0","1","","","","N","","","","","","","","","",""
"2010036066","","2","0","0","0","0","0","0","0","0","1","0","","02","3","2010","3","40.49359","-79.915421","","11","0","0","0","0","0","0","0","0","","0","0","0","","","2","","2","","40 29:36.924","","99","79 54:55.517","4","0","0","0","2461","0","0","0","N","0","0","0","4","02461","1","","1.0","","1","N","N","","1","","0","0","0","","0","","","3","2","0","0","0","1","0","2","0","3","","","","N","","","","","","","","","",""
"2010036067","","1","0","0","0","0","0","0","0","0","7","0","","02","4","2010","3","40.456646","-79.967692","","11","0","0","0","0","0","0","0","0","","0","0","0","","","0","","2","","40 27:23.925","","0","79 58:03.691","0","0","0","0","2301","0","0","0","N","0","0","0","1","02301","0","","5.0","","1","N","N","","0","","0","0","0","","3","","","1","0","0","0","0","0","0","2","0","1","","","","N","","","","","","","","","",""
"2010036069","","0","0","0","0","0","0","0","0","0","7","0","","02","4","2010","5","40.47946","-79.96612","","11","0","0","0","0","0","0","0","0","2","0","0","0","","","0","","0","","40 28:46.055","1","0","79 57:58.031","0","0","0","0","2118","0","0","0","N","0","0","0","3","02118","0","","4.0","","1","N","N","","0","","0","0","1","","0","N","","1","0","0","0","0","0","0","2","0","1","","","","N","","","","","","","","","",""
"2010036078","","2","0","0","0","0","0","0","0","0","4","0","","02","4","2010","4","40.460336","-80.013204","","11","0","0","0","0","0","0","0","0","","0","0","0","","","1","","0","","40 27:37.209","","0","80 00:47.534","4","0","0","0","2301","0","0","0","N","0","0","0","1","02301","1","","6.0","","1","N","N","","0","","0","0","0","","0","","","2","1","0","0","0","0","0","2","0","2","","","","N","","","","","","","","","",""
"2010036086","","1","0","0","0","0","0","0","0","0","7","0","","02","4","2010","2","40.34837","-79.944808","","11","0","0","0","0","0","0","0","0","","0","0","0","","","0","","2","","40 20:54.133","","7","79 56:41.310","0","0","0","0","2473","0","0","0","N","0","0","0","1","02473","0","","3.0","","3","N","N","","0","","0","0","0","","2","","","1","0","0","0","0","0","0","2","0","1","","","","N","","","","","","","","","",""
"2010036088","","1","0","0","0","0","0","0","0","0","7","0","","02","4","2010","3","40.409333","-79.798893","","11","0","0","0","0","0","0","0","0","","0","0","0","","","2","","0","","40 24:33.600","","0","79 47:56.014","4","0","0","0","2446","0","0","0","N","0","0","0","3","02446","2","","2.0","","1","N","N","","0","","0","0","0","","0","","","1","2","0","0","0","0","0","2","0","1","","","","N","","","","","","","","","",""
"2010036168","","2","0","0","0","0","0","0","0","0","4","0","","02","4","2010","4","","","","11","0","0","0","0","0","0","0","0","","0","0","0","","","0","","1","","","","0","","0","0","0","0","2216","0","0","0","N","0","0","0","2","02505","0","","1.0","","1","N","N","","0","","0","0","0","","3","","","2","0","0","0","0","0","0","1","0","2","","","","N","","","","","","","","","",""
"2010036169","","1","0","0","0","0","0","0","0","0","1","0","","02","4","2010","3","40.556072","-79.813936","","11","0","0","0","0","0","0","0","0","2","0","0","0","","","0","","0","","40 33:21.858","5","7","79 48:50.171","0","0","0","0","2208","0","0","0","N","0","0","0","2","02208","0","","1.0","","1","N","N","","0","","0","0","1","","0","Y","","2","0","0","0","0","0","0","2","0","2","","","","N","","","","","","","","","",""
"2010036176","","2","0","0","0","0","0","0","0","0","1","0","","02","4","2010","3","40.661128","-80.093311","","11","0","0","1","0","0","0","0","0","","0","0","0","","","0","","1","","40 39:40.062","","0","80 05:35.918","0","0","0","0","2212","0","0","0","N","0","0","0","3","02505","0","","1.0","","1","N","N","","0","","0","0","0","","2","","","2","0","0","0","0","0","0","2","0","2","","","","N","","","","","","","","","",""
"2010036177","","1","0","0","0","0","0","0","0","0","7","0","","02","4","2010","1","40.37848","-80.070892","","11","0","0","0","0","0","0","0","1","","0","0","0","","","1","","0","","40 22:42.528","","0","80 04:15.211","8","0","0","0","2117","0","0","0","N","0","0","0","1","02117","0","","5.0","","1","N","N","","0","","0","0","0","","0","","","1","1","0","0","0","1","0","2","0","1","","","","N","","","","","","","","","",""