"CRN","ARRIVAL_TM","AUTOMOBILE_COUNT","BELTED_DEATH_COUNT","BELTED_SUSP_SERIOUS_INJ_COUNT","BICYCLE_COUNT","BICYCLE_DEATH_COUNT","BICYCLE_SUSP_SERIOUS_INJ_COUNT","BUS_COUNT","CHLDPAS_DEATH_COUNT","CHLDPAS_SUSP_SERIOUS_INJ_COUNT","COLLISION_TYPE","COMM_VEH_COUNT","CONS_ZONE_SPD_LIM","COUNTY","CRASH_MONTH","CRASH_YEAR","DAY_OF_WEEK","DEC_LATITUDE","DEC_LONGITUDE","DISPATCH_TM","DISTRICT","DRIVER_COUNT_16YR","DRIVER_COUNT_17YR","DRIVER_COUNT_18YR","DRIVER_COUNT_19YR","DRIVER_COUNT_20YR","DRIVER_COUNT_50_64YR","DRIVER_COUNT_65_74YR","DRIVER_COUNT_75PLUS","EST_HRS_CLOSED","FATAL_COUNT","HEAVY_TRUCK_COUNT","HORSE_BUGGY_COUNT","HOUR_OF_DAY","ILLUMINATION","INJURY_COUNT","INTERSECTION_RELATED","INTERSECT_TYPE","LANE_CLOSED","LATITUDE","LN_CLOSE_DIR","LOCATION_TYPE","LONGITUDE","MAX_SEVERITY_LEVEL","MCYCLE_DEATH_COUNT","MCYCLE_SUSP_SERIOUS_INJ_COUNT","MOTORCYCLE_COUNT","MUNICIPALITY","NONMOTR_COUNT","NONMOTR_DEATH_COUNT","NONMOTR_SUSP_SERIOUS_INJ_COUNT","NTFY_HIWY_MAINT","PED_COUNT","PED_DEATH_COUNT","PED_SUSP_SERIOUS_INJ_COUNT","PERSON_COUNT","POLICE_AGCY","POSSIBLE_INJ_COUNT","RDWY_SURF_TYPE_CD","RELATION_TO_ROAD","ROADWAY_CLEARED","ROAD_CONDITION","SCH_BUS_IND","SCH_ZONE_IND","SECONDARY_CRASH","SMALL_TRUCK_COUNT","SPEC_JURIS_CD","SUSP_MINOR_INJ_COUNT","SUSP_SERIOUS_INJ_COUNT","SUV_COUNT","TCD_FUNC_CD","TCD_TYPE","TFC_DETOUR_IND","TIME_OF_DAY","TOTAL_UNITS","TOT_INJ_COUNT","UNBELTED_OCC_COUNT","UNB_DEATH_COUNT","UNB_SUSP_SERIOUS_INJ_COUNT","UNK_INJ_DEG_COUNT","UNK_INJ_PER_COUNT","URBAN_RURAL","VAN_COUNT","VEHICLE_COUNT","WEATHER1","WEATHER2","WORKERS_PRES","WORK_ZONE_IND","WORK_ZONE_LOC","WORK_ZONE_TYPE","WZ_CLOSE_DETOUR","WZ_FLAGGER","WZ_LAW_OFFCR_IND","WZ_LN_CLOSURE","WZ_MOVING","WZ_OTHER","WZ_SHLDER_MDN","WZ_WORKERS_INJ_KILLED"
"2010036819","","1","0","0","0","0","0","0","0","0","5","0","","02","4","2010","6","40.350103","-79.84934","","11","0","0","0","0","0","0","1","0","","0","0","0","","","0","","0","","40 21:00.370","","0","79 50:57.624","0","0","0","0","2304","0","0","0","N","0","0","0","2","02304","0","","1.0","","9","N","N","","0","","0","0","1","","0","","","2","0","0","0","0","0","0","2","0","2","","","","N","","","","","","","","","",""
"2010036829","","1","0","0","0","0","0","0","0","0","4","0","","02","4","2010","6","40.440245","-79.993338","","11","0","0","0","0","0","1","0","0","","0","0","0","","","0","","2","","40 26:24.882","","0","79 59:36.016","0","0","0","0","2301","0","0","0","N","0","0","0","2","02301","0","","1.0","","9","N","N","","0","","0","0","1","","3","","","2","0","0","0","0","0","0","2","0","2","","","","N","","","","","","","","","",""
"2010036834","","1","0","0","0","0","0","0","0","0","7","0","","02","4","2010","6","40.393529","-80.087553","","11","0","0","0","0","0","0","0","0","1","0","0","0","","","0","","0","","40 23:36.703","4","0","80 05:15.190","0","0","0","0","2437","0","0","0","N","0","0","0","2","02437","0","","2.0","","1","N","N","","0","","0","0","0","","0","N","","1","0","0","0","0","0","0","2","0","1","","","","N","","","","","","","","","",""
"2010036837","","1","0","0","0","0","0","0","0","0","7","0","","02","4","2010","6","40.469718","-79.985814","","11","0","0","0","0","0","1","0","0","","0","0","0","","","1","","0","","40 28:10.984","","0","79 59:08.930","4","0","0","0","2301","0","0","0","N","0","0","0","1","02301","1","","9.0","","1","N","N","","0","","0","0","0","","0","","","1","1","0","0","0","0","0","2","0","1","","","","N","","","","","","","","","",""
"2010036852","","1","0","0","0","0","0","0","0","0","7","0","","02","4","2010","6","40.555537","-79.918743","","11","0","0","1","0","0","0","0","0","","0","0","0","","","0","","0","","40 33:19.933","","0","79 55:07.473","0","0","0","0","2209","0","0","0","N","0","0","0","1","02209","0","","2.0","","9","N","N","","0","","0","0","0","","0","","","1","0","0","0","0","0","0","2","0","1","","","","N","","","","","","","","","",""
"2010036858","","0","0","0","0","0","0","0","0","0","5","0","90","02","4","2010","6","40.518748","-80.134662","","11","0","0","0","0","0","0","0","0","","0","0","0","","","0","","0","","40 31:07.491","","0","80 08:04.784","0","0","0","0","2434","0","0","0","N","0","0","0","7","68B03","0","","1.0","","1","N","N","","1","","0","0","1","","0","","","2","0","1","0","0","0","0","2","0","2","","","N","Y","5","1","Y","N","N","Y","N","N","Y",""
"2010036932","","1","0","0","0","0","0","0","0","0","1","0","","02","4","2010","6","40.582595","-80.047616","","11","0","0","1","0","0","0","0","0","1","0","0","0","","","1","","0","","40 34:57.342","3","0","80 02:51.416","4","0","0","0","2108","0","0","0","N","0","0","0","3","02108","1","","1.0","","1","N","N","","1","","0","0","0","","0","N","","2","1","0","0","0","0","0","2","0","2","","","","N","","","","","","","","","",""
"2010036933","","0","0","0","0","0","0","0","0","0","1","0","","02","3","2010","6","40.607876","-80.05235","","11","0","0","0","0","0","2","0","0","2","0","0","0","","","1","","0","","40 36:28.353","1","7","80 03:08.459","8","0","0","1","2108","0","0","0","","0","0","0","2","02108","0","","1.0","","1","N","N","","0","","0","0","1","","0","N","","2","1","0","0","0","1","0","2","0","2","","","","N","","","","","","","","","",""
"2010036934","","1","0","0","0","0","0","0","0","0","4","0","","02","4","2010","2","40.58826","-80.048719","","11","0","0","0","0","0","1","0","1","2","0","0","0","","","3","","2","","40 35:17.736","6","0","80 02:55.387","3","0","0","0","2108","0","0","0","N","0","0","0","3","02108","1","","1.0","","1","N","N","","0","","2","0","0","","3","Y","","2","3","0","0","0","0","0","2","1","2","","","","N","","","","","","","","","",""
"2010036935","","0","0","0","0","0","0","0","0","0","1","0","","02","3","2010","2","40.567293","-80.011798","","11","0","0","0","0","1","0","1","0","","0","0","0","","","0","","0","","40 34:02.256","","7","80 00:42.474","0","0","0","0","2108","0","0","0","N","0","0","0","2","02108","0","","1.0","","1","N","N","","1","","0","0","0","","0","","","2","0","0","0","0","0","0","2","1","2","","","","N","","","","","","","","","",""
"2010036936","","0","0","0","0","0","0","0","0","0","7","0","","02","3","2010","5","40.587041","-80.028562","","11","0","0","0","0","0","0","0","0","1","0","0","0","","","1","","0","","40 35:13.347","2","0","80 01:42.823","3","0","0","1","2108","0","0","0","N","0","0","0","1","02108","0","","1.0","","1","N","N","","0","","1","0","0","","0","N","","1","1","0","0","0","0","0","2","0","1","","","","N","","","","","","","","","",""
"2010036937","","1","0","0","0","0","0","0","0","0","7","0","","02","3","2010","6","40.563974","-80.025083","","11","0","0","0","0","0","1","0","0","","0","0","0","","","0","","0","","40 33:50.306","","0","80 01:30.299","0","0","0","0","2108","0","0","0","N","0","0","0","1","02108","0","","2.0","","9","N","N","","0","","0","0","0","","0","","","1","0","0","0","0","0","0","2","0","1","","","","N","","","","","","","","","",""
"2010036938","","1","0","0","0","0","0","0","0","0","7","0","","02","3","2010","6","40.608751","-80.06503","","11","0","0","0","0","0","1","0","0","2","0","0","0","","","1","","0","","40 36:31.503","6","0","80 03:54.108","8","0","0","0","2108","0","0","0","N","0","0","0","1","02108","0","","2.0","","1","N","N","","0","","0","0","0","","8","N","","1","1","0","0","0","1","0","2","0","1","","","","N","","","","","","","","","",""
"2010036939","","0","0","0","0","0","0","0","0","0","7","0","","02","3","2010","7","40.566926","-80.051091","","11","0","0","0","0","0","1","0","0","1","0","0","0","","","1","","0","","40 34:00.934","4","0","80 03:03.926","8","0","0","0","2108","0","0","0","N","0","0","0","1","02108","0","","5.0","","2","N","N","","1","","0","0","0","","0","N","","1","1","0","0","0","1","0","2","0","1","","","","N","","","","","","","","","",""
"2010036940","","0","0","0","0","0","0","0","0","0","1","0","","02","3","2010","2","40.572128","-80.023504","","11","0","0","1","0","0","1","0","0","1","0","0","0","","","0","","1","","40 34:19.660","1","0","80 01:24.616","0","0","0","0","2108","0","0","0","N","0","0","0","3","02108","0","","1.0","","9","N","N","","0","","0","0","3","","2","N","","3","0","0","0","0","0","0","2","0","3","","","","N","","","","","","","","","",""
"2010036941","","1","0","0","0","0","0","0","0","0","1","0","","02","3","2010","2","40.55453","-80.02124","","11","0","0","0","0","0","0","0","0","","0","0","0","","","0","","1","","40 33:16.307","","0","80 01:16.463","0","0","0","0","2108","0","0","0","N","0","0","0","2","02108","0","","1.0","","1","N","N","","0","","0","0","1","","4","","","2","0","0","0","0","0","0","2","0","2","","","","N","","","","","","","","","",""
"2010036954","","2","0","0","0","0","0","0","0","0","4","0","","02","3","2010","7","","","","11","0","0","0","0","1","1","0","0","1","0","0","0","","","1","","6","","","4","2","","8","0","0","0","2456","0","0","0","N","0","0","0","7","02456","0","","7.0","","1","N","N","","0","","0","0","0","","3","N","","2","1","0","0","0","1","0","1","0","2","","","","N","","","","","","","","","",""
"2010036959","","1","0","0","0","0","0","0","0","0","7","0","","02","3","2010","1","40.336608","-79.853446","","11","0","0","0","0","1","0","0","0","","0","0","0","","","0","","0","","40 20:11.789","","0","79 51:12.407","0","0","0","0","2304","0","0","0","N","0","0","0","2","02304","0","","5.0","","1","N","N","","0","","0","0","0","","0","","","1","0","0","0","0","0","0","2","0","1","","","","N","","","","","","","","","",""
"2010036973","","2","0","0","0","0","0","0","0","0","1","0","","02","4","2010","1","40.51364","-80.055694","","11","0","0","0","0","0","0","0","0","","0","0","0","","","0","","0","","40 30:49.103","","0","80 03:20.500","0","0","0","0","2116","0","0","0","N","0","0","0","3","02116","0","","1.0","","1","N","N","","0","","0","0","0","","0","","","2","0","0","0","0","0","0","2","0","2","","","","N","","","","","","","","","",""
"2010036975","","3","0","0","0","0","0","0","0","0","2","0","","02","4","2010","3","40.460633","-79.971976","","11","0","0","0","0","0","1","0","0","2","0","0","0","","","1","","0","","40 27:38.280","6","0","79 58:19.113","8","0","0","0","2301","0","0","0","N","0","0","0","1","02301","0","","1.0","","1","N","N","","0","","0","0","0","","0","Y","","4","1","0","0","0","1","0","2","1","4","","","","N","","","","","","","","","",""
"2010036981","","0","0","0","0","0","0","0","0","0","7","0","","02","4","2010","6","40.485183","-79.856869","","11","0","0","0","0","0","1","0","0","","0","0","0","","","0","","2","","40 29:06.657","","0","79 51:24.730","0","0","0","0","2113","0","0","0","Y","0","0","0","1","02113","0","","4.0","","1","N","N","","0","","0","0","1","","0","","","1","0","0","0","0","0","0","2","0","1","","","","N","","","","","","","","","",""
"2010037006","","1","0","0","0","0","0","0","0","0","4","0","","02","4","2010","7","40.502436","-79.851555","","11","0","0","0","0","0","0","0","1","1","0","0","0","","","0","","0","","40 30:08.771","6","0","79 51:05.598","0","0","0","0","2301","0","0","0","N","0","0","0","2","02301","0","","1.0","","1","N","N","","0","","0","0","1","","2","N","","2","0","0","0","0","0","0","2","0","2","","","","N","","","","","","","","","",""
"2010037010","","1","0","0","0","0","0","0","0","0","7","0","","02","4","2010","3","40.397494","-80.036123","","11","0","0","0","0","0","0","0","1","","0","0","0","","","1","","1","","40 23:50.978","","0","80 02:10.042","3","0","0","0","2422","0","0","0","N","0","0","0","1","02503","0","","5.0","","1","N","N","","0","","1","0","0","","6","","","1","1","0","0","0","0","0","2","0","1","","","","N","","","","","","","","","",""
"2010037012","","1","0","0","0","0","0","0","0","0","7","0","","02","4","2010","7","40.421117","-79.88632","","11","0","0","0","0","0","0","0","1","1","0","0","0","","","0","","0","","40 25:16.021","1","0","79 53:10.752","0","0","0","0","2463","0","0","0","N","0","0","0","1","02463","0","","5.0","","1","N","N","","0","","0","0","0","","0","N","","1","0","0","0","0","0","0","2","0","1","","","","N","","","","","","","","","",""
"2010037025","","2","0","0","0","0","0","0","0","0","5","0","","02","4","2010","6","40.36964","-79.778302","","11","0","0","0","0","1","1","0","0","","0","0","0","","","1","","0","","40 22:10.703","","7","79 46:41.887","4","0","0","0","2111","0","0","0","N","0","0","0","3","02111","1","","1.0","","1","N","N","","0","","0","0","0","","0","","","2","1","0","0","0","0","0","2","0","2","","","","N","","","","","","","","","",""
"2010037027","","2","0","0","0","0","0","0","0","0","1","0","","02","4","2010","6","40.446001","-79.852687","","11","0","0","0","0","0","1","0","0","","0","0","0","","","0","","0","","40 26:45.603","","0","79 51:09.673","0","0","0","0","2419","0","0","0","N","0","0","0","2","02419","0","","1.0","","9","N","N","","0","","0","0","0","","0","","","2","0","0","0","0","0","0","2","0","2","","","","N","","","","","","","","","",""
"2010037031","","1","0","0","0","0","0","0","0","0","1","0","","02","4","2010","6","40.53553","-80.020359","","11","0","0","0","0","0","0","1","0","","0","0","0","","","0","","0","","40 32:07.908","","0","80 01:13.292","0","0","0","0","2116","0","0","0","N","0","0","0","2","02116","0","","1.0","","9","N","N","","0","","0","0","0","","0","","","2","0","0","0","0","0","0","2","1","2","","","","N","","","","","","","","","",""
"2010037044","","2","0","0","0","0","0","0","0","0","1","0","","02","4","2010","6","40.445893","-80.172756","","11","0","0","0","0","1","1","0","0","","0","0","0","","","1","","0","","40 26:45.216","","0","80 10:21.922","4","0","0","0","2214","0","0","0","N","0","0","0","4","68B03","1","","1.0","","1","N","N","","0","","0","0","0","","0","","","2","1","1","0","0","0","0","2","0","2","","","","N","","","","","","","","","",""
"2010037053","","1","0","0","0","0","0","0","0","0","8","0","","02","3","2010","2","40.37178","-79.97535","","11","0","0","0","0","0","0","0","0","","0","0","0","","","1","","0","","40 22:18.408","","0","79 58:31.260","4","0","0","0","2413","1","0","0","","1","0","0","2","02413","1","","1.0","","1","","","","0","","0","0","0","","0","","","2","1","0","0","0","0","0","2","0","1","","","","N","","","","","","","","","",""
"2010037064","","1","0","0","0","0","0","0","0","0","6","0","","02","4","2010","7","40.28809","-79.996666","","11","0","0","2","1","0","0","0","0","","0","0","0","","","0","","2","","40 17:17.124","","7","79 59:47.997","0","0","0","0","2219","0","0","0","N","0","0","0","4","02219","0","","1.0","","1","N","N","","2","","0","0","0","","0","","","3","0","0","0","0","0","0","2","0","3","","","","N","","","","","","","","","",""
"2010037065","","1","0","0","0","0","0","0","0","0","4","0","","02","4","2010","7","40.488328","-79.925522","","11","0","0","0","0","0","1","0","0","","0","0","0","","","1","","2","","40 29:17.980","","0","79 55:31.879","8","0","0","0","2301","0","0","0","N","0","0","0","2","02301","0","","1.0","","1","N","N","","1","","0","0","0","","3","","","2","1","0","0","0","1","0","2","0","2","","","","N","","","","","","","","","",""
"2010037077","","0","0","0","0","0","0","0","0","0","7","0","","02","4","2010","6","40.528499","-79.850278","","11","0","0","0","0","0","0","0","0","","0","0","0","","","1","","2","","40 31:42.598","","3","79 51:01.000","4","0","0","0","2208","0","0","0","Y","0","0","0","1","02208","1","","5.0","","1","N","N","","0","","0","0","1","","2","","","1","1","0","0","0","0","0","2","0","1","","","","N","","","","","","","","","",""
"2010037078","","1","0","0","0","0","0","0","0","0","4","0","","02","4","2010","1","40.389791","-79.932833","","11","0","0","0","1","1","0","0","0","","0","0","0","","","0","","1","","40 23:23.246","","0","79 55:58.200","0","0","0","0","2301","0","0","0","N","0","0","0","3","02301","0","","1.0","","1","N","N","","0","","0","0","1","","2","","","2","0","0","0","0","0","0","2","0","2","","","","N","","","","","","","","","",""
"2010037079","","0","0","0","0","0","0","0","0","0","0","0","","02","4","2010","1","40.652307","-79.839027","","11","0","0","0","0","0","0","0","0","2","0","0","0","","","1","","0","","40 39:08.306","6","0","79 50:20.496","8","0","0","0","2208","0","0","0","N","0","0","0","1","02208","0","","5.0","","1","N","N","","0","","0","0","1","","0","N","","1","1","0","0","0","1","0","1","0","1","","","","N","","","","","","","","","",""
"2010037080","","2","0","0","0","0","0","0","0","0","4","0","","02","4","2010","1","40.453331","-79.935555","","11","0","0","0","0","0","0","0","0","","0","0","0","","","0","","0","","40 27:11.991","","7","79 56:07.998","9","0","0","0","2301","0","0","0","N","0","0","0","2","02301","0","","1.0","","1","N","N","","0","","0","0","0","","0","","","2","0","0","0","0","0","1","2","0","2","","","","N","","","","","","","","","",""
"2010037104","","2","0","0","0","0","0","0","0","0","4","0","","02","4","2010","7","40.626185","-80.056151","","11","0","0","0","0","0","1","0","0","1","0","0","0","","","1","","1","","40 37:34.267","6","0","80 03:22.142","4","0","0","0","2216","0","0","0","N","0","0","0","2","02505","1","","1.0","","1","N","N","","0","","0","0","0","","3","N","","2","1","0","0","0","0","0","2","0","2","","","","N","","","","","","","","","",""
"2010037110","","1","0","0","0","0","0","0","0","0","4","0","","02","4","2010","7","40.343801","-79.938441","","11","0","0","0","0","0","0","0","0","1","0","0","0","","","3","","1","","40 20:37.683","2","0","79 56:18.387","4","0","0","0","2473","0","0","0","N","0","0","0","3","02473","2","","1.0","","1","N","N","","0","","0","0","1","","2","N","","2","3","0","0","0","1","0","2","0","2","","","","N","","","","","","","","","",""
"2010037113","","2","0","0","0","0","0","0","0","0","1","0","","02","4","2010","6","40.485183","-79.856869","","11","0","0","0","0","0","1","0","0","","0","0","0","","","1","","2","","40 29:06.657","","0","79 51:24.730","8","0","0","0","2113","0","0","0","N","0","0","0","3","02113","0","","1.0","","1","N","N","","0","","0","0","0","","2","","","3","1","0","0","0","1","0","2","1","3","","","","N","","","","","","","","","",""
"2010037120","","2","0","0","0","0","0","0","0","0","1","0","","02","4","2010","4","40.513439","-80.000388","","11","0","0","0","1","0","1","0","0","","0","0","0","","","0","","0","","40 30:48.382","","0","80 00:01.396","0","0","0","0","2116","0","0","0","N","0","0","0","2","02116","0","","1.0","","1","N","N","","0","","0","0","0","","2","","","2","0","1","0","0","0","0","2","0","2","","","","N","","","","","","","","","",""
"2010037129","","2","0","0","0","0","0","0","0","0","4","0","","02","4","2010","1","40.461313","-79.934164","","11","0","0","0","0","0","0","1","0","3","0","0","0","","","2","","1","","40 27:40.726","7","0","79 56:02.990","4","0","0","0","2301","0","0","0","N","0","0","0","2","02301","1","","1.0","","1","N","N","","0","","0","0","0","","3","Y","","2","2","0","0","0","1","0","2","0","2","","","","N","","","","","","","","","",""
"2010037133","","2","0","0","0","0","0","0","0","0","1","0","","02","4","2010","7","40.368939","-79.975843","","11","0","0","0","0","0","0","0","0","2","0","0","0","","","1","","0","","40 22:08.180","1","0","79 58:33.034","8","0","0","0","2413","0","0","0","N","0","0","0","1","02413","0","","1.0","","1","N","N","","0","","0","0","0","","0","Y","","2","1","0","0","0","1","0","2","0","2","","","","N","","","","","","","","","",""
"2010037135","","1","0","0","0","0","0","0","0","0","0","0","","02","4","2010","1","40.538494","-79.720379","","11","0","0","0","0","0","0","0","0","","0","0","0","","","0","","0","","40 32:18.578","","0","79 43:13.366","0","0","0","0","2466","0","0","0","N","0","0","0","1","02466","0","","1.0","","1","N","N","","0","","0","0","0","","0","","","1","0","0","0","0","0","0","1","0","1","","","","N","","","","","","","","","",""
"2010037163","","1","0","0","0","0","0","0","0","0","7","0","","02","4","2010","7","40.424056","-80.109968","","11","0","0","0","1","0","0","0","0","","0","0","0","","","0","","7","","40 25:26.601","","2","80 06:35.886","0","0","0","0","2102","0","0","0","N","0","0","0","1","68B03","0","","4.0","","1","N","N","","0","","0","0","0","","8","","","1","0","0","0","0","0","0","2","0","1","","","","N","","","","","","","","","",""
"2010037248","","1","0","0","0","0","0","0","0","0","7","0","","02","4","2010","7","40.34514","-80.158431","","11","0","0","0","0","0","0","0","0","3","0","0","0","","","2","","0","","40 20:42.503","4","0","80 09:30.352","8","0","0","0","2119","0","0","0","N","0","0","0","2","02119","0","","5.0","","1","N","N","","0","","0","0","0","","0","N","","1","2","0","0","0","2","0","2","0","1","","","","N","","","","","","","","","",""
"2010037249","","1","0","0","0","0","0","0","0","0","4","0","","02","4","2010","1","40.492134","-79.881436","","11","0","0","0","0","1","0","0","1","1","0","0","0","","","0","","2","","40 29:31.681","1","2","79 52:53.171","9","0","0","0","2112","0","0","0","N","0","0","0","3","02112","0","","1.0","","1","N","N","","0","","0","0","0","","2","N","","2","0","0","0","0","0","3","2","1","2","","","","N","","","","","","","","","",""
"2010037268","","1","0","0","0","0","0","0","0","0","8","0","","02","4","2010","1","40.458687","-79.908061","","11","0","0","0","0","0","0","0","0","","0","0","0","","","1","","1","","40 27:31.273","","0","79 54:29.021","4","0","0","0","2301","1","0","0","N","1","0","0","2","02301","1","","1.0","","1","N","N","","0","","0","0","0","","2","","","2","1","0","0","0","0","0","2","0","1","","","","N","","","","","","","","","",""
"2010037272","","0","0","0","0","0","0","0","0","0","7","0","","02","4","2010","1","40.470368","-79.813241","","11","0","0","0","0","0","0","0","0","","0","0","0","","","2","","0","","40 28:13.324","","0","79 48:47.667","4","0","0","0","2113","0","0","0","N","0","0","0","2","02113","1","","4.0","","1","N","N","","0","","0","0","1","","0","","","1","2","0","0","0","1","0","2","0","1","","","","N","","","","","","","","","",""
"2010037274","","3","0","0","0","0","0","0","0","0","4","0","","02","4","2010","1","40.418465","-79.882319","","11","0","0","0","0","0","0","0","0","","0","0","0","","","0","","1","","40 25:06.474","","0","79 52:56.348","0","0","0","0","2463","0","0","0","N","0","0","0","1","02463","0","","2.0","","1","N","N","","0","","0","0","0","","0","","","3","0","1","0","0","0","0","2","0","3","","","","N","","","","","","","","","",""
"2010037283","","2","0","0","0","0","0","0","0","0","2","0","","02","4","2010","5","40.4949","-79.945952","","11","0","0","0","0","0","0","0","1","","0","0","0","","","0","","0","","40 29:41.639","","0","79 56:45.428","0","0","0","0","2430","0","0","0","N","0","0","0","3","02430","0","","1.0","","1","N","N","","0","","0","0","0","","0","","","2","0","0","0","0","0","0","2","0","2","","","","N","","","","","","","","","",""
"2010037288","","3","0","0","0","0","0","0","0","0","7","0","","02","4","2010","2","40.494986","-79.833286","","11","0","0","0","0","0","0","0","0","2","0","0","0","","","1","","0","","40 29:41.948","1","0","79 49:59.831","8","0","0","0","2113","0","0","0","N","0","0","0","1","02113","0","","5.0","","1","N","N","","0","","0","0","0","","0","Y","","3","1","1","0","0","1","0","2","0","3","","","","N","","","","","","","","","",""
"2010037304","","0","0","0","0","0","0","0","0","0","7","0","","02","3","2010","3","40.449772","-80.001704","","11","0","0","0","0","0","0","0","0","","0","0","0","","","0","","0","","40 26:59.178","","0","80 00:06.133","0","0","0","0","2301","0","0","0","N","0","0","0","1","68B03","0","","2.0","","1","N","N","","0","","0","0","1","","0","","","1","0","0","0","0","0","0","2","0","1","","","","N","","","","","","","","","",""
"2010037305","","2","0","0","0","0","0","0","0","0","4","0","45","02","4","2010","7","40.440478","-79.760426","","11","0","0","0","0","0","1","0","0","2","0","0","0","","","2","","0","","40 26:25.719","3","0","79 45:37.535","4","0","0","0","2446","0","0","0","N","0","0","0","3","68B03","2","","1.0","","9","N","N","","0","","0","0","0","","8","Y","","2","2","0","0","0","0","0","2","0","2","","","N","Y","3","1","N","N","N","Y","N","N","N",""
"2010037338","","1","0","0","0","0","0","0","0","0","99","0","","02","4","2010","6","40.599005","-79.925423","","11","0","0","0","0","0","0","0","0","","0","0","0","","","0","","0","","40 35:56.419","","0","79 55:31.523","0","0","0","0","2207","0","0","0","N","0","0","0","2","68T02","0","","1.0","","9","N","N","","0","","0","0","0","","0","","","1","0","0","0","0","0","0","1","0","1","","","","N","","","","","","","","","",""
"2010037340","","1","0","0","0","0","0","0","0","0","99","0","","02","4","2010","4","40.278382","-79.942151","","11","0","0","0","0","0","0","0","0","","0","0","0","","","0","","0","","40 16:42.174","","0","79 56:31.742","0","0","0","0","2440","0","0","0","N","0","0","0","1","68T09","0","","1.0","","1","N","N","","0","","0","0","0","","0","","","1","0","0","0","0","0","0","2","0","1","","","","N","","","","","","","","","",""
"2010037358","","0","0","0","0","0","0","0","0","0","8","0","","02","4","2010","6","40.421891","-79.883067","","11","0","0","0","0","0","0","0","0","","0","0","0","","","1","","0","","40 25:18.807","","0","79 52:59.041","4","0","0","0","2463","1","0","0","N","1","0","0","2","02463","1","","1.0","","1","N","N","","1","","0","0","0","","0","","","2","1","0","0","0","0","1","2","0","1","","","","N","","","","","","","","","",""
"2010037360","","1","0","0","0","0","0","0","0","0","4","0","","02","4","2010","6","40.437164","-79.779596","","11","0","0","0","0","0","1","0","1","","0","0","0","","","1","","0","","40 26:13.790","","0","79 46:46.544","4","0","0","0","2446","0","0","0","N","0","0","0","2","02446","1","","1.0","","1","N","N","","0","","0","0","1","","0","","","2","1","0","0","0","0","0","2","0","2","","","","N","","","","","","","","","",""
"2010037363","","0","0","0","0","0","0","0","0","0","7","0","","02","4","2010","5","40.377794","-80.216707","","11","0","0","0","1","0","0","0","0","1","0","0","0","","","0","","2","","40 22:40.058","3","0","80 13:00.145","0","0","0","1","2214","0","0","0","N","0","0","0","1","02214","0","","1.0","","1","N","N","","0","","0","0","0","","0","N","","1","0","0","0","0","0","0","2","0","1","","","","N","","","","","","","","","",""
"2010037375","","1","0","0","0","0","0","0","0","0","0","0","","02","4","2010","6","40.463015","-79.856418","","11","0","0","0","1","0","0","0","1","","0","0","0","","","0","","2","","40 27:46.854","","0","79 51:23.105","0","0","0","0","2113","0","0","0","N","0","0","0","2","02113","0","","4.0","","1","N","N","","1","","0","0","0","","3","","","2","0","0","0","0","0","0","2","0","2","","","","N","","","","","","","","","",""
"2010037382","","2","0","0","0","0","0","0","0","0","1","0","","02","4","2010","6","40.642185","-79.938391","","11","0","0","0","0","0","0","0","0","","0","0","0","","","1","","1","","40 38:31.867","","0","79 56:18.208","8","0","0","0","2217","0","0","0","N","0","0","0","3","02505","0","","1.0","","1","N","N","","0","","0","0","0","","2","","","2","1","0","0","0","1","0","2","0","2","","","","N","","","","","","","","","",""
"2010037383","","0","0","0","0","0","0","1","0","0","8","1","","02","4","2010","2","40.442128","-79.997288","","11","0","0","0","0","0","1","0","0","","0","0","0","","","1","","1","","40 26:31.660","","0","79 59:50.236","4","0","0","0","2301","1","0","0","N","1","0","0","6","02503","1","","1.0","","1","N","N","","0","","0","0","0","","0","","","2","1","0","0","0","0","0","2","0","1","","","","N","","","","","","","","","",""
"2010037402","","1","0","0","0","0","0","0","0","0","1","0","","02","4","2010","2","40.475143","-79.822111","","11","0","0","0","0","0","0","1","0","","0","0","0","","","0","","2","","40 28:30.515","","0","79 49:19.599","0","0","0","0","2113","0","0","0","N","0","0","0","3","02113","0","","1.0","","1","N","N","","0","","0","0","0","","0","","","2","0","0","0","0","0","0","2","1","2","","","","N","","","","","","","","","",""
"2010037406","","1","0","0","0","0","0","0","0","0","1","0","","02","4","2010","2","40.439799","-80.077632","","11","0","0","0","0","0","0","0","0","","0","0","0","","","2","","0","","40 26:23.278","","0","80 04:39.476","3","0","0","0","2421","0","0","0","N","0","0","0","2","02421","1","","1.0","","1","N","N","","0","","1","0","0","","0","","","2","2","0","0","0","0","0","2","1","2","","","","N","","","","","","","","","",""
"2010037407","","0","0","0","0","0","0","0","0","0","0","0","","02","4","2010","2","40.400115","-79.937834","","11","0","0","0","0","0","1","0","0","1","0","0","0","","","1","","0","","40 24:00.415","2","0","79 56:16.203","3","0","0","1","2301","0","0","0","N","0","0","0","1","02301","0","","1.0","","3","N","N","","0","","1","0","0","","0","Y","","1","1","0","0","0","0","0","2","0","1","","","","N","","","","","","","","","",""
"2010037409","","3","0","0","0","0","0","0","0","0","5","0","","02","4","2010","2","40.616058","-80.093251","","11","0","0","0","0","0","1","0","0","","0","0","0","","","0","","1","","40 36:57.808","","0","80 05:35.702","0","0","0","0","2212","0","0","0","N","0","0","0","4","02505","0","","1.0","","1","N","N","","0","","0","0","0","","2","","","3","0","0","0","0","0","0","2","0","3","","","","N","","","","","","","","","",""