"CRN","ARRIVAL_TM","AUTOMOBILE_COUNT","BELTED_DEATH_COUNT","BELTED_SUSP_SERIOUS_INJ_COUNT","BICYCLE_COUNT","BICYCLE_DEATH_COUNT","BICYCLE_SUSP_SERIOUS_INJ_COUNT","BUS_COUNT","CHLDPAS_DEATH_COUNT","CHLDPAS_SUSP_SERIOUS_INJ_COUNT","COLLISION_TYPE","COMM_VEH_COUNT","CONS_ZONE_SPD_LIM","COUNTY","CRASH_MONTH","CRASH_YEAR","DAY_OF_WEEK","DEC_LATITUDE","DEC_LONGITUDE","DISPATCH_TM","DISTRICT","DRIVER_COUNT_16YR","DRIVER_COUNT_17YR","DRIVER_COUNT_18YR","DRIVER_COUNT_19YR","DRIVER_COUNT_20YR","DRIVER_COUNT_50_64YR","DRIVER_COUNT_65_74YR","DRIVER_COUNT_75PLUS","EST_HRS_CLOSED","FATAL_COUNT","HEAVY_TRUCK_COUNT","HORSE_BUGGY_COUNT","HOUR_OF_DAY","ILLUMINATION","INJURY_COUNT","INTERSECTION_RELATED","INTERSECT_TYPE","LANE_CLOSED","LATITUDE","LN_CLOSE_DIR","LOCATION_TYPE","LONGITUDE","MAX_SEVERITY_LEVEL","MCYCLE_DEATH_COUNT","MCYCLE_SUSP_SERIOUS_INJ_COUNT","MOTORCYCLE_COUNT","MUNICIPALITY","NONMOTR_COUNT","NONMOTR_DEATH_COUNT","NONMOTR_SUSP_SERIOUS_INJ_COUNT","NTFY_HIWY_MAINT","PED_COUNT","PED_DEATH_COUNT","PED_SUSP_SERIOUS_INJ_COUNT","PERSON_COUNT","POLICE_AGCY","POSSIBLE_INJ_COUNT","RDWY_SURF_TYPE_CD","RELATION_TO_ROAD","ROADWAY_CLEARED","ROAD_CONDITION","SCH_BUS_IND","SCH_ZONE_IND","SECONDARY_CRASH","SMALL_TRUCK_COUNT","SPEC_JURIS_CD","SUSP_MINOR_INJ_COUNT","SUSP_SERIOUS_INJ_COUNT","SUV_COUNT","TCD_FUNC_CD","TCD_TYPE","TFC_DETOUR_IND","TIME_OF_DAY","TOTAL_UNITS","TOT_INJ_COUNT","UNBELTED_OCC_COUNT","UNB_DEATH_COUNT","UNB_SUSP_SERIOUS_INJ_COUNT","UNK_INJ_DEG_COUNT","UNK_INJ_PER_COUNT","URBAN_RURAL","VAN_COUNT","VEHICLE_COUNT","WEATHER1","WEATHER2","WORKERS_PRES","WORK_ZONE_IND","WORK_ZONE_LOC","WORK_ZONE_TYPE","WZ_CLOSE_DETOUR","WZ_FLAGGER","WZ_LAW_OFFCR_IND","WZ_LN_CLOSURE","WZ_MOVING","WZ_OTHER","WZ_SHLDER_MDN","WZ_WORKERS_INJ_KILLED"
"2010039068","","0","0","0","0","0","0","0","0","0","99","0","","02","4","2010","5","40.633323","-80.097599","","11","0","0","0","0","0","1","0","0","","0","0","0","","","0","","0","","40 37:59.961","","0","80 05:51.358","0","0","0","0","2212","0","0","0","N","0","0","0","1","68B03","0","","1.0","","1","N","N","","0","","0","0","1","","0","","","1","0","0","0","0","0","0","2","0","1","","","","N","","","","","","","","","",""
"2010039069","","2","0","0","0","0","0","0","0","0","1","0","","02","4","2010","5","40.417127","-80.056771","","11","0","0","0","0","0","0","0","0","1","0","0","0","","","0","","0","","40 25:01.656","3","0","80 03:24.377","0","0","0","0","2435","0","0","0","N","0","0","0","2","68B03","0","","1.0","","1","N","N","","0","","0","0","0","","0","N","","2","0","0","0","0","0","0","2","0","2","","","","N","","","","","","","","","",""
"2010039074","","1","0","0","0","0","0","0","0","0","1","0","","02","4","2010","6","40.56567","-79.79859","","11","0","0","0","0","0","1","1","0","","0","0","0","","","0","","0","","40 33:56.412","","2","79 47:54.923","0","0","0","0","2206","0","0","0","N","0","0","0","4","68D02","0","","1.0","","1","N","N","","0","","0","0","2","","0","","","3","0","0","0","0","0","0","2","0","3","","","","N","","","","","","","","","",""
"2010039328","","1","0","0","0","0","0","0","0","0","7","0","","02","4","2010","6","40.346087","-79.851352","","11","0","0","0","0","0","0","0","0","1","0","0","0","","","0","","0","","40 20:45.913","1","0","79 51:04.867","0","0","0","0","2304","0","0","0","N","0","0","0","1","02304","0","","5.0","","1","N","N","","0","","0","0","0","","0","N","","1","0","0","0","0","0","0","2","0","1","","","","N","","","","","","","","","",""
"2010039338","","0","0","0","0","0","0","0","0","0","0","0","","02","4","2010","6","40.602662","-80.000228","","11","0","0","0","0","0","0","0","0","","0","0","0","","","1","","0","","40 36:09.582","","0","80 00:00.822","4","0","0","1","2108","0","0","0","N","0","0","0","1","02501","1","","4.0","","3","N","N","","0","","0","0","0","","0","","","1","1","0","0","0","0","0","1","0","1","","","","N","","","","","","","","","",""
"2010039339","","0","0","0","0","0","0","0","0","0","1","0","","02","4","2010","3","40.633393","-79.940135","","11","0","0","0","0","0","0","0","0","1","0","0","0","","","2","","0","","40 38:00.215","2","0","79 56:24.486","8","0","0","0","2217","0","0","0","N","0","0","0","3","02505","0","","1.0","","1","N","N","","1","","0","0","1","","0","N","","2","2","1","0","0","2","0","2","0","2","","","","N","","","","","","","","","",""
"2010039341","","1","0","0","0","0","0","0","0","0","7","0","","02","4","2010","6","40.398309","-80.02617","","11","0","0","0","0","0","0","1","0","1","0","0","0","","","0","","1","","40 23:53.914","3","0","80 01:34.211","0","0","0","0","2301","0","0","0","N","0","0","0","1","02301","0","","5.0","","1","N","N","","0","","0","0","0","","0","N","","1","0","0","0","0","0","0","2","0","1","","","","N","","","","","","","","","",""
"2010039347","","1","0","0","0","0","0","0","0","0","2","0","","02","4","2010","6","40.402688","-79.917122","","11","0","0","0","0","0","0","1","0","","0","0","0","","","0","","2","","40 24:09.678","","7","79 55:01.638","0","0","0","0","2472","0","0","0","N","0","0","0","2","02472","0","","1.0","","1","N","N","","1","","0","0","0","","0","","","2","0","2","0","0","0","0","2","0","2","","","","N","","","","","","","","","",""
"2010039350","","1","0","0","0","0","0","1","0","0","4","1","","02","4","2010","6","40.627986","-80.023572","","11","0","0","0","0","0","0","2","0","","0","0","0","","","4","","0","","40 37:40.748","","0","80 01:24.858","4","0","0","0","2216","0","0","0","N","0","0","0","29","02505","3","","1.0","","1","Y","N","","0","","0","0","0","","0","","","2","4","0","0","0","1","0","1","0","2","","","","N","","","","","","","","","",""
"2010039359","","2","0","0","0","0","0","0","0","0","4","0","","02","4","2010","6","40.466679","-80.078787","","11","0","0","0","0","0","0","1","0","1","0","0","0","","","1","","0","","40 28:00.044","4","0","80 04:43.632","4","0","0","0","2444","0","0","0","N","0","0","0","2","02444","1","","1.0","","1","N","N","","0","","0","0","0","","0","N","","2","1","0","0","0","0","0","2","0","2","","","","N","","","","","","","","","",""
"2010039360","","1","0","0","0","0","0","0","0","0","7","0","","02","4","2010","7","40.502415","-79.945169","","11","0","0","0","0","0","0","0","0","","0","0","0","","","0","","1","","40 30:08.695","","0","79 56:42.607","0","0","0","0","2430","0","0","0","Y","0","0","0","1","02430","0","","1.0","","1","N","N","","0","","0","0","0","","2","","","1","0","0","0","0","0","0","2","0","1","","","","N","","","","","","","","","",""
"2010039369","","1","0","0","0","0","0","1","0","0","4","1","","02","4","2010","4","40.43735","-79.977734","","11","0","0","0","0","0","1","0","0","1","0","0","0","","","2","","1","","40 26:14.460","3","0","79 58:39.842","3","0","0","0","2301","0","0","0","N","0","0","0","18","02503","1","","1.0","","1","N","N","","0","","1","0","0","","2","N","","2","2","1","0","0","0","0","2","0","2","","","","N","","","","","","","","","",""
"2010039371","","2","0","0","0","0","0","0","0","0","4","0","","02","4","2010","7","40.451499","-79.953396","","11","0","0","0","0","0","0","1","0","","0","0","0","","","0","","1","","40 27:05.396","","0","79 57:12.225","0","0","0","0","2301","0","0","0","N","0","0","0","5","02301","0","","1.0","","9","N","N","","0","","0","0","0","","3","","","2","0","0","0","0","0","0","2","0","2","","","","N","","","","","","","","","",""
"2010039389","","1","0","0","0","0","0","0","0","0","7","0","","02","4","2010","6","40.440863","-79.973978","","11","0","0","1","0","0","0","0","0","","0","0","0","","","1","","1","","40 26:27.106","","0","79 58:26.320","8","0","0","0","2301","0","0","0","N","0","0","0","1","02301","0","","2.0","","1","N","N","","0","","0","0","0","","0","","","1","1","0","0","0","1","0","2","0","1","","","","N","","","","","","","","","",""
"2010039392","","1","0","0","0","0","0","0","0","0","4","0","","02","4","2010","7","40.463745","-79.923774","","11","0","0","0","0","0","1","0","0","1","0","0","0","","","1","","1","","40 27:49.482","2","0","79 55:25.586","8","0","0","0","2301","0","0","0","N","0","0","0","2","02301","0","","1.0","","1","N","N","","0","","0","0","1","","2","Y","","2","1","0","0","0","1","0","2","0","2","","","","N","","","","","","","","","",""
"2010039395","","2","0","0","0","0","0","0","0","0","4","0","","02","4","2010","7","40.453729","-79.993335","","11","0","0","0","0","0","0","0","0","1","0","0","0","","","1","","1","","40 27:13.424","1","0","79 59:36.006","8","0","0","0","2301","0","0","0","N","0","0","0","3","02301","0","","1.0","","1","N","N","","0","","0","0","0","","0","N","","2","1","0","0","0","1","0","2","0","2","","","","N","","","","","","","","","",""
"2010039397","","2","0","0","0","0","0","0","0","0","1","0","","02","4","2010","7","40.441735","-80.239163","","11","0","0","0","0","0","2","0","0","","0","0","0","","","1","","1","","40 26:30.247","","0","80 14:20.988","4","0","0","0","2214","0","0","0","N","0","0","0","3","02214","1","","1.0","","1","N","N","","0","","0","0","0","","2","","","2","1","1","0","0","0","0","2","0","2","","","","N","","","","","","","","","",""
"2010039398","","2","0","0","0","0","0","0","0","0","1","0","","02","4","2010","7","40.396613","-79.998536","","11","0","0","0","0","0","0","0","0","","0","0","0","","","0","","0","","40 23:47.806","","0","79 59:54.730","0","0","0","0","2301","0","0","0","N","0","0","0","5","02301","0","","1.0","","1","N","N","","0","","0","0","0","","0","","","2","0","1","0","0","0","0","2","0","2","","","","N","","","","","","","","","",""
"2010039404","","0","0","0","0","0","0","0","0","0","4","0","","02","4","2010","6","40.437578","-79.770053","","11","0","0","0","0","0","0","0","0","","0","0","0","","","0","","0","","40 26:15.280","","0","79 46:12.190","0","0","0","0","2446","0","0","0","N","0","0","0","2","02446","0","","1.0","","1","N","N","","1","","0","0","1","","0","","","2","0","0","0","0","0","0","2","0","2","","","","N","","","","","","","","","",""
"2010039419","","2","0","0","0","0","0","0","0","0","1","0","","02","4","2010","2","40.429936","-80.028684","","11","0","0","0","0","0","0","0","0","","0","0","0","","","0","","3","","40 25:47.769","","2","80 01:43.261","0","0","0","0","2301","0","0","0","N","0","0","0","2","68B03","0","","1.0","","1","N","N","","0","","0","0","0","","4","","","2","0","0","0","0","0","0","2","0","2","","","","N","","","","","","","","","",""
"2010039438","","3","0","0","0","0","0","0","0","0","2","0","","02","4","2010","7","40.436306","-80.052273","","11","0","0","0","0","0","0","0","0","","0","0","0","","","0","","0","","40 26:10.702","","0","80 03:08.181","0","0","0","0","2301","0","0","0","N","0","0","0","2","02301","0","","1.0","","1","N","N","","0","","0","0","0","","0","","","3","0","0","0","0","0","0","2","0","3","","","","N","","","","","","","","","",""
"2010039440","","0","0","0","0","0","0","0","0","0","0","0","","02","4","2010","6","40.348168","-79.947286","","11","0","0","0","0","0","0","0","0","","0","0","0","","","0","","1","","40 20:53.403","","0","79 56:50.231","0","0","0","0","2473","0","0","0","N","0","0","0","1","02473","0","","1.0","","1","N","N","","1","","0","0","0","","2","","","1","0","0","0","0","0","0","2","0","1","","","","N","","","","","","","","","",""
"2010039441","","2","0","0","0","0","0","0","0","0","2","0","","02","4","2010","7","40.496489","-79.943698","","11","0","0","0","0","0","0","0","0","1","0","0","0","","","1","","0","","40 29:47.361","5","0","79 56:37.311","8","0","0","0","2430","0","0","0","N","0","0","0","2","02430","0","","1.0","","1","N","N","","0","","0","0","0","","0","N","","2","1","0","0","0","1","0","2","0","2","","","","N","","","","","","","","","",""
"2010039442","","0","0","0","0","0","0","0","0","0","4","0","","02","4","2010","6","40.591203","-79.947992","","11","0","0","0","0","0","0","0","1","2","0","0","0","","","0","","2","","40 35:28.332","1","7","79 56:52.772","0","0","0","0","2207","0","0","0","N","0","0","0","3","02207","0","","1.0","","1","N","N","","0","","0","0","0","","2","N","","2","0","0","0","0","0","0","2","2","2","","","","N","","","","","","","","","",""
"2010039446","","1","0","0","0","0","0","0","0","0","6","0","","02","4","2010","7","40.454331","-80.058737","","11","0","0","0","0","0","0","0","0","1","0","0","0","","","0","","0","","40 27:15.591","3","0","80 03:31.453","0","0","0","0","2301","0","0","0","N","0","0","0","1","02301","0","","1.0","","1","N","N","","0","","0","0","1","","0","N","","3","0","0","0","0","0","0","2","1","3","","","","N","","","","","","","","","",""
"2010039450","","0","0","0","0","0","0","0","0","0","7","0","","02","4","2010","6","40.290587","-79.88455","","11","0","0","0","0","0","1","0","0","","0","0","0","","","1","","2","","40 17:26.113","","0","79 53:04.380","4","0","0","0","2302","0","0","0","N","0","0","0","1","02302","1","","5.0","","1","N","N","","0","","0","0","1","","0","","","1","1","0","0","0","0","0","2","0","1","","","","N","","","","","","","","","",""
"2010039453","","0","0","0","0","0","0","0","0","0","7","0","","02","4","2010","7","40.41097","-79.955512","","11","0","0","0","0","0","0","0","0","2","0","0","0","","","1","","0","","40 24:39.492","1","0","79 57:19.842","3","0","0","0","2403","0","0","0","N","0","0","0","1","02403","0","","5.0","","1","N","N","","0","","1","0","1","","0","N","","1","1","0","0","0","0","0","2","0","1","","","","N","","","","","","","","","",""
"2010039454","","1","0","0","0","0","0","0","0","0","7","0","","02","4","2010","7","40.395805","-80.000171","","11","0","0","0","0","0","1","0","0","1","0","0","0","","","1","","0","","40 23:44.898","3","1","80 00:00.615","4","0","0","0","2301","0","0","0","N","0","0","0","1","02301","1","","2.0","","1","N","N","","0","","0","0","0","","0","N","","1","1","0","0","0","0","0","2","0","1","","","","N","","","","","","","","","",""
"2010039467","","2","0","0","0","0","0","0","0","0","6","0","","02","4","2010","7","40.453987","-79.997852","","11","0","0","0","0","0","0","1","0","","0","0","0","","","1","","1","","40 27:14.353","","2","79 59:52.267","4","0","0","0","2301","0","0","0","N","0","0","0","6","02301","1","","1.0","","9","N","N","","0","","0","0","0","","2","","","2","1","0","0","0","0","0","2","0","2","","","","N","","","","","","","","","",""
"2010039469","","1","0","0","0","0","0","0","0","0","2","0","","02","4","2010","1","40.465156","-79.944138","","11","0","0","0","0","0","0","0","0","","0","0","0","","","0","","1","","40 27:54.561","","1","79 56:38.896","0","0","0","0","2301","0","0","0","N","0","0","0","2","02301","0","","1.0","","9","N","N","","0","","0","0","1","","0","","","2","0","0","0","0","0","0","2","0","2","","","","N","","","","","","","","","",""
"2010039470","","1","0","0","0","0","0","0","0","0","7","0","","02","4","2010","1","40.456279","-79.97498","","11","0","0","0","0","0","0","0","0","","0","0","0","","","0","","1","","40 27:22.604","","0","79 58:29.928","0","0","0","0","2301","0","0","0","N","0","0","0","1","02301","0","","5.0","","9","N","N","","0","","0","0","0","","2","","","1","0","0","0","0","0","0","2","0","1","","","","N","","","","","","","","","",""
"2010039472","","1","0","0","0","0","0","0","0","0","7","0","","02","4","2010","7","","","","11","0","0","0","0","0","0","0","0","","0","0","0","","","0","","2","","","","0","","0","0","0","0","2446","0","0","0","N","0","0","0","2","02446","0","","5.0","","9","N","N","","0","","0","0","0","","3","","","1","0","0","0","0","0","0","1","0","1","","","","N","","","","","","","","","",""
"2010039474","","0","0","0","0","0","0","0","0","0","8","0","","02","4","2010","1","40.483959","-79.90656","","11","0","0","0","0","0","0","0","0","","0","0","0","","","1","","0","","40 29:02.252","","0","79 54:23.616","3","0","0","0","2301","1","0","0","N","1","0","0","1","02301","0","","1.0","","9","N","N","","0","","1","0","0","","0","","","2","1","0","0","0","0","0","2","0","1","","","","N","","","","","","","","","",""
"2010039475","","1","0","0","0","0","0","0","0","0","7","0","","02","4","2010","1","40.385225","-80.044025","","11","0","0","0","0","0","0","0","0","2","0","0","0","","","0","","0","","40 23:06.811","2","0","80 02:38.489","0","0","0","0","2109","0","0","0","N","0","0","0","1","02109","0","","1.0","","9","N","N","","0","","0","0","0","","0","N","","1","0","0","0","0","0","0","2","0","1","","","","N","","","","","","","","","",""
"2010039494","","0","0","0","0","0","0","0","0","0","1","0","","02","4","2010","6","40.616153","-80.092501","","11","0","0","1","0","0","1","0","0","","0","0","0","","","1","","0","","40 36:58.150","","0","80 05:33.004","4","0","0","0","2212","0","0","0","N","0","0","0","2","02505","1","","1.0","","1","N","N","","0","","0","0","1","","0","","","2","1","0","0","0","0","0","2","1","2","","","","N","","","","","","","","","",""
"2010039508","","1","0","0","0","0","0","0","0","0","1","0","","02","4","2010","6","40.340157","-79.963883","","11","0","0","0","0","0","0","1","0","1","0","0","0","","","0","","0","","40 20:24.566","2","0","79 57:49.979","0","0","0","0","2454","0","0","0","N","0","0","0","5","02454","0","","1.0","","1","N","N","","1","","0","0","1","","0","N","","3","0","0","0","0","0","0","2","0","3","","","","N","","","","","","","","","",""
"2010039518","","1","0","0","0","0","0","0","0","0","4","0","","02","4","2010","1","40.348819","-79.825522","","11","0","0","0","0","0","0","0","0","1","0","0","0","","","0","","2","","40 20:55.748","5","0","79 49:31.879","0","0","0","0","2477","0","0","0","N","0","0","0","4","02477","0","","1.0","","1","N","N","","1","","0","0","0","","3","Y","","2","0","0","0","0","0","0","2","0","2","","","","N","","","","","","","","","",""
"2010039533","","2","0","0","0","0","0","0","0","0","1","0","","02","4","2010","1","40.449541","-79.930642","","11","0","0","0","0","0","0","0","0","1","0","0","0","","","0","","0","","40 26:58.347","3","0","79 55:50.311","0","0","0","0","2301","0","0","0","N","0","0","0","2","02301","0","","1.0","","1","N","N","","0","","0","0","0","","0","N","","2","0","0","0","0","0","0","2","0","2","","","","N","","","","","","","","","",""
"2010039537","","0","0","0","0","0","0","0","0","0","7","0","","02","4","2010","1","40.503728","-79.948618","","11","0","0","0","0","0","0","0","0","","0","0","0","","","1","","2","","40 30:13.421","","0","79 56:55.026","3","0","0","1","2430","0","0","0","N","0","0","0","1","02430","0","","2.0","","1","N","N","","0","","1","0","0","","3","","","1","1","0","0","0","0","0","2","0","1","","","","N","","","","","","","","","",""
"2010039540","","0","0","0","0","0","0","0","0","0","99","0","","02","4","2010","1","40.356438","-79.837891","","11","0","0","0","0","0","0","0","0","","0","0","0","","","0","","0","","40 21:23.178","","0","79 50:16.408","0","0","0","0","2304","0","0","0","","0","0","0","1","02304","0","","1.0","","9","","","","0","","0","0","0","","0","","","1","0","0","0","0","0","0","2","0","1","","","","N","","","","","","","","","",""
"2010039541","","1","0","0","0","0","0","0","0","0","1","0","","02","4","2010","7","40.579014","-79.953148","","11","0","0","0","0","0","0","0","1","2","0","0","0","","","1","","2","","40 34:44.452","1","0","79 57:11.334","4","0","0","0","2207","0","0","0","N","0","0","0","4","02207","1","","1.0","","9","N","N","","0","","0","0","1","","3","N","","3","1","0","0","0","0","0","2","1","3","","","","N","","","","","","","","","",""
"2010039546","","0","0","0","0","0","0","0","0","0","4","0","","02","4","2010","1","40.600113","-80.077982","","11","0","0","0","0","0","0","0","0","1","0","0","0","","","0","","2","","40 36:00.406","5","0","80 04:40.735","0","0","0","0","2481","0","0","0","N","0","0","0","2","02481","0","","1.0","","1","N","N","","0","","0","0","2","","3","N","","2","0","0","0","0","0","0","2","0","2","","","","N","","","","","","","","","",""
"2010039550","","2","0","0","0","0","0","0","0","0","4","0","","02","4","2010","1","","","","11","1","0","0","0","0","0","0","0","","0","0","0","","","0","","0","","","","0","","0","0","0","0","2119","0","0","0","N","0","0","0","3","02119","0","","1.0","","9","N","N","","0","","0","0","0","","0","","","2","0","1","0","0","0","0","1","0","2","","","","N","","","","","","","","","",""
"2010039554","","2","0","0","0","0","0","0","0","0","6","0","","02","4","2010","1","40.46173","-79.907492","","11","0","0","0","0","0","0","1","0","","0","0","0","","","0","","0","","40 27:42.227","","0","79 54:26.971","0","0","0","0","2301","0","0","0","N","0","0","0","2","02301","0","","1.0","","1","N","N","","0","","0","0","0","","0","","","2","0","0","0","0","0","0","2","0","2","","","","N","","","","","","","","","",""
"2010039557","","0","0","0","0","0","0","0","0","0","4","0","","02","4","2010","1","40.629237","-79.933239","","11","1","0","0","0","0","0","0","0","2","0","0","0","","","0","","2","","40 37:45.252","7","0","79 55:59.662","0","0","0","0","2217","0","0","0","N","0","0","0","4","02505","0","","1.0","","9","N","N","","1","","0","0","1","","3","Y","","2","0","0","0","0","0","0","2","0","2","","","","N","","","","","","","","","",""
"2010039561","","2","0","0","0","0","0","0","0","0","4","0","","02","4","2010","1","40.473674","-79.856493","","11","0","0","0","0","0","0","0","0","2","0","0","0","","","3","","2","","40 28:25.228","3","0","79 51:23.374","4","0","0","0","2113","0","0","0","N","0","0","0","3","02113","3","","1.0","","9","N","N","","0","","0","0","0","","0","N","","2","3","3","0","0","0","0","2","0","2","","","","N","","","","","","","","","",""
"2010039584","","2","0","0","0","0","0","0","0","0","1","0","","02","4","2010","3","40.423337","-80.105844","","11","0","0","0","0","0","0","0","0","","0","0","0","","","0","","0","","40 25:24.014","","0","80 06:21.039","0","0","0","0","2102","0","0","0","N","0","0","0","2","68B03","0","","1.0","","1","N","N","","0","","0","0","0","","0","","","2","0","0","0","0","0","0","2","0","2","","","","N","","","","","","","","","",""
"2010039585","","2","0","0","0","0","0","0","0","0","1","0","","02","4","2010","2","40.495148","-80.012603","","11","0","0","0","0","0","1","1","0","","0","0","0","","","2","","0","","40 29:42.533","","2","80 00:45.370","4","0","0","0","2301","0","0","0","Y","0","0","0","4","68B03","2","","1.0","","1","N","N","","0","","0","0","1","","0","","","3","2","0","0","0","0","0","2","0","3","","","","N","","","","","","","","","",""
"2010039586","","2","0","0","0","0","0","0","0","0","1","0","","02","4","2010","5","40.425541","-79.907645","","11","0","0","0","0","0","2","0","0","","0","0","0","","","0","","0","","40 25:31.946","","0","79 54:27.522","0","0","0","0","2301","0","0","0","N","0","0","0","3","68B03","0","","1.0","","1","N","N","","0","","0","0","1","","0","","","3","0","0","0","0","0","0","2","0","3","","","","N","","","","","","","","","",""
"2010039595","","1","0","0","0","0","0","0","0","0","1","0","","02","4","2010","2","40.535957","-79.844424","","11","0","0","0","0","0","0","1","0","","0","0","0","","","1","","0","","40 32:09.445","","0","79 50:39.928","4","0","0","0","2208","0","0","0","N","0","0","0","3","68D02","1","","1.0","","1","N","N","","0","","0","0","0","","0","","","2","1","2","0","0","0","0","2","1","2","","","","N","","","","","","","","","",""
"2010039637","","0","0","0","0","0","0","0","0","0","0","1","","02","4","2010","1","40.431706","-80.264041","","11","0","0","0","0","0","0","0","0","3","0","1","0","","","0","","2","","40 25:54.141","4","0","80 15:50.547","0","0","0","0","2214","0","0","0","N","0","0","0","3","02214","0","","1.0","","1","N","N","","0","","0","0","0","","0","N","","1","0","1","0","0","0","0","2","0","1","","","","N","","","","","","","","","",""
"2010039638","","0","0","0","0","0","0","0","0","0","1","0","","02","4","2010","5","40.312767","-79.997448","","11","0","0","0","0","0","2","0","0","","0","0","0","","","0","","0","","40 18:45.961","","0","79 59:50.812","0","0","0","0","2219","0","0","0","N","0","0","0","2","02219","0","","1.0","","1","N","N","","1","","0","0","0","","0","","","2","0","1","0","0","0","0","2","1","2","","","","N","","","","","","","","","",""
"2010039639","","1","0","0","0","0","0","0","0","0","2","0","","02","4","2010","1","40.453678","-80.022819","","11","0","0","0","0","0","0","0","0","","0","0","0","","","1","","0","","40 27:13.240","","0","80 01:22.148","8","0","0","1","2301","0","0","0","N","0","0","0","1","02301","0","","6.0","","9","N","N","","0","","0","0","0","","0","","","2","1","0","0","0","1","0","2","0","2","","","","N","","","","","","","","","",""
"2010039642","","2","0","0","0","0","0","0","0","0","4","0","","02","4","2010","4","40.340344","-79.938196","","11","0","0","0","0","0","1","0","0","","0","0","0","","","2","","2","","40 20:25.239","","7","79 56:17.507","4","0","0","0","2473","0","0","0","N","0","0","0","7","02473","2","","1.0","","1","N","N","","0","","0","0","0","","3","","","2","2","0","0","0","0","0","2","0","2","","","","N","","","","","","","","","",""
"2010039655","","1","0","0","0","0","0","0","0","0","7","0","","02","4","2010","1","40.321008","-80.009358","","11","0","0","0","0","1","0","0","0","2","0","0","0","","","0","","0","","40 19:15.630","2","0","80 00:33.690","0","0","0","0","2407","0","0","0","N","0","0","0","2","02501","0","","2.0","","9","N","N","","0","","0","0","0","","0","N","","1","0","0","0","0","0","0","2","0","1","","","","N","","","","","","","","","",""
"2010039663","","1","0","0","0","0","0","0","0","0","7","0","","02","4","2010","2","40.468001","-80.07158","","11","0","0","0","0","0","0","0","0","","0","0","0","","","0","","10","","40 28:04.803","","0","80 04:17.688","9","0","0","0","2444","0","0","0","N","0","0","0","2","02444","0","","5.0","","1","N","N","","0","","0","0","0","","0","","","1","0","0","0","0","0","2","2","0","1","","","","N","","","","","","","","","",""
"2010039668","","0","0","0","0","0","0","0","0","0","7","0","","02","4","2010","1","40.44539","-79.934129","","11","0","0","0","0","0","0","0","0","","0","0","0","","","0","","0","","40 26:43.404","","0","79 56:02.865","9","0","0","0","2301","0","0","0","N","0","0","0","1","02301","0","","2.0","","9","N","N","","1","","0","0","0","","0","","","1","0","0","0","0","0","1","2","0","1","","","","N","","","","","","","","","",""
"2010039671","","1","0","0","0","0","0","0","0","0","4","0","","02","4","2010","6","40.457209","-79.904368","","11","0","0","0","0","0","0","0","0","","0","0","0","","","0","","1","","40 27:25.954","","0","79 54:15.724","0","0","0","0","2301","0","0","0","N","0","0","0","2","02301","0","","1.0","","1","N","N","","0","","0","0","0","","2","","","2","0","0","0","0","0","0","2","1","2","","","","N","","","","","","","","","",""
"2010039673","","0","0","0","0","0","0","0","0","0","7","0","","02","4","2010","2","40.387273","-79.813618","","11","0","0","0","0","0","0","0","0","2","0","0","0","","","0","","0","","40 23:14.182","5","0","79 48:49.024","0","0","0","0","2111","0","0","0","N","0","0","0","2","02111","0","","5.0","","9","N","N","","1","","0","0","0","","0","Y","","1","0","0","0","0","0","0","2","0","1","","","","N","","","","","","","","","",""
"2010039677","","3","0","0","0","0","0","0","0","0","5","0","","02","4","2010","1","40.350681","-79.852676","","11","0","0","0","0","0","0","0","0","","0","0","0","","","0","","0","","40 21:02.451","","0","79 51:09.633","0","0","0","0","2304","0","0","0","N","0","0","0","1","02304","0","","1.0","","9","N","N","","0","","0","0","0","","0","","","3","0","1","0","0","0","0","2","0","3","","","","N","","","","","","","","","",""
"2010039751","","1","0","0","1","0","0","0","0","0","0","0","","02","4","2010","1","40.352338","-80.073812","","11","0","0","0","0","0","1","0","0","","0","0","0","","","1","","1","","40 21:08.418","","0","80 04:25.723","3","0","0","0","2123","1","0","0","N","0","0","0","2","02123","0","","1.0","","1","N","N","","0","","1","0","0","","3","","","2","1","0","0","0","0","0","2","0","1","","","","N","","","","","","","","","",""
"2010039755","","1","0","0","0","0","0","0","0","0","4","0","","02","4","2010","7","40.340769","-79.915197","","11","0","0","0","0","0","0","0","0","","0","0","0","","","0","","3","","40 20:26.769","","0","79 54:54.708","0","0","0","0","2473","0","0","0","N","0","0","0","2","02473","0","","1.0","","9","N","N","","0","","0","0","1","","3","","","2","0","0","0","0","0","0","2","0","2","","","","N","","","","","","","","","",""
"2010039758","","1","0","0","0","0","0","0","0","0","1","0","","02","4","2010","2","40.424702","-79.859354","","11","0","0","0","0","0","0","0","0","1","0","0","0","","","1","","1","","40 25:28.928","4","0","79 51:33.675","4","0","0","0","2431","0","0","0","N","0","0","0","2","02431","1","","1.0","","9","N","N","","0","","0","0","1","","2","N","","2","1","0","0","0","0","0","2","0","2","","","","N","","","","","","","","","",""
"2010039775","","2","0","0","0","0","0","0","0","0","7","0","","02","4","2010","3","40.619383","-79.944683","","11","0","0","0","0","0","0","0","1","","0","0","0","","","0","","0","","40 37:09.777","","0","79 56:40.860","0","0","0","0","2217","0","0","0","N","0","0","0","2","02505","0","","5.0","","1","N","N","","0","","0","0","0","","0","","","2","0","0","0","0","0","0","2","0","2","","","","N","","","","","","","","","",""