"CRN","ARRIVAL_TM","AUTOMOBILE_COUNT","BELTED_DEATH_COUNT","BELTED_SUSP_SERIOUS_INJ_COUNT","BICYCLE_COUNT","BICYCLE_DEATH_COUNT","BICYCLE_SUSP_SERIOUS_INJ_COUNT","BUS_COUNT","CHLDPAS_DEATH_COUNT","CHLDPAS_SUSP_SERIOUS_INJ_COUNT","COLLISION_TYPE","COMM_VEH_COUNT","CONS_ZONE_SPD_LIM","COUNTY","CRASH_MONTH","CRASH_YEAR","DAY_OF_WEEK","DEC_LATITUDE","DEC_LONGITUDE","DISPATCH_TM","DISTRICT","DRIVER_COUNT_16YR","DRIVER_COUNT_17YR","DRIVER_COUNT_18YR","DRIVER_COUNT_19YR","DRIVER_COUNT_20YR","DRIVER_COUNT_50_64YR","DRIVER_COUNT_65_74YR","DRIVER_COUNT_75PLUS","EST_HRS_CLOSED","FATAL_COUNT","HEAVY_TRUCK_COUNT","HORSE_BUGGY_COUNT","HOUR_OF_DAY","ILLUMINATION","INJURY_COUNT","INTERSECTION_RELATED","INTERSECT_TYPE","LANE_CLOSED","LATITUDE","LN_CLOSE_DIR","LOCATION_TYPE","LONGITUDE","MAX_SEVERITY_LEVEL","MCYCLE_DEATH_COUNT","MCYCLE_SUSP_SERIOUS_INJ_COUNT","MOTORCYCLE_COUNT","MUNICIPALITY","NONMOTR_COUNT","NONMOTR_DEATH_COUNT","NONMOTR_SUSP_SERIOUS_INJ_COUNT","NTFY_HIWY_MAINT","PED_COUNT","PED_DEATH_COUNT","PED_SUSP_SERIOUS_INJ_COUNT","PERSON_COUNT","POLICE_AGCY","POSSIBLE_INJ_COUNT","RDWY_SURF_TYPE_CD","RELATION_TO_ROAD","ROADWAY_CLEARED","ROAD_CONDITION","SCH_BUS_IND","SCH_ZONE_IND","SECONDARY_CRASH","SMALL_TRUCK_COUNT","SPEC_JURIS_CD","SUSP_MINOR_INJ_COUNT","SUSP_SERIOUS_INJ_COUNT","SUV_COUNT","TCD_FUNC_CD","TCD_TYPE","TFC_DETOUR_IND","TIME_OF_DAY","TOTAL_UNITS","TOT_INJ_COUNT","UNBELTED_OCC_COUNT","UNB_DEATH_COUNT","UNB_SUSP_SERIOUS_INJ_COUNT","UNK_INJ_DEG_COUNT","UNK_INJ_PER_COUNT","URBAN_RURAL","VAN_COUNT","VEHICLE_COUNT","WEATHER1","WEATHER2","WORKERS_PRES","WORK_ZONE_IND","WORK_ZONE_LOC","WORK_ZONE_TYPE","WZ_CLOSE_DETOUR","WZ_FLAGGER","WZ_LAW_OFFCR_IND","WZ_LN_CLOSURE","WZ_MOVING","WZ_OTHER","WZ_SHLDER_MDN","WZ_WORKERS_INJ_KILLED"
"2010040638","","1","0","0","0","0","0","0","0","0","1","0","","02","4","2010","2","40.43116","-80.13548","","11","0","0","0","0","0","1","1","0","1","0","0","0","","","1","","0","","40 25:52.175","6","0","80 08:07.728","8","0","0","0","2115","0","0","0","N","0","0","0","4","02115","0","","1.0","","9","N","N","","0","","0","0","1","","0","N","","2","1","0","0","0","1","0","2","0","2","","","","N","","","","","","","","","",""
"2010040639","","1","0","0","0","0","0","0","0","0","7","0","","02","4","2010","5","40.488552","-80.145584","","11","0","0","0","1","0","0","0","0","","0","0","0","","","1","","0","","40 29:18.787","","0","80 08:44.101","3","0","0","0","2115","0","0","0","N","0","0","0","1","02115","0","","2.0","","1","N","N","","0","","1","0","0","","0","","","1","1","1","0","0","0","0","2","0","1","","","","N","","","","","","","","","",""
"2010040642","","0","0","0","0","0","0","0","0","0","7","0","","02","4","2010","5","40.350644","-80.014987","","11","0","0","0","0","0","0","0","0","","0","0","0","","","1","","0","","40 21:02.320","","0","80 00:53.953","4","0","0","0","2407","0","0","0","N","0","0","0","2","02407","1","","4.0","","1","N","N","","0","","0","0","1","","0","","","1","1","0","0","0","0","0","2","0","1","","","","N","","","","","","","","","",""
"2010040643","","3","0","0","0","0","0","0","0","0","4","0","","02","4","2010","7","40.331276","-80.052771","","11","0","0","0","0","0","0","0","0","","0","0","0","","","0","","2","","40 19:52.594","","0","80 03:09.976","0","0","0","0","2407","0","0","0","N","0","0","0","3","02407","0","","1.0","","1","N","N","","0","","0","0","0","","3","","","3","0","0","0","0","0","0","2","0","3","","","","N","","","","","","","","","",""
"2010040644","","1","0","0","0","0","0","0","0","0","4","0","","02","4","2010","1","40.311086","-80.03299","","11","0","0","0","0","0","0","0","0","","0","0","0","","","2","","1","","40 18:39.908","","0","80 01:58.763","3","0","0","0","2407","0","0","0","N","0","0","0","2","02407","0","","1.0","","1","N","N","","1","","1","0","0","","2","","","2","2","0","0","0","1","0","2","0","2","","","","N","","","","","","","","","",""
"2010040695","","1","0","0","0","0","0","0","0","0","7","0","","02","2","2010","1","40.420493","-80.032173","","11","0","0","0","1","0","0","0","0","4","3","0","0","","","2","","0","","40 25:13.775","3","0","80 01:55.824","1","0","0","0","2301","0","0","0","Y","0","0","0","5","68B03","1","2","2.0","","1","N","N","","0","0","1","0","0","","0","N","","1","2","3","3","0","0","0","2","0","1","","","","N","","","","","","","","","",""
"2010040696","","2","0","0","0","0","0","0","0","0","1","0","","02","4","2010","3","40.41681","-80.057441","","11","0","0","0","1","0","1","0","0","","0","0","0","","","0","","0","","40 25:00.517","","0","80 03:26.787","0","0","0","0","2435","0","0","0","N","0","0","0","2","68B03","0","","1.0","","1","N","N","","0","","0","0","0","","0","","","2","0","0","0","0","0","0","2","0","2","","","","N","","","","","","","","","",""
"2010040697","","1","0","0","0","0","0","0","0","0","7","0","","02","4","2010","1","40.550816","-80.086759","","11","0","0","0","0","0","0","0","0","","0","0","0","","","2","","0","","40 33:02.939","","0","80 05:12.332","4","0","0","0","2215","0","0","0","N","0","0","0","5","68B03","2","","2.0","","9","N","N","","0","","0","0","0","","0","","","1","2","1","0","0","0","0","2","0","1","","","","N","","","","","","","","","",""
"2010040744","","0","0","0","0","0","0","0","0","0","4","0","","02","4","2010","4","40.438078","-79.994416","","11","0","0","0","0","0","0","0","0","","0","0","0","","","0","","1","","40 26:17.079","","0","79 59:39.896","0","0","0","0","2301","0","0","0","N","0","0","0","2","02301","0","","1.0","","1","N","N","","1","","0","0","1","","2","","","2","0","0","0","0","0","0","2","0","2","","","","N","","","","","","","","","",""
"2010040748","","0","0","0","0","0","0","0","0","0","7","0","","02","4","2010","6","40.656526","-79.75928","","11","0","0","0","0","0","0","0","0","3","0","0","0","","","1","","0","","40 39:23.492","5","0","79 45:33.407","4","0","0","0","2202","0","0","0","N","0","0","0","1","02202","1","","2.0","","1","N","N","","0","","0","0","1","","0","Y","","1","1","0","0","0","0","0","1","0","1","","","","N","","","","","","","","","",""
"2010040755","","1","0","0","0","0","0","0","0","0","1","0","","02","4","2010","4","40.452816","-79.825994","","11","0","0","0","0","0","0","0","0","","0","0","0","","","1","","2","","40 27:10.139","","0","79 49:33.579","4","0","0","0","2113","0","0","0","N","0","0","0","3","02113","1","","1.0","","1","N","N","","0","","0","0","1","","0","","","2","1","2","0","0","0","0","2","0","2","","","","N","","","","","","","","","",""
"2010040759","","0","0","0","0","0","0","0","0","0","5","0","","02","4","2010","4","40.456864","-79.998807","","11","0","0","0","0","0","1","0","0","","0","0","0","","","0","","1","","40 27:24.711","","0","79 59:55.706","0","0","0","0","2301","0","0","0","N","0","0","0","2","02301","0","","1.0","","1","N","N","","0","","0","0","2","","2","","","2","0","0","0","0","0","0","2","0","2","","","","N","","","","","","","","","",""
"2010040796","","2","0","0","0","0","0","0","0","0","5","0","","02","4","2010","5","40.426818","-80.289965","","11","0","0","0","0","0","1","0","0","2","0","0","0","","","1","","0","","40 25:36.546","3","0","80 17:23.875","4","0","0","0","2214","0","0","0","N","0","0","0","3","68B03","1","","1.0","","1","N","N","","0","","0","0","0","","0","N","","2","1","0","0","0","0","0","1","0","2","","","","N","","","","","","","","","",""
"2010040842","","2","0","0","0","0","0","0","0","0","5","0","","02","4","2010","4","40.43718","-80.034659","","11","0","0","0","0","0","0","0","0","2","0","0","0","","","1","","0","","40 26:13.848","6","0","80 02:04.772","8","0","0","0","2301","0","0","0","N","0","0","0","1","02301","0","","6.0","","1","N","N","","0","","0","0","1","","0","Y","","3","1","0","0","0","1","0","2","0","3","","","","N","","","","","","","","","",""
"2010040865","","2","0","0","0","0","0","0","0","0","5","0","","02","4","2010","5","40.433451","-79.759532","","11","0","0","0","0","0","0","0","0","","0","0","0","","","0","","0","","40 26:00.425","","0","79 45:34.314","0","0","0","0","2446","0","0","0","N","0","0","0","3","02446","0","","1.0","","1","N","N","","0","","0","0","0","","0","","","2","0","0","0","0","0","0","2","0","2","","","","N","","","","","","","","","",""
"2010040873","","1","0","0","0","0","0","0","0","0","4","0","","02","4","2010","7","40.436579","-79.955532","","11","0","0","0","0","0","0","0","0","","0","0","0","","","0","","1","","40 26:11.684","","0","79 57:19.915","0","0","0","0","2301","0","0","0","","0","0","0","3","02506","0","","1.0","","1","N","N","","1","","0","0","0","","3","","","2","0","0","0","0","0","0","2","0","2","","","","N","","","","","","","","","",""
"2010040876","","1","0","0","0","0","0","0","0","0","8","0","","02","4","2010","5","40.445804","-79.907816","","11","0","0","1","0","0","0","0","0","","0","0","0","","","1","","2","","40 26:44.894","","0","79 54:28.137","4","0","0","0","2301","1","0","0","N","1","0","0","2","02301","1","","1.0","","1","N","N","","0","","0","0","0","","0","","","2","1","0","0","0","0","0","2","0","1","","","","N","","","","","","","","","",""
"2010040888","","3","0","0","0","0","0","0","0","0","1","0","","02","4","2010","5","40.398019","-79.999606","","11","0","0","0","0","0","1","0","0","","0","0","0","","","1","","0","","40 23:52.870","","0","79 59:58.580","8","0","0","0","2301","0","0","0","N","0","0","0","3","02301","0","","1.0","","1","N","N","","0","","0","0","0","","0","","","3","1","0","0","0","1","0","2","0","3","","","","N","","","","","","","","","",""
"2010040894","","2","0","0","0","0","0","0","0","0","1","0","","02","4","2010","5","40.436634","-79.997207","","11","0","0","0","0","0","2","0","0","","0","0","0","","","1","","2","","40 26:11.884","","0","79 59:49.946","4","0","0","0","2301","0","0","0","N","0","0","0","3","02301","1","","1.0","","1","N","N","","0","","0","0","0","","0","","","2","1","1","0","0","0","0","2","0","2","","","","N","","","","","","","","","",""
"2010040899","","1","0","0","0","0","0","0","0","0","7","0","","02","4","2010","7","40.538768","-79.775381","","11","0","0","0","0","0","0","0","0","","0","0","0","","","0","","1","","40 32:19.564","","0","79 46:31.371","0","0","0","0","2462","0","0","0","N","0","0","0","1","02462","0","","4.0","","1","N","N","","0","","0","0","0","","0","","","1","0","0","0","0","0","0","2","0","1","","","","N","","","","","","","","","",""
"2010040903","","4","0","0","0","0","0","0","0","0","1","0","","02","4","2010","4","40.579029","-79.778831","","11","0","0","0","0","1","0","0","1","2","0","0","0","","","2","","0","","40 34:44.506","5","0","79 46:43.792","8","0","0","0","2104","0","0","0","N","0","0","0","4","02104","0","","1.0","","1","N","N","","1","","0","0","0","","0","N","","5","2","4","0","0","2","0","2","0","5","","","","N","","","","","","","","","",""
"2010040910","","3","0","0","0","0","0","0","0","0","4","0","","02","4","2010","7","40.584434","-79.950806","","11","0","0","0","0","0","1","0","0","2","0","0","0","","","0","","2","","40 35:03.962","6","0","79 57:02.900","9","0","0","0","2207","0","0","0","N","0","0","0","5","02207","0","","1.0","","1","N","N","","0","","0","0","0","","0","Y","","3","0","0","0","0","0","4","2","0","3","","","","N","","","","","","","","","",""
"2010040912","","2","0","0","0","0","0","0","0","0","1","0","","02","4","2010","4","40.401168","-79.834865","","11","1","0","0","0","0","1","0","0","","0","0","0","","","0","","2","","40 24:04.206","","0","79 50:05.514","9","0","0","0","2425","0","0","0","N","0","0","0","2","02425","0","","1.0","","1","N","N","","0","","0","0","0","","0","","","2","0","0","0","0","0","2","2","0","2","","","","N","","","","","","","","","",""
"2010040915","","0","0","0","0","0","0","0","0","0","4","0","","02","4","2010","5","40.458805","-79.943747","","11","0","0","0","0","0","1","0","0","2","0","0","0","","","0","","1","","40 27:31.698","4","0","79 56:37.489","0","0","0","0","2301","0","0","0","N","0","0","0","3","02301","0","","1.0","","1","N","N","","1","","0","0","2","","2","N","","3","0","0","0","0","0","0","2","0","3","","","","N","","","","","","","","","",""
"2010040916","","1","0","0","0","0","0","0","0","0","7","0","","02","4","2010","4","40.473789","-79.711459","","11","0","0","0","0","0","1","0","0","2","0","0","0","","","0","","0","","40 28:25.641","4","0","79 42:41.252","0","0","0","0","2466","0","0","0","N","0","0","0","1","02466","0","","5.0","","1","N","N","","0","","0","0","0","","0","N","","1","0","0","0","0","0","0","2","0","1","","","","N","","","","","","","","","",""
"2010040934","","1","0","0","0","0","0","0","0","0","1","0","","02","4","2010","5","40.429354","-79.999194","","11","0","0","0","0","0","0","0","0","1","0","0","0","","","2","","2","","40 25:45.675","2","4","79 59:57.097","4","0","0","0","2301","0","0","0","N","0","0","0","3","02301","2","","1.0","","1","N","N","","0","","0","0","1","","0","N","","2","2","0","0","0","0","0","2","0","2","","","","N","","","","","","","","","",""
"2010040945","","1","0","0","0","0","0","0","0","0","1","0","","02","4","2010","5","40.522259","-80.038493","","11","0","0","0","0","0","1","0","0","1","0","0","0","","","2","","2","","40 31:20.133","4","0","80 02:18.573","3","0","0","0","2474","0","0","0","N","0","0","0","2","02474","1","","1.0","","1","N","N","","0","","1","0","1","","0","N","","2","2","0","0","0","0","0","2","0","2","","","","N","","","","","","","","","",""
"2010040946","","1","0","0","0","0","0","0","0","0","7","0","","02","4","2010","5","40.480638","-80.358771","","11","0","0","0","0","0","0","0","0","2","0","0","0","","","1","","0","","40 28:50.296","2","0","80 21:31.575","4","0","0","0","2203","0","0","0","N","0","0","0","1","04209","1","","5.0","","1","N","N","","0","","0","0","0","","0","N","","1","1","0","0","0","0","0","1","0","1","","","","N","","","","","","","","","",""
"2010040948","","1","0","1","0","0","0","0","0","0","7","0","","02","4","2010","5","40.527278","-80.206991","","11","0","0","0","0","0","0","1","0","3","0","0","0","","","1","","0","","40 31:38.199","2","0","80 12:25.169","2","0","0","0","2213","0","0","0","Y","0","0","0","2","02213","0","","4.0","","1","N","N","","0","","0","1","0","","0","N","","2","1","0","0","0","0","0","2","1","2","","","","N","","","","","","","","","",""
"2010040949","","1","0","0","0","0","0","0","0","0","4","0","","02","4","2010","2","40.332759","-80.020901","","11","0","0","0","0","0","1","0","0","","0","0","0","","","0","","0","","40 19:57.933","","0","80 01:15.245","0","0","0","0","2407","0","0","0","N","0","0","0","3","02407","0","","1.0","","9","N","N","","1","","0","0","0","","0","","","2","0","1","0","0","0","0","2","0","2","","","","N","","","","","","","","","",""
"2010040950","","2","0","0","0","0","0","0","0","0","4","0","","02","4","2010","6","","","","11","0","0","0","0","0","1","1","0","2","0","0","0","","","0","","0","","","5","0","","0","0","0","0","2407","0","0","0","N","0","0","0","2","02407","0","","1.0","","1","N","N","","0","","0","0","0","","0","Y","","2","0","0","0","0","0","0","1","0","2","","","","N","","","","","","","","","",""
"2010040953","","2","0","0","0","0","0","0","0","0","4","0","","02","4","2010","5","40.469073","-79.962824","","11","0","0","0","0","0","0","0","0","","0","0","0","","","0","","1","","40 28:08.662","","0","79 57:46.166","0","0","0","0","2301","0","0","0","N","0","0","0","2","02301","0","","1.0","","1","N","N","","0","","0","0","0","","0","","","2","0","0","0","0","0","0","2","0","2","","","","N","","","","","","","","","",""
"2010041002","","2","0","0","0","0","0","0","0","0","4","0","","02","4","2010","5","","","","11","0","0","0","0","0","0","1","0","","0","0","0","","","0","","0","","","","7","","0","0","0","0","2214","0","0","0","N","0","0","0","3","02214","0","","1.0","","1","N","Y","","0","","0","0","0","","3","","","2","0","0","0","0","0","0","1","0","2","","","","N","","","","","","","","","",""
"2010041006","","0","0","0","0","0","0","0","0","0","3","0","","02","4","2010","5","40.449936","-80.062268","","11","0","0","0","0","0","0","0","0","","0","0","0","","","0","","0","","40 26:59.769","","0","80 03:44.164","0","0","0","1","2301","0","0","0","N","0","0","0","2","02301","0","","1.0","","1","N","N","","0","","0","0","0","","0","","","2","0","0","0","0","0","0","2","1","2","","","","N","","","","","","","","","",""
"2010041008","","0","0","0","1","0","0","0","0","0","8","0","","02","4","2010","5","40.365664","-79.859337","","11","0","0","0","0","0","0","0","0","","0","0","0","","","1","","1","","40 21:56.389","","0","79 51:33.613","4","0","0","0","2473","1","0","0","N","0","0","0","2","02473","1","","1.0","","1","N","N","","0","","0","0","1","","3","","","2","1","0","0","0","0","0","2","0","1","","","","N","","","","","","","","","",""
"2010041014","","1","0","0","0","0","0","1","0","0","4","1","","02","4","2010","5","40.480092","-80.041076","","11","0","0","0","0","0","1","0","0","","0","0","0","","","2","","1","","40 28:48.331","","0","80 02:27.873","8","0","0","0","2301","0","0","0","N","0","0","0","6","02503","0","","1.0","","1","N","N","","0","","0","0","0","","2","","","2","2","0","0","0","2","0","2","0","2","","","","N","","","","","","","","","",""
"2010041016","","3","0","0","0","0","0","0","0","0","1","0","","02","4","2010","5","40.524692","-79.962089","","11","0","0","0","0","0","0","0","0","1","0","0","0","","","1","","1","","40 31:28.891","1","0","79 57:43.522","4","0","0","0","2118","0","0","0","N","0","0","0","5","02118","1","","1.0","","1","N","N","","0","","0","0","0","","2","N","","3","1","0","0","0","0","0","2","0","3","","","","N","","","","","","","","","",""
"2010041019","","2","0","0","0","0","0","0","0","0","5","0","","02","4","2010","5","40.468029","-80.025183","","11","0","0","0","0","0","0","0","0","1","0","0","0","","","0","","0","","40 28:04.904","3","0","80 01:30.658","0","0","0","0","2301","0","0","0","N","0","0","0","1","02301","0","","6.0","","1","N","N","","1","","0","0","0","","0","N","","3","0","0","0","0","0","0","2","0","3","","","","N","","","","","","","","","",""
"2010041025","","1","0","0","0","0","0","0","0","0","7","0","","02","4","2010","5","40.661793","-79.756279","","11","0","0","0","1","0","0","0","0","","0","0","0","","","2","","0","","40 39:42.453","","0","79 45:22.604","4","0","0","0","2202","0","0","0","Y","0","0","0","3","02202","2","","5.0","","1","N","N","","0","","0","0","0","","0","","","1","2","0","0","0","0","0","1","0","1","","","","N","","","","","","","","","",""
"2010041026","","2","0","0","0","0","0","0","0","0","1","0","","02","4","2010","5","40.518966","-79.958973","","11","0","1","0","1","0","0","0","0","1","0","0","0","","","0","","2","","40 31:08.276","1","0","79 57:32.301","0","0","0","0","2118","0","0","0","N","0","0","0","4","02118","0","","1.0","","1","N","N","","0","","0","0","0","","0","N","","3","0","0","0","0","0","0","2","1","3","","","","N","","","","","","","","","",""
"2010041041","","2","0","0","0","0","0","0","0","0","5","0","","02","4","2010","5","40.458288","-79.942735","","11","0","0","0","0","0","0","0","0","","0","0","0","","","0","","0","","40 27:29.836","","0","79 56:33.846","0","0","0","0","2301","0","0","0","N","0","0","0","2","02301","0","","6.0","","1","N","N","","0","","0","0","0","","0","","","2","0","0","0","0","0","0","2","0","2","","","","N","","","","","","","","","",""
"2010041058","","0","0","0","0","0","0","0","0","0","8","0","","02","4","2010","6","40.468774","-79.930058","","11","0","0","0","0","0","0","0","0","","0","0","0","","","1","","0","","40 28:07.586","","0","79 55:48.208","3","0","0","0","2301","1","0","0","N","1","0","0","3","02301","0","","5.0","","1","N","N","","0","","1","0","1","","0","","","2","1","2","0","0","0","0","2","0","1","","","","N","","","","","","","","","",""
"2010041139","","1","0","0","0","0","0","0","0","0","99","0","","02","4","2010","1","40.462279","-79.760668","","11","0","0","0","0","0","1","0","0","1","0","0","0","","","1","","0","","40 27:44.206","4","0","79 45:38.406","4","0","0","0","2466","0","0","0","N","0","0","0","2","68T02","1","","1.0","","9","N","N","","0","","0","0","0","","0","N","","1","1","0","0","0","0","0","2","0","1","","","","N","","","","","","","","","",""
"2010041149","","1","0","0","0","0","0","0","0","0","1","0","","02","4","2010","4","40.628709","-79.932414","","11","0","0","0","0","0","1","0","0","2","0","0","0","","","3","","0","","40 37:43.352","4","0","79 55:56.691","3","0","0","0","2217","0","0","0","N","0","0","0","3","02505","2","","1.0","","1","N","N","","1","","1","0","1","","0","N","","3","3","0","0","0","0","0","2","0","3","","","","N","","","","","","","","","",""
"2010041163","","1","0","0","0","0","0","0","0","0","1","0","","02","4","2010","6","40.441558","-79.992392","","11","0","0","0","0","0","1","0","0","","0","0","0","","","1","","5","","40 26:29.607","","2","79 59:32.610","8","0","0","0","2301","0","0","0","N","0","0","0","3","02301","0","","1.0","","1","N","N","","0","","0","0","1","","4","","","2","1","0","0","0","1","0","2","0","2","","","","N","","","","","","","","","",""
"2010041169","","0","0","0","0","0","0","0","0","0","1","0","","02","4","2010","5","40.332821","-79.946065","","11","0","0","0","0","0","0","0","0","","0","0","0","","","1","","0","","40 19:58.154","","0","79 56:45.834","8","0","0","0","2454","0","0","0","","0","0","0","2","02454","0","","1.0","","1","N","N","","0","","0","0","2","","0","","","2","1","1","0","0","1","0","2","0","2","","","","N","","","","","","","","","",""
"2010041172","","1","0","0","0","0","0","0","0","0","4","0","","02","4","2010","6","40.452661","-79.866547","","11","0","0","0","0","0","1","0","0","","0","0","0","","","1","","2","","40 27:09.580","","0","79 51:59.570","8","0","0","0","2301","0","0","0","Y","0","0","0","2","02301","0","","1.0","","1","N","N","","0","","0","0","1","","3","","","2","1","0","0","0","1","0","2","0","2","","","","N","","","","","","","","","",""
"2010041190","","0","0","0","0","0","0","0","0","0","1","0","","02","4","2010","6","40.441873","-79.71328","","11","0","0","0","0","0","1","0","0","","0","0","0","","","1","","0","","40 26:30.743","","0","79 42:47.807","8","0","0","0","2446","0","0","0","N","0","0","0","2","02446","0","","1.0","","1","N","N","","0","","0","0","1","","0","","","2","1","0","0","0","1","0","2","1","2","","","","N","","","","","","","","","",""
"2010041195","","1","0","0","0","0","0","0","0","0","6","0","","02","4","2010","6","40.425351","-79.943127","","11","0","0","0","0","0","1","0","0","1","0","0","0","","","2","","0","","40 25:31.263","7","0","79 56:35.257","3","0","0","0","2301","0","0","0","N","0","0","0","5","02301","1","","1.0","","1","N","N","","1","","1","0","0","","0","Y","","2","2","0","0","0","0","0","2","0","2","","","","N","","","","","","","","","",""
"2010041197","","2","0","0","0","0","0","0","0","0","4","0","","02","4","2010","6","40.595873","-79.947657","","11","0","1","0","0","0","0","0","0","1","0","0","0","","","0","","0","","40 35:45.144","5","7","79 56:51.565","0","0","0","0","2207","0","0","0","N","0","0","0","2","02207","0","","1.0","","1","N","N","","0","","0","0","0","","0","N","","2","0","0","0","0","0","0","2","0","2","","","","N","","","","","","","","","",""
"2010041198","","0","0","0","0","0","0","0","0","0","7","0","","02","4","2010","6","40.470219","-79.908537","","11","0","0","0","0","0","0","0","0","","0","0","0","","","0","","2","","40 28:12.788","","0","79 54:30.734","0","0","0","0","2301","0","0","0","N","0","0","0","1","02301","0","","5.0","","1","N","N","","0","","0","0","1","","2","","","1","0","0","0","0","0","0","2","0","1","","","","N","","","","","","","","","",""
"2010041199","","2","0","0","0","0","0","0","0","0","1","0","","02","4","2010","6","40.487278","-79.895543","","11","0","0","0","0","0","0","0","0","1","0","0","0","","","2","","2","","40 29:14.200","3","0","79 53:43.955","4","0","0","0","2301","0","0","0","N","0","0","0","2","02301","2","","1.0","","1","N","N","","0","","0","0","0","","2","N","","2","2","1","0","0","0","0","2","0","2","","","","N","","","","","","","","","",""
"2010041209","","2","0","0","0","0","0","0","0","0","4","0","","02","4","2010","5","40.389602","-79.831676","","11","0","0","0","0","0","1","0","0","","0","0","0","","","0","","0","","40 23:22.567","","0","79 49:54.034","0","0","0","0","2111","0","0","0","N","0","0","0","2","02111","0","","1.0","","1","N","N","","0","","0","0","0","","0","","","2","0","0","0","0","0","0","2","0","2","","","","N","","","","","","","","","",""
"2010041210","","0","0","0","0","0","0","0","0","0","8","0","","02","4","2010","6","40.440466","-79.991536","","11","0","0","0","0","0","0","0","1","","0","0","0","","","1","","5","","40 26:25.678","","0","79 59:29.530","8","0","0","0","2301","1","0","0","N","1","0","0","2","02301","0","","1.0","","1","N","N","","0","","0","0","0","","2","","","2","1","0","0","0","1","0","2","1","1","","","","N","","","","","","","","","",""
"2010041216","","1","0","0","0","0","0","0","0","0","4","0","","02","4","2010","6","","","","11","0","0","0","1","0","1","0","0","2","0","0","0","","","0","","0","","","3","6","","0","0","0","0","2301","0","0","0","N","0","0","0","2","02301","0","","1.0","","1","N","","","0","","0","0","0","","2","N","","2","0","0","0","0","0","0","1","1","2","","","","N","","","","","","","","","",""
"2010041218","","1","0","0","0","0","0","0","0","0","4","0","","02","4","2010","6","40.350153","-79.861931","","11","0","0","0","0","0","1","0","0","","0","0","0","","","0","","1","","40 21:00.550","","0","79 51:42.951","0","0","0","0","2304","0","0","0","N","0","0","0","3","02304","0","","1.0","","1","N","N","","1","","0","0","0","","3","","","2","0","0","0","0","0","0","2","0","2","","","","N","","","","","","","","","",""
"2010041221","","0","0","0","0","0","0","0","0","0","4","0","","02","4","2010","6","40.393252","-79.81078","","11","0","0","0","0","0","0","0","0","1","0","0","0","","","3","","2","","40 23:35.708","6","0","79 48:38.807","4","0","0","0","2479","0","0","0","N","0","0","0","4","02111","1","","1.0","","1","N","N","","0","","0","0","1","","2","N","","2","3","0","0","0","2","0","2","1","2","","","","N","","","","","","","","","",""
"2010041225","","1","0","0","0","0","0","0","0","0","1","0","","02","4","2010","6","40.490527","-80.010559","","11","0","0","0","1","0","0","0","0","1","0","0","0","","","0","","2","","40 29:25.896","1","0","80 00:38.011","0","0","0","0","2301","0","0","0","N","0","0","0","5","02301","0","","1.0","","1","N","N","","0","","0","0","2","","0","N","","3","0","0","0","0","0","0","2","0","3","","","","N","","","","","","","","","",""
"2010041232","","0","0","0","0","0","0","0","0","0","1","0","","02","4","2010","6","40.413763","-80.009801","","11","0","0","0","0","0","0","0","0","1","0","0","0","","","0","","10","","40 24:49.548","2","4","80 00:35.283","0","0","0","0","2301","0","0","0","N","0","0","0","5","02301","0","","1.0","","1","N","N","","0","","0","0","2","","9","N","","3","0","0","0","0","0","0","2","1","3","","","","N","","","","","","","","","",""
"2010041235","","2","0","0","0","0","0","0","0","0","4","0","","02","4","2010","4","40.198941","-79.869395","","11","0","0","0","0","0","0","0","0","3","0","0","0","","","0","","3","","40 11:56.189","3","0","79 52:09.822","0","0","0","0","2204","0","0","0","N","0","0","0","6","02204","0","","1.0","","1","N","N","","0","","0","0","0","","3","Y","","2","0","0","0","0","0","0","2","0","2","","","","N","","","","","","","","","",""
"2010041268","","2","0","0","0","0","0","0","0","0","1","0","","02","4","2010","6","40.441828","-80.158352","","11","0","0","0","0","0","0","0","0","1","0","0","0","","","0","","0","","40 26:30.580","4","0","80 09:30.067","0","0","0","0","2115","0","0","0","N","0","0","0","2","68B03","0","","1.0","","1","N","N","","0","","0","0","0","","0","N","","2","0","0","0","0","0","0","2","0","2","","","","N","","","","","","","","","",""
"2010041269","","2","0","0","0","0","0","0","0","0","5","0","","02","4","2010","3","40.451035","-80.169006","","11","0","0","1","0","1","0","0","0","","0","0","0","","","1","","0","","40 27:03.725","","0","80 10:08.423","4","0","0","0","2214","0","0","0","N","0","0","0","5","68B03","1","","1.0","","1","N","N","","0","","0","0","0","","0","","","2","1","0","0","0","0","0","2","0","2","","","","N","","","","","","","","","",""
"2010041271","","1","0","0","0","0","0","0","0","0","1","1","","02","4","2010","5","40.411971","-80.106422","","11","0","0","0","0","0","0","1","0","","0","1","0","","","1","","0","","40 24:43.095","","0","80 06:23.119","4","0","0","0","2102","0","0","0","N","0","0","0","2","68B03","1","","1.0","","1","N","N","","0","","0","0","0","","0","","","2","1","0","0","0","0","0","2","0","2","","","","N","","","","","","","","","",""
"2010041306","","1","0","0","0","0","0","0","0","0","99","0","","02","4","2010","5","40.285238","-79.918371","","11","0","0","0","0","0","1","0","0","","0","0","0","","","0","","0","","40 17:06.856","","0","79 55:06.136","0","0","0","0","2440","0","0","0","N","0","0","0","1","68T09","0","","1.0","","1","N","N","","0","","0","0","0","","0","","","1","0","0","0","0","0","0","2","0","1","","","","N","","","","","","","","","",""