"CRN","ARRIVAL_TM","AUTOMOBILE_COUNT","BELTED_DEATH_COUNT","BELTED_SUSP_SERIOUS_INJ_COUNT","BICYCLE_COUNT","BICYCLE_DEATH_COUNT","BICYCLE_SUSP_SERIOUS_INJ_COUNT","BUS_COUNT","CHLDPAS_DEATH_COUNT","CHLDPAS_SUSP_SERIOUS_INJ_COUNT","COLLISION_TYPE","COMM_VEH_COUNT","CONS_ZONE_SPD_LIM","COUNTY","CRASH_MONTH","CRASH_YEAR","DAY_OF_WEEK","DEC_LATITUDE","DEC_LONGITUDE","DISPATCH_TM","DISTRICT","DRIVER_COUNT_16YR","DRIVER_COUNT_17YR","DRIVER_COUNT_18YR","DRIVER_COUNT_19YR","DRIVER_COUNT_20YR","DRIVER_COUNT_50_64YR","DRIVER_COUNT_65_74YR","DRIVER_COUNT_75PLUS","EST_HRS_CLOSED","FATAL_COUNT","HEAVY_TRUCK_COUNT","HORSE_BUGGY_COUNT","HOUR_OF_DAY","ILLUMINATION","INJURY_COUNT","INTERSECTION_RELATED","INTERSECT_TYPE","LANE_CLOSED","LATITUDE","LN_CLOSE_DIR","LOCATION_TYPE","LONGITUDE","MAX_SEVERITY_LEVEL","MCYCLE_DEATH_COUNT","MCYCLE_SUSP_SERIOUS_INJ_COUNT","MOTORCYCLE_COUNT","MUNICIPALITY","NONMOTR_COUNT","NONMOTR_DEATH_COUNT","NONMOTR_SUSP_SERIOUS_INJ_COUNT","NTFY_HIWY_MAINT","PED_COUNT","PED_DEATH_COUNT","PED_SUSP_SERIOUS_INJ_COUNT","PERSON_COUNT","POLICE_AGCY","POSSIBLE_INJ_COUNT","RDWY_SURF_TYPE_CD","RELATION_TO_ROAD","ROADWAY_CLEARED","ROAD_CONDITION","SCH_BUS_IND","SCH_ZONE_IND","SECONDARY_CRASH","SMALL_TRUCK_COUNT","SPEC_JURIS_CD","SUSP_MINOR_INJ_COUNT","SUSP_SERIOUS_INJ_COUNT","SUV_COUNT","TCD_FUNC_CD","TCD_TYPE","TFC_DETOUR_IND","TIME_OF_DAY","TOTAL_UNITS","TOT_INJ_COUNT","UNBELTED_OCC_COUNT","UNB_DEATH_COUNT","UNB_SUSP_SERIOUS_INJ_COUNT","UNK_INJ_DEG_COUNT","UNK_INJ_PER_COUNT","URBAN_RURAL","VAN_COUNT","VEHICLE_COUNT","WEATHER1","WEATHER2","WORKERS_PRES","WORK_ZONE_IND","WORK_ZONE_LOC","WORK_ZONE_TYPE","WZ_CLOSE_DETOUR","WZ_FLAGGER","WZ_LAW_OFFCR_IND","WZ_LN_CLOSURE","WZ_MOVING","WZ_OTHER","WZ_SHLDER_MDN","WZ_WORKERS_INJ_KILLED"
"2010043197","","1","0","0","0","0","0","0","0","0","1","0","","02","5","2010","3","40.489516","-79.911854","","11","0","0","0","0","0","0","0","1","1","0","0","0","","","0","","0","","40 29:22.259","4","3","79 54:42.673","0","0","0","0","2112","0","0","0","N","0","0","0","3","68D02","0","","1.0","","1","N","N","","0","","0","0","1","","0","N","","2","0","0","0","0","0","0","2","0","2","","","","N","","","","","","","","","",""
"2010043198","","1","0","0","0","0","0","0","0","0","99","0","","02","5","2010","4","40.641362","-79.720554","","11","0","0","0","0","0","0","0","0","","0","0","0","","","0","","0","","40 38:28.903","","0","79 43:13.994","0","0","0","0","2106","0","0","0","N","0","0","0","1","68D02","0","","1.0","","1","N","N","","0","","0","0","0","","0","","","1","0","0","0","0","0","0","2","0","1","","","","N","","","","","","","","","",""
"2010043282","","1","0","0","0","0","0","0","0","0","4","0","","02","5","2010","6","40.468101","-79.918131","","11","0","0","0","0","0","0","0","0","","0","0","0","","","1","","1","","40 28:05.163","","0","79 55:05.271","8","0","0","0","2301","0","0","0","N","0","0","0","2","02301","0","","1.0","","1","N","N","","0","","0","0","1","","3","","","2","1","1","0","0","1","0","2","0","2","","","","N","","","","","","","","","",""
"2010043285","","1","0","0","0","0","0","0","0","0","4","0","","02","5","2010","6","40.454139","-79.895239","","11","0","0","0","0","0","1","0","0","","0","0","0","","","1","","2","","40 27:14.900","","0","79 53:42.860","8","0","0","0","2301","0","0","0","N","0","0","0","4","02301","0","","1.0","","1","Y","N","","0","","0","0","0","","0","","","2","1","0","0","0","1","0","2","1","2","","","","N","","","","","","","","","",""
"2010043301","","0","0","0","0","0","0","0","0","0","7","0","","02","5","2010","6","40.416117","-79.979517","","11","0","0","0","0","0","1","0","0","","0","0","0","","","1","","2","","40 24:58.021","","0","79 58:46.261","4","0","0","0","2301","0","0","0","N","0","0","0","1","02301","1","","2.0","","1","N","N","","0","","0","0","1","","3","","","1","1","0","0","0","0","0","2","0","1","","","","N","","","","","","","","","",""
"2010043303","","0","0","0","0","0","0","0","0","0","2","0","","02","4","2010","6","40.506053","-80.036873","","11","0","0","0","0","0","0","0","0","2","0","0","0","","","0","","0","","40 30:21.791","4","0","80 02:12.744","0","0","0","0","2116","0","0","0","N","0","0","0","2","02116","0","","1.0","","1","N","N","","2","","0","0","0","","0","Y","","2","0","1","0","0","0","0","2","0","2","","","","N","","","","","","","","","",""
"2010043322","","1","0","0","0","0","0","0","0","0","1","0","","02","5","2010","6","40.602434","-80.081517","","11","0","0","0","0","0","1","0","1","","0","0","0","","","0","","1","","40 36:08.762","","0","80 04:53.461","0","0","0","0","2481","0","0","0","N","0","0","0","2","02481","0","","1.0","","1","N","N","","0","","0","0","0","","3","","","2","0","0","0","0","0","0","2","1","2","","","","N","","","","","","","","","",""
"2010043341","","2","0","0","0","0","0","0","0","0","1","0","","02","5","2010","5","40.35133","-80.113618","","11","0","1","0","0","0","1","0","0","","0","0","0","","","0","","0","","40 21:04.788","","0","80 06:49.023","0","0","0","0","2119","0","0","0","N","0","0","0","5","02119","0","","1.0","","1","Y","N","","0","","0","0","1","","0","","","4","0","0","0","0","0","0","2","1","4","","","","N","","","","","","","","","",""
"2010043344","","2","0","0","0","0","0","0","0","0","4","0","","02","5","2010","6","40.438831","-79.76542","","11","0","0","0","0","0","1","0","0","","0","0","0","","","1","","0","","40 26:19.790","","0","79 45:55.513","8","0","0","0","2446","0","0","0","N","0","0","0","2","02446","0","","1.0","","1","N","N","","0","","0","0","0","","0","","","2","1","1","0","0","1","0","2","0","2","","","","N","","","","","","","","","",""
"2010043349","","1","0","0","0","0","0","0","0","0","4","0","","02","5","2010","6","40.466301","-79.922611","","11","0","0","0","0","0","1","0","0","","0","0","0","","","0","","0","","40 27:58.683","","0","79 55:21.399","0","0","0","0","2301","0","0","0","N","0","0","0","2","02301","0","","1.0","","1","N","N","","0","","0","0","1","","0","","","2","0","0","0","0","0","0","2","0","2","","","","N","","","","","","","","","",""
"2010043351","","1","0","0","0","0","0","0","0","0","1","0","","02","5","2010","6","40.455584","-79.966241","","11","0","0","0","0","0","0","1","0","1","0","0","0","","","0","","2","","40 27:20.104","3","0","79 57:58.469","0","0","0","0","2301","0","0","0","N","0","0","0","5","02301","0","","1.0","","1","N","N","","0","","0","0","3","","0","N","","4","0","0","0","0","0","0","2","0","4","","","","N","","","","","","","","","",""
"2010043354","","2","0","0","0","0","0","0","0","0","1","0","","02","5","2010","4","40.439612","-80.089443","","11","0","0","0","0","0","1","0","0","2","0","0","0","","","2","","0","","40 26:22.604","2","7","80 05:21.995","4","0","0","0","2115","0","0","0","N","0","0","0","3","02115","2","","1.0","","1","N","N","","0","","0","0","0","","0","N","","2","2","0","0","0","0","0","2","0","2","","","","N","","","","","","","","","",""
"2010043426","","0","0","0","0","0","0","0","0","0","7","0","","02","5","2010","5","40.453981","-80.014537","","11","0","0","0","0","0","0","0","0","","0","0","0","","","1","","1","","40 27:14.331","","0","80 00:52.333","4","0","0","0","2301","0","0","0","N","0","0","0","2","02301","1","","5.0","","1","N","N","","0","","0","0","1","","2","","","1","1","0","0","0","0","0","2","0","1","","","","N","","","","","","","","","",""
"2010043429","","1","0","0","0","0","0","0","0","0","7","0","","02","4","2010","6","40.500558","-80.061929","","11","0","0","0","0","1","0","0","0","2","0","0","0","","","0","","1","","40 30:02.009","5","0","80 03:42.944","0","0","0","0","2402","0","0","0","N","0","0","0","3","02402","0","","4.0","","1","N","N","","0","","0","0","1","","0","Y","","2","0","1","0","0","0","0","2","0","2","","","","N","","","","","","","","","",""
"2010043432","","1","0","0","0","0","0","0","0","0","1","0","","02","5","2010","6","40.459363","-80.003017","","11","0","0","0","0","0","0","0","0","2","0","0","0","","","0","","0","","40 27:33.706","7","0","80 00:10.861","0","0","0","0","2301","0","0","0","N","0","0","0","1","02301","0","","1.0","","1","N","N","","0","","0","0","2","","0","Y","","3","0","0","0","0","0","0","2","0","3","","","","N","","","","","","","","","",""
"2010043433","","1","0","0","0","0","0","0","0","0","7","0","","02","5","2010","6","40.436846","-80.063864","","11","0","0","0","0","0","1","0","0","","0","0","0","","","0","","1","","40 26:12.644","","0","80 03:49.911","0","0","0","0","2421","0","0","0","N","0","0","0","3","02421","0","","5.0","","1","N","N","","1","","0","0","0","","2","","","2","0","3","0","0","0","0","2","0","2","","","","N","","","","","","","","","",""
"2010043435","","1","0","0","0","0","0","0","0","0","4","0","","02","5","2010","6","40.406519","-80.028215","","11","0","0","1","0","0","0","0","0","","0","0","0","","","0","","2","","40 24:23.468","","0","80 01:41.574","0","0","0","0","2301","0","0","0","N","0","0","0","4","02301","0","","1.0","","1","N","N","","0","","0","0","0","","3","","","2","0","2","0","0","0","0","2","1","2","","","","N","","","","","","","","","",""
"2010043440","","1","0","0","0","0","0","0","0","0","2","0","","02","5","2010","6","40.615681","-80.094185","","11","0","0","0","0","1","0","0","0","2","0","0","0","","","0","","5","","40 36:56.450","7","2","80 05:39.065","0","0","0","0","2481","0","0","0","N","0","0","0","3","02481","0","","1.0","","1","N","N","","0","","0","0","1","","2","N","","2","0","0","0","0","0","0","2","0","2","","","","N","","","","","","","","","",""
"2010043445","","1","0","0","0","0","0","0","0","0","6","0","","02","5","2010","7","40.430024","-79.98866","","11","0","0","0","1","0","0","0","0","1","0","0","0","","","2","","1","","40 25:48.086","2","0","79 59:19.176","4","0","0","0","2301","0","0","0","N","0","0","0","2","02301","2","","1.0","","9","N","N","","0","","0","0","1","","1","N","","2","2","0","0","0","0","0","2","0","2","","","","N","","","","","","","","","",""
"2010043448","","1","0","0","0","0","0","0","0","0","4","0","","02","5","2010","7","40.440439","-79.997217","","11","0","0","1","0","0","0","0","0","1","0","0","0","","","2","","1","","40 26:25.580","3","0","79 59:49.980","4","0","0","0","2301","0","0","0","N","0","0","0","4","02301","2","","1.0","","9","N","N","","1","","0","0","0","","1","N","","2","2","0","0","0","0","0","2","0","2","","","","N","","","","","","","","","",""
"2010043450","","1","0","0","0","0","0","0","0","0","7","0","","02","5","2010","7","40.450344","-79.904707","","11","0","0","0","0","0","0","0","0","","0","0","0","","","2","","0","","40 27:01.238","","0","79 54:16.945","4","0","0","0","2301","0","0","0","N","0","0","0","2","02301","2","","5.0","","9","N","N","","0","","0","0","0","","0","","","1","2","1","0","0","0","0","2","0","1","","","","N","","","","","","","","","",""
"2010043452","","1","0","0","0","0","0","0","0","0","5","0","","02","5","2010","7","40.430087","-79.998971","","11","0","0","0","0","0","0","0","0","1","0","0","0","","","1","","0","","40 25:48.312","6","0","79 59:56.296","4","0","0","1","2301","0","0","0","N","0","0","0","2","02301","1","","6.0","","9","N","N","","0","","0","0","0","","0","N","","2","1","0","0","0","0","1","2","0","2","","","","N","","","","","","","","","",""
"2010043454","","0","0","0","0","0","0","0","0","0","7","0","","02","5","2010","7","40.413046","-79.939629","","11","0","0","0","0","0","1","0","0","2","0","0","0","","","0","","0","","40 24:46.965","2","0","79 56:22.664","0","0","0","0","2301","0","0","0","N","0","0","0","1","02301","0","","5.0","","9","N","N","","0","","0","0","0","","0","N","","1","0","1","0","0","0","0","2","1","1","","","","N","","","","","","","","","",""
"2010043455","","1","0","0","0","0","0","0","0","0","7","0","","02","5","2010","7","40.542011","-79.746244","","11","0","0","0","0","0","0","0","0","","0","0","0","","","0","","0","","40 32:31.241","","0","79 44:46.477","0","0","0","0","2466","0","0","0","N","0","0","0","1","02466","0","","4.0","","9","N","N","","0","","0","0","0","","0","","","1","0","1","0","0","0","0","2","0","1","","","","N","","","","","","","","","",""
"2010043457","","2","0","0","0","0","0","0","0","0","3","0","","02","5","2010","7","40.456804","-79.898134","","11","0","0","0","0","1","0","0","0","","0","0","0","","","1","","0","","40 27:24.494","","0","79 53:53.283","4","0","0","0","2301","0","0","0","N","0","0","0","3","02301","1","","6.0","","9","N","N","","0","","0","0","0","","0","","","2","1","1","0","0","0","0","2","0","2","","","","N","","","","","","","","","",""
"2010043517","","1","0","0","0","0","0","0","0","0","1","0","","02","5","2010","5","40.469931","-80.100366","","11","0","0","0","0","0","0","0","1","","0","0","0","","","1","","0","","40 28:11.753","","0","80 06:01.318","8","0","0","0","2126","0","0","0","N","0","0","0","2","02126","0","","1.0","","1","N","N","","0","","0","0","1","","0","","","2","1","0","0","0","1","1","2","0","2","","","","N","","","","","","","","","",""
"2010043529","","0","0","0","0","0","0","0","0","0","0","0","","02","5","2010","2","","","","11","0","0","0","0","0","0","0","0","","0","0","0","","","0","","0","","","","0","","0","0","0","0","2301","0","0","0","N","0","0","0","1","02301","0","","1.0","","1","N","N","","0","","0","0","1","","0","","","1","0","0","0","0","0","0","1","0","1","","","","N","","","","","","","","","",""
"2010043530","","0","0","0","0","0","0","0","0","0","7","0","","02","5","2010","7","40.45358","-79.982197","","11","0","0","0","0","0","1","0","0","","0","0","0","","","0","","0","","40 27:12.888","","0","79 58:55.909","0","0","0","0","2301","0","0","0","N","0","0","0","2","02301","0","","5.0","","1","N","N","","0","","0","0","1","","0","","","1","0","0","0","0","0","0","2","0","1","","","","N","","","","","","","","","",""
"2010043540","","1","0","0","0","0","0","0","0","0","0","0","","02","5","2010","7","40.426188","-80.191317","","11","0","0","0","0","0","0","0","0","3","0","0","0","","","1","","0","","40 25:34.277","5","0","80 11:28.740","4","0","0","0","2214","0","0","0","N","0","0","0","1","02214","1","","1.0","","1","N","N","","0","","0","0","0","","0","Y","","1","1","0","0","0","0","0","1","0","1","","","","N","","","","","","","","","",""
"2010043545","","2","0","0","0","0","0","0","0","0","4","0","","02","5","2010","7","40.380645","-80.037284","","11","0","0","0","0","0","0","0","0","1","0","0","0","","","0","","2","","40 22:50.321","4","0","80 02:14.224","0","0","0","0","2109","0","0","0","N","0","0","0","3","02109","0","","1.0","","1","N","N","","0","","0","0","0","","3","N","","2","0","0","0","0","0","0","2","0","2","","","","N","","","","","","","","","",""
"2010043547","","1","0","0","0","0","0","0","0","0","5","0","","02","5","2010","7","40.421186","-79.928669","","11","0","0","0","0","0","0","1","0","","0","0","0","","","0","","0","","40 25:16.269","","0","79 55:43.208","0","0","0","0","2301","0","0","0","N","0","0","0","3","02301","0","","1.0","","1","N","N","","1","","0","0","0","","0","","","2","0","0","0","0","0","0","2","0","2","","","","N","","","","","","","","","",""
"2010043553","","2","0","0","0","0","0","0","0","0","4","0","","02","5","2010","6","40.475702","-80.098963","","11","0","0","0","0","0","0","0","0","1","0","0","0","","","0","","2","","40 28:32.527","3","0","80 05:56.266","0","0","0","0","2126","0","0","0","N","0","0","0","2","02126","0","","1.0","","1","N","N","","0","","0","0","0","","2","N","","2","0","0","0","0","0","0","2","0","2","","","","N","","","","","","","","","",""
"2010043560","","0","0","0","0","0","0","0","0","0","1","0","","02","5","2010","7","40.361556","-80.063815","","11","0","0","0","0","0","2","0","0","","0","0","0","","","1","","2","","40 21:41.602","","0","80 03:49.734","4","0","0","0","2109","0","0","0","N","0","0","0","4","02109","1","","1.0","","1","N","N","","0","","0","0","2","","4","","","2","1","0","0","0","0","0","2","0","2","","","","N","","","","","","","","","",""
"2010043564","","1","0","0","0","0","0","0","0","0","7","0","","02","5","2010","7","40.365647","-79.969322","","11","0","0","0","0","0","0","0","0","","0","0","0","","","1","","0","","40 21:56.329","","7","79 58:09.559","3","0","0","0","2476","0","0","0","N","0","0","0","1","02476","0","","4.0","","1","N","N","","0","","1","0","0","","0","","","1","1","0","0","0","0","0","2","0","1","","","","N","","","","","","","","","",""
"2010043576","","1","0","0","0","0","0","0","0","0","2","0","","02","5","2010","7","40.414697","-79.939359","","11","0","0","0","0","0","0","0","1","3","0","0","0","","","1","","3","","40 24:52.909","5","0","79 56:21.692","2","0","1","1","2301","0","0","0","N","0","0","0","2","02301","0","","1.0","","1","N","N","","0","","0","1","0","","3","Y","","2","1","0","0","0","0","0","2","0","2","","","","N","","","","","","","","","",""
"2010043581","","2","0","0","0","0","0","0","0","0","4","0","","02","5","2010","6","40.614089","-80.090914","","11","0","0","0","0","0","0","1","0","2","0","0","0","","","2","","1","","40 36:50.719","2","0","80 05:27.292","4","0","0","0","2481","0","0","0","N","0","0","0","2","02481","2","","1.0","","1","N","N","","0","","0","0","0","","2","N","","2","2","0","0","0","0","0","2","0","2","","","","N","","","","","","","","","",""
"2010043593","","2","0","0","0","0","0","0","0","0","5","0","","02","5","2010","4","40.478853","-80.25567","","11","0","0","0","0","1","0","0","0","","0","0","0","","","1","","0","","40 28:43.869","","0","80 15:20.413","4","0","0","0","2203","0","0","0","N","0","0","0","2","68B03","1","","1.0","","1","N","N","","0","","0","0","0","","0","","","2","1","0","0","0","0","0","2","0","2","","","","N","","","","","","","","","",""
"2010043594","","2","0","0","0","0","0","0","0","0","1","0","","02","5","2010","5","40.420771","-80.040462","","11","0","0","0","0","0","0","0","0","","0","0","0","","","1","","0","","40 25:14.776","","0","80 02:25.663","8","0","0","0","2435","0","0","0","N","0","0","0","4","68B03","0","","1.0","","1","N","N","","0","","0","0","1","","0","","","3","1","0","0","0","1","0","2","0","3","","","","N","","","","","","","","","",""
"2010043614","","2","0","0","0","0","0","0","0","0","1","0","","02","5","2010","7","40.465894","-79.949429","","11","0","0","0","0","0","1","0","0","1","0","0","0","","","0","","0","","40 27:57.218","6","0","79 56:57.944","0","0","0","0","2301","0","0","0","N","0","0","0","1","02301","0","","4.0","","1","N","N","","0","","0","0","0","","0","Y","","2","0","1","0","0","0","0","2","0","2","","","","N","","","","","","","","","",""
"2010043625","","0","0","0","0","0","0","0","0","0","1","0","","02","5","2010","7","40.338613","-79.968369","","11","0","0","0","0","0","0","0","0","","0","0","0","","","0","","0","","40 20:19.006","","0","79 58:06.130","0","0","0","0","2454","0","0","0","N","0","0","0","2","02454","0","","1.0","","1","N","N","","0","","0","0","1","","0","","","2","0","0","0","0","0","0","2","1","2","","","","N","","","","","","","","","",""
"2010043628","","1","0","0","0","0","0","0","0","0","8","0","","02","5","2010","7","40.432199","-80.003988","","11","0","1","0","0","0","0","0","0","1","0","0","0","","","1","","2","","40 25:55.915","4","3","80 00:14.358","8","0","0","0","2301","1","0","0","N","1","0","0","3","02301","0","","1.0","","1","N","N","","0","","0","0","0","","0","N","","2","1","0","0","0","1","0","2","0","1","","","","N","","","","","","","","","",""
"2010043630","","1","0","0","0","0","0","0","0","0","4","0","","02","5","2010","5","40.533896","-79.844881","","11","0","0","0","0","0","2","0","0","1","0","0","0","","","0","","2","","40 32:02.027","2","0","79 50:41.571","0","0","0","0","2208","0","0","0","N","0","0","0","2","02208","0","","1.0","","1","N","N","","0","","0","0","1","","2","N","","2","0","0","0","0","0","0","2","0","2","","","","N","","","","","","","","","",""
"2010043648","","1","0","0","0","0","0","0","0","0","7","0","","02","5","2010","6","40.385764","-79.804721","","11","0","0","0","0","0","0","0","0","","0","0","0","","","2","","0","","40 23:08.750","","0","79 48:16.994","3","0","0","0","2424","0","0","0","N","0","0","0","3","02424","1","","4.0","","1","N","N","","0","","1","0","0","","0","","","1","2","3","0","0","0","0","2","0","1","","","","N","","","","","","","","","",""
"2010043652","","1","0","0","0","0","0","0","0","0","2","0","","02","5","2010","7","40.480832","-79.822365","","11","0","0","0","0","0","0","0","0","1","0","0","0","","","0","","0","","40 28:50.994","6","0","79 49:20.513","0","0","0","0","2113","0","0","0","N","0","0","0","2","02113","0","","1.0","","9","N","N","","0","","0","0","1","","0","Y","","2","0","0","0","0","0","0","2","0","2","","","","N","","","","","","","","","",""
"2010043655","","1","0","0","0","0","0","0","0","0","7","0","","02","5","2010","1","40.47737","-79.95346","","11","0","0","0","0","0","0","0","0","2","0","0","0","","","1","","2","","40 28:38.532","2","0","79 57:12.456","3","0","0","0","2301","0","0","0","N","0","0","0","1","02301","0","","5.0","","9","N","N","","0","","1","0","0","","0","N","","1","1","0","0","0","0","0","2","0","1","","","","N","","","","","","","","","",""
"2010043656","","1","0","0","0","0","0","0","0","0","4","0","","02","5","2010","1","40.437428","-79.979527","","11","0","0","0","0","0","0","0","0","1","0","0","0","","","0","","1","","40 26:14.740","3","0","79 58:46.297","0","0","0","0","2301","0","0","0","N","0","0","0","6","02301","0","","1.0","","9","N","N","","1","","0","0","0","","3","N","","2","0","0","0","0","0","0","2","0","2","","","","N","","","","","","","","","",""
"2010043670","","0","0","0","0","0","0","0","0","0","4","0","","02","5","2010","6","40.422541","-79.749805","","11","0","0","0","0","0","1","0","0","1","0","0","0","","","1","","0","","40 25:21.147","1","0","79 44:59.298","8","0","0","0","2446","0","0","0","N","0","0","0","3","02446","0","","1.0","","1","N","N","","1","","0","0","1","","0","N","","2","1","0","0","0","1","0","2","0","2","","","","N","","","","","","","","","",""
"2010043671","","1","0","0","0","0","0","0","0","0","7","0","","02","5","2010","1","40.452927","-80.039384","","11","0","0","0","1","0","0","0","0","1","0","0","0","","","0","","0","","40 27:10.536","7","0","80 02:21.783","0","0","0","0","2301","0","0","0","N","0","0","0","1","02301","0","","2.0","","1","N","N","","0","","0","0","0","","0","Y","","1","0","0","0","0","0","0","2","0","1","","","","N","","","","","","","","","",""
"2010043688","","1","0","0","0","0","0","0","0","0","8","0","","02","5","2010","1","","","","11","0","0","0","0","0","1","0","0","1","0","0","0","","","1","","0","","","5","0","","3","0","0","0","2301","0","0","0","N","0","0","0","1","02301","0","","1.0","","1","N","N","","0","","1","0","1","","0","Y","","2","1","1","0","0","0","0","1","0","2","","","","N","","","","","","","","","",""
"2010043717","","1","0","0","0","0","0","0","0","0","1","0","","02","5","2010","1","40.355201","-80.050178","","11","0","0","0","0","0","0","0","0","","0","0","0","","","2","","1","","40 21:18.723","","0","80 03:00.639","4","0","0","0","2109","0","0","0","N","0","0","0","4","02109","1","","1.0","","1","N","N","","0","","0","0","0","","2","","","2","2","0","0","0","1","1","2","1","2","","","","N","","","","","","","","","",""
"2010043719","","1","0","0","0","0","0","0","0","0","4","0","","02","5","2010","1","40.499994","-80.052489","","11","0","0","0","0","0","0","0","0","","0","0","0","","","0","","2","","40 29:59.978","","0","80 03:08.960","0","0","0","0","2404","0","0","0","N","0","0","0","2","02404","0","","1.0","","1","N","N","","1","","0","0","0","","0","","","2","0","0","0","0","0","0","2","0","2","","","","N","","","","","","","","","",""
"2010043722","","1","0","0","0","0","0","0","0","0","1","0","","02","5","2010","1","40.434912","-80.034056","","11","0","0","0","0","0","0","0","0","","0","0","0","","","0","","0","","40 26:05.682","","0","80 02:02.602","0","0","0","0","2301","0","0","0","N","0","0","0","5","02301","0","","1.0","","1","N","","","0","","0","0","1","","2","","","2","0","0","0","0","0","0","2","0","2","","","","N","","","","","","","","","",""
"2010043723","","1","0","0","0","0","0","0","0","0","7","0","","02","5","2010","1","40.323694","-79.788545","","11","0","0","0","0","0","1","0","0","1","0","0","0","","","0","","0","","40 19:25.299","6","0","79 47:18.762","0","0","0","0","2477","0","0","0","N","0","0","0","2","02477","0","","5.0","","1","N","N","","1","","0","0","0","","0","N","","2","0","0","0","0","0","0","2","0","2","","","","N","","","","","","","","","",""
"2010043730","","2","0","0","0","0","0","0","0","0","1","0","","02","5","2010","1","40.351868","-79.850907","","11","0","0","0","0","0","0","0","0","","0","0","0","","","1","","0","","40 21:06.724","","0","79 51:03.265","8","0","0","0","2304","0","0","0","N","0","0","0","3","02304","0","","1.0","","1","N","N","","0","","0","0","0","","0","","","2","1","1","0","0","1","0","2","0","2","","","","N","","","","","","","","","",""
"2010043731","","1","0","0","0","0","0","0","0","0","5","0","","02","5","2010","1","40.341248","-79.812309","","11","0","0","0","0","0","0","1","1","","0","0","0","","","2","","0","","40 20:28.492","","0","79 48:44.313","8","0","0","0","2477","0","0","0","N","0","0","0","6","02477","0","","1.0","","1","N","N","","2","","0","0","0","","0","","","3","2","0","0","0","2","0","2","0","3","","","","N","","","","","","","","","",""
"2010043735","","0","0","0","0","0","0","0","0","0","0","0","","02","4","2010","6","40.34862","-79.938984","","11","0","0","0","0","0","0","0","0","1","0","0","0","","","1","","0","","40 20:55.032","2","0","79 56:20.342","4","0","0","1","2473","0","0","0","N","0","0","0","1","02473","1","","1.0","","1","N","N","","0","","0","0","0","","0","N","","1","1","0","0","0","0","0","2","0","1","","","","N","","","","","","","","","",""
"2010043736","","1","0","0","0","0","0","0","0","0","4","0","","02","5","2010","6","40.633661","-80.059706","","11","0","0","0","0","0","1","0","0","2","0","0","0","","","3","","0","","40 38:01.180","1","0","80 03:34.943","4","0","0","0","2216","0","0","0","N","0","0","0","3","02505","3","","1.0","","1","N","N","","1","","0","0","0","","0","N","","2","3","1","0","0","0","0","2","0","2","","","","N","","","","","","","","","",""
"2010043743","","0","0","0","0","0","0","0","0","0","1","0","","02","5","2010","1","40.356009","-79.898208","","11","0","0","0","0","0","0","0","0","1","0","0","0","","","0","","2","","40 21:21.632","2","0","79 53:53.547","9","0","0","0","2423","0","0","0","N","0","0","0","3","02304","0","","1.0","","1","N","N","","0","","0","0","1","","2","N","","3","0","0","0","0","0","1","2","1","3","","","","N","","","","","","","","","",""
"2010043747","","2","0","0","0","0","0","0","0","0","4","0","","02","5","2010","6","40.589347","-80.101604","","11","0","0","0","0","0","1","0","0","","0","0","0","","","0","","0","","40 35:21.649","","7","80 06:05.775","0","0","0","0","2481","0","0","0","N","0","0","0","2","02481","0","","1.0","","1","N","N","","0","","0","0","0","","0","","","2","0","0","0","0","0","0","2","0","2","","","","N","","","","","","","","","",""
"2010043751","","1","0","0","0","0","0","0","0","0","8","0","","02","5","2010","5","40.4389","-79.992689","","11","0","0","0","0","0","1","0","0","","0","0","0","","","1","","3","","40 26:20.040","","99","79 59:33.680","4","0","0","0","2301","1","0","0","N","1","0","0","2","02301","1","","1.0","","1","N","N","","0","","0","0","0","","0","","","2","1","0","0","0","0","0","2","0","1","","","","N","","","","","","","","","",""
"2010043760","","1","0","0","0","0","0","0","0","0","7","0","","02","5","2010","1","40.364842","-79.992161","","11","0","0","0","0","0","0","0","0","2","0","0","0","","","1","","1","","40 21:53.431","2","0","79 59:31.779","4","0","0","0","2476","0","0","0","N","0","0","0","1","02476","1","","5.0","","1","N","N","","0","","0","0","0","","0","N","","1","1","0","0","0","0","0","2","0","1","","","","N","","","","","","","","","",""
"2010043761","","1","0","0","0","0","0","0","0","0","7","0","","02","5","2010","1","40.425618","-79.980858","","11","0","0","0","0","0","0","0","0","","0","0","0","","","0","","1","","40 25:32.224","","0","79 58:51.088","0","0","0","0","2301","0","0","0","N","0","0","0","2","02301","0","","2.0","","1","N","N","","0","","0","0","0","","0","","","1","0","0","0","0","0","0","2","0","1","","","","N","","","","","","","","","",""
"2010043767","","1","0","0","0","0","0","0","0","0","7","0","","02","5","2010","7","40.589763","-79.874205","","11","0","0","1","0","0","0","0","0","","0","0","0","","","0","","2","","40 35:23.145","","0","79 52:27.137","0","0","0","0","2209","0","0","0","N","0","0","0","2","02209","0","","4.0","","9","N","N","","0","","0","0","0","","0","","","1","0","2","0","0","0","0","2","0","1","","","","N","","","","","","","","","",""