"CRN","ARRIVAL_TM","AUTOMOBILE_COUNT","BELTED_DEATH_COUNT","BELTED_SUSP_SERIOUS_INJ_COUNT","BICYCLE_COUNT","BICYCLE_DEATH_COUNT","BICYCLE_SUSP_SERIOUS_INJ_COUNT","BUS_COUNT","CHLDPAS_DEATH_COUNT","CHLDPAS_SUSP_SERIOUS_INJ_COUNT","COLLISION_TYPE","COMM_VEH_COUNT","CONS_ZONE_SPD_LIM","COUNTY","CRASH_MONTH","CRASH_YEAR","DAY_OF_WEEK","DEC_LATITUDE","DEC_LONGITUDE","DISPATCH_TM","DISTRICT","DRIVER_COUNT_16YR","DRIVER_COUNT_17YR","DRIVER_COUNT_18YR","DRIVER_COUNT_19YR","DRIVER_COUNT_20YR","DRIVER_COUNT_50_64YR","DRIVER_COUNT_65_74YR","DRIVER_COUNT_75PLUS","EST_HRS_CLOSED","FATAL_COUNT","HEAVY_TRUCK_COUNT","HORSE_BUGGY_COUNT","HOUR_OF_DAY","ILLUMINATION","INJURY_COUNT","INTERSECTION_RELATED","INTERSECT_TYPE","LANE_CLOSED","LATITUDE","LN_CLOSE_DIR","LOCATION_TYPE","LONGITUDE","MAX_SEVERITY_LEVEL","MCYCLE_DEATH_COUNT","MCYCLE_SUSP_SERIOUS_INJ_COUNT","MOTORCYCLE_COUNT","MUNICIPALITY","NONMOTR_COUNT","NONMOTR_DEATH_COUNT","NONMOTR_SUSP_SERIOUS_INJ_COUNT","NTFY_HIWY_MAINT","PED_COUNT","PED_DEATH_COUNT","PED_SUSP_SERIOUS_INJ_COUNT","PERSON_COUNT","POLICE_AGCY","POSSIBLE_INJ_COUNT","RDWY_SURF_TYPE_CD","RELATION_TO_ROAD","ROADWAY_CLEARED","ROAD_CONDITION","SCH_BUS_IND","SCH_ZONE_IND","SECONDARY_CRASH","SMALL_TRUCK_COUNT","SPEC_JURIS_CD","SUSP_MINOR_INJ_COUNT","SUSP_SERIOUS_INJ_COUNT","SUV_COUNT","TCD_FUNC_CD","TCD_TYPE","TFC_DETOUR_IND","TIME_OF_DAY","TOTAL_UNITS","TOT_INJ_COUNT","UNBELTED_OCC_COUNT","UNB_DEATH_COUNT","UNB_SUSP_SERIOUS_INJ_COUNT","UNK_INJ_DEG_COUNT","UNK_INJ_PER_COUNT","URBAN_RURAL","VAN_COUNT","VEHICLE_COUNT","WEATHER1","WEATHER2","WORKERS_PRES","WORK_ZONE_IND","WORK_ZONE_LOC","WORK_ZONE_TYPE","WZ_CLOSE_DETOUR","WZ_FLAGGER","WZ_LAW_OFFCR_IND","WZ_LN_CLOSURE","WZ_MOVING","WZ_OTHER","WZ_SHLDER_MDN","WZ_WORKERS_INJ_KILLED"
"2010046883","","1","0","0","0","0","0","0","0","0","4","0","","02","5","2010","3","40.343092","-80.024423","","11","0","1","0","0","0","1","0","0","1","0","0","0","","","0","","2","","40 20:35.130","1","0","80 01:27.922","0","0","0","0","2407","0","0","0","N","0","0","0","3","02407","0","","1.0","","1","N","N","","0","","0","0","0","","3","N","","2","0","0","0","0","0","0","2","1","2","","","","N","","","","","","","","","",""
"2010046884","","2","0","0","0","0","0","0","0","0","4","0","","02","5","2010","7","40.347042","-80.05512","","11","0","1","0","0","0","0","0","0","","0","0","0","","","0","","0","","40 20:49.350","","0","80 03:18.433","0","0","0","0","2407","0","0","0","N","0","0","0","2","02407","0","","1.0","","1","N","N","","0","","0","0","0","","0","","","2","0","0","0","0","0","0","2","0","2","","","","N","","","","","","","","","",""
"2010046936","","0","0","0","0","0","0","0","0","0","1","0","","02","5","2010","3","40.428675","-79.928965","","11","0","0","0","0","0","1","1","0","","0","0","0","","","1","","0","","40 25:43.229","","0","79 55:44.275","4","0","0","0","2301","0","0","0","N","0","0","0","3","68B03","1","","1.0","","9","N","N","","1","","0","0","1","","0","","","2","1","1","0","0","0","0","2","0","2","","","","N","","","","","","","","","",""
"2010046937","","1","0","0","0","0","0","0","0","0","7","0","","02","5","2010","1","40.550236","-80.086386","","11","0","0","0","0","1","0","0","0","","0","0","0","","","1","","0","","40 33:00.848","","0","80 05:10.990","4","0","0","0","2215","0","0","0","N","0","0","0","1","68B03","1","","3.0","","1","N","N","","0","","0","0","0","","0","","","1","1","0","0","0","0","0","2","0","1","","","","N","","","","","","","","","",""
"2010046995","","1","0","0","0","0","0","0","0","0","8","0","","02","5","2010","2","40.440296","-80.006994","","11","0","0","0","0","0","0","0","0","","0","0","0","","","1","","2","","40 26:25.066","","7","80 00:25.180","4","0","0","0","2301","1","0","0","N","1","0","0","2","02301","1","","1.0","","9","N","N","","0","","0","0","0","","0","","","2","1","0","0","0","0","0","2","0","1","","","","N","","","","","","","","","",""
"2010047001","","0","0","0","0","0","0","0","0","0","7","1","","02","5","2010","7","40.33798","-79.894971","","11","0","0","0","0","0","0","0","0","4","0","1","0","","","0","","2","","40 20:16.728","6","1","79 53:41.897","0","0","0","0","2473","0","0","0","N","0","0","0","1","02473","0","","5.0","","1","N","N","","0","","0","0","0","","2","Y","","1","0","0","0","0","0","0","2","0","1","","","","N","","","","","","","","","",""
"2010047007","","0","0","0","0","0","0","1","0","0","7","1","","02","5","2010","2","40.373681","-79.844875","","11","0","0","0","0","0","1","0","0","3","0","0","0","","","5","","1","","40 22:25.252","3","0","79 50:41.551","8","0","0","0","2303","0","0","0","N","0","0","0","9","02503","0","","2.0","","9","N","N","","0","","0","0","0","","2","N","","1","5","0","0","0","5","0","2","0","1","","","","N","","","","","","","","","",""
"2010047014","","1","0","0","0","0","0","0","0","0","7","0","","02","5","2010","2","40.513746","-79.905175","","11","0","1","0","0","0","0","0","0","","0","0","0","","","2","","0","","40 30:49.485","","0","79 54:18.630","4","0","0","0","2432","0","0","0","N","0","0","0","2","02432","2","","5.0","","9","N","N","","0","","0","0","0","","0","","","1","2","2","0","0","0","0","2","0","1","","","","N","","","","","","","","","",""
"2010047017","","0","0","0","0","0","0","0","0","0","6","0","","02","5","2010","7","40.473202","-80.281471","","11","0","0","0","0","0","1","1","0","2","0","0","0","","","1","","0","","40 28:23.526","3","0","80 16:53.296","4","0","0","0","2203","0","0","0","N","0","0","0","4","02203","1","","1.0","","1","N","N","","1","","0","0","1","","0","Y","","3","1","0","0","0","0","0","1","1","3","","","","N","","","","","","","","","",""
"2010047019","","1","0","0","0","0","0","0","0","0","7","0","","02","5","2010","6","40.457688","-79.816105","","11","0","0","0","0","0","0","0","0","","0","0","0","","","0","","0","","40 27:27.678","","0","79 48:57.979","0","0","0","0","2113","0","0","0","N","0","0","0","1","02113","0","","5.0","","1","N","N","","0","","0","0","0","","0","","","1","0","0","0","0","0","0","2","0","1","","","","N","","","","","","","","","",""
"2010047027","","2","0","0","0","0","0","0","0","0","1","0","","02","5","2010","7","40.491975","-80.329663","","11","0","0","0","0","0","1","0","1","2","0","0","0","","","3","","1","","40 29:31.111","3","0","80 19:46.787","4","0","0","0","2203","0","0","0","N","0","0","0","3","02203","3","","1.0","","1","N","N","","0","","0","0","0","","0","N","","2","3","0","0","0","0","0","1","0","2","","","","N","","","","","","","","","",""
"2010047034","","1","0","0","0","0","0","0","0","0","8","0","","02","5","2010","2","40.429683","-79.98048","","11","0","0","0","0","0","0","0","0","","0","0","0","","","1","","1","","40 25:46.858","","0","79 58:49.728","3","0","0","0","2301","1","0","0","N","1","0","0","2","02301","0","","1.0","","9","N","N","","0","","1","0","0","","3","","","2","1","1","0","0","0","0","2","0","1","","","","N","","","","","","","","","",""
"2010047035","","1","0","0","0","0","0","0","0","0","4","0","","02","5","2010","2","40.458636","-79.907996","","11","0","0","0","1","0","0","0","0","","0","0","0","","","2","","0","","40 27:31.090","","7","79 54:28.784","4","0","0","0","2301","0","0","0","N","0","0","0","6","02301","1","","1.0","","9","N","N","","0","","0","0","1","","2","","","2","2","1","0","0","1","1","2","0","2","","","","N","","","","","","","","","",""
"2010047039","","2","0","0","0","0","0","0","0","0","1","0","","02","5","2010","1","40.447801","-79.897075","","11","1","0","0","0","0","0","0","0","","0","0","0","","","0","","0","","40 26:52.082","","0","79 53:49.470","0","0","0","0","2301","0","0","0","N","0","0","0","1","02301","0","","6.0","","1","N","N","","0","","0","0","1","","0","","","3","0","0","0","0","0","0","2","0","3","","","","N","","","","","","","","","",""
"2010047050","","1","0","0","0","0","0","0","0","0","2","0","","02","5","2010","3","40.484549","-79.928089","","11","0","0","0","0","0","0","0","0","","0","0","0","","","0","","0","","40 29:04.376","","99","79 55:41.120","0","0","0","0","2301","0","0","0","N","0","0","0","1","02301","0","","4.0","","1","N","N","","0","","0","0","3","","0","","","4","0","0","0","0","0","0","2","0","4","","","","N","","","","","","","","","",""
"2010047051","","0","0","0","0","0","0","0","0","0","7","0","","02","5","2010","4","40.504179","-80.009752","","11","0","0","0","0","0","1","0","0","","0","0","0","","","0","","0","","40 30:15.045","","0","80 00:35.106","0","0","0","0","2116","0","0","0","N","0","0","0","1","02116","0","","4.0","","9","N","N","","0","","0","0","1","","0","","","1","0","0","0","0","0","0","2","0","1","","","","N","","","","","","","","","",""
"2010047054","","1","0","0","0","0","0","0","0","0","4","0","","02","5","2010","3","40.22856","-79.855219","","11","0","0","0","0","0","1","0","0","2","0","0","0","","","2","","1","","40 13:42.815","2","0","79 51:18.787","8","0","0","0","2204","0","0","0","N","0","0","0","2","02204","0","","1.0","","1","N","N","","0","","0","0","0","","3","Y","","2","2","1","0","0","2","0","2","1","2","","","","N","","","","","","","","","",""
"2010047080","","0","0","0","0","0","0","0","0","0","0","0","","02","5","2010","1","40.496189","-79.939305","","11","0","0","0","0","0","0","0","0","1","0","0","0","","","2","","0","","40 29:46.280","2","3","79 56:21.499","4","0","0","0","2461","0","0","0","N","0","0","0","2","68D02","2","","1.0","","1","N","N","","0","","0","0","1","","0","N","","1","2","0","0","0","0","0","2","0","1","","","","N","","","","","","","","","",""
"2010047144","","0","0","0","0","0","0","0","0","0","99","0","","02","5","2010","3","40.373681","-79.844875","","11","0","0","0","0","0","0","0","0","","0","0","0","","","3","","1","","40 22:25.252","","0","79 50:41.551","8","0","0","0","2303","0","0","0","N","0","0","0","3","02303","0","","1.0","","9","N","N","","1","","0","0","0","","2","","","2","3","0","0","0","3","0","2","1","2","","","","N","","","","","","","","","",""
"2010047154","","0","0","0","0","0","0","0","0","0","4","0","","02","5","2010","3","40.342273","-79.837934","","11","0","0","0","0","0","0","0","0","1","0","0","0","","","0","","1","","40 20:32.182","7","0","79 50:16.562","0","0","0","0","2304","0","0","0","N","0","0","0","2","02304","0","","1.0","","9","N","N","","1","","0","0","1","","3","Y","","2","0","0","0","0","0","0","2","0","2","","","","N","","","","","","","","","",""
"2010047163","","1","0","0","0","0","0","0","0","0","2","1","","02","5","2010","2","40.418839","-80.205824","","11","0","0","0","0","0","0","1","0","2","0","1","0","","","0","","0","","40 25:07.822","2","3","80 12:20.966","0","0","0","0","2214","0","0","0","N","0","0","0","2","02214","0","","1.0","","9","N","N","","0","","0","0","0","","0","N","","2","0","0","0","0","0","0","1","0","2","","","","N","","","","","","","","","",""
"2010047166","","1","0","0","0","0","0","0","0","0","1","0","","02","5","2010","3","40.429267","-79.999168","","11","0","0","0","0","0","0","0","0","1","0","0","0","","","0","","10","","40 25:45.362","1","3","79 59:57.003","0","0","0","0","2301","0","0","0","N","0","0","0","2","02301","0","","1.0","","9","N","N","","0","","0","0","1","","0","N","","2","0","0","0","0","0","0","2","0","2","","","","N","","","","","","","","","",""
"2010047172","","3","0","0","0","0","0","0","0","0","1","0","25","02","5","2010","6","40.405548","-79.880903","","11","0","0","0","0","0","1","0","0","","0","0","0","","","0","","0","","40 24:19.972","","3","79 52:51.252","0","0","0","0","2475","0","0","0","N","0","0","0","4","02475","0","","1.0","","1","N","N","","0","","0","0","0","","0","","","3","0","0","0","0","0","0","2","0","3","","","Y","Y","4","1","","","N","","","","Y",""
"2010047176","","1","0","0","0","0","0","0","0","0","4","0","","02","5","2010","3","40.469766","-79.92705","","11","0","0","0","0","0","1","0","0","","0","0","0","","","1","","2","","40 28:11.157","","0","79 55:37.380","8","0","0","0","2301","0","0","0","N","0","0","0","3","02301","0","","1.0","","9","N","N","","0","","0","0","1","","3","","","2","1","0","0","0","1","0","2","0","2","","","","N","","","","","","","","","",""
"2010047180","","0","0","0","0","0","0","0","0","0","7","0","","02","5","2010","6","40.325128","-79.898632","","11","0","0","0","0","0","0","0","0","1","0","0","0","","","1","","0","","40 19:30.459","2","0","79 53:55.075","4","0","0","0","2473","0","0","0","N","0","0","0","1","02473","1","","4.0","","1","N","N","","1","","0","0","0","","0","N","","1","1","0","0","0","0","0","2","0","1","","","","N","","","","","","","","","",""
"2010047188","","2","0","0","0","0","0","0","0","0","4","0","","02","5","2010","3","40.449207","-79.901303","","11","0","0","0","0","0","1","0","0","","0","0","0","","","1","","1","","40 26:57.146","","0","79 54:04.692","4","0","0","0","2301","0","0","0","N","0","0","0","2","02301","1","","1.0","","9","N","N","","0","","0","0","0","","2","","","2","1","0","0","0","0","0","2","0","2","","","","N","","","","","","","","","",""
"2010047192","","1","0","0","0","0","0","0","0","0","4","1","","02","5","2010","2","40.472513","-80.038196","","11","0","0","0","0","0","0","0","0","1","0","1","0","","","1","","1","","40 28:21.048","2","0","80 02:17.505","8","0","0","0","2301","0","0","0","N","0","0","0","2","02301","0","","1.0","","9","N","N","","0","","0","0","0","","2","N","","2","1","0","0","0","1","0","2","0","2","","","","N","","","","","","","","","",""
"2010047197","","1","0","0","0","0","0","1","0","0","1","1","","02","5","2010","3","40.429279","-79.999159","","11","0","0","0","0","0","2","0","0","2","0","0","0","","","1","","2","","40 25:45.404","1","4","79 59:56.974","4","0","0","0","2301","0","0","0","Y","0","0","0","45","02301","1","","1.0","","98","Y","N","","0","","0","0","0","","0","N","","2","1","0","0","0","0","0","2","0","2","","","","N","","","","","","","","","",""
"2010047210","","1","0","0","0","0","0","0","0","0","7","0","","02","5","2010","3","40.361058","-79.99224","","11","0","0","0","0","0","0","0","0","","0","0","0","","","0","","2","","40 21:39.810","","0","79 59:32.065","0","0","0","0","2476","0","0","0","N","0","0","0","1","02476","0","","5.0","","9","N","N","","0","","0","0","0","","3","","","1","0","0","0","0","0","0","2","0","1","","","","N","","","","","","","","","",""
"2010047214","","2","0","0","0","0","0","0","0","0","4","0","","02","5","2010","3","40.452681","-79.91037","","11","0","0","0","1","0","0","0","0","","0","0","0","","","0","","1","","40 27:09.653","","0","79 54:37.332","0","0","0","0","2301","0","0","0","N","0","0","0","2","02301","0","","1.0","","1","N","N","","0","","0","0","0","","2","","","2","0","1","0","0","0","0","2","0","2","","","","N","","","","","","","","","",""
"2010047231","","2","0","0","0","0","0","0","0","0","1","0","","02","5","2010","2","40.358263","-79.908997","","11","0","1","0","0","0","0","0","0","","0","0","0","","","2","","0","","40 21:29.745","","0","79 54:32.389","4","0","0","0","2473","0","0","0","N","0","0","0","3","02473","2","","1.0","","9","N","N","","0","","0","0","0","","0","","","2","2","0","0","0","0","0","2","0","2","","","","N","","","","","","","","","",""
"2010047256","","0","0","0","0","0","0","0","0","0","4","0","","02","5","2010","2","40.439808","-80.152447","","11","0","0","0","0","0","1","0","0","2","0","0","0","","","0","","2","","40 26:23.308","4","0","80 09:08.810","0","0","0","0","2115","0","0","0","N","0","0","0","3","02115","0","","1.0","","9","N","N","","1","","0","0","0","","2","N","","2","0","0","0","0","0","0","2","1","2","","","","N","","","","","","","","","",""
"2010047320","","2","0","0","0","0","0","0","0","0","1","0","","02","5","2010","3","40.455992","-79.941985","","11","0","0","0","0","0","2","0","0","","0","0","0","","","0","","1","","40 27:21.572","","0","79 56:31.145","9","0","0","0","2301","0","0","0","N","0","0","0","4","02301","0","","1.0","","1","N","N","","0","","0","0","0","","2","","","3","0","1","0","0","0","1","2","1","3","","","","N","","","","","","","","","",""
"2010047322","","1","0","0","0","0","0","0","0","0","7","0","","02","5","2010","3","40.438701","-80.243667","","11","0","0","0","0","0","0","0","0","","0","0","0","","","1","","0","","40 26:19.324","","0","80 14:37.202","8","0","0","0","2214","0","0","0","N","0","0","0","2","68B03","0","","4.0","","9","N","N","","0","","0","0","0","","0","","","1","1","0","0","0","1","0","2","0","1","","","","N","","","","","","","","","",""
"2010047323","","1","0","0","0","0","0","0","0","0","5","0","","02","5","2010","4","40.439278","-79.861454","","11","0","0","0","0","0","0","0","0","","0","0","0","","","1","","0","","40 26:21.402","","0","79 51:41.233","4","0","0","0","2478","0","0","0","N","0","0","0","2","68B03","1","","1.0","","1","N","N","","0","","0","0","0","","0","","","2","1","0","0","0","0","0","2","1","2","","","","N","","","","","","","","","",""
"2010047378","","1","0","0","0","0","0","0","0","0","4","0","","02","5","2010","3","40.39182","-80.016755","","11","0","0","0","0","0","0","0","0","","0","0","0","","","1","","1","","40 23:30.552","","0","80 01:00.318","8","0","0","0","2301","0","0","0","N","0","0","0","2","02301","0","","1.0","","1","N","N","","0","","0","0","0","","0","","","2","1","0","0","0","1","0","2","1","2","","","","N","","","","","","","","","",""
"2010047379","","1","0","0","0","0","0","0","0","0","1","0","","02","5","2010","3","40.354375","-80.050111","","11","0","0","0","0","0","1","0","1","","0","0","0","","","0","","0","","40 21:15.749","","0","80 03:00.399","0","0","0","0","2109","0","0","0","N","0","0","0","3","02109","0","","1.0","","9","N","N","","0","","0","0","1","","0","","","2","0","0","0","0","0","0","2","0","2","","","","N","","","","","","","","","",""
"2010047388","","2","0","0","0","0","0","0","0","0","1","0","","02","5","2010","3","40.377205","-79.986428","","11","0","0","0","0","0","0","0","0","","0","0","0","","","0","","0","","40 22:37.939","","0","79 59:11.139","0","0","0","0","2413","0","0","0","N","0","0","0","5","02413","0","","1.0","","9","N","N","","1","","0","0","0","","0","","","3","0","0","0","0","0","0","2","0","3","","","","N","","","","","","","","","",""
"2010047396","","0","0","0","0","0","0","0","0","0","7","0","","02","5","2010","2","40.407438","-79.914132","","11","0","0","0","0","0","0","0","0","2","0","0","0","","","1","","1","","40 24:26.776","4","3","79 54:50.874","4","0","0","1","2438","0","0","0","N","0","0","0","1","02438","1","","1.0","","1","N","N","","0","","0","0","0","","2","N","","1","1","0","0","0","0","0","2","0","1","","","","N","","","","","","","","","",""
"2010047401","","0","0","0","0","0","0","0","0","0","1","0","","02","5","2010","3","40.409105","-80.030034","","11","0","0","0","0","0","1","0","0","1","0","0","0","","","0","","2","","40 24:32.778","2","0","80 01:48.122","0","0","0","0","2301","0","0","0","N","0","0","0","2","02301","0","","1.0","","1","N","N","","0","","0","0","1","","0","N","","2","0","0","0","0","0","0","2","1","2","","","","N","","","","","","","","","",""
"2010047411","","1","0","0","0","0","0","0","0","0","7","0","","02","5","2010","4","40.412953","-80.010118","","11","0","0","0","0","0","0","0","0","","0","0","0","","","1","","2","","40 24:46.629","","0","80 00:36.426","4","0","0","0","2301","0","0","0","Y","0","0","0","1","02301","1","","5.0","","1","N","N","","0","","0","0","0","","2","","","1","1","0","0","0","0","0","2","0","1","","","","N","","","","","","","","","",""
"2010047415","","2","0","0","0","0","0","0","0","0","2","0","","02","5","2010","3","40.600113","-80.077982","","11","0","0","1","0","0","0","0","0","1","0","0","0","","","0","","2","","40 36:00.406","2","0","80 04:40.735","0","0","0","0","2481","0","0","0","N","0","0","0","3","02481","0","","1.0","","1","N","N","","0","","0","0","0","","0","N","","2","0","0","0","0","0","0","2","0","2","","","","N","","","","","","","","","",""
"2010047420","","1","0","0","0","0","0","0","0","0","2","0","","02","5","2010","7","40.507828","-80.0369","","11","0","0","0","0","0","0","0","0","","0","1","0","","","0","","0","","40 30:28.180","","0","80 02:12.840","0","0","0","0","2116","0","0","0","N","0","0","0","2","02116","0","","1.0","","1","N","N","","0","","0","0","0","","0","","","2","0","1","0","0","0","0","2","0","2","","","","N","","","","","","","","","",""
"2010047424","","1","0","0","0","0","0","0","0","0","1","0","","02","5","2010","7","40.413286","-79.777188","","11","0","0","0","0","0","0","0","0","2","0","0","0","","","2","","1","","40 24:47.829","4","0","79 46:37.876","8","0","0","1","2453","0","0","0","N","0","0","0","2","02424","0","","1.0","","1","N","N","","0","","0","0","0","","3","Y","","2","2","1","0","0","2","0","2","0","2","","","","N","","","","","","","","","",""
"2010047438","","1","0","0","0","0","0","0","0","0","7","0","","02","5","2010","2","40.431951","-80.02409","","11","0","0","0","1","0","0","0","0","","0","0","0","","","0","","0","","40 25:55.025","","4","80 01:26.724","0","0","0","0","2301","0","0","0","Y","0","0","0","1","68B03","0","","2.0","","9","N","N","","0","","0","0","0","","0","","","1","0","1","0","0","0","0","2","0","1","","","","N","","","","","","","","","",""
"2010047517","","0","0","0","0","0","0","0","0","0","7","0","","02","4","2010","3","40.393646","-80.081626","","11","0","0","0","0","0","0","0","0","2","0","0","0","","","1","","0","","40 23:37.125","4","0","80 04:53.853","8","0","0","0","2117","0","0","0","N","0","0","0","1","02117","0","","5.0","","9","N","N","","0","","0","0","1","","0","N","","1","1","1","0","0","1","0","2","0","1","","","","N","","","","","","","","","",""
"2010047522","","0","0","0","0","0","0","0","0","0","7","0","","02","5","2010","5","40.442424","-79.999945","","11","0","0","0","0","0","0","0","0","","0","0","0","","","1","","1","","40 26:32.726","","0","79 59:59.802","3","0","0","0","2301","0","0","0","N","0","0","0","1","02301","0","","5.0","","1","N","N","","1","","1","0","0","","2","","","1","1","1","0","0","0","0","2","0","1","","","","N","","","","","","","","","",""
"2010047529","","0","0","0","0","0","0","0","0","0","1","0","","02","5","2010","4","40.312396","-80.090213","","11","0","1","0","0","0","1","0","0","1","0","0","0","","","0","","0","","40 18:44.626","1","0","80 05:24.768","0","0","0","0","2123","0","0","0","N","0","0","0","3","02123","0","","1.0","","9","N","N","","0","","0","0","2","","2","N","","2","0","0","0","0","0","0","2","0","2","","","","N","","","","","","","","","",""
"2010047553","","1","0","0","0","0","0","0","0","0","0","0","","02","5","2010","3","40.447425","-79.942471","","11","0","0","0","0","0","1","0","0","1","0","0","0","","","0","","1","","40 26:50.730","4","0","79 56:32.895","0","0","0","0","2301","0","0","0","N","0","0","0","3","02301","0","","1.0","","1","N","N","","0","","0","0","0","","0","N","","1","0","0","0","0","0","0","2","0","1","","","","N","","","","","","","","","",""
"2010047554","","1","0","0","0","0","0","0","0","0","1","1","","02","5","2010","4","40.335546","-79.94719","","11","0","0","0","0","0","2","0","0","","0","1","0","","","1","","0","","40 20:07.965","","0","79 56:49.883","8","0","0","0","2454","0","0","0","N","0","0","0","2","02454","0","","1.0","","1","N","N","","0","","0","0","0","","0","","","2","1","0","0","0","1","0","2","0","2","","","","N","","","","","","","","","",""
"2010047558","","2","0","0","0","0","0","0","0","0","4","0","","02","5","2010","2","40.444202","-80.028173","","11","0","0","0","0","0","1","0","0","","0","0","0","","","0","","10","","40 26:39.126","","0","80 01:41.424","0","0","0","0","2301","0","0","0","N","0","0","0","2","02301","0","","1.0","","1","N","N","","0","","0","0","0","","2","","","2","0","0","0","0","0","0","2","0","2","","","","N","","","","","","","","","",""
"2010047581","","1","0","0","0","0","0","0","0","0","7","0","","02","5","2010","4","40.660864","-79.853068","","11","0","0","0","0","0","0","0","0","2","0","0","0","","","1","","0","","40 39:39.109","3","0","79 51:11.043","8","0","0","0","2220","0","0","0","N","0","0","0","1","02220","0","","2.0","","1","N","N","","0","","0","0","0","","0","N","","1","1","0","0","0","1","0","1","0","1","","","","N","","","","","","","","","",""
"2010047586","","2","0","0","0","0","0","0","0","0","1","0","","02","5","2010","1","40.482883","-79.809644","","11","0","0","0","0","0","0","0","0","","0","0","0","","","1","","2","","40 28:58.380","","0","79 48:34.720","8","0","0","0","2113","0","0","0","N","0","0","0","4","02113","0","","1.0","","1","N","N","","0","","0","0","0","","2","","","2","1","0","0","0","1","0","2","0","2","","","","N","","","","","","","","","",""
"2010047587","","1","0","0","0","0","0","0","0","0","7","0","","02","5","2010","4","40.498261","-79.797543","","11","0","0","0","0","0","0","0","0","","0","0","0","","","0","","0","","40 29:53.741","","0","79 47:51.155","0","0","0","0","2113","0","0","0","Y","0","0","0","1","02113","0","","5.0","","1","N","N","","0","","0","0","0","","0","","","1","0","0","0","0","0","0","2","0","1","","","","N","","","","","","","","","",""
"2010047597","","0","0","0","0","0","0","0","0","0","7","0","","02","5","2010","4","40.440778","-80.009296","","11","0","0","0","0","0","0","1","0","","0","0","0","","","0","","6","","40 26:26.799","","8","80 00:33.464","0","0","0","0","2301","0","0","0","N","0","0","0","1","02301","0","","3.0","","1","N","N","","0","","0","0","1","","0","","","1","0","0","0","0","0","0","2","0","1","","","","N","","","","","","","","","",""
"2010047614","","1","0","0","0","0","0","0","0","0","7","0","","02","5","2010","5","40.605642","-79.819823","","11","0","0","0","0","0","0","0","0","","0","0","0","","","1","","0","","40 36:20.310","","0","79 49:11.363","8","0","0","0","2220","0","0","0","N","0","0","0","1","02220","0","","2.0","","1","N","N","","0","","0","0","0","","0","","","1","1","0","0","0","1","0","2","0","1","","","","N","","","","","","","","","",""
"2010047617","","1","0","0","0","0","0","0","0","0","1","0","","02","5","2010","3","40.465968","-80.113203","","11","0","0","0","0","1","0","0","0","1","0","0","0","","","2","","2","","40 27:57.484","1","0","80 06:47.530","4","0","0","0","2115","0","0","0","N","0","0","0","2","02115","2","","1.0","","9","N","N","","0","","0","0","1","","0","N","","2","2","0","0","0","0","0","2","0","2","","","","N","","","","","","","","","",""
"2010047664","","1","0","0","0","0","0","0","0","0","7","0","45","02","5","2010","5","40.443155","-79.839316","","11","0","0","0","0","0","0","0","0","2","0","0","0","","","0","","0","","40 26:35.358","3","0","79 50:21.538","0","0","0","0","2419","0","0","0","N","0","0","0","1","68B01","0","","3.0","","9","N","N","","0","","0","0","0","","8","N","","1","0","0","0","0","0","0","2","0","1","","","N","Y","4","1","N","N","N","Y","N","N","N",""
"2010047665","","1","0","0","0","0","0","0","0","0","1","0","45","02","5","2010","6","40.442935","-79.855723","","11","0","0","0","0","0","1","0","0","2","0","0","0","","","1","","0","","40 26:34.567","3","0","79 51:20.604","4","0","0","0","2419","0","0","0","N","0","0","0","2","68B01","1","","1.0","","1","N","N","","1","","0","0","0","","8","N","","2","1","0","0","0","0","0","2","0","2","","","N","Y","3","1","N","N","N","Y","N","N","Y",""
"2010047666","","2","0","0","0","0","0","0","0","0","7","1","","02","5","2010","2","40.429246","-79.941004","","11","0","1","0","0","0","2","0","0","","0","1","0","","","0","","0","","40 25:45.286","","0","79 56:27.613","0","0","0","0","2301","0","0","0","Y","0","0","0","8","68B03","0","","2.0","","9","N","N","","0","","0","0","0","","0","","","3","0","0","0","0","0","0","2","0","3","","","","N","","","","","","","","","",""
"2010047667","","0","0","0","0","0","0","0","0","0","7","0","","02","5","2010","2","40.434461","-79.989332","","11","0","0","0","0","0","0","0","0","","0","0","0","","","1","","7","","40 26:04.059","","0","79 59:21.596","4","0","0","0","2301","0","0","0","Y","0","0","0","1","68B03","1","","2.0","","1","N","N","","1","","0","0","0","","0","","","1","1","1","0","0","0","0","2","0","1","","","","N","","","","","","","","","",""
"2010047721","","2","0","0","0","0","0","0","0","0","7","0","","02","5","2010","2","40.494478","-79.783122","","11","0","0","0","0","0","2","0","0","2","0","0","0","","","1","","0","","40 29:40.120","4","3","79 46:59.239","8","0","0","0","2466","0","0","0","N","0","0","0","5","68T02","0","","2.0","","9","N","N","","0","","0","0","0","","0","N","","2","1","0","0","0","1","0","2","0","2","","","","N","","","","","","","","","",""
"2010047722","","1","0","0","0","0","0","0","0","0","7","0","55","02","5","2010","3","40.666504","-80.097622","","11","0","0","0","0","0","0","0","0","1","0","0","0","","","0","","0","","40 39:59.413","4","0","80 05:51.438","0","0","0","0","2212","0","0","0","N","0","0","0","1","68T02","0","","3.0","","9","N","N","","0","","0","0","0","","8","N","","1","0","0","0","0","0","0","2","0","1","","","N","Y","4","1","N","N","N","N","N","Y","N",""