"CRN","ARRIVAL_TM","AUTOMOBILE_COUNT","BELTED_DEATH_COUNT","BELTED_SUSP_SERIOUS_INJ_COUNT","BICYCLE_COUNT","BICYCLE_DEATH_COUNT","BICYCLE_SUSP_SERIOUS_INJ_COUNT","BUS_COUNT","CHLDPAS_DEATH_COUNT","CHLDPAS_SUSP_SERIOUS_INJ_COUNT","COLLISION_TYPE","COMM_VEH_COUNT","CONS_ZONE_SPD_LIM","COUNTY","CRASH_MONTH","CRASH_YEAR","DAY_OF_WEEK","DEC_LATITUDE","DEC_LONGITUDE","DISPATCH_TM","DISTRICT","DRIVER_COUNT_16YR","DRIVER_COUNT_17YR","DRIVER_COUNT_18YR","DRIVER_COUNT_19YR","DRIVER_COUNT_20YR","DRIVER_COUNT_50_64YR","DRIVER_COUNT_65_74YR","DRIVER_COUNT_75PLUS","EST_HRS_CLOSED","FATAL_COUNT","HEAVY_TRUCK_COUNT","HORSE_BUGGY_COUNT","HOUR_OF_DAY","ILLUMINATION","INJURY_COUNT","INTERSECTION_RELATED","INTERSECT_TYPE","LANE_CLOSED","LATITUDE","LN_CLOSE_DIR","LOCATION_TYPE","LONGITUDE","MAX_SEVERITY_LEVEL","MCYCLE_DEATH_COUNT","MCYCLE_SUSP_SERIOUS_INJ_COUNT","MOTORCYCLE_COUNT","MUNICIPALITY","NONMOTR_COUNT","NONMOTR_DEATH_COUNT","NONMOTR_SUSP_SERIOUS_INJ_COUNT","NTFY_HIWY_MAINT","PED_COUNT","PED_DEATH_COUNT","PED_SUSP_SERIOUS_INJ_COUNT","PERSON_COUNT","POLICE_AGCY","POSSIBLE_INJ_COUNT","RDWY_SURF_TYPE_CD","RELATION_TO_ROAD","ROADWAY_CLEARED","ROAD_CONDITION","SCH_BUS_IND","SCH_ZONE_IND","SECONDARY_CRASH","SMALL_TRUCK_COUNT","SPEC_JURIS_CD","SUSP_MINOR_INJ_COUNT","SUSP_SERIOUS_INJ_COUNT","SUV_COUNT","TCD_FUNC_CD","TCD_TYPE","TFC_DETOUR_IND","TIME_OF_DAY","TOTAL_UNITS","TOT_INJ_COUNT","UNBELTED_OCC_COUNT","UNB_DEATH_COUNT","UNB_SUSP_SERIOUS_INJ_COUNT","UNK_INJ_DEG_COUNT","UNK_INJ_PER_COUNT","URBAN_RURAL","VAN_COUNT","VEHICLE_COUNT","WEATHER1","WEATHER2","WORKERS_PRES","WORK_ZONE_IND","WORK_ZONE_LOC","WORK_ZONE_TYPE","WZ_CLOSE_DETOUR","WZ_FLAGGER","WZ_LAW_OFFCR_IND","WZ_LN_CLOSURE","WZ_MOVING","WZ_OTHER","WZ_SHLDER_MDN","WZ_WORKERS_INJ_KILLED"
"2010048665","","2","0","0","0","0","0","0","0","0","1","0","","02","5","2010","6","40.615054","-80.055036","","11","0","0","0","0","0","0","0","1","","0","0","0","","","1","","0","","40 36:54.196","","0","80 03:18.129","4","0","0","0","2108","0","0","0","N","0","0","0","2","02108","1","","1.0","","1","N","N","","0","","0","0","0","","0","","","2","1","0","0","0","0","0","2","0","2","","","","N","","","","","","","","","",""
"2010048666","","1","0","0","0","0","0","0","0","0","4","0","","02","5","2010","6","40.391776","-80.060867","","11","0","0","0","0","0","0","0","0","2","0","0","0","","","1","","2","","40 23:30.392","3","0","80 03:39.120","8","0","0","0","2109","0","0","0","N","0","0","0","2","02109","0","","1.0","","1","N","N","","0","","0","0","1","","0","N","","2","1","0","0","0","1","0","2","0","2","","","","N","","","","","","","","","",""
"2010048668","","2","0","0","0","0","0","0","0","0","4","0","","02","5","2010","4","40.582227","-80.062891","","11","0","0","0","0","0","0","0","0","","0","0","0","","","1","","1","","40 34:56.017","","0","80 03:46.409","8","0","0","0","2108","0","0","0","N","0","0","0","4","02108","0","","1.0","","1","N","N","","0","","0","0","0","","3","","","2","1","0","0","0","1","0","2","0","2","","","","N","","","","","","","","","",""
"2010048669","","2","0","0","0","0","0","0","0","0","1","0","","02","5","2010","5","40.615779","-80.055299","","11","0","2","1","0","0","0","0","0","","0","0","0","","","1","","0","","40 36:56.803","","0","80 03:19.076","3","0","0","0","2108","0","0","0","N","0","0","0","4","02108","0","","1.0","","1","N","N","","0","","1","0","1","","0","","","3","1","0","0","0","0","0","2","0","3","","","","N","","","","","","","","","",""
"2010048670","","1","0","0","0","0","0","0","0","0","4","0","","02","5","2010","5","40.593352","-80.047771","","11","0","0","0","0","0","1","0","0","","0","0","0","","","1","","1","","40 35:36.067","","0","80 02:51.977","4","0","0","0","2108","0","0","0","N","0","0","0","2","02108","1","","1.0","","1","N","N","","0","","0","0","1","","2","","","2","1","0","0","0","0","0","2","0","2","","","","N","","","","","","","","","",""
"2010048724","","0","0","0","0","0","0","0","0","0","8","0","","02","5","2010","4","40.324335","-79.892461","","11","0","0","0","0","0","1","0","0","","0","0","0","","","1","","1","","40 19:27.606","","0","79 53:32.859","8","0","0","0","2433","1","0","0","N","1","0","0","4","02433","0","","1.0","","1","N","N","","0","","0","0","0","","0","","","2","1","1","0","0","1","0","2","1","1","","","","N","","","","","","","","","",""
"2010048801","","1","0","0","0","0","0","0","0","0","7","0","","02","5","2010","6","40.464794","-79.854081","","11","0","0","0","0","0","0","0","0","3","0","0","0","","","1","","0","","40 27:53.257","6","0","79 51:14.690","8","0","0","0","2113","0","0","0","N","0","0","0","1","02113","0","","4.0","","1","N","N","","0","","0","0","0","","0","Y","","1","1","0","0","0","1","0","2","0","1","","","","N","","","","","","","","","",""
"2010048947","","2","0","0","0","0","0","0","0","0","4","0","","02","5","2010","6","40.345861","-79.949583","","11","0","0","0","0","0","1","1","0","1","0","0","0","","","1","","0","","40 20:45.100","6","0","79 56:58.500","8","0","0","0","2473","0","0","0","N","0","0","0","2","02473","0","","1.0","","1","N","N","","0","","0","0","0","","0","Y","","2","1","0","0","0","1","0","2","0","2","","","","N","","","","","","","","","",""
"2010048953","","1","0","0","0","0","0","0","0","0","1","0","","02","5","2010","6","40.440664","-80.061261","","11","0","0","0","0","0","1","0","0","","0","0","0","","","1","","1","","40 26:26.390","","0","80 03:40.539","4","0","0","0","2421","0","0","0","N","0","0","0","2","02421","1","","1.0","","1","N","N","","0","","0","0","1","","0","","","2","1","0","0","0","0","0","2","0","2","","","","N","","","","","","","","","",""
"2010048958","","0","0","0","0","0","0","0","0","0","1","0","","02","5","2010","5","40.504737","-79.763376","","11","0","0","0","0","0","0","0","0","","0","0","0","","","1","","2","","40 30:17.054","","0","79 45:48.153","8","0","0","0","2466","0","0","0","N","0","0","0","3","02466","0","","1.0","","1","N","N","","0","","0","0","1","","3","","","2","1","0","0","0","1","0","2","1","2","","","","N","","","","","","","","","",""
"2010048959","","1","0","0","0","0","0","0","0","0","6","0","","02","5","2010","7","40.417825","-80.045391","","11","0","0","0","0","0","0","0","0","","0","0","0","","","1","","0","","40 25:04.169","","0","80 02:43.408","8","0","0","0","2435","0","0","0","N","0","0","0","2","02435","0","","1.0","","9","N","N","","1","","0","0","0","","8","","","2","1","0","0","0","1","0","2","0","2","","","","N","","","","","","","","","",""
"2010048960","","1","0","0","0","0","0","0","0","0","7","0","","02","5","2010","4","40.285703","-79.9707","","11","0","0","0","0","1","0","0","0","1","0","0","0","","","1","","0","","40 17:08.530","2","0","79 58:14.521","8","0","0","0","2219","0","0","0","N","0","0","0","1","02219","0","","5.0","","1","N","N","","0","","0","0","0","","0","N","","1","1","0","0","0","1","0","2","0","1","","","","N","","","","","","","","","",""
"2010048969","","0","0","0","0","0","0","0","0","0","7","0","","02","5","2010","7","40.464862","-79.934888","","11","0","0","0","0","0","1","0","0","","0","0","0","","","0","","0","","40 27:53.502","","0","79 56:05.598","0","0","0","0","2301","0","0","0","N","0","0","0","1","02301","0","","5.0","","9","N","N","","0","","0","0","1","","0","","","1","0","0","0","0","0","0","2","0","1","","","","N","","","","","","","","","",""
"2010048975","","2","0","0","0","0","0","0","0","0","2","0","","02","5","2010","7","40.437615","-79.913671","","11","0","0","0","0","0","0","0","0","","0","0","0","","","0","","2","","40 26:15.414","","0","79 54:49.215","9","0","0","0","2301","0","0","0","N","0","0","0","1","02301","0","","1.0","","3","N","N","","0","","0","0","0","","3","","","2","0","0","0","0","0","1","2","0","2","","","","N","","","","","","","","","",""
"2010048978","","0","0","0","0","0","0","0","0","0","1","0","","02","5","2010","7","40.443827","-79.993911","","11","0","0","0","0","0","0","0","0","","0","0","0","","","1","","1","","40 26:37.777","","0","79 59:38.079","4","0","0","0","2301","0","0","0","N","0","0","0","3","02301","1","","1.0","","9","N","N","","1","","0","0","1","","2","","","2","1","0","0","0","0","0","2","0","2","","","","N","","","","","","","","","",""
"2010048982","","1","0","0","0","0","0","0","0","0","7","0","","02","5","2010","6","40.381174","-80.171568","","11","0","0","0","0","0","0","0","0","1","0","0","0","","","0","","0","","40 22:52.225","3","0","80 10:17.645","0","0","0","0","2119","0","0","0","N","0","0","0","1","02119","0","","5.0","","1","N","N","","0","","0","0","0","","0","N","","1","0","0","0","0","0","0","1","0","1","","","","N","","","","","","","","","",""
"2010048983","","1","0","0","0","0","0","0","0","0","4","0","","02","5","2010","7","40.440519","-80.238481","","11","0","0","0","0","0","1","0","0","","0","0","0","","","0","","1","","40 26:25.870","","0","80 14:18.530","0","0","0","0","2214","0","0","0","N","0","0","0","3","02214","0","","1.0","","9","N","N","","1","","0","0","0","","3","","","2","0","0","0","0","0","0","2","0","2","","","","N","","","","","","","","","",""
"2010049000","","2","0","0","0","0","0","0","0","0","1","0","","02","5","2010","4","40.618903","-80.084552","","11","0","0","0","0","0","2","0","0","","0","0","0","","","0","","2","","40 37:08.052","","0","80 05:04.388","0","0","0","0","2212","0","0","0","N","0","0","0","6","02505","0","","1.0","","1","N","N","","0","","0","0","2","","0","","","4","0","0","0","0","0","0","2","0","4","","","","N","","","","","","","","","",""
"2010049005","","2","0","0","0","0","0","0","0","0","1","0","","02","5","2010","4","40.644566","-80.069856","","11","0","0","0","1","0","0","0","0","","0","0","0","","","0","","2","","40 38:40.438","","7","80 04:11.481","0","0","0","0","2216","0","0","0","N","0","0","0","3","02505","0","","1.0","","1","N","N","","0","","0","0","0","","0","","","2","0","3","0","0","0","0","2","0","2","","","","N","","","","","","","","","",""
"2010049007","","0","0","0","0","0","0","0","0","0","0","0","","02","5","2010","7","40.511758","-80.075928","","11","0","0","0","0","0","0","0","0","2","0","0","0","","","1","","0","","40 30:42.329","2","0","80 04:33.342","8","0","0","0","2405","0","0","0","","0","0","0","1","02215","0","","1.0","","9","","","","0","","0","0","1","","0","N","","1","1","0","0","0","1","0","2","0","1","","","","N","","","","","","","","","",""
"2010049016","","2","0","0","0","0","0","0","0","0","1","0","","02","5","2010","7","40.445916","-80.174344","","11","0","0","1","0","0","1","0","0","","0","0","0","","","1","","1","","40 26:45.299","","0","80 10:27.640","8","0","0","0","2214","0","0","0","N","0","0","0","2","02214","0","","1.0","","9","N","N","","0","","0","0","0","","2","","","2","1","0","0","0","1","0","2","0","2","","","","N","","","","","","","","","",""
"2010049019","","2","0","0","0","0","0","0","0","0","1","0","","02","5","2010","7","40.307978","-80.000153","","11","0","0","0","0","0","0","0","0","1","0","0","0","","","0","","0","","40 18:28.720","2","0","80 00:00.550","0","0","0","0","2219","0","0","0","N","0","0","0","4","02501","0","","1.0","","9","N","N","","1","","0","0","1","","0","N","","4","0","0","0","0","0","0","2","0","4","","","","N","","","","","","","","","",""
"2010049024","","1","0","0","0","0","0","0","0","0","0","0","","02","5","2010","7","40.46254","-79.894257","","11","0","0","0","0","0","0","0","0","1","0","0","0","","","0","","0","","40 27:45.144","6","0","79 53:39.325","0","0","0","0","2301","0","0","0","N","0","0","0","1","02301","0","","4.0","","9","N","N","","0","","0","0","0","","0","Y","","1","0","0","0","0","0","0","2","0","1","","","","N","","","","","","","","","",""
"2010049040","","0","0","0","0","0","0","0","0","0","7","0","","02","4","2010","3","40.411209","-80.06942","","11","0","0","0","0","0","0","0","0","1","0","0","0","","","1","","0","","40 24:40.354","4","0","80 04:09.912","8","0","0","1","2435","0","0","0","N","0","0","0","1","68B03","0","","3.0","","1","N","N","","0","","0","0","0","","0","N","","1","1","0","0","0","1","0","2","0","1","","","","N","","","","","","","","","",""
"2010049041","","1","0","0","0","0","0","0","0","0","5","0","45","02","5","2010","6","40.44261","-79.81569","","11","0","0","0","0","0","0","0","1","1","0","0","0","","","0","","0","","40 26:33.395","3","0","79 48:56.483","0","0","0","0","2113","0","0","0","N","0","0","0","2","68B03","0","","1.0","","1","N","N","","1","","0","0","0","","0","N","","2","0","0","0","0","0","0","2","0","2","","","Y","Y","4","1","N","N","Y","Y","N","N","N",""
"2010049044","","0","0","0","0","0","0","0","0","0","1","0","","02","5","2010","2","40.49088","-79.881535","","11","0","0","0","0","0","1","0","0","","0","0","0","","","0","","0","","40 29:27.168","","0","79 52:53.527","0","0","0","0","2112","0","0","0","N","0","0","0","2","68D02","0","","1.0","","9","N","N","","0","","0","0","1","","0","","","2","0","0","0","0","0","0","2","1","2","","","","N","","","","","","","","","",""
"2010049060","","1","0","0","0","0","0","0","0","0","7","0","","02","5","2010","7","40.492874","-79.744452","","11","0","0","0","0","0","0","0","0","2","0","0","0","","","0","","0","","40 29:34.345","5","0","79 44:40.027","0","0","0","0","2466","0","0","0","N","0","0","0","1","02466","0","","5.0","","8","N","N","","0","","0","0","0","","0","N","","1","0","1","0","0","0","0","2","0","1","","","","N","","","","","","","","","",""
"2010049068","","2","0","0","0","0","0","0","0","0","4","0","","02","4","2010","5","40.439525","-79.741078","","11","0","0","0","0","0","1","0","0","","0","0","0","","","1","","0","","40 26:22.290","","7","79 44:27.880","4","0","0","0","2446","0","0","0","N","0","0","0","6","02446","1","","1.0","","1","N","N","","0","","0","0","0","","3","","","2","1","0","0","0","0","0","2","0","2","","","","N","","","","","","","","","",""
"2010049069","","2","0","0","0","0","0","0","0","0","2","0","","02","5","2010","7","40.484395","-80.040399","","11","0","0","0","0","0","1","0","0","1","0","0","0","","","2","","3","","40 29:03.822","7","0","80 02:25.436","4","0","0","0","2301","0","0","0","N","0","0","0","2","02301","2","","1.0","","9","N","N","","0","","0","0","0","","2","Y","","2","2","0","0","0","0","0","2","0","2","","","","N","","","","","","","","","",""
"2010049084","","0","0","0","0","0","0","0","0","0","7","0","","02","5","2010","4","40.45906","-80.204325","","11","1","0","0","0","0","0","0","0","","0","0","0","","","1","","0","","40 27:32.616","","0","80 12:15.570","4","0","0","0","2203","0","0","0","N","0","0","0","1","02203","1","","2.0","","1","N","N","","0","","0","0","1","","0","","","1","1","0","0","0","0","0","2","0","1","","","","N","","","","","","","","","",""
"2010049086","","1","0","0","0","0","0","0","0","0","7","0","","02","5","2010","7","40.493121","-80.02206","","11","0","0","0","0","0","0","0","0","","0","0","0","","","0","","2","","40 29:35.235","","0","80 01:19.416","9","0","0","0","2301","0","0","0","N","0","0","0","1","02301","0","","5.0","","9","N","N","","0","","0","0","0","","0","","","1","0","0","0","0","0","1","2","0","1","","","","N","","","","","","","","","",""
"2010049088","","2","0","0","0","0","0","0","0","0","4","0","","02","5","2010","7","","","","11","0","0","0","0","0","0","0","0","","0","0","0","","","0","","2","","","","2","","0","0","0","0","2467","0","0","0","N","0","0","0","2","02467","0","","1.0","","9","N","N","","0","","0","0","0","","3","","","2","0","0","0","0","0","0","1","0","2","","","","N","","","","","","","","","",""
"2010049102","","1","0","0","0","0","0","0","0","0","7","0","","02","5","2010","7","40.411549","-80.004331","","11","0","1","0","0","0","0","0","0","2","0","0","0","","","2","","0","","40 24:41.578","6","0","80 00:15.592","8","0","0","0","2301","0","0","0","N","0","0","0","2","02301","0","","5.0","","9","N","N","","0","","0","0","0","","0","Y","","1","2","0","0","0","2","0","2","0","1","","","","N","","","","","","","","","",""
"2010049111","","1","0","0","0","0","0","0","0","0","7","0","","02","5","2010","1","40.462523","-79.924359","","11","0","0","0","0","0","0","0","0","1","0","0","0","","","0","","0","","40 27:45.082","2","0","79 55:27.692","0","0","0","0","2301","0","0","0","N","0","0","0","1","02301","0","","5.0","","1","N","N","","0","","0","0","0","","0","N","","1","0","1","0","0","0","0","2","0","1","","","","N","","","","","","","","","",""
"2010049113","","2","0","0","0","0","0","0","0","0","4","0","","02","5","2010","7","40.363577","-79.843031","","11","0","0","0","0","0","1","0","0","1","0","0","0","","","0","","1","","40 21:48.876","1","0","79 50:34.910","0","0","0","0","2303","0","0","0","N","0","0","0","4","02303","0","","1.0","","9","N","N","","0","","0","0","0","","2","Y","","2","0","0","0","0","0","0","2","0","2","","","","N","","","","","","","","","",""
"2010049116","","1","0","0","0","0","0","0","0","0","4","0","","02","5","2010","1","40.22458","-79.858488","","11","1","1","0","0","0","0","0","0","1","0","0","0","","","0","","0","","40 13:28.488","6","0","79 51:30.556","0","0","0","0","2204","0","0","0","N","0","0","0","3","02204","0","","1.0","","1","N","N","","1","","0","0","0","","0","Y","","2","0","0","0","0","0","0","1","0","2","","","","N","","","","","","","","","",""
"2010049119","","2","0","0","0","0","0","0","0","0","4","0","35","02","5","2010","6","40.393238","-79.836958","","11","0","0","0","0","0","0","1","0","1","0","0","0","","","2","","0","","40 23:35.655","4","0","79 50:13.049","4","0","0","0","2425","0","0","0","N","0","0","0","2","02425","2","","1.0","","1","N","N","","0","","0","0","0","","0","N","","2","2","1","0","0","0","0","2","0","2","","","N","Y","2","1","","","N","Y","","","",""
"2010049121","","1","0","0","0","0","0","0","0","0","4","0","","02","5","2010","7","40.386496","-80.09233","","11","0","0","0","0","0","0","0","0","1","0","0","0","","","2","","0","","40 23:11.384","3","7","80 05:32.387","4","0","0","0","2117","0","0","0","N","0","0","0","2","02117","1","","1.0","","9","N","N","","0","","0","0","1","","2","N","","2","2","0","0","0","1","0","2","0","2","","","","N","","","","","","","","","",""
"2010049130","","1","0","0","0","0","0","0","0","0","7","0","","02","5","2010","1","40.549264","-79.758783","","11","0","0","0","0","0","0","0","0","","0","0","0","","","1","","2","","40 32:57.349","","0","79 45:31.620","3","0","0","0","2466","0","0","0","N","0","0","0","1","02466","0","","2.0","","1","N","N","","0","","1","0","0","","3","","","1","1","1","0","0","0","0","1","0","1","","","","N","","","","","","","","","",""
"2010049133","","2","0","0","0","0","0","0","0","0","2","0","","02","5","2010","7","40.405356","-79.937055","","11","0","0","0","0","0","1","0","0","","0","0","0","","","1","","2","","40 24:19.281","","0","79 56:13.398","4","0","0","0","2301","0","0","0","N","0","0","0","4","02301","1","","1.0","","1","N","N","","0","","0","0","0","","3","","","2","1","0","0","0","0","0","2","0","2","","","","N","","","","","","","","","",""
"2010049147","","1","0","0","0","0","0","0","0","0","4","0","","02","5","2010","7","40.584434","-79.950806","","11","0","0","0","0","0","1","1","0","1","0","0","0","","","0","","2","","40 35:03.962","5","0","79 57:02.900","0","0","0","0","2207","0","0","0","N","0","0","0","2","02207","0","","1.0","","9","N","N","","0","","0","0","1","","2","N","","2","0","0","0","0","0","0","2","0","2","","","","N","","","","","","","","","",""
"2010049154","","0","0","0","0","0","0","0","0","0","7","0","","02","5","2010","1","40.452222","-80.193445","","11","0","0","0","0","0","1","0","0","","0","0","0","","","1","","0","","40 27:07.999","","0","80 11:36.402","4","0","0","0","2214","0","0","0","N","0","0","0","1","02214","1","","2.0","","9","N","N","","1","","0","0","0","","0","","","1","1","0","0","0","0","0","2","0","1","","","","N","","","","","","","","","",""
"2010049163","","2","0","0","0","0","0","0","0","0","4","0","","02","5","2010","1","40.465489","-79.809322","","11","0","0","0","0","0","0","1","0","","0","0","0","","","0","","0","","40 27:55.760","","0","79 48:33.559","0","0","0","0","2113","0","0","0","N","0","0","0","3","02113","0","","1.0","","1","N","N","","0","","0","0","0","","0","","","2","0","0","0","0","0","0","2","0","2","","","","N","","","","","","","","","",""
"2010049179","","2","0","0","0","0","0","0","0","0","4","0","","02","5","2010","1","40.496072","-80.007819","","11","0","0","0","0","0","0","0","0","1","0","0","0","","","1","","1","","40 29:45.859","1","0","80 00:28.148","8","0","0","0","2301","0","0","0","N","0","0","0","2","02301","0","","1.0","","1","N","N","","0","","0","0","0","","3","N","","2","1","0","0","0","1","0","2","0","2","","","","N","","","","","","","","","",""
"2010049187","","1","0","0","0","0","0","0","0","0","7","0","","02","5","2010","7","40.649516","-79.7473","","11","0","0","0","0","0","0","0","0","","0","0","0","","","1","","0","","40 38:58.256","","0","79 44:50.281","4","0","0","0","2202","0","0","0","N","0","0","0","1","02202","1","","5.0","","9","N","N","","0","","0","0","0","","0","","","1","1","1","0","0","0","0","1","0","1","","","","N","","","","","","","","","",""
"2010049192","","2","0","0","0","0","0","0","0","0","4","0","","02","5","2010","7","40.382986","-79.857411","","11","0","1","0","0","0","0","0","0","","0","0","0","","","0","","1","","40 22:58.749","","0","79 51:26.678","0","0","0","0","2303","0","0","0","N","0","0","0","5","02303","0","","1.0","","1","N","N","","0","","0","0","0","","2","","","2","0","0","0","0","0","0","2","0","2","","","","N","","","","","","","","","",""
"2010049196","","2","0","0","0","0","0","0","0","0","4","0","","02","5","2010","1","40.489479","-79.819853","","11","1","0","0","0","0","0","0","0","1","0","0","0","","","2","","1","","40 29:22.124","2","0","79 49:11.470","8","0","0","0","2113","0","0","0","Y","0","0","0","9","02113","0","","1.0","","1","N","N","","0","","0","0","0","","3","Y","","2","2","0","0","0","2","0","2","0","2","","","","N","","","","","","","","","",""
"2010049201","","0","0","0","0","0","0","0","0","0","7","0","","02","5","2010","1","40.445358","-80.186513","","11","0","0","0","0","0","1","0","0","","0","0","0","","","2","","0","","40 26:43.290","","0","80 11:11.445","4","0","0","1","2214","0","0","0","N","0","0","0","2","02214","2","","1.0","","1","N","N","","0","","0","0","0","","0","","","1","2","0","0","0","0","0","2","0","1","","","","N","","","","","","","","","",""
"2010049207","","1","0","0","0","0","0","0","0","0","4","0","","02","5","2010","1","40.449706","-80.025099","","11","0","0","0","0","0","2","0","0","2","0","0","0","","","3","","1","","40 26:58.940","1","2","80 01:30.356","8","0","0","0","2301","0","0","0","N","0","0","0","4","02301","0","","1.0","","1","N","N","","0","","0","0","0","","2","Y","","2","3","0","0","0","3","0","2","1","2","","","","N","","","","","","","","","",""
"2010049209","","0","0","0","0","0","0","0","0","0","8","0","","02","5","2010","1","40.463121","-79.951855","","11","0","0","0","0","0","0","1","0","","0","0","0","","","1","","1","","40 27:47.235","","0","79 57:06.678","8","0","0","0","2301","1","0","0","N","1","0","0","2","02301","0","","1.0","","1","N","N","","1","","0","0","0","","2","","","2","1","0","0","0","1","0","2","0","1","","","","N","","","","","","","","","",""
"2010049215","","1","0","0","0","0","0","0","0","0","3","0","","02","5","2010","1","40.478751","-79.839215","","11","0","0","0","0","0","1","0","0","1","0","0","0","","","1","","0","","40 28:43.505","6","0","79 50:21.175","8","0","0","1","2113","0","0","0","N","0","0","0","2","02113","0","","1.0","","1","N","N","","0","","0","0","0","","0","N","","2","1","0","0","0","1","0","2","0","2","","","","N","","","","","","","","","",""
"2010049295","","1","0","0","0","0","0","0","0","0","8","0","","02","5","2010","1","40.414272","-79.994664","","11","0","0","0","0","0","0","0","0","3","1","0","0","","","0","","0","","40 24:51.380","6","0","79 59:40.790","1","0","0","0","2301","1","1","0","N","1","1","0","5","02301","0","2","1.0","","1","N","N","","0","0","0","0","0","","0","Y","","2","0","0","0","0","0","0","2","0","1","","","","N","","","","","","","","","",""
"2010049297","","2","0","0","0","0","0","0","0","0","4","0","","02","5","2010","7","40.3145","-79.896556","","11","0","0","0","0","0","0","0","0","","0","0","0","","","1","","0","","40 18:52.201","","1","79 53:47.601","4","0","0","0","2302","0","0","0","N","0","0","0","2","02302","1","","1.0","","1","N","N","","0","","0","0","0","","0","","","2","1","0","0","0","0","0","2","0","2","","","","N","","","","","","","","","",""
"2010049300","","1","0","0","0","0","0","0","0","0","1","0","","02","5","2010","1","40.288291","-79.956954","","11","0","0","1","0","0","0","0","0","","0","0","0","","","0","","0","","40 17:17.846","","0","79 57:25.034","0","0","0","0","2440","0","0","0","N","0","0","0","4","02440","0","","1.0","","1","N","N","","0","","0","0","1","","0","","","2","0","0","0","0","0","0","2","0","2","","","","N","","","","","","","","","",""
"2010049311","","2","0","0","0","0","0","0","0","0","1","0","","02","5","2010","1","40.426076","-80.018834","","11","0","0","0","0","0","0","0","1","","0","0","0","","","1","","2","","40 25:33.873","","0","80 01:07.803","4","0","0","0","2301","0","0","0","N","0","0","0","3","02301","1","","1.0","","1","N","N","","0","","0","0","0","","2","","","2","1","0","0","0","0","0","2","0","2","","","","N","","","","","","","","","",""
"2010049314","","2","0","0","0","0","0","0","0","0","4","0","","02","5","2010","1","40.408278","-80.085459","","11","0","0","0","0","0","0","0","0","2","0","0","0","","","0","","1","","40 24:29.800","1","0","80 05:07.652","0","0","0","0","2415","0","0","0","N","0","0","0","2","02415","0","","1.0","","1","N","N","","0","","0","0","0","","3","N","","2","0","0","0","0","0","0","2","0","2","","","","N","","","","","","","","","",""
"2010049326","","1","0","0","0","0","0","0","0","0","7","0","","02","5","2010","1","","","","11","0","0","0","0","0","0","0","0","","0","0","0","","","1","","0","","","","0","","4","0","0","0","2301","0","0","0","N","0","0","0","2","02301","1","","1.0","","1","N","N","","0","","0","0","0","","0","","","1","1","0","0","0","0","0","1","0","1","","","","N","","","","","","","","","",""
"2010049329","","2","0","0","0","0","0","0","0","0","4","0","","02","5","2010","2","40.462482","-79.927828","","11","0","0","0","0","0","1","0","0","","0","0","0","","","0","","1","","40 27:44.935","","0","79 55:40.180","0","0","0","0","2301","0","0","0","N","0","0","0","2","02301","0","","1.0","","1","N","N","","0","","0","0","0","","1","","","2","0","0","0","0","0","0","2","0","2","","","","N","","","","","","","","","",""
"2010049340","","1","0","0","0","0","0","0","0","0","7","0","","02","5","2010","1","40.437041","-80.210883","","11","0","0","0","0","0","0","0","0","","0","0","0","","","1","","2","","40 26:13.347","","2","80 12:39.177","4","0","0","0","2214","0","0","0","Y","0","0","0","1","02214","1","","2.0","","9","N","N","","0","","0","0","0","","0","","","1","1","0","0","0","0","0","2","0","1","","","","N","","","","","","","","","",""
"2010049434","","1","0","0","0","0","0","0","0","0","7","0","","02","5","2010","2","40.394681","-80.025339","","11","0","0","0","0","0","0","0","1","1","0","0","0","","","1","","0","","40 23:40.851","5","0","80 01:31.220","8","0","0","0","2301","0","0","0","N","0","0","0","1","02301","0","","4.0","","1","N","Y","","0","","0","0","0","","0","Y","","1","1","0","0","0","1","0","2","0","1","","","","N","","","","","","","","","",""
"2010049437","","1","0","0","0","0","0","0","0","0","7","0","","02","5","2010","7","40.200658","-79.912333","","11","0","0","0","0","0","0","0","0","2","0","0","0","","","1","","0","","40 12:02.367","6","0","79 54:44.397","4","0","0","0","2204","0","0","0","N","0","0","0","3","02204","1","","2.0","","1","N","N","","0","","0","0","0","","0","N","","1","1","3","0","0","0","0","1","0","1","","","","N","","","","","","","","","",""
"2010049447","","2","0","0","0","0","0","0","0","0","5","0","","02","5","2010","2","40.454368","-79.947669","","11","0","0","0","0","0","0","0","0","","0","0","0","","","0","","2","","40 27:15.726","","0","79 56:51.608","0","0","0","0","2301","0","0","0","N","0","0","0","2","02301","0","","1.0","","1","N","N","","0","","0","0","0","","2","","","2","0","1","0","0","0","0","2","0","2","","","","N","","","","","","","","","",""
"2010049451","","2","0","0","0","0","0","0","0","0","4","0","","02","5","2010","2","40.452021","-80.008666","","11","0","0","0","0","0","0","0","0","","0","0","0","","","0","","2","","40 27:07.277","","0","80 00:31.197","0","0","0","0","2301","0","0","0","N","0","0","0","2","02301","0","","1.0","","1","N","N","","0","","0","0","0","","3","","","2","0","0","0","0","0","0","2","0","2","","","","N","","","","","","","","","",""