"CRN","ARRIVAL_TM","AUTOMOBILE_COUNT","BELTED_DEATH_COUNT","BELTED_SUSP_SERIOUS_INJ_COUNT","BICYCLE_COUNT","BICYCLE_DEATH_COUNT","BICYCLE_SUSP_SERIOUS_INJ_COUNT","BUS_COUNT","CHLDPAS_DEATH_COUNT","CHLDPAS_SUSP_SERIOUS_INJ_COUNT","COLLISION_TYPE","COMM_VEH_COUNT","CONS_ZONE_SPD_LIM","COUNTY","CRASH_MONTH","CRASH_YEAR","DAY_OF_WEEK","DEC_LATITUDE","DEC_LONGITUDE","DISPATCH_TM","DISTRICT","DRIVER_COUNT_16YR","DRIVER_COUNT_17YR","DRIVER_COUNT_18YR","DRIVER_COUNT_19YR","DRIVER_COUNT_20YR","DRIVER_COUNT_50_64YR","DRIVER_COUNT_65_74YR","DRIVER_COUNT_75PLUS","EST_HRS_CLOSED","FATAL_COUNT","HEAVY_TRUCK_COUNT","HORSE_BUGGY_COUNT","HOUR_OF_DAY","ILLUMINATION","INJURY_COUNT","INTERSECTION_RELATED","INTERSECT_TYPE","LANE_CLOSED","LATITUDE","LN_CLOSE_DIR","LOCATION_TYPE","LONGITUDE","MAX_SEVERITY_LEVEL","MCYCLE_DEATH_COUNT","MCYCLE_SUSP_SERIOUS_INJ_COUNT","MOTORCYCLE_COUNT","MUNICIPALITY","NONMOTR_COUNT","NONMOTR_DEATH_COUNT","NONMOTR_SUSP_SERIOUS_INJ_COUNT","NTFY_HIWY_MAINT","PED_COUNT","PED_DEATH_COUNT","PED_SUSP_SERIOUS_INJ_COUNT","PERSON_COUNT","POLICE_AGCY","POSSIBLE_INJ_COUNT","RDWY_SURF_TYPE_CD","RELATION_TO_ROAD","ROADWAY_CLEARED","ROAD_CONDITION","SCH_BUS_IND","SCH_ZONE_IND","SECONDARY_CRASH","SMALL_TRUCK_COUNT","SPEC_JURIS_CD","SUSP_MINOR_INJ_COUNT","SUSP_SERIOUS_INJ_COUNT","SUV_COUNT","TCD_FUNC_CD","TCD_TYPE","TFC_DETOUR_IND","TIME_OF_DAY","TOTAL_UNITS","TOT_INJ_COUNT","UNBELTED_OCC_COUNT","UNB_DEATH_COUNT","UNB_SUSP_SERIOUS_INJ_COUNT","UNK_INJ_DEG_COUNT","UNK_INJ_PER_COUNT","URBAN_RURAL","VAN_COUNT","VEHICLE_COUNT","WEATHER1","WEATHER2","WORKERS_PRES","WORK_ZONE_IND","WORK_ZONE_LOC","WORK_ZONE_TYPE","WZ_CLOSE_DETOUR","WZ_FLAGGER","WZ_LAW_OFFCR_IND","WZ_LN_CLOSURE","WZ_MOVING","WZ_OTHER","WZ_SHLDER_MDN","WZ_WORKERS_INJ_KILLED"
"2010052753","","1","0","0","0","0","0","0","0","0","2","0","","02","6","2010","5","40.441021","-79.98601","","11","0","0","0","0","0","0","1","0","","0","0","0","","","0","","2","","40 26:27.675","","7","79 59:09.636","0","0","0","0","2301","0","0","0","N","0","0","0","3","02301","0","","4.0","","1","N","N","","0","","0","0","0","","0","","","2","0","0","0","0","0","0","2","1","2","","","","N","","","","","","","","","",""
"2010052837","","4","0","0","0","0","0","0","0","0","5","0","","02","3","2010","4","40.434601","-79.988169","","11","0","0","0","0","0","0","0","0","","0","0","0","","","1","","0","","40 26:04.562","","0","79 59:17.407","4","0","0","0","2301","0","0","0","N","0","0","0","4","68B03","1","","1.0","","1","N","N","","0","","0","0","0","","0","","","4","1","0","0","0","0","0","2","0","4","","","","N","","","","","","","","","",""
"2010052838","","3","0","0","0","0","0","0","0","0","1","0","","02","5","2010","6","40.436506","-80.14814","","11","0","0","0","0","0","0","0","0","","0","0","0","","","0","","0","","40 26:11.422","","0","80 08:53.303","0","0","0","0","2115","0","0","0","N","0","0","0","5","68B03","0","","1.0","","1","N","N","","0","","0","0","0","","0","","","4","0","0","0","0","0","0","2","1","4","","","","N","","","","","","","","","",""
"2010052948","","1","0","0","0","0","0","0","0","0","7","0","55","02","5","2010","2","40.640448","-79.997949","","11","0","0","0","0","0","1","0","0","2","0","0","0","","","1","","0","","40 38:25.612","3","0","79 59:52.616","4","0","0","0","2216","0","0","0","N","0","0","0","1","68T02","1","","2.0","","9","N","N","","0","","0","0","0","","0","N","","1","1","0","0","0","0","0","1","0","1","","","N","Y","4","1","N","N","N","N","N","N","Y",""
"2010052968","","1","0","0","0","0","0","0","0","0","1","0","","02","6","2010","5","40.344826","-79.961099","","11","0","0","0","0","0","2","0","0","1","0","0","0","","","0","","1","","40 20:41.374","3","0","79 57:39.956","0","0","0","0","2473","0","0","0","N","0","0","0","4","02473","0","","1.0","","1","Y","N","","0","","0","0","1","","7","N","","3","0","0","0","0","0","0","2","1","3","","","","N","","","","","","","","","",""
"2010052971","","0","0","0","1","1","0","0","0","0","8","0","","02","5","2010","5","40.546315","-79.905845","","11","0","1","0","0","0","0","0","0","","1","0","0","","","0","","0","","40 32:46.734","","0","79 54:21.042","1","0","0","0","2209","1","1","0","N","0","0","0","2","02501","0","2","2.0","","1","N","N","","1","0","0","0","0","","0","","","2","0","0","0","0","0","0","2","0","1","","","","N","","","","","","","","","",""
"2010052982","","1","0","0","0","0","0","0","0","0","2","0","","02","5","2010","6","40.46636","-80.155596","","11","0","1","0","0","0","1","0","0","2","0","0","0","","","2","","0","","40 27:58.895","6","0","80 09:20.145","3","0","0","0","2115","0","0","0","N","0","0","0","3","02115","0","","1.0","","9","N","N","","0","","2","0","1","","0","N","","2","2","0","0","0","0","0","2","0","2","","","","N","","","","","","","","","",""
"2010052986","","2","0","0","0","0","0","0","0","0","4","0","","02","5","2010","1","40.302699","-80.070786","","11","0","0","0","0","0","1","0","0","2","0","0","0","","","1","","0","","40 18:09.718","6","0","80 04:14.830","4","0","0","0","2407","0","0","0","N","0","0","0","1","02407","1","","1.0","","1","N","N","","0","","0","0","0","","0","Y","","2","1","0","0","0","0","0","2","0","2","","","","N","","","","","","","","","",""
"2010053019","","2","0","0","0","0","0","0","0","0","1","0","","02","6","2010","4","40.429378","-79.956524","","11","0","0","0","0","0","0","0","0","","0","0","0","","","0","","7","","40 25:45.760","","2","79 57:23.485","0","0","0","0","2301","0","0","0","N","0","0","0","2","68B03","0","","1.0","","1","N","N","","0","","0","0","0","","0","","","2","0","0","0","0","0","0","2","0","2","","","","N","","","","","","","","","",""
"2010053062","","3","0","0","0","0","0","0","0","0","1","0","55","02","5","2010","2","40.640456","-79.998042","","11","0","0","0","0","1","0","0","0","2","0","0","0","","","2","","0","","40 38:25.643","3","0","79 59:52.951","4","0","0","0","2216","0","0","0","N","0","0","0","16","68T02","2","","1.0","","9","N","N","","0","","0","0","3","","0","N","","6","2","0","0","0","0","0","1","0","6","","","N","Y","4","1","N","N","N","N","N","N","Y",""
"2010053065","","1","0","0","0","0","0","0","0","0","8","0","","02","6","2010","4","40.509389","-80.091865","","11","0","1","0","0","0","0","0","0","","0","0","0","","","1","","1","","40 30:33.799","","0","80 05:30.714","3","0","0","0","2429","1","0","0","N","1","0","0","2","02215","0","","1.0","","9","N","N","","0","","1","0","0","","2","","","2","1","0","0","0","0","0","2","0","1","","","","N","","","","","","","","","",""
"2010053067","","1","0","0","0","0","0","0","0","0","4","0","","02","6","2010","5","40.482679","-80.048165","","11","0","0","0","0","0","0","0","0","2","0","0","0","","","5","","0","","40 28:57.646","1","0","80 02:53.395","4","0","0","0","2404","0","0","0","N","0","0","0","6","02404","5","","1.0","","1","N","N","","1","","0","0","0","","0","Y","","2","5","3","0","0","0","0","2","0","2","","","","N","","","","","","","","","",""
"2010053069","","0","0","0","0","0","0","0","0","0","4","0","","02","6","2010","5","40.396242","-79.998126","","11","0","0","0","0","0","0","0","0","","0","0","0","","","0","","1","","40 23:46.470","","0","79 59:53.254","0","0","0","0","2301","0","0","0","N","0","0","0","2","02301","0","","1.0","","1","N","N","","0","","0","0","1","","2","","","2","0","0","0","0","0","0","2","1","2","","","","N","","","","","","","","","",""
"2010053070","","1","0","0","0","0","0","0","0","0","7","0","","02","6","2010","4","40.374842","-80.094736","","11","0","0","0","0","0","0","0","0","1","0","0","0","","","1","","3","","40 22:29.431","4","0","80 05:41.049","4","0","0","0","2117","0","0","0","N","0","0","0","1","02117","1","","2.0","","9","N","N","","0","","0","0","0","","0","N","","1","1","0","0","0","0","0","2","0","1","","","","N","","","","","","","","","",""
"2010053072","","1","0","0","0","0","0","0","0","0","7","0","","02","6","2010","5","40.458587","-79.875184","","11","0","0","0","0","0","1","0","0","2","0","0","0","","","1","","2","","40 27:30.913","4","0","79 52:30.663","4","0","0","0","2301","0","0","0","N","0","0","0","1","02301","1","","5.0","","1","N","N","","0","","0","0","0","","0","N","","1","1","0","0","0","0","0","2","0","1","","","","N","","","","","","","","","",""
"2010053075","","2","0","0","0","0","0","0","0","0","4","0","","02","6","2010","3","40.402012","-80.000594","","11","0","0","0","0","0","0","0","0","1","0","0","0","","","0","","1","","40 24:07.244","2","0","80 00:02.139","0","0","0","0","2301","0","0","0","N","0","0","0","5","02301","0","","1.0","","1","N","N","","0","","0","0","0","","2","N","","2","0","0","0","0","0","0","2","0","2","","","","N","","","","","","","","","",""
"2010053081","","0","0","0","0","0","0","0","0","0","7","0","","02","5","2010","2","40.398549","-80.134016","","11","0","0","0","0","0","1","0","0","","0","0","0","","","0","","0","","40 23:54.775","","0","80 08:02.457","0","0","0","0","2102","0","0","0","Y","0","0","0","1","02102","0","","5.0","","1","N","N","","0","","0","0","1","","0","","","1","0","0","0","0","0","0","2","0","1","","","","N","","","","","","","","","",""
"2010053086","","2","0","0","0","0","0","0","0","0","6","0","","02","6","2010","5","40.430576","-79.920648","","11","0","1","1","0","0","0","0","0","","0","0","0","","","0","","0","","40 25:50.073","","0","79 55:14.332","0","0","0","0","2301","0","0","0","N","0","0","0","2","02301","0","","1.0","","1","N","N","","0","","0","0","0","","0","","","2","0","0","0","0","0","0","2","0","2","","","","N","","","","","","","","","",""
"2010053091","","1","0","0","0","0","0","0","0","0","1","0","","02","6","2010","5","40.614873","-80.096978","","11","0","0","0","0","1","0","0","0","","0","0","0","","","0","","1","","40 36:53.541","","0","80 05:49.119","0","0","0","0","2481","0","0","0","N","0","0","0","3","02481","0","","1.0","","1","N","N","","0","","0","0","1","","2","","","3","0","0","0","0","0","0","2","0","3","","","","N","","","","","","","","","",""
"2010053095","","2","0","0","0","0","0","0","0","0","1","0","","02","6","2010","5","40.393683","-79.790559","","11","0","0","1","0","0","0","0","0","","0","0","0","","","0","","0","","40 23:37.258","","0","79 47:26.012","0","0","0","0","2470","0","0","0","N","0","0","0","5","02424","0","","1.0","","1","N","N","","0","","0","0","0","","0","","","2","0","0","0","0","0","0","2","0","2","","","","N","","","","","","","","","",""
"2010053106","","0","0","0","0","0","0","0","0","0","99","0","","02","6","2010","6","40.38148","-79.912001","","11","0","0","0","0","0","1","0","0","2","0","0","0","","","1","","0","","40 22:53.328","5","0","79 54:43.203","8","0","0","1","2448","0","0","0","N","0","0","0","1","02448","0","","1.0","","1","N","N","","0","","0","0","0","","0","Y","","1","1","0","0","0","1","0","2","0","1","","","","N","","","","","","","","","",""
"2010053116","","1","0","0","0","0","0","0","0","0","7","0","35","02","6","2010","6","40.494414","-79.942547","","11","0","0","0","0","0","0","0","0","1","0","0","0","","","0","","6","","40 29:39.889","2","2","79 56:33.170","0","0","0","0","2430","0","0","0","N","0","0","0","2","02430","0","","2.0","","1","N","N","","0","","0","0","0","","3","N","","1","0","0","0","0","0","0","2","0","1","","","N","Y","3","1","","","N","Y","","","",""
"2010053194","","1","0","0","0","0","0","0","0","0","5","0","","02","6","2010","3","40.435547","-79.748894","","11","0","0","0","0","0","1","1","0","","0","0","0","","","0","","0","","40 26:07.969","","0","79 44:56.019","0","0","0","0","2446","0","0","0","N","0","0","0","2","68T09","0","","1.0","","1","N","N","","1","","0","0","0","","0","","","2","0","0","0","0","0","0","2","0","2","","","","N","","","","","","","","","",""
"2010053195","","1","0","0","0","0","0","1","0","0","1","1","","02","6","2010","5","40.416936","-80.014558","","11","0","0","0","0","0","0","0","0","1","0","0","0","","","1","","2","","40 25:00.970","2","0","80 00:52.409","3","0","0","0","2301","0","0","0","Y","0","0","0","3","02301","0","","1.0","","1","Y","N","","0","","1","0","1","","2","N","","3","1","0","0","0","0","0","2","0","3","","","","N","","","","","","","","","",""
"2010053201","","2","0","0","0","0","0","0","0","0","6","0","","02","6","2010","6","40.416044","-79.924326","","11","0","0","0","0","0","0","0","0","","0","0","0","","","1","","0","","40 24:57.759","","0","79 55:27.574","4","0","0","0","2301","1","0","0","N","1","0","0","3","02301","1","","1.0","","1","N","N","","0","","0","0","0","","0","","","3","1","0","0","0","0","0","2","0","2","","","","N","","","","","","","","","",""
"2010053207","","0","0","0","0","0","0","0","0","0","7","0","","02","6","2010","6","40.400106","-79.997967","","11","0","0","0","0","0","0","0","0","1","0","0","0","","","1","","0","","40 24:00.381","5","0","79 59:52.681","4","0","0","0","2301","0","0","0","N","0","0","0","3","02301","1","","2.0","","1","N","N","","0","","0","0","1","","0","N","","1","1","0","0","0","0","0","2","0","1","","","","N","","","","","","","","","",""
"2010053214","","0","0","0","0","0","0","0","0","0","4","0","","02","6","2010","6","40.410061","-80.080742","","11","0","0","0","0","0","0","0","0","2","0","0","0","","","1","","1","","40 24:36.218","4","0","80 04:50.671","4","0","0","0","2415","0","0","0","N","0","0","0","2","02415","1","","1.0","","1","N","N","","2","","0","0","0","","3","Y","","2","1","0","0","0","0","0","2","0","2","","","","N","","","","","","","","","",""
"2010053216","","0","0","0","0","0","0","0","0","0","1","0","","02","6","2010","6","40.425799","-80.019809","","11","0","0","0","0","0","0","0","0","2","0","0","0","","","1","","10","","40 25:32.876","1","0","80 01:11.311","8","0","0","0","2301","0","0","0","N","0","0","0","3","02301","0","","1.0","","1","N","N","","0","","0","0","1","","0","N","","2","1","0","0","0","1","0","2","1","2","","","","N","","","","","","","","","",""
"2010053229","","3","0","0","0","0","0","0","0","0","1","0","","02","6","2010","4","40.328125","-80.073504","","11","0","0","0","0","0","0","2","1","","0","0","0","","","1","","0","","40 19:41.249","","0","80 04:24.614","8","0","0","0","2123","0","0","0","N","0","0","0","5","02123","0","","1.0","","1","N","N","","0","","0","0","0","","0","","","3","1","0","0","0","1","0","2","0","3","","","","N","","","","","","","","","",""
"2010053230","","0","0","0","0","0","0","0","0","0","0","0","","02","6","2010","6","40.446408","-79.716788","","11","0","0","0","0","0","0","0","0","","0","0","0","","","4","","0","","40 26:47.068","","0","79 43:00.436","3","0","0","0","2446","0","0","0","N","0","0","0","4","02446","3","","4.0","","1","N","N","","0","","1","0","1","","0","","","1","4","0","0","0","0","0","2","0","1","","","","N","","","","","","","","","",""
"2010053235","","2","0","0","0","0","0","0","0","0","4","0","","02","6","2010","6","40.454125","-79.906268","","11","0","0","0","0","0","1","0","0","","0","0","0","","","2","","1","","40 27:14.851","","0","79 54:22.563","8","0","0","0","2301","0","0","0","N","0","0","0","3","02301","0","","1.0","","1","N","N","","0","","0","0","0","","3","","","2","2","0","0","0","2","0","2","0","2","","","","N","","","","","","","","","",""
"2010053236","","2","0","0","0","0","0","0","0","0","4","0","","02","6","2010","6","40.428418","-79.974635","","11","0","0","0","0","0","0","0","0","","0","0","0","","","0","","1","","40 25:42.304","","0","79 58:28.685","0","0","0","0","2301","0","0","0","N","0","0","0","3","02301","0","","1.0","","1","N","N","","0","","0","0","0","","2","","","2","0","0","0","0","0","0","2","0","2","","","","N","","","","","","","","","",""
"2010053238","","2","0","0","0","0","0","0","0","0","4","0","","02","6","2010","6","40.488328","-79.925522","","11","0","0","0","0","0","1","0","1","","0","0","0","","","0","","2","","40 29:17.980","","0","79 55:31.879","0","0","0","0","2301","0","0","0","N","0","0","0","3","02301","0","","1.0","","1","N","N","","0","","0","0","0","","3","","","2","0","0","0","0","0","0","2","0","2","","","","N","","","","","","","","","",""
"2010053242","","1","0","0","0","0","0","0","0","0","4","1","","02","6","2010","6","40.447708","-79.938872","","11","0","0","0","0","0","0","0","1","","0","1","0","","","1","","2","","40 26:51.748","","0","79 56:19.939","3","0","0","0","2301","0","0","0","N","0","0","0","2","02301","0","","1.0","","1","N","N","","0","","1","0","0","","2","","","2","1","0","0","0","0","0","2","0","2","","","","N","","","","","","","","","",""
"2010053248","","1","0","1","0","0","0","0","0","0","1","0","","02","6","2010","5","40.298545","-79.875462","","11","0","0","0","0","0","0","0","0","","0","0","0","","","1","","1","","40 17:54.763","","0","79 52:31.663","2","0","0","0","2302","0","0","0","N","0","0","0","2","02302","0","","1.0","","1","N","N","","0","","0","1","0","","2","","","2","1","0","0","0","0","0","2","1","2","","","","N","","","","","","","","","",""
"2010053249","","1","0","0","0","0","0","0","0","0","1","0","","02","6","2010","6","40.459151","-79.909963","","11","1","0","0","0","0","0","1","0","","0","0","0","","","0","","2","","40 27:32.943","","0","79 54:35.866","0","0","0","0","2301","0","0","0","N","0","0","0","5","02301","0","","1.0","","1","N","N","","0","","0","0","1","","3","","","2","0","1","0","0","0","0","2","0","2","","","","N","","","","","","","","","",""
"2010053252","","0","0","0","0","0","0","0","0","0","7","0","","02","6","2010","6","40.429383","-79.957206","","11","0","0","0","0","0","1","0","0","1","0","0","0","","","2","","0","","40 25:45.778","3","3","79 57:25.942","4","0","0","1","2301","0","0","0","N","0","0","0","2","02301","2","","1.0","","1","N","N","","0","","0","0","0","","0","N","","1","2","0","0","0","0","0","2","0","1","","","","N","","","","","","","","","",""
"2010053255","","2","0","0","0","0","0","0","0","0","1","0","","02","6","2010","6","40.354485","-80.050113","","11","0","0","0","0","0","0","1","0","1","0","0","0","","","0","","0","","40 21:16.146","1","7","80 03:00.408","0","0","0","0","2109","0","0","0","N","0","0","0","4","02109","0","","1.0","","1","N","N","","0","","0","0","0","","0","N","","2","0","1","0","0","0","0","2","0","2","","","","N","","","","","","","","","",""
"2010053256","","0","0","0","0","0","0","0","0","0","7","0","","02","6","2010","6","40.456187","-79.999944","","11","0","0","1","0","0","0","0","0","","0","0","0","","","1","","1","","40 27:22.273","","0","79 59:59.798","4","0","0","0","2301","0","0","0","N","0","0","0","1","02301","1","","5.0","","1","N","N","","1","","0","0","0","","3","","","1","1","1","0","0","0","0","2","0","1","","","","N","","","","","","","","","",""
"2010053257","","1","0","0","0","0","0","0","0","0","7","0","","02","6","2010","6","40.461128","-79.812537","","11","0","0","0","0","0","0","0","1","1","0","0","0","","","1","","0","","40 27:40.060","3","0","79 48:45.133","4","0","0","0","2113","0","0","0","N","0","0","0","1","02113","1","","2.0","","1","N","N","","0","","0","0","0","","0","N","","1","1","0","0","0","0","0","2","0","1","","","","N","","","","","","","","","",""
"2010053271","","2","0","0","0","0","0","0","0","0","4","0","","02","6","2010","6","40.532594","-79.958414","","11","0","0","0","0","0","0","1","0","1","0","0","0","","","0","","2","","40 31:57.337","1","0","79 57:30.290","0","0","0","0","2118","0","0","0","N","0","0","0","2","02118","0","","1.0","","1","N","N","","0","","0","0","0","","2","N","","2","0","0","0","0","0","0","2","0","2","","","","N","","","","","","","","","",""
"2010053275","","3","0","0","0","0","0","0","0","0","1","0","","02","5","2010","7","40.424146","-80.043428","","11","0","0","0","0","0","1","0","0","2","0","0","0","","","3","","1","","40 25:26.926","1","0","80 02:36.342","3","0","0","0","2435","0","0","0","Y","0","0","0","5","02435","0","","1.0","","1","N","N","","0","","3","0","0","","2","N","","3","3","0","0","0","0","0","2","0","3","","","","N","","","","","","","","","",""
"2010053276","","2","0","0","0","0","0","0","0","0","1","0","","02","6","2010","5","40.447264","-80.010273","","11","0","0","0","0","0","0","0","0","2","0","0","0","","","0","","0","","40 26:50.151","3","0","80 00:36.984","9","0","0","0","2301","0","0","0","N","0","0","0","2","02301","0","","1.0","","1","N","N","","0","","0","0","0","","0","N","","2","0","0","0","0","0","1","2","0","2","","","","N","","","","","","","","","",""
"2010053277","","0","0","0","0","0","0","0","0","0","4","0","","02","6","2010","6","40.462126","-79.926858","","11","0","0","0","0","0","0","0","1","1","0","0","0","","","0","","1","","40 27:43.653","7","0","79 55:36.688","0","0","0","0","2301","0","0","0","N","0","0","0","4","02301","0","","1.0","","1","N","N","","0","","0","0","1","","3","Y","","2","0","0","0","0","0","0","2","1","2","","","","N","","","","","","","","","",""
"2010053278","","1","0","0","0","0","0","0","0","0","1","0","","02","6","2010","6","40.438202","-79.830514","","11","0","0","0","0","1","0","0","0","","0","0","0","","","1","","1","","40 26:17.528","","0","79 49:49.850","8","0","0","0","2419","0","0","0","N","0","0","0","2","02419","0","","1.0","","1","N","N","","0","","0","0","0","","2","","","2","1","0","0","0","1","0","2","1","2","","","","N","","","","","","","","","",""
"2010053290","","1","0","0","0","0","0","0","0","0","7","0","","02","6","2010","6","40.416535","-80.220424","","11","0","0","0","0","0","0","1","0","","0","0","0","","","0","","1","","40 24:59.526","","0","80 13:13.526","0","0","0","0","2214","0","0","0","N","0","0","0","1","02214","0","","2.0","","1","N","N","","0","","0","0","0","","3","","","2","0","0","0","0","0","0","2","0","1","","","","N","","","","","","","","","",""
"2010053291","","2","0","0","0","0","0","0","0","0","4","0","","02","6","2010","6","40.400846","-80.023007","","11","0","0","0","0","0","0","1","0","1","0","0","0","","","1","","0","","40 24:03.045","2","0","80 01:22.826","4","0","0","0","2301","0","0","0","N","0","0","0","3","02301","1","","1.0","","1","N","N","","0","","0","0","0","","0","N","","2","1","0","0","0","0","0","2","0","2","","","","N","","","","","","","","","",""
"2010053292","","1","0","0","0","0","0","0","0","0","7","0","","02","6","2010","6","40.436887","-79.852014","","11","0","0","0","0","1","0","0","0","1","0","0","0","","","0","","2","","40 26:12.793","4","0","79 51:07.250","0","0","0","0","2419","0","0","0","N","0","0","0","2","02419","0","","4.0","","1","N","N","","0","","0","0","0","","3","N","","2","0","0","0","0","0","0","2","1","2","","","","N","","","","","","","","","",""
"2010053295","","0","0","0","0","0","0","0","0","0","4","0","","02","6","2010","5","40.458104","-79.875912","","11","0","0","0","0","0","0","0","0","","0","0","0","","","1","","2","","40 27:29.175","","7","79 52:33.283","3","0","0","0","2301","0","0","0","N","0","0","0","2","02301","0","","1.0","","1","N","N","","0","","1","0","2","","0","","","2","1","0","0","0","0","0","2","0","2","","","","N","","","","","","","","","",""
"2010053310","","1","0","0","0","0","0","0","0","0","4","0","","02","5","2010","2","40.451869","-80.161038","","11","0","0","1","0","0","0","1","0","","0","0","0","","","1","","1","","40 27:06.729","","0","80 09:39.738","4","0","0","0","2115","0","0","0","N","0","0","0","5","02115","1","","1.0","","1","N","N","","1","","0","0","0","","2","","","2","1","0","0","0","0","0","2","0","2","","","","N","","","","","","","","","",""
"2010053311","","0","0","0","0","0","0","0","0","0","0","0","","02","5","2010","2","40.449197","-80.115822","","11","0","0","0","0","0","0","0","0","1","0","0","0","","","1","","0","","40 26:57.110","6","0","80 06:56.960","3","0","0","1","2115","0","0","0","N","0","0","0","1","02115","0","","2.0","","1","N","N","","0","","1","0","0","","0","N","","1","1","0","0","0","0","0","2","0","1","","","","N","","","","","","","","","",""
"2010053343","","1","0","0","0","0","0","0","0","0","4","0","","02","6","2010","6","40.393221","-79.80869","","11","0","0","0","0","0","2","0","0","","0","0","0","","","0","","2","","40 23:35.597","","0","79 48:31.284","0","0","0","0","2111","0","0","0","N","0","0","0","4","02111","0","","1.0","","1","N","N","","1","","0","0","0","","3","","","2","0","2","0","0","0","0","2","0","2","","","","N","","","","","","","","","",""
"2010053376","","1","0","0","0","0","0","0","0","0","7","0","","02","5","2010","6","40.451285","-79.995172","","11","0","0","0","0","0","0","0","0","1","0","0","0","","","1","","6","","40 27:04.627","2","8","79 59:42.618","2","0","0","0","2301","0","0","0","Y","0","0","0","2","68B03","0","","4.0","","1","N","N","","0","","0","1","0","","8","N","","1","1","2","0","1","0","0","2","0","1","","","","N","","","","","","","","","",""
"2010053413","","1","0","0","0","0","0","0","0","0","7","0","","02","6","2010","6","40.435825","-79.946742","","11","0","0","0","0","0","0","0","0","","0","0","0","","","0","","0","","40 26:08.970","","0","79 56:48.270","0","0","0","0","2301","0","0","0","N","0","0","0","1","02301","0","","2.0","","9","N","N","","0","","0","0","0","","0","","","1","0","0","0","0","0","0","2","0","1","","","","N","","","","","","","","","",""
"2010053414","","1","0","0","0","0","0","0","0","0","1","0","","02","6","2010","6","40.408327","-80.004631","","11","0","0","0","0","0","0","0","0","2","0","0","0","","","0","","0","","40 24:29.978","3","0","80 00:16.670","0","0","0","0","2301","0","0","0","N","0","0","0","2","02301","0","","1.0","","9","N","N","","0","","0","0","1","","0","N","","2","0","0","0","0","0","0","2","0","2","","","","N","","","","","","","","","",""
"2010053417","","1","0","0","0","0","0","0","0","0","1","0","","02","6","2010","3","40.45151","-79.901701","","11","0","0","0","0","0","0","0","0","1","0","0","0","","","0","","0","","40 27:05.436","4","0","79 54:06.123","0","0","0","0","2301","0","0","0","N","0","0","0","1","02301","0","","2.0","","1","N","N","","0","","0","0","1","","0","N","","2","0","0","0","0","0","0","2","0","2","","","","N","","","","","","","","","",""
"2010053419","","1","0","0","0","0","0","0","0","0","7","0","","02","6","2010","5","40.392664","-79.808631","","11","0","0","0","0","0","0","0","1","","0","0","0","","","1","","0","","40 23:33.590","","0","79 48:31.070","4","0","0","0","2479","0","0","0","N","0","0","0","1","02111","1","","5.0","","1","N","N","","0","","0","0","0","","0","","","1","1","0","0","0","0","0","2","0","1","","","","N","","","","","","","","","",""
"2010053420","","1","0","0","0","0","0","0","0","0","1","0","","02","6","2010","6","40.532646","-79.958588","","11","0","1","0","0","0","0","1","0","1","0","0","0","","","0","","2","","40 31:57.524","2","0","79 57:30.916","0","0","0","0","2118","0","0","0","N","0","0","0","3","02118","0","","1.0","","1","N","N","","0","","0","0","1","","2","N","","2","0","0","0","0","0","0","2","0","2","","","","N","","","","","","","","","",""
"2010053421","","2","0","0","0","0","0","0","0","0","1","0","90","02","6","2010","6","40.537863","-79.834786","","11","0","0","0","0","0","1","0","1","2","0","0","0","","","1","","0","","40 32:16.305","2","0","79 50:05.228","4","0","0","0","2208","0","0","0","N","0","0","0","2","02208","1","","1.0","","1","N","N","","0","","0","0","0","","0","N","","2","1","2","0","0","0","0","2","0","2","","","Y","Y","8","1","","","N","","","Y","",""
"2010053423","","0","0","0","0","0","0","0","0","0","7","0","","02","6","2010","6","40.45156","-79.843859","","11","0","0","0","0","0","1","0","0","","0","0","0","","","2","","0","","40 27:05.615","","0","79 50:37.893","4","0","0","0","2419","0","0","0","N","0","0","0","2","02419","2","","2.0","","1","N","N","","1","","0","0","0","","0","","","1","2","2","0","0","0","0","2","0","1","","","","N","","","","","","","","","",""
"2010053426","","1","0","0","0","0","0","0","0","0","7","0","","02","6","2010","5","40.55234","-80.118513","","11","0","0","0","0","0","0","0","0","2","0","0","0","","","0","","7","","40 33:08.425","3","2","80 07:06.646","0","0","0","0","2460","0","0","0","N","0","0","0","1","02215","0","","7.0","","1","N","N","","0","","0","0","0","","0","N","","1","0","0","0","0","0","0","2","0","1","","","","N","","","","","","","","","",""
"2010053428","","2","0","0","0","0","0","0","0","0","4","0","","02","5","2010","4","40.595676","-79.76808","","11","0","0","0","0","0","0","0","0","","0","0","0","","","0","","0","","40 35:44.433","","0","79 46:05.087","0","0","0","0","2104","0","0","0","N","0","0","0","2","02104","0","","4.0","","1","N","N","","0","","0","0","1","","0","","","3","0","2","0","0","0","0","2","0","3","","","","N","","","","","","","","","",""
"2010053430","","1","0","0","0","0","0","0","0","0","7","0","","02","6","2010","6","40.44775","-80.180508","","11","0","0","0","0","0","0","0","0","","0","0","0","","","2","","0","","40 26:51.899","","0","80 10:49.830","4","0","0","0","2214","0","0","0","N","0","0","0","2","02214","2","","4.0","","9","N","N","","0","","0","0","0","","2","","","1","2","0","0","0","0","0","2","0","1","","","","N","","","","","","","","","",""