"CRN","ARRIVAL_TM","AUTOMOBILE_COUNT","BELTED_DEATH_COUNT","BELTED_SUSP_SERIOUS_INJ_COUNT","BICYCLE_COUNT","BICYCLE_DEATH_COUNT","BICYCLE_SUSP_SERIOUS_INJ_COUNT","BUS_COUNT","CHLDPAS_DEATH_COUNT","CHLDPAS_SUSP_SERIOUS_INJ_COUNT","COLLISION_TYPE","COMM_VEH_COUNT","CONS_ZONE_SPD_LIM","COUNTY","CRASH_MONTH","CRASH_YEAR","DAY_OF_WEEK","DEC_LATITUDE","DEC_LONGITUDE","DISPATCH_TM","DISTRICT","DRIVER_COUNT_16YR","DRIVER_COUNT_17YR","DRIVER_COUNT_18YR","DRIVER_COUNT_19YR","DRIVER_COUNT_20YR","DRIVER_COUNT_50_64YR","DRIVER_COUNT_65_74YR","DRIVER_COUNT_75PLUS","EST_HRS_CLOSED","FATAL_COUNT","HEAVY_TRUCK_COUNT","HORSE_BUGGY_COUNT","HOUR_OF_DAY","ILLUMINATION","INJURY_COUNT","INTERSECTION_RELATED","INTERSECT_TYPE","LANE_CLOSED","LATITUDE","LN_CLOSE_DIR","LOCATION_TYPE","LONGITUDE","MAX_SEVERITY_LEVEL","MCYCLE_DEATH_COUNT","MCYCLE_SUSP_SERIOUS_INJ_COUNT","MOTORCYCLE_COUNT","MUNICIPALITY","NONMOTR_COUNT","NONMOTR_DEATH_COUNT","NONMOTR_SUSP_SERIOUS_INJ_COUNT","NTFY_HIWY_MAINT","PED_COUNT","PED_DEATH_COUNT","PED_SUSP_SERIOUS_INJ_COUNT","PERSON_COUNT","POLICE_AGCY","POSSIBLE_INJ_COUNT","RDWY_SURF_TYPE_CD","RELATION_TO_ROAD","ROADWAY_CLEARED","ROAD_CONDITION","SCH_BUS_IND","SCH_ZONE_IND","SECONDARY_CRASH","SMALL_TRUCK_COUNT","SPEC_JURIS_CD","SUSP_MINOR_INJ_COUNT","SUSP_SERIOUS_INJ_COUNT","SUV_COUNT","TCD_FUNC_CD","TCD_TYPE","TFC_DETOUR_IND","TIME_OF_DAY","TOTAL_UNITS","TOT_INJ_COUNT","UNBELTED_OCC_COUNT","UNB_DEATH_COUNT","UNB_SUSP_SERIOUS_INJ_COUNT","UNK_INJ_DEG_COUNT","UNK_INJ_PER_COUNT","URBAN_RURAL","VAN_COUNT","VEHICLE_COUNT","WEATHER1","WEATHER2","WORKERS_PRES","WORK_ZONE_IND","WORK_ZONE_LOC","WORK_ZONE_TYPE","WZ_CLOSE_DETOUR","WZ_FLAGGER","WZ_LAW_OFFCR_IND","WZ_LN_CLOSURE","WZ_MOVING","WZ_OTHER","WZ_SHLDER_MDN","WZ_WORKERS_INJ_KILLED"
"2010055383","","2","0","0","0","0","0","0","0","0","2","0","","02","6","2010","6","40.336203","-79.836068","","11","0","0","0","0","0","0","0","0","","0","0","0","","","0","","0","","40 20:10.330","","0","79 50:09.844","0","0","0","0","2304","0","0","0","N","0","0","0","1","02304","0","","1.0","","1","N","N","","0","","0","0","0","","0","","","2","0","1","0","0","0","0","2","0","2","","","","N","","","","","","","","","",""
"2010055395","","2","0","0","0","0","0","0","0","0","1","0","","02","6","2010","1","40.411512","-80.075938","","11","0","0","0","0","0","0","0","0","2","0","0","0","","","2","","0","","40 24:41.444","3","2","80 04:33.375","3","0","0","0","2117","0","0","0","N","0","0","0","4","68B03","0","","1.0","","1","N","N","","0","","2","0","1","","4","N","","3","2","0","0","0","0","0","2","0","3","","","","N","","","","","","","","","",""
"2010055555","","3","0","0","0","0","0","0","0","0","1","0","","02","5","2010","2","40.611944","-80.054191","","11","0","0","1","0","0","1","0","0","","0","0","0","","","1","","0","","40 36:43.000","","0","80 03:15.089","4","0","0","0","2108","0","0","0","N","0","0","0","3","02108","1","","1.0","","1","N","N","","0","","0","0","0","","2","","","3","1","0","0","0","0","0","2","0","3","","","","N","","","","","","","","","",""
"2010055557","","1","0","0","0","0","0","0","0","0","1","0","","02","5","2010","4","40.333945","-79.891335","","11","0","0","0","0","0","0","0","0","","0","0","0","","","0","","0","","40 20:02.202","","0","79 53:28.806","0","0","0","0","2433","0","0","0","N","0","0","0","1","02433","0","","6.0","","1","N","N","","0","","0","0","0","","0","","","2","0","0","0","0","0","0","2","1","2","","","","N","","","","","","","","","",""
"2010055558","","0","0","0","0","0","0","0","0","0","0","0","","02","5","2010","5","40.415968","-79.985151","","11","0","0","0","0","0","0","0","0","","0","0","0","","","1","","2","","40 24:57.484","","0","79 59:06.543","4","0","0","1","2447","0","0","0","N","0","0","0","1","02447","1","","1.0","","1","N","N","","0","","0","0","0","","3","","","1","1","0","0","0","0","0","2","0","1","","","","N","","","","","","","","","",""
"2010055584","","2","0","0","0","0","0","0","0","0","2","0","","02","6","2010","5","40.376456","-80.06749","","11","0","0","0","0","0","1","0","1","2","0","0","0","","","3","","0","","40 22:35.241","6","0","80 04:02.964","3","0","0","0","2109","0","0","0","N","0","0","0","3","02109","2","","1.0","","1","N","N","","0","","1","0","0","","0","N","","2","3","0","0","0","0","0","2","0","2","","","","N","","","","","","","","","",""
"2010055586","","1","0","0","0","0","0","0","0","0","1","0","","02","6","2010","3","40.633179","-79.953247","","11","0","0","0","0","0","0","0","1","","0","0","0","","","1","","0","","40 37:59.443","","0","79 57:11.690","4","0","0","0","2217","0","0","0","N","0","0","0","2","02505","1","","1.0","","1","N","N","","1","","0","0","0","","0","","","2","1","0","0","0","0","0","2","0","2","","","","N","","","","","","","","","",""
"2010055590","","1","0","0","0","0","0","0","0","0","4","0","","02","6","2010","5","40.435219","-79.789638","","11","0","0","0","0","0","0","0","1","1","0","0","0","","","3","","0","","40 26:06.789","6","0","79 47:22.696","8","0","0","0","2446","0","0","0","N","0","0","0","4","02446","0","","1.0","","1","N","N","","0","","0","0","1","","0","N","","2","3","0","0","0","3","0","2","0","2","","","","N","","","","","","","","","",""
"2010055600","","1","0","0","0","0","0","0","0","0","7","0","","02","6","2010","5","40.437838","-79.964029","","11","0","1","0","0","0","0","0","0","","0","0","0","","","0","","2","","40 26:16.216","","0","79 57:50.504","0","0","0","0","2301","0","0","0","N","0","0","0","1","02301","0","","5.0","","1","N","N","","0","","0","0","0","","2","","","1","0","0","0","0","0","0","2","0","1","","","","N","","","","","","","","","",""
"2010055602","","0","0","0","0","0","0","0","0","0","4","0","","02","6","2010","6","40.437839","-79.998873","","11","0","0","0","0","1","0","0","0","1","0","0","0","","","0","","1","","40 26:16.220","2","0","79 59:55.942","0","0","0","0","2301","0","0","0","N","0","0","0","2","02301","0","","1.0","","1","N","N","","1","","0","0","0","","3","N","","2","0","0","0","0","0","0","2","1","2","","","","N","","","","","","","","","",""
"2010055609","","1","0","0","0","0","0","0","0","0","2","0","","02","6","2010","6","40.353479","-79.845145","","11","0","0","0","0","0","0","0","0","","0","0","0","","","1","","2","","40 21:12.526","","8","79 50:42.521","4","0","0","0","2304","0","0","0","N","0","0","0","2","02304","1","","7.0","","1","N","N","","0","","0","0","1","","2","","","2","1","1","0","0","0","0","2","0","2","","","","N","","","","","","","","","",""
"2010055610","","1","0","0","0","0","0","0","0","0","7","0","","02","6","2010","2","40.42936","-80.137208","","11","0","0","0","0","0","0","0","0","2","0","0","0","","","0","","0","","40 25:45.696","4","0","80 08:13.948","0","0","0","0","2102","0","0","0","N","0","0","0","1","02102","0","","2.0","","1","N","N","","0","","0","0","0","","0","N","","1","0","0","0","0","0","0","2","0","1","","","","N","","","","","","","","","",""
"2010055611","","2","0","0","0","0","0","0","0","0","4","0","","02","6","2010","6","40.456567","-80.029179","","11","0","0","0","0","0","1","0","0","1","0","0","0","","","1","","10","","40 27:23.641","1","2","80 01:45.045","4","0","0","0","2301","0","0","0","N","0","0","0","2","02301","1","","1.0","","1","N","N","","0","","0","0","0","","0","N","","2","1","0","0","0","0","0","2","0","2","","","","N","","","","","","","","","",""
"2010055616","","1","0","0","0","0","0","0","0","0","4","0","","02","6","2010","6","40.449158","-79.901337","","11","0","0","0","0","0","1","1","0","","0","0","0","","","0","","1","","40 26:56.970","","0","79 54:04.812","0","0","0","0","2301","0","0","0","N","0","0","0","2","02301","0","","1.0","","1","N","N","","0","","0","0","0","","2","","","2","0","0","0","0","0","0","2","1","2","","","","N","","","","","","","","","",""
"2010055621","","2","0","0","0","0","0","0","0","0","1","0","","02","6","2010","4","40.31542","-80.101587","","11","0","0","0","0","0","1","0","1","2","0","0","0","","","3","","2","","40 18:55.513","4","0","80 06:05.713","3","0","0","0","2123","0","0","0","N","0","0","0","4","02123","2","","1.0","","9","N","N","","0","","1","0","0","","0","N","","2","3","0","0","0","0","0","2","0","2","","","","N","","","","","","","","","",""
"2010055624","","0","0","0","0","0","0","0","0","0","0","0","","02","6","2010","1","40.460001","-79.758712","","11","0","0","0","0","0","0","0","0","","0","0","0","","","1","","3","","40 27:36.002","","0","79 45:31.362","8","0","0","1","2466","0","0","0","N","0","0","0","2","02501","0","","2.0","","3","N","N","","0","","0","0","0","","0","","","1","1","0","0","0","1","0","2","0","1","","","","N","","","","","","","","","",""
"2010055625","","2","0","0","0","0","0","0","0","0","4","0","","02","6","2010","6","40.449819","-79.929656","","11","0","0","0","0","0","0","0","0","","0","0","0","","","1","","1","","40 26:59.348","","0","79 55:46.761","4","0","0","0","2301","0","0","0","N","0","0","0","2","02301","1","","1.0","","1","N","N","","0","","0","0","0","","2","","","2","1","1","0","0","0","0","2","0","2","","","","N","","","","","","","","","",""
"2010055633","","2","0","0","0","0","0","0","0","0","4","0","","02","6","2010","6","40.550092","-80.194912","","11","0","0","0","0","0","1","1","0","","0","0","0","","","1","","1","","40 33:00.332","","0","80 11:41.682","4","0","0","0","2427","0","0","0","N","0","0","0","2","02426","1","","1.0","","1","N","N","","0","","0","0","0","","2","","","2","1","0","0","0","0","0","2","0","2","","","","N","","","","","","","","","",""
"2010055646","","3","0","0","0","0","0","0","0","0","1","0","","02","6","2010","7","40.38916","-79.821164","","11","0","0","0","0","0","1","0","0","1","0","0","0","","","3","","2","","40 23:20.976","5","0","79 49:16.190","8","0","0","0","2111","0","0","0","N","0","0","0","4","02111","0","","1.0","","1","N","N","","0","","0","0","0","","0","N","","3","3","0","0","0","3","0","2","0","3","","","","N","","","","","","","","","",""
"2010055649","","1","0","0","0","0","0","0","0","0","2","0","","02","6","2010","5","40.370384","-80.049492","","11","0","0","0","1","0","0","0","0","2","0","0","0","","","1","","0","","40 22:13.384","2","0","80 02:58.171","8","0","0","0","2109","0","0","0","N","0","0","0","3","02109","0","","1.0","","1","N","N","","0","","0","0","1","","0","N","","2","1","0","0","0","1","0","2","0","2","","","","N","","","","","","","","","",""
"2010055651","","1","0","0","0","0","0","0","0","0","4","0","","02","6","2010","6","40.448652","-80.002304","","11","0","0","0","0","0","1","0","0","1","0","0","0","","","0","","1","","40 26:55.147","1","0","80 00:08.294","0","0","0","0","2301","0","0","0","N","0","0","0","3","02301","0","","1.0","","1","N","N","","0","","0","0","1","","2","N","","2","0","0","0","0","0","0","2","0","2","","","","N","","","","","","","","","",""
"2010055653","","2","0","0","0","0","0","0","0","0","4","0","","02","6","2010","6","40.38896","-80.05305","","11","0","1","0","0","0","0","0","1","2","0","0","0","","","1","","2","","40 23:20.256","1","0","80 03:10.980","4","0","0","0","2109","0","0","0","N","0","0","0","2","02109","1","","1.0","","1","N","N","","0","","0","0","0","","0","N","","2","1","0","0","0","0","0","2","0","2","","","","N","","","","","","","","","",""
"2010055664","","2","0","0","0","0","0","0","0","0","4","0","","02","6","2010","6","40.464888","-80.059069","","11","0","0","0","0","0","0","0","0","1","0","0","0","","","0","","0","","40 27:53.596","4","7","80 03:32.649","0","0","0","0","2444","0","0","0","N","0","0","0","2","02444","0","","1.0","","1","N","N","","0","","0","0","0","","3","N","","2","0","0","0","0","0","0","2","0","2","","","","N","","","","","","","","","",""
"2010055667","","2","0","0","1","0","0","0","0","0","8","0","","02","5","2010","7","40.338318","-80.051483","","11","0","0","0","0","0","0","2","0","","0","0","0","","","1","","1","","40 20:17.944","","0","80 03:05.338","8","0","0","0","2407","1","0","0","N","0","0","0","3","02407","0","","1.0","","1","N","N","","0","","0","0","0","","2","","","3","1","0","0","0","1","0","2","0","2","","","","N","","","","","","","","","",""
"2010055668","","1","0","0","0","0","0","0","0","0","4","0","","02","6","2010","3","40.34132","-80.022424","","11","0","0","0","0","0","0","0","1","3","0","0","0","","","1","","1","","40 20:28.753","5","0","80 01:20.728","4","0","0","0","2407","0","0","0","Y","0","0","0","2","02407","1","","1.0","","1","N","N","","1","","0","0","0","","0","Y","","2","1","0","0","0","0","0","2","0","2","","","","N","","","","","","","","","",""
"2010055678","","1","0","0","0","0","0","0","0","0","4","0","","02","6","2010","6","40.440304","-80.007025","","11","0","0","0","0","0","1","0","0","","0","0","0","","","0","","1","","40 26:25.095","","0","80 00:25.291","0","0","0","0","2301","0","0","0","N","0","0","0","2","02301","0","","1.0","","1","N","N","","0","","0","0","1","","2","","","2","0","0","0","0","0","0","2","0","2","","","","N","","","","","","","","","",""
"2010055687","","1","0","0","0","0","0","0","0","0","7","0","","02","6","2010","6","40.511906","-79.947183","","11","0","0","0","0","0","0","0","1","","0","0","0","","","0","","3","","40 30:42.860","","0","79 56:49.859","0","0","0","0","2118","0","0","0","Y","0","0","0","1","02118","0","","2.0","","1","N","N","","0","","0","0","0","","3","","","1","0","1","0","0","0","0","2","0","1","","","","N","","","","","","","","","",""
"2010055690","","2","0","0","0","0","0","0","0","0","1","0","90","02","6","2010","3","40.48485","-80.290498","","11","0","0","0","0","0","0","1","0","2","0","0","0","","","1","","0","","40 29:05.461","6","0","80 17:25.791","8","0","0","0","2203","0","0","0","N","0","0","0","3","02203","0","","1.0","","1","N","N","","1","","0","0","0","","8","N","","3","1","0","0","0","1","0","2","0","3","","","Y","Y","2","2","","","N","","","","Y",""
"2010055692","","1","0","2","0","0","0","0","0","0","4","0","30","02","6","2010","6","40.323976","-79.94352","","11","0","0","0","0","1","0","0","0","4","0","0","0","","","7","","0","","40 19:26.315","5","7","79 56:36.671","2","0","0","0","2454","0","0","0","Y","0","0","0","7","02454","0","","1.0","","1","N","N","","1","","5","2","0","","0","N","","2","7","2","0","0","0","0","2","0","2","","","N","Y","3","1","","","N","Y","","","",""
"2010055695","","2","0","0","0","0","0","0","0","0","6","0","","02","6","2010","7","40.397373","-79.770147","","11","0","0","0","0","0","0","0","1","1","0","0","0","","","0","","0","","40 23:50.542","2","0","79 46:12.528","0","0","0","0","2446","0","0","0","N","0","0","0","2","02446","0","","1.0","","1","N","N","","0","","0","0","0","","2","N","","2","0","0","0","0","0","0","2","0","2","","","","N","","","","","","","","","",""
"2010055697","","0","0","0","1","0","1","0","0","0","4","0","","02","6","2010","6","40.514397","-80.154632","","11","0","0","0","0","0","1","0","0","","0","0","0","","","1","","0","","40 30:51.829","","0","80 09:16.675","2","0","0","0","2420","1","0","1","N","0","0","0","2","02420","0","","1.0","","1","N","N","","0","","0","1","0","","0","","","2","1","0","0","0","0","0","2","1","1","","","","N","","","","","","","","","",""
"2010055700","","0","0","0","0","0","0","0","0","0","7","0","","02","6","2010","4","40.433357","-80.063534","","11","0","0","0","0","0","0","0","0","","0","0","0","","","0","","0","","40 26:00.084","","0","80 03:48.721","9","0","0","0","2421","0","0","0","N","0","0","0","1","02421","0","","2.0","","1","N","N","","1","","0","0","0","","0","","","1","0","0","0","0","0","1","2","0","1","","","","N","","","","","","","","","",""
"2010055701","","1","0","0","0","0","0","0","0","0","4","0","","02","6","2010","6","40.49863","-80.281387","","11","0","0","0","0","0","0","1","0","2","0","0","0","","","2","","1","","40 29:55.067","2","2","80 16:52.994","8","0","0","0","2203","0","0","0","N","0","0","0","4","02203","0","","1.0","","1","N","N","","0","","0","0","1","","2","N","","2","2","0","0","0","2","2","1","0","2","","","","N","","","","","","","","","",""
"2010055703","","0","0","0","0","0","0","0","0","0","0","0","","02","6","2010","6","40.425799","-80.019809","","11","0","0","0","0","0","0","0","0","","0","0","0","","","0","","1","","40 25:32.876","","2","80 01:11.311","0","0","0","1","2301","0","0","0","N","0","0","0","1","02301","0","","1.0","","1","N","N","","0","","0","0","0","","0","","","1","0","0","0","0","0","0","2","0","1","","","","N","","","","","","","","","",""
"2010055705","","1","0","0","0","0","0","0","0","0","7","0","","02","6","2010","6","40.490572","-79.868846","","11","0","0","0","0","0","0","0","0","","0","0","0","","","0","","2","","40 29:26.059","","0","79 52:07.845","0","0","0","0","2112","0","0","0","N","0","0","0","1","02112","0","","4.0","","1","N","N","","0","","0","0","0","","0","","","1","0","0","0","0","0","0","2","0","1","","","","N","","","","","","","","","",""
"2010055706","","2","0","0","0","0","0","0","0","0","4","0","","02","6","2010","6","40.378012","-79.828078","","11","0","0","0","0","0","1","0","0","1","0","0","0","","","0","","2","","40 22:40.844","1","0","79 49:41.081","0","0","0","0","2111","0","0","0","N","0","0","0","2","02111","0","","1.0","","1","N","N","","0","","0","0","0","","3","N","","2","0","0","0","0","0","0","2","0","2","","","","N","","","","","","","","","",""
"2010055708","","1","0","0","0","0","0","0","0","0","7","0","","02","6","2010","1","40.580718","-80.080113","","11","0","0","0","0","0","0","0","0","","0","0","0","","","1","","0","","40 34:50.583","","7","80 04:48.407","8","0","0","0","2481","0","0","0","N","0","0","0","2","02481","0","","5.0","","1","N","N","","0","","0","0","0","","0","","","2","1","0","0","0","1","0","2","1","2","","","","N","","","","","","","","","",""
"2010055710","","1","0","0","0","0","0","0","0","0","7","0","","02","6","2010","6","40.531127","-79.95681","","11","0","0","0","0","0","1","0","0","","0","0","0","","","0","","0","","40 31:52.057","","0","79 57:24.516","0","0","0","0","2118","0","0","0","N","0","0","0","1","02118","0","","3.0","","1","N","N","","0","","0","0","0","","0","","","1","0","0","0","0","0","0","2","0","1","","","","N","","","","","","","","","",""
"2010055712","","1","0","0","0","0","0","0","0","0","7","0","","02","6","2010","7","40.447373","-79.850032","","11","0","0","0","0","0","0","0","1","","0","0","0","","","0","","0","","40 26:50.542","","7","79 51:00.115","9","0","0","0","2419","0","0","0","N","0","0","0","1","02419","0","","5.0","","1","N","N","","0","","0","0","0","","3","","","1","0","0","0","0","0","1","2","0","1","","","","N","","","","","","","","","",""
"2010055721","","0","0","0","0","0","0","0","0","0","7","0","","02","6","2010","7","40.43778","-79.972856","","11","0","0","0","0","0","0","0","0","","0","0","0","","","1","","1","","40 26:16.008","","0","79 58:22.281","4","0","0","0","2301","0","0","0","N","0","0","0","1","02301","1","","5.0","","1","N","N","","0","","0","0","1","","2","","","1","1","0","0","0","0","0","2","0","1","","","","N","","","","","","","","","",""
"2010055728","","1","0","0","0","0","0","0","0","0","7","0","","02","6","2010","7","40.426393","-79.992876","","11","0","0","0","0","0","0","0","0","","0","0","0","","","2","","0","","40 25:35.014","","0","79 59:34.353","3","0","0","0","2301","0","0","0","N","0","0","0","2","02301","0","","2.0","","1","N","N","","0","","1","0","0","","0","","","1","2","1","0","0","1","0","2","0","1","","","","N","","","","","","","","","",""
"2010055732","","2","0","0","0","0","0","0","0","0","5","0","","02","6","2010","7","40.41303","-80.023179","","11","0","0","0","0","0","0","0","0","","0","0","0","","","0","","0","","40 24:46.908","","0","80 01:23.444","0","0","0","0","2301","0","0","0","N","0","0","0","1","02301","0","","6.0","","1","N","N","","0","","0","0","0","","0","","","2","0","0","0","0","0","0","2","0","2","","","","N","","","","","","","","","",""
"2010055754","","2","0","0","0","0","0","0","0","0","5","0","","02","6","2010","1","40.502304","-80.135718","","11","0","0","0","0","0","0","0","0","1","0","0","0","","","0","","6","","40 30:08.295","1","2","80 08:08.584","9","0","0","0","2115","0","0","0","N","0","0","0","2","68B03","0","","1.0","","1","N","N","","0","","0","0","0","","4","N","","2","0","0","0","0","0","1","2","0","2","","","","N","","","","","","","","","",""
"2010055849","","1","0","0","0","0","0","0","0","0","1","1","35","02","6","2010","3","40.488025","-79.955778","","11","0","0","0","0","0","0","0","0","2","0","1","0","","","0","","0","","40 29:16.890","1","0","79 57:20.802","0","0","0","0","2118","0","0","0","N","0","0","0","2","02118","0","","1.0","","1","N","N","","0","","0","0","0","","0","N","","2","0","0","0","0","0","0","2","0","2","","","Y","Y","3","1","Y","","N","Y","","","",""
"2010055855","","2","0","0","0","0","0","0","0","0","1","0","","02","6","2010","5","40.417705","-79.848759","","11","0","0","0","0","0","0","0","0","1","0","0","0","","","0","","1","","40 25:03.738","3","0","79 50:55.534","0","0","0","0","2431","0","0","0","N","0","0","0","2","02431","0","","1.0","","1","N","N","","0","","0","0","0","","2","N","","2","0","0","0","0","0","0","2","0","2","","","","N","","","","","","","","","",""
"2010055858","","1","0","0","0","0","0","0","0","0","7","0","","02","6","2010","6","40.340406","-79.95584","","11","0","0","0","0","0","0","1","0","1","0","0","0","","","0","","0","","40 20:25.461","3","0","79 57:21.024","0","0","0","0","2454","0","0","0","N","0","0","0","1","02454","0","","2.0","","1","N","N","","0","","0","0","0","","0","N","","1","0","0","0","0","0","0","2","0","1","","","","N","","","","","","","","","",""
"2010055859","","1","0","0","0","0","0","0","0","0","4","0","","02","6","2010","6","40.46522","-80.053704","","11","0","0","0","0","0","1","0","0","","0","0","0","","","1","","2","","40 27:54.791","","0","80 03:13.334","4","0","0","1","2444","0","0","0","N","0","0","0","4","02444","1","","1.0","","1","N","N","","0","","0","0","0","","2","","","2","1","0","0","0","0","0","2","0","2","","","","N","","","","","","","","","",""
"2010055862","","2","0","0","0","0","0","0","0","0","4","0","","02","6","2010","7","40.436768","-79.781544","","11","0","0","0","0","0","2","0","0","","0","0","0","","","1","","0","","40 26:12.365","","7","79 46:53.559","8","0","0","0","2446","0","0","0","N","0","0","0","5","02446","0","","1.0","","1","N","N","","0","","0","0","0","","0","","","2","1","0","0","0","1","0","2","0","2","","","","N","","","","","","","","","",""
"2010055864","","0","0","0","0","0","0","0","0","0","0","0","","02","6","2010","7","40.523819","-80.015217","","11","0","0","0","0","0","0","0","0","","0","0","0","","","1","","0","","40 31:25.750","","0","80 00:54.780","8","0","0","1","2116","0","0","0","N","0","0","0","1","02116","0","","1.0","","9","N","N","","0","","0","0","0","","0","","","1","1","0","0","0","1","0","2","0","1","","","","N","","","","","","","","","",""
"2010055880","","1","0","0","0","0","0","0","0","0","7","0","","02","6","2010","7","40.424949","-79.984829","","11","0","0","0","0","0","1","0","0","1","0","0","0","","","3","","0","","40 25:29.816","5","0","79 59:05.386","4","0","0","0","2301","0","0","0","N","0","0","0","3","02301","1","","5.0","","1","N","N","","0","","0","0","0","","0","N","","1","3","0","0","0","2","0","2","0","1","","","","N","","","","","","","","","",""
"2010055886","","2","0","0","0","0","0","0","0","0","4","0","","02","6","2010","7","40.446193","-79.895545","","11","0","0","0","0","0","1","0","0","","0","0","0","","","1","","1","","40 26:46.294","","0","79 53:43.962","8","0","0","0","2301","0","0","0","N","0","0","0","3","02301","0","","1.0","","1","N","N","","0","","0","0","0","","3","","","2","1","0","0","0","1","0","2","0","2","","","","N","","","","","","","","","",""
"2010055889","","1","0","0","0","0","0","0","0","0","1","0","","02","6","2010","7","40.336173","-79.972322","","11","0","0","0","0","0","0","0","1","1","0","0","0","","","4","","0","","40 20:10.222","3","0","79 58:20.360","8","0","0","0","2454","0","0","0","Y","0","0","0","5","02454","0","","1.0","","1","N","N","","0","","0","0","0","","0","Y","","2","4","0","0","0","4","0","2","1","2","","","","N","","","","","","","","","",""
"2010055899","","0","0","0","0","0","0","0","0","0","2","0","","02","6","2010","7","40.411715","-80.064327","","11","0","0","0","0","0","0","0","0","2","0","0","0","","","2","","2","","40 24:42.174","3","0","80 03:51.577","8","0","0","0","2435","0","0","0","N","0","0","0","3","02435","0","","1.0","","1","N","N","","2","","0","0","0","","0","N","","2","2","0","0","0","2","0","2","0","2","","","","N","","","","","","","","","",""
"2010055912","","0","0","0","0","0","0","0","0","0","7","0","","02","6","2010","7","40.46065","-79.916671","","11","0","0","0","1","0","0","0","0","","0","0","0","","","0","","2","","40 27:38.340","","0","79 55:00.015","0","0","0","0","2301","0","0","0","N","0","0","0","3","02301","0","","5.0","","1","N","N","","0","","0","0","1","","0","","","1","0","0","0","0","0","0","2","0","1","","","","N","","","","","","","","","",""
"2010055915","","1","0","0","0","0","0","0","0","0","4","0","","02","6","2010","7","40.44335","-79.813952","","11","0","0","0","0","0","1","1","0","","0","0","0","","","0","","2","","40 26:36.060","","0","79 48:50.227","0","0","0","0","2113","0","0","0","N","0","0","0","2","02113","0","","1.0","","1","N","N","","1","","0","0","0","","3","","","2","0","1","0","0","0","0","2","0","2","","","","N","","","","","","","","","",""
"2010055950","","0","0","0","0","0","0","0","0","0","7","0","","02","6","2010","7","40.486249","-79.814722","","11","0","0","0","0","0","0","0","0","","0","0","0","","","1","","2","","40 29:10.495","","0","79 48:52.998","3","0","0","0","2113","0","0","0","N","0","0","0","1","02113","0","","5.0","","1","N","N","","0","","1","0","1","","0","","","1","1","0","0","0","0","0","2","0","1","","","","N","","","","","","","","","",""
"2010055963","","3","0","0","0","0","0","0","0","0","4","0","","02","6","2010","1","40.432143","-80.004033","","11","0","0","0","0","1","0","0","0","","0","0","0","","","0","","2","","40 25:55.715","","0","80 00:14.517","0","0","0","0","2301","0","0","0","N","0","0","0","5","02301","0","","1.0","","1","N","N","","0","","0","0","0","","2","","","3","0","0","0","0","0","0","2","0","3","","","","N","","","","","","","","","",""
"2010055974","","0","0","0","0","0","0","0","0","0","7","0","","02","6","2010","7","40.672817","-80.104068","","11","0","0","0","0","0","1","0","0","2","0","0","0","","","1","","0","","40 40:22.141","1","0","80 06:14.644","3","0","0","1","2212","0","0","0","N","0","0","0","1","02505","0","","5.0","","1","N","N","","0","","1","0","0","","0","N","","1","1","0","0","0","0","0","2","0","1","","","","N","","","","","","","","","",""
"2010055976","","2","0","0","0","0","0","0","0","0","2","0","","02","6","2010","7","40.424867","-79.888247","","11","0","0","0","0","0","1","0","1","","0","0","0","","","0","","1","","40 25:29.521","","99","79 53:17.689","0","0","0","0","2463","0","0","0","N","0","0","0","2","02463","0","","1.0","","1","N","N","","0","","0","0","0","","0","","","2","0","0","0","0","0","0","2","0","2","","","","N","","","","","","","","","",""
"2010055980","","2","0","0","0","0","0","0","0","0","1","0","","02","6","2010","4","40.542765","-80.013659","","11","0","0","0","0","0","0","0","1","","0","0","0","","","1","","0","","40 32:33.953","","0","80 00:49.173","8","0","0","0","2116","0","0","0","N","0","0","0","2","02116","0","","1.0","","9","N","N","","0","","0","0","0","","0","","","2","1","0","0","0","1","0","2","0","2","","","","N","","","","","","","","","",""
"2010055993","","2","0","0","0","0","0","0","0","0","2","0","","02","1","2010","4","","","","11","0","0","0","0","0","0","0","0","","0","0","0","","","0","","0","","","","0","","0","0","0","0","2301","0","0","0","N","0","0","0","5","02301","0","","1.0","","7","N","N","","0","","0","0","0","","0","","","2","0","1","0","0","0","0","1","0","2","","","","N","","","","","","","","","",""
"2010056003","","2","0","0","0","0","0","0","0","0","4","0","","02","6","2010","5","40.364724","-79.869713","","11","0","0","0","0","0","0","0","2","","0","0","0","","","0","","5","","40 21:53.006","","0","79 52:10.966","0","0","0","0","2473","0","0","0","N","0","0","0","2","02473","0","","1.0","","1","N","N","","0","","0","0","0","","2","","","2","0","0","0","0","0","0","2","0","2","","","","N","","","","","","","","","",""
"2010056008","","0","0","0","0","0","0","0","0","0","8","0","","02","6","2010","1","40.456124","-80.015509","","11","0","0","0","0","0","0","0","0","","0","0","0","","","1","","0","","40 27:22.046","","7","80 00:55.832","8","0","0","0","2301","1","0","0","N","1","0","0","3","02301","0","","5.0","","1","N","N","","0","","0","0","1","","0","","","2","1","0","0","0","1","0","2","0","1","","","","N","","","","","","","","","",""
"2010056009","","2","0","0","0","0","0","0","0","0","7","0","","02","6","2010","5","","","","11","0","0","0","0","0","1","0","0","","0","0","0","","","1","","0","","","","7","","4","0","0","0","2473","0","0","0","N","0","0","0","2","02473","1","","6.0","","1","N","N","","0","","0","0","0","","0","","","2","1","0","0","0","0","0","1","0","2","","","","N","","","","","","","","","",""