"CRN","ARRIVAL_TM","AUTOMOBILE_COUNT","BELTED_DEATH_COUNT","BELTED_SUSP_SERIOUS_INJ_COUNT","BICYCLE_COUNT","BICYCLE_DEATH_COUNT","BICYCLE_SUSP_SERIOUS_INJ_COUNT","BUS_COUNT","CHLDPAS_DEATH_COUNT","CHLDPAS_SUSP_SERIOUS_INJ_COUNT","COLLISION_TYPE","COMM_VEH_COUNT","CONS_ZONE_SPD_LIM","COUNTY","CRASH_MONTH","CRASH_YEAR","DAY_OF_WEEK","DEC_LATITUDE","DEC_LONGITUDE","DISPATCH_TM","DISTRICT","DRIVER_COUNT_16YR","DRIVER_COUNT_17YR","DRIVER_COUNT_18YR","DRIVER_COUNT_19YR","DRIVER_COUNT_20YR","DRIVER_COUNT_50_64YR","DRIVER_COUNT_65_74YR","DRIVER_COUNT_75PLUS","EST_HRS_CLOSED","FATAL_COUNT","HEAVY_TRUCK_COUNT","HORSE_BUGGY_COUNT","HOUR_OF_DAY","ILLUMINATION","INJURY_COUNT","INTERSECTION_RELATED","INTERSECT_TYPE","LANE_CLOSED","LATITUDE","LN_CLOSE_DIR","LOCATION_TYPE","LONGITUDE","MAX_SEVERITY_LEVEL","MCYCLE_DEATH_COUNT","MCYCLE_SUSP_SERIOUS_INJ_COUNT","MOTORCYCLE_COUNT","MUNICIPALITY","NONMOTR_COUNT","NONMOTR_DEATH_COUNT","NONMOTR_SUSP_SERIOUS_INJ_COUNT","NTFY_HIWY_MAINT","PED_COUNT","PED_DEATH_COUNT","PED_SUSP_SERIOUS_INJ_COUNT","PERSON_COUNT","POLICE_AGCY","POSSIBLE_INJ_COUNT","RDWY_SURF_TYPE_CD","RELATION_TO_ROAD","ROADWAY_CLEARED","ROAD_CONDITION","SCH_BUS_IND","SCH_ZONE_IND","SECONDARY_CRASH","SMALL_TRUCK_COUNT","SPEC_JURIS_CD","SUSP_MINOR_INJ_COUNT","SUSP_SERIOUS_INJ_COUNT","SUV_COUNT","TCD_FUNC_CD","TCD_TYPE","TFC_DETOUR_IND","TIME_OF_DAY","TOTAL_UNITS","TOT_INJ_COUNT","UNBELTED_OCC_COUNT","UNB_DEATH_COUNT","UNB_SUSP_SERIOUS_INJ_COUNT","UNK_INJ_DEG_COUNT","UNK_INJ_PER_COUNT","URBAN_RURAL","VAN_COUNT","VEHICLE_COUNT","WEATHER1","WEATHER2","WORKERS_PRES","WORK_ZONE_IND","WORK_ZONE_LOC","WORK_ZONE_TYPE","WZ_CLOSE_DETOUR","WZ_FLAGGER","WZ_LAW_OFFCR_IND","WZ_LN_CLOSURE","WZ_MOVING","WZ_OTHER","WZ_SHLDER_MDN","WZ_WORKERS_INJ_KILLED"
"2010061559","","0","0","0","0","0","0","0","0","0","7","0","35","02","6","2010","6","40.540135","-79.823139","","11","0","0","0","0","0","1","0","0","2","0","0","0","","","1","","0","","40 32:24.486","1","0","79 49:23.301","8","0","0","1","2208","0","0","0","N","0","0","0","1","02208","0","","1.0","","1","N","N","","0","","0","0","0","","0","N","","1","1","0","0","0","1","0","2","0","1","","","N","Y","2","1","","","N","","","","",""
"2010061564","","2","0","0","0","0","0","0","0","0","4","0","","02","6","2010","2","40.469133","-79.731154","","11","0","0","0","0","0","0","0","0","2","0","0","0","","","2","","0","","40 28:08.877","5","0","79 43:52.154","8","0","0","0","2466","0","0","0","N","0","0","0","2","02466","0","","1.0","","1","N","N","","0","","0","0","0","","0","Y","","2","2","0","0","0","2","0","2","0","2","","","","N","","","","","","","","","",""
"2010061574","","0","0","0","0","0","0","0","0","0","7","0","","02","6","2010","4","40.387058","-80.215584","","11","0","0","0","0","0","0","0","0","2","0","0","0","","","0","","0","","40 23:13.409","1","0","80 12:56.101","0","0","0","0","2214","0","0","0","N","0","0","0","1","02214","0","","5.0","","1","N","N","","0","","0","0","1","","0","N","","1","0","0","0","0","0","0","2","0","1","","","","N","","","","","","","","","",""
"2010061580","","1","0","0","0","0","0","0","0","0","7","0","","02","6","2010","7","40.393862","-80.082638","","11","0","0","0","0","0","0","0","0","","0","0","0","","","0","","2","","40 23:37.903","","3","80 04:57.496","0","0","0","0","2117","0","0","0","N","0","0","0","1","02117","0","","2.0","","1","N","N","","0","","0","0","0","","0","","","1","0","0","0","0","0","0","2","0","1","","","","N","","","","","","","","","",""
"2010061618","","1","0","0","0","0","0","0","0","0","1","0","","02","6","2010","2","40.412253","-80.077936","","11","0","0","0","0","0","1","0","0","","0","0","0","","","0","","0","","40 24:44.111","","0","80 04:40.571","0","0","0","0","2117","0","0","0","N","0","0","0","2","68B04","0","","1.0","","1","N","N","","1","","0","0","0","","0","","","2","0","0","0","0","0","0","2","0","2","","","","N","","","","","","","","","",""
"2010061619","","1","0","0","0","0","0","0","0","0","0","0","","02","6","2010","3","40.434145","-79.994598","","11","0","0","0","0","0","1","0","0","2","0","0","0","","","1","","0","","40 26:02.923","4","0","79 59:40.551","4","0","0","0","2301","0","0","0","N","0","0","0","3","68B03","1","","1.0","","1","N","N","","0","","0","0","1","","0","N","","2","1","0","0","0","0","0","2","0","2","","","","N","","","","","","","","","",""
"2010061716","","1","0","0","0","0","0","0","0","0","7","0","","02","6","2010","3","40.469305","-79.820169","","11","0","0","0","0","0","0","0","0","","0","0","0","","","1","","1","","40 28:09.498","","0","79 49:12.608","4","0","0","0","2113","0","0","0","N","0","0","0","1","02113","1","","4.0","","1","N","N","","0","","0","0","0","","0","","","1","1","1","0","0","0","0","2","0","1","","","","N","","","","","","","","","",""
"2010061718","","0","0","0","0","0","0","0","0","0","1","0","","02","6","2010","3","40.577458","-79.954161","","11","0","0","0","0","0","0","0","0","1","0","0","0","","","1","","0","","40 34:38.848","2","0","79 57:14.978","4","0","0","0","2207","0","0","0","N","0","0","0","3","02207","1","","1.0","","1","N","N","","2","","0","0","0","","0","N","","3","1","0","0","0","0","0","2","1","3","","","","N","","","","","","","","","",""
"2010061729","","2","0","0","0","0","0","0","0","0","4","0","","02","6","2010","4","40.452576","-79.922366","","11","0","0","0","0","0","0","0","0","","0","0","0","","","0","","2","","40 27:09.273","","0","79 55:20.517","0","0","0","0","2301","0","0","0","N","0","0","0","2","02301","0","","1.0","","1","N","N","","0","","0","0","0","","3","","","2","0","0","0","0","0","0","2","0","2","","","","N","","","","","","","","","",""
"2010061732","","1","0","0","0","0","0","0","0","0","1","1","","02","6","2010","4","40.350059","-79.871938","","11","0","0","0","0","0","2","0","0","","0","1","0","","","3","","1","","40 21:00.213","","0","79 52:18.978","8","0","0","0","2304","0","0","0","N","0","0","0","6","02304","0","","1.0","","1","N","N","","0","","0","0","0","","2","","","2","3","0","0","0","3","0","2","0","2","","","","N","","","","","","","","","",""
"2010061739","","1","0","0","0","0","0","0","0","0","4","0","","02","6","2010","3","40.559309","-79.959251","","11","0","0","0","0","0","0","0","1","","0","0","0","","","0","","0","","40 33:33.511","","7","79 57:33.304","0","0","0","0","2207","0","0","0","N","0","0","0","2","02207","0","","1.0","","1","N","N","","1","","0","0","0","","0","","","2","0","0","0","0","0","0","2","0","2","","","","N","","","","","","","","","",""
"2010061740","","1","0","0","0","0","0","0","0","0","7","0","","02","6","2010","3","40.319919","-79.970654","","11","0","0","0","1","0","0","0","0","","0","0","0","","","0","","0","","40 19:11.707","","0","79 58:14.354","0","0","0","0","2440","0","0","0","N","0","0","0","1","02440","0","","5.0","","1","N","N","","0","","0","0","0","","0","","","1","0","0","0","0","0","0","2","0","1","","","","N","","","","","","","","","",""
"2010061746","","1","0","0","0","0","0","0","0","0","4","0","","02","6","2010","7","40.578519","-80.07798","","11","0","0","1","0","0","0","0","0","2","0","0","0","","","2","","0","","40 34:42.668","1","0","80 04:40.727","4","0","0","0","2481","0","0","0","N","0","0","0","4","02481","2","","1.0","","1","N","N","","0","","0","0","1","","0","N","","2","2","0","0","0","0","0","2","0","2","","","","N","","","","","","","","","",""
"2010061752","","1","0","0","0","0","0","0","0","0","1","0","","02","6","2010","6","40.401797","-79.777736","","11","0","0","0","0","0","0","1","0","","0","0","0","","","1","","1","","40 24:06.470","","0","79 46:39.849","8","0","0","0","2453","0","0","0","N","0","0","0","3","02453","0","","1.0","","1","N","N","","2","","0","0","0","","2","","","3","1","1","0","0","1","0","2","0","3","","","","N","","","","","","","","","",""
"2010061754","","0","0","0","0","0","0","0","0","0","7","0","","02","6","2010","3","","","","11","0","0","0","0","0","0","0","0","2","0","0","0","","","1","","0","","","4","0","","4","0","0","1","2115","0","0","0","N","0","0","0","1","02501","1","","5.0","","1","N","N","","0","","0","0","0","","8","N","","1","1","0","0","0","0","0","1","0","1","","","","N","","","","","","","","","",""
"2010061755","","2","0","0","0","0","0","0","0","0","1","0","","02","6","2010","4","40.409797","-80.083035","","11","0","0","0","0","0","0","0","0","","0","0","0","","","2","","0","","40 24:35.269","","99","80 04:58.926","8","0","0","0","2415","0","0","0","N","0","0","0","3","02415","0","","1.0","","1","N","N","","0","","0","0","0","","2","","","2","2","0","0","0","2","0","2","0","2","","","","N","","","","","","","","","",""
"2010061760","","3","0","0","0","0","0","0","0","0","5","0","","02","6","2010","4","40.428136","-79.924993","","11","0","0","0","0","0","0","1","0","","0","0","0","","","0","","0","","40 25:41.289","","0","79 55:29.974","0","0","0","0","2301","0","0","0","N","0","0","0","1","02301","0","","1.0","","1","N","N","","0","","0","0","1","","0","","","4","0","0","0","0","0","0","2","0","4","","","","N","","","","","","","","","",""
"2010061763","","1","0","0","0","0","0","0","0","0","4","0","","02","6","2010","4","40.430867","-80.063271","","11","0","0","0","0","0","1","1","0","","0","0","0","","","0","","1","","40 25:51.122","","0","80 03:47.777","0","0","0","0","2421","0","0","0","N","0","0","0","2","02421","0","","1.0","","1","N","N","","1","","0","0","0","","3","","","2","0","0","0","0","0","0","2","0","2","","","","N","","","","","","","","","",""
"2010061771","","0","0","0","0","0","0","0","0","0","0","0","","02","6","2010","4","40.363798","-79.993068","","11","0","0","0","0","0","0","0","0","2","0","0","0","","","1","","0","","40 21:49.672","6","0","79 59:35.045","2","0","1","1","2476","0","0","0","N","0","0","0","1","02476","0","","1.0","","1","N","N","","0","","0","1","0","","0","Y","","1","1","0","0","0","0","0","2","0","1","","","","N","","","","","","","","","",""
"2010061772","","0","0","0","0","0","0","0","0","0","7","0","","02","6","2010","4","40.464712","-79.957865","","11","0","0","0","0","1","0","0","0","","0","0","0","","","1","","1","","40 27:52.963","","0","79 57:28.314","8","0","0","0","2301","0","0","0","N","0","0","0","1","02301","0","","2.0","","1","N","N","","0","","0","0","0","","0","","","1","1","0","0","0","1","0","2","1","1","","","","N","","","","","","","","","",""
"2010061774","","0","0","0","0","0","0","0","0","0","4","0","","02","6","2010","4","40.560679","-79.928669","","11","0","0","0","0","0","1","0","0","1","0","0","0","","","1","","1","","40 33:38.444","2","0","79 55:43.207","4","0","0","0","2207","0","0","0","N","0","0","0","2","02207","1","","1.0","","1","N","N","","0","","0","0","2","","3","N","","2","1","0","0","0","0","0","2","0","2","","","","N","","","","","","","","","",""
"2010061775","","3","0","0","0","0","0","0","0","0","1","0","","02","6","2010","4","40.402012","-80.000594","","11","0","0","0","0","0","2","0","0","","0","0","0","","","2","","1","","40 24:07.244","","0","80 00:02.139","8","0","0","0","2301","0","0","0","N","0","0","0","2","02301","0","","1.0","","1","N","N","","0","","0","0","1","","2","","","5","2","0","0","0","2","0","2","1","5","","","","N","","","","","","","","","",""
"2010061776","","2","0","0","0","0","0","0","0","0","4","0","","02","6","2010","4","40.463068","-79.824094","","11","0","0","0","0","0","0","0","2","","0","0","0","","","1","","0","","40 27:47.045","","7","79 49:26.738","4","0","0","0","2113","0","0","0","N","0","0","0","3","02113","1","","6.0","","1","N","N","","0","","0","0","0","","0","","","2","1","0","0","0","0","0","2","0","2","","","","N","","","","","","","","","",""
"2010061777","","2","0","0","0","0","0","0","0","0","4","0","","02","6","2010","4","","","","11","0","0","0","0","0","0","0","0","","0","0","0","","","2","","10","","","","7","","8","0","0","0","2301","0","0","0","N","0","0","0","5","02301","0","","4.0","","1","N","N","","0","","0","0","0","","0","","","2","2","0","0","0","2","1","1","0","2","","","","N","","","","","","","","","",""
"2010061778","","1","0","0","0","0","0","0","0","0","7","0","40","02","6","2010","3","40.461469","-80.031162","","11","0","0","0","0","0","0","0","0","2","0","0","0","","","0","","3","","40 27:41.287","1","0","80 01:52.183","0","0","0","0","2301","0","0","0","N","0","0","0","1","02301","0","","1.0","","1","N","N","","0","","0","0","0","","0","N","","1","0","0","0","0","0","0","2","0","1","","","N","Y","3","1","","","N","Y","Y","","",""
"2010061792","","2","0","0","0","0","0","0","0","0","4","0","","02","6","2010","4","40.35678","-79.82346","","11","0","0","0","1","0","1","0","0","1","0","0","0","","","1","","1","","40 21:24.408","4","0","79 49:24.456","4","0","0","0","2477","0","0","0","N","0","0","0","2","02477","1","","1.0","","1","N","N","","0","","0","0","0","","3","Y","","2","1","0","0","0","0","0","2","0","2","","","","N","","","","","","","","","",""
"2010061796","","2","0","0","0","0","0","0","0","0","5","0","","02","6","2010","3","40.418095","-80.029883","","11","0","0","0","0","0","2","0","0","","0","0","0","","","0","","0","","40 25:05.142","","0","80 01:47.577","0","0","0","0","2301","0","0","0","N","0","0","0","3","02301","0","","1.0","","1","N","N","","0","","0","0","0","","0","","","2","0","0","0","0","0","0","2","0","2","","","","N","","","","","","","","","",""
"2010061799","","2","0","0","0","0","0","0","0","0","4","0","","02","6","2010","4","40.425918","-79.96616","","11","0","0","0","0","0","1","0","0","","0","0","0","","","0","","2","","40 25:33.304","","0","79 57:58.176","0","0","0","0","2301","0","0","0","N","0","0","0","2","02301","0","","1.0","","1","N","N","","0","","0","0","0","","3","","","2","0","0","0","0","0","0","2","0","2","","","","N","","","","","","","","","",""
"2010061802","","2","0","0","0","0","0","0","0","0","4","0","","02","6","2010","4","40.463648","-79.923495","","11","0","0","0","0","0","0","0","1","","0","0","0","","","1","","1","","40 27:49.131","","0","79 55:24.582","8","0","0","0","2301","0","0","0","N","0","0","0","2","02301","0","","1.0","","1","N","N","","0","","0","0","0","","2","","","2","1","0","0","0","1","0","2","0","2","","","","N","","","","","","","","","",""
"2010061803","","1","0","0","0","0","0","0","0","0","2","0","","02","6","2010","3","40.482253","-79.869824","","11","0","0","0","0","0","1","0","0","1","0","0","0","","","2","","0","","40 28:56.111","6","0","79 52:11.365","3","0","0","0","2113","0","0","0","N","0","0","0","2","02113","0","","1.0","","1","N","N","","0","","2","0","1","","0","N","","2","2","0","0","0","0","0","2","0","2","","","","N","","","","","","","","","",""
"2010061804","","2","0","0","0","0","0","0","0","0","4","0","","02","6","2010","2","40.333542","-80.024042","","11","0","0","0","0","0","0","2","0","","0","0","0","","","1","","1","","40 20:00.751","","0","80 01:26.550","4","0","0","0","2407","0","0","0","N","0","0","0","2","02407","1","","1.0","","1","N","N","","0","","0","0","0","","2","","","2","1","0","0","0","0","0","2","0","2","","","","N","","","","","","","","","",""
"2010061923","","0","0","0","0","0","0","0","0","0","4","0","","02","6","2010","3","40.571129","-80.037044","","11","0","0","0","0","0","1","0","1","2","0","0","0","","","2","","2","","40 34:16.064","1","0","80 02:13.358","8","0","0","0","2108","0","0","0","N","0","0","0","2","02108","0","","1.0","","1","N","N","","1","","0","0","1","","8","N","","2","2","0","0","0","2","0","2","0","2","","","","N","","","","","","","","","",""
"2010062122","","1","0","0","0","0","0","0","0","0","7","0","","02","6","2010","4","40.499141","-79.883933","","11","0","0","0","0","0","0","0","0","","0","0","0","","","1","","0","","40 29:56.909","","0","79 53:02.158","4","0","0","0","2432","0","0","0","N","0","0","0","1","02432","1","","5.0","","1","N","N","","0","","0","0","0","","0","","","1","1","0","0","0","0","0","2","0","1","","","","N","","","","","","","","","",""
"2010062126","","2","0","0","0","0","0","0","0","0","6","0","","02","6","2010","4","40.414177","-79.977731","","11","0","0","0","0","0","0","0","0","2","0","0","0","","","0","","1","","40 24:51.037","4","0","79 58:39.831","0","0","0","1","2301","0","0","0","N","0","0","0","0","02301","0","","4.0","","1","N","N","","0","","0","0","0","","3","Y","","3","0","0","0","0","0","0","2","0","3","","","","N","","","","","","","","","",""
"2010062129","","0","0","0","0","0","0","0","0","0","7","0","","02","6","2010","3","40.653967","-79.899801","","11","0","0","0","0","0","0","0","0","2","0","0","0","","","1","","0","","40 39:14.281","3","0","79 53:59.283","4","0","0","0","2220","0","0","0","N","0","0","0","1","02220","1","","4.0","","1","N","N","","1","","0","0","0","","0","Y","","1","1","0","0","0","0","0","1","0","1","","","","N","","","","","","","","","",""
"2010062147","","1","0","0","0","0","0","0","0","0","4","0","","02","6","2010","4","40.450916","-79.943053","","11","0","0","0","0","0","0","0","0","","0","0","0","","","0","","1","","40 27:03.297","","0","79 56:34.990","0","0","0","0","2301","0","0","0","N","0","0","0","2","02301","0","","1.0","","1","N","N","","0","","0","0","0","","2","","","2","0","0","0","0","0","0","2","1","2","","","","N","","","","","","","","","",""
"2010062153","","1","0","0","0","0","0","0","0","0","4","0","","02","7","2010","5","40.451129","-79.982469","","11","0","0","0","0","0","0","0","0","","0","0","0","","","1","","1","","40 27:04.064","","0","79 58:56.888","4","0","0","0","2301","0","0","0","N","0","0","0","4","02301","1","","1.0","","1","N","N","","0","","0","0","1","","2","","","2","1","0","0","0","0","0","2","0","2","","","","N","","","","","","","","","",""
"2010062155","","2","0","0","0","0","0","0","0","0","4","0","","02","6","2010","4","40.400176","-80.082773","","11","0","0","0","0","0","1","0","0","1","0","0","0","","","2","","2","","40 24:00.632","2","0","80 04:57.982","4","0","0","0","2415","0","0","0","N","0","0","0","3","02415","2","","1.0","","1","N","N","","0","","0","0","0","","3","N","","2","2","0","0","0","0","0","2","0","2","","","","N","","","","","","","","","",""
"2010062157","","0","0","0","0","0","0","0","0","0","7","0","","02","6","2010","4","40.343536","-79.953506","","11","0","0","0","0","0","0","0","0","1","0","0","0","","","1","","0","","40 20:36.730","2","0","79 57:12.620","8","0","0","1","2473","0","0","0","N","0","0","0","1","02473","0","","2.0","","1","N","N","","0","","0","0","0","","0","N","","1","1","0","0","0","1","0","2","0","1","","","","N","","","","","","","","","",""
"2010062163","","1","0","0","0","0","0","0","0","0","5","0","","02","6","2010","3","40.342731","-80.161579","","11","0","0","0","0","0","0","0","0","","0","0","0","","","0","","0","","40 20:33.831","","0","80 09:41.684","9","0","0","0","2119","0","0","0","N","0","0","0","1","02119","0","","2.0","","1","N","N","","0","","0","0","1","","0","","","2","0","0","0","0","0","1","2","0","2","","","","N","","","","","","","","","",""
"2010062168","","0","0","0","0","0","0","0","0","0","7","0","","02","7","2010","5","40.202323","-79.861988","","11","0","0","0","0","0","0","0","0","3","0","0","0","","","1","","0","","40 12:08.363","6","0","79 51:43.157","8","0","0","1","2204","0","0","0","N","0","0","0","1","02204","0","","2.0","","1","N","N","","0","","0","0","0","","0","N","","1","1","0","0","0","1","0","1","0","1","","","","N","","","","","","","","","",""
"2010062180","","1","0","0","0","0","0","0","0","0","4","1","","02","6","2010","6","40.427944","-79.926361","","11","0","0","0","0","0","0","0","0","2","0","1","0","","","2","","0","","40 25:40.598","3","0","79 55:34.900","4","0","0","0","2301","0","0","0","N","0","0","0","3","68B03","2","","1.0","","1","N","N","","0","","0","0","0","","0","N","","2","2","0","0","0","0","0","2","0","2","","","","N","","","","","","","","","",""
"2010062188","","0","0","0","0","0","0","0","0","0","7","0","","02","6","2010","2","40.49982","-79.86344","","11","0","0","0","0","0","1","0","0","2","0","0","0","","","1","","7","","40 29:59.353","1","2","79 51:48.385","3","0","0","0","2112","0","0","0","N","0","0","0","1","68D02","0","","5.0","","1","N","N","","1","","1","0","0","","0","N","","1","1","0","0","0","0","0","2","0","1","","","","N","","","","","","","","","",""
"2010062190","","1","0","0","0","0","0","0","0","0","7","0","","02","6","2010","5","40.530957","-79.849583","","11","0","0","0","0","0","0","0","0","","0","0","0","","","1","","0","","40 31:51.445","","0","79 50:58.499","4","0","0","0","2208","0","0","0","N","0","0","0","1","68D02","1","","2.0","","1","N","N","","0","","0","0","0","","0","","","1","1","0","0","0","0","0","2","0","1","","","","N","","","","","","","","","",""
"2010062232","","1","0","0","0","0","0","0","0","0","99","0","","02","6","2010","6","40.521588","-79.813867","","11","0","0","0","0","0","0","0","0","","0","0","0","","","0","","0","","40 31:17.715","","0","79 48:49.921","0","0","0","0","2466","0","0","0","N","0","0","0","1","68T02","0","","1.0","","1","N","N","","0","","0","0","0","","0","","","1","0","0","0","0","0","0","2","0","1","","","","N","","","","","","","","","",""
"2010062233","","1","0","0","0","0","0","0","0","0","4","0","","02","6","2010","3","40.53942","-79.827615","","11","0","0","1","0","0","0","0","0","","0","0","0","","","1","","3","","40 32:21.911","","0","79 49:39.414","4","0","0","0","2208","0","0","0","N","0","0","0","2","68T02","1","","1.0","","1","N","N","","0","","0","0","1","","0","","","2","1","0","0","0","0","0","2","0","2","","","","N","","","","","","","","","",""
"2010062261","","1","0","0","1","0","0","0","0","0","8","0","","02","5","2010","3","40.319243","-79.889979","","11","0","0","0","0","0","0","0","0","","0","0","0","","","1","","2","","40 19:09.274","","0","79 53:23.924","4","0","0","0","2433","1","0","0","N","0","0","0","2","02433","1","","1.0","","1","N","N","","0","","0","0","0","","3","","","2","1","0","0","0","0","1","2","0","1","","","","N","","","","","","","","","",""
"2010062276","","2","0","0","0","0","0","0","0","0","1","0","","02","5","2010","7","40.563517","-80.020108","","11","0","0","0","0","0","1","0","0","2","0","0","0","","","2","","0","","40 33:48.660","2","0","80 01:12.390","8","0","0","0","2108","0","0","0","N","0","0","0","2","02108","0","","1.0","","1","N","N","","0","","0","0","0","","0","Y","","2","2","0","0","0","2","0","2","0","2","","","","N","","","","","","","","","",""
"2010062277","","1","0","0","0","0","0","0","0","0","7","0","","02","6","2010","3","40.561194","-80.000318","","11","0","0","0","0","0","0","0","0","","0","0","0","","","2","","0","","40 33:40.298","","0","80 00:01.143","8","0","0","0","2108","0","0","0","N","0","0","0","2","02108","0","","5.0","","1","N","N","","0","","0","0","0","","0","","","1","2","0","0","0","2","0","2","0","1","","","","N","","","","","","","","","",""
"2010062344","","1","0","0","0","0","0","0","0","0","4","0","","02","6","2010","3","40.408401","-79.907146","","11","0","0","0","0","0","1","0","0","","0","0","0","","","1","","1","","40 24:30.243","","0","79 54:25.725","4","0","0","0","2448","0","0","0","N","0","0","0","2","02448","1","","1.0","","1","N","N","","0","","0","0","1","","0","","","2","1","0","0","0","0","0","2","0","2","","","","N","","","","","","","","","",""
"2010062357","","0","0","0","0","0","0","0","0","0","1","0","","02","6","2010","7","40.474215","-79.90821","","11","0","0","0","0","0","1","0","0","","0","0","0","","","0","","1","","40 28:27.175","","0","79 54:29.557","0","0","0","0","2301","0","0","0","N","0","0","0","2","02301","0","","1.0","","1","N","N","","0","","0","0","2","","2","","","2","0","0","0","0","0","0","2","0","2","","","","N","","","","","","","","","",""
"2010062369","","1","0","0","0","0","0","0","0","0","1","0","","02","7","2010","5","40.425799","-80.019809","","11","0","0","0","0","0","0","0","0","","0","0","0","","","1","","1","","40 25:32.876","","0","80 01:11.311","8","0","0","0","2301","0","0","0","N","0","0","0","3","02301","0","","1.0","","1","N","N","","0","","0","0","1","","2","","","2","1","1","0","0","1","0","2","0","2","","","","N","","","","","","","","","",""
"2010062371","","1","0","0","0","0","0","0","0","0","4","1","","02","6","2010","4","40.34862","-79.938984","","11","0","0","0","0","0","1","0","0","1","0","1","0","","","0","","0","","40 20:55.032","1","0","79 56:20.342","0","0","0","0","2473","0","0","0","N","0","0","0","2","02473","0","","1.0","","1","N","N","","0","","0","0","0","","0","N","","2","0","0","0","0","0","0","2","0","2","","","","N","","","","","","","","","",""
"2010062389","","0","0","0","0","0","0","0","0","0","1","0","","02","7","2010","5","40.372042","-79.926989","","11","0","0","0","0","0","0","0","0","1","0","0","0","","","0","","0","","40 22:19.351","2","0","79 55:37.160","0","0","0","0","2473","0","0","0","N","0","0","0","6","02473","0","","1.0","","1","N","N","","0","","0","0","2","","0","Y","","2","0","0","0","0","0","0","2","0","2","","","","N","","","","","","","","","",""
"2010062391","","0","0","0","0","0","0","0","0","0","7","0","","02","7","2010","5","","","","11","0","0","0","0","0","0","0","0","","0","0","0","","","0","","0","","","","0","","0","0","0","0","2419","0","0","0","N","0","0","0","1","02419","0","","5.0","","1","N","N","","0","","0","0","0","","0","","","1","0","0","0","0","0","0","1","1","1","","","","N","","","","","","","","","",""
"2010062393","","1","0","0","0","0","0","0","0","0","1","0","","02","6","2010","4","40.272644","-79.885196","","11","0","0","0","0","0","0","0","0","","0","0","0","","","0","","0","","40 16:21.518","","7","79 53:06.706","0","0","0","0","2473","0","0","0","N","0","0","0","3","02473","0","","1.0","","1","N","N","","1","","0","0","0","","1","","","2","0","0","0","0","0","0","2","0","2","","","","N","","","","","","","","","",""
"2010062404","","1","0","0","0","0","0","0","0","0","2","0","","02","7","2010","5","40.41241","-79.993109","","11","0","0","0","0","0","0","0","0","","0","0","0","","","0","","0","","40 24:44.676","","0","79 59:35.192","0","0","0","0","2301","0","0","0","N","0","0","0","0","02301","0","","6.0","","98","N","N","","0","","0","0","0","","3","","","2","0","0","0","0","0","0","2","0","2","","","","N","","","","","","","","","",""
"2010062411","","2","0","0","0","0","0","0","0","0","1","0","","02","6","2010","4","40.502811","-80.061431","","11","0","0","0","0","0","1","0","0","1","0","0","0","","","1","","1","","40 30:10.120","6","0","80 03:41.152","3","0","0","0","2404","0","0","0","N","0","0","0","5","02404","0","","1.0","","1","N","N","","0","","1","0","0","","0","N","","2","1","0","0","0","0","0","2","0","2","","","","N","","","","","","","","","",""
"2010062413","","0","0","0","0","0","0","0","0","0","8","0","","02","6","2010","3","40.611437","-79.837217","","11","0","0","0","0","0","0","0","0","","0","0","0","","","1","","2","","40 36:41.173","","0","79 50:13.981","4","0","0","0","2220","1","0","0","N","1","0","0","2","02220","1","","2.0","","1","N","N","","0","","0","0","0","","0","","","2","1","0","0","0","0","1","2","0","1","","","","N","","","","","","","","","",""
"2010062421","","0","0","0","0","0","0","0","0","0","4","0","","02","7","2010","5","40.455718","-79.938468","","11","0","0","0","0","0","0","0","0","2","0","0","0","","","0","","0","","40 27:20.584","2","0","79 56:18.484","0","0","0","0","2301","0","0","0","N","0","0","0","2","02301","0","","1.0","","1","N","N","","0","","0","0","2","","0","N","","2","0","0","0","0","0","0","2","0","2","","","","N","","","","","","","","","",""
"2010062424","","0","0","0","0","0","0","0","0","0","7","0","","02","7","2010","5","40.513825","-79.945415","","11","0","0","0","0","0","1","0","0","1","0","0","0","","","1","","0","","40 30:49.771","2","0","79 56:43.495","8","0","0","0","2118","0","0","0","N","0","0","0","1","02118","0","","2.0","","1","N","N","","0","","0","0","1","","0","N","","1","1","0","0","0","1","0","2","0","1","","","","N","","","","","","","","","",""
"2010062426","","0","0","0","0","0","0","0","0","0","99","0","","02","7","2010","5","40.381096","-80.214677","","11","0","0","0","0","0","0","0","0","","0","0","0","","","1","","0","","40 22:51.947","","0","80 12:52.838","3","0","0","1","2214","0","0","0","N","0","0","0","1","02214","0","","1.0","","1","N","N","","0","","1","0","0","","0","","","1","1","0","0","0","0","0","2","0","1","","","","N","","","","","","","","","",""
"2010062434","","0","0","0","0","0","0","0","0","0","8","0","","02","7","2010","5","40.451637","-80.001157","","11","0","0","0","0","0","0","0","0","","0","0","0","","","1","","2","","40 27:05.893","","0","80 00:04.165","8","0","0","0","2301","1","0","0","N","1","0","0","2","02301","0","","1.0","","1","N","N","","1","","0","0","0","","0","","","2","1","0","0","0","1","0","2","0","1","","","","N","","","","","","","","","",""