"CRN","ARRIVAL_TM","AUTOMOBILE_COUNT","BELTED_DEATH_COUNT","BELTED_SUSP_SERIOUS_INJ_COUNT","BICYCLE_COUNT","BICYCLE_DEATH_COUNT","BICYCLE_SUSP_SERIOUS_INJ_COUNT","BUS_COUNT","CHLDPAS_DEATH_COUNT","CHLDPAS_SUSP_SERIOUS_INJ_COUNT","COLLISION_TYPE","COMM_VEH_COUNT","CONS_ZONE_SPD_LIM","COUNTY","CRASH_MONTH","CRASH_YEAR","DAY_OF_WEEK","DEC_LATITUDE","DEC_LONGITUDE","DISPATCH_TM","DISTRICT","DRIVER_COUNT_16YR","DRIVER_COUNT_17YR","DRIVER_COUNT_18YR","DRIVER_COUNT_19YR","DRIVER_COUNT_20YR","DRIVER_COUNT_50_64YR","DRIVER_COUNT_65_74YR","DRIVER_COUNT_75PLUS","EST_HRS_CLOSED","FATAL_COUNT","HEAVY_TRUCK_COUNT","HORSE_BUGGY_COUNT","HOUR_OF_DAY","ILLUMINATION","INJURY_COUNT","INTERSECTION_RELATED","INTERSECT_TYPE","LANE_CLOSED","LATITUDE","LN_CLOSE_DIR","LOCATION_TYPE","LONGITUDE","MAX_SEVERITY_LEVEL","MCYCLE_DEATH_COUNT","MCYCLE_SUSP_SERIOUS_INJ_COUNT","MOTORCYCLE_COUNT","MUNICIPALITY","NONMOTR_COUNT","NONMOTR_DEATH_COUNT","NONMOTR_SUSP_SERIOUS_INJ_COUNT","NTFY_HIWY_MAINT","PED_COUNT","PED_DEATH_COUNT","PED_SUSP_SERIOUS_INJ_COUNT","PERSON_COUNT","POLICE_AGCY","POSSIBLE_INJ_COUNT","RDWY_SURF_TYPE_CD","RELATION_TO_ROAD","ROADWAY_CLEARED","ROAD_CONDITION","SCH_BUS_IND","SCH_ZONE_IND","SECONDARY_CRASH","SMALL_TRUCK_COUNT","SPEC_JURIS_CD","SUSP_MINOR_INJ_COUNT","SUSP_SERIOUS_INJ_COUNT","SUV_COUNT","TCD_FUNC_CD","TCD_TYPE","TFC_DETOUR_IND","TIME_OF_DAY","TOTAL_UNITS","TOT_INJ_COUNT","UNBELTED_OCC_COUNT","UNB_DEATH_COUNT","UNB_SUSP_SERIOUS_INJ_COUNT","UNK_INJ_DEG_COUNT","UNK_INJ_PER_COUNT","URBAN_RURAL","VAN_COUNT","VEHICLE_COUNT","WEATHER1","WEATHER2","WORKERS_PRES","WORK_ZONE_IND","WORK_ZONE_LOC","WORK_ZONE_TYPE","WZ_CLOSE_DETOUR","WZ_FLAGGER","WZ_LAW_OFFCR_IND","WZ_LN_CLOSURE","WZ_MOVING","WZ_OTHER","WZ_SHLDER_MDN","WZ_WORKERS_INJ_KILLED"
"2010063954","","1","0","0","0","0","0","1","0","0","4","1","99","02","7","2010","5","40.51448","-80.115444","","11","0","0","0","0","0","1","0","0","1","0","0","0","","","1","","6","","40 30:52.127","2","2","80 06:55.598","4","0","0","0","2211","0","0","0","N","0","0","0","5","02503","1","","1.0","","1","N","N","","0","","0","0","0","","4","N","","2","1","1","0","0","0","0","2","0","2","","","Y","Y","4","2","","","N","","","Y","",""
"2010063955","","4","0","0","0","0","0","0","0","0","4","0","","02","7","2010","5","40.459535","-79.937379","","11","0","0","0","0","0","0","0","0","","0","0","0","","","0","","1","","40 27:34.326","","0","79 56:14.564","0","0","0","0","2301","0","0","0","N","0","0","0","2","02301","0","","1.0","","1","N","N","","0","","0","0","0","","0","","","4","0","0","0","0","0","0","2","0","4","","","","N","","","","","","","","","",""
"2010063957","","2","0","0","0","0","0","0","0","0","1","0","","02","7","2010","5","40.45955","-79.926359","","11","0","0","0","0","0","0","0","0","","0","0","0","","","0","","1","","40 27:34.380","","0","79 55:34.892","9","0","0","0","2301","0","0","0","N","0","0","0","3","02301","0","","1.0","","1","N","N","","0","","0","0","0","","2","","","2","0","0","0","0","0","1","2","0","2","","","","N","","","","","","","","","",""
"2010063959","","2","0","0","0","0","0","0","0","0","1","0","35","02","7","2010","5","40.548491","-79.83707","","11","0","0","0","0","0","0","1","0","","0","0","0","","","0","","0","","40 32:54.567","","0","79 50:13.452","0","0","0","0","2208","0","0","0","N","0","0","0","3","02208","0","","1.0","","1","N","N","","0","","0","0","0","","7","","","2","0","0","0","0","0","0","2","0","2","","","Y","Y","4","1","","Y","N","Y","","","",""
"2010063973","","0","0","0","0","0","0","0","0","0","4","0","","02","7","2010","5","40.454125","-79.906268","","11","0","0","0","0","0","1","1","0","","0","0","0","","","0","","1","","40 27:14.851","","0","79 54:22.563","0","0","0","0","2301","0","0","0","N","0","0","0","2","02301","0","","1.0","","1","N","N","","0","","0","0","1","","3","","","2","0","0","0","0","0","0","2","1","2","","","","N","","","","","","","","","",""
"2010063979","","1","0","0","0","0","0","0","0","0","4","0","90","02","7","2010","5","40.616058","-80.093251","","11","0","0","0","0","0","1","0","0","2","0","0","0","","","0","","1","","40 36:57.808","4","0","80 05:35.702","0","0","0","0","2212","0","0","0","N","0","0","0","3","02505","0","","1.0","","1","N","N","","1","","0","0","0","","2","N","","2","0","0","0","0","0","0","2","0","2","","","Y","Y","4","1","","","N","Y","Y","","Y",""
"2010063981","","0","0","0","0","0","0","0","0","0","7","0","","02","7","2010","5","40.412647","-79.820183","","11","0","0","0","0","0","0","0","0","","0","0","0","","","0","","0","","40 24:45.529","","0","79 49:12.659","0","0","0","1","2467","0","0","0","N","0","0","0","1","02467","0","","2.0","","1","N","N","","0","","0","0","0","","0","","","1","0","0","0","0","0","0","2","0","1","","","","N","","","","","","","","","",""
"2010063983","","0","0","0","0","0","0","0","0","0","4","0","","02","7","2010","5","40.458613","-79.908014","","11","0","0","0","0","0","0","0","0","3","1","0","0","","","0","","1","","40 27:31.005","4","0","79 54:28.849","1","1","0","1","2301","0","0","0","N","0","0","0","3","02301","0","2","1.0","","1","N","N","","0","0","0","0","0","","2","Y","","2","0","0","0","0","0","0","2","1","2","","","","N","","","","","","","","","",""
"2010063987","","1","0","0","0","0","0","0","0","0","5","0","","02","7","2010","5","40.484339","-80.014443","","11","0","0","0","0","0","0","0","0","1","0","0","0","","","0","","2","","40 29:03.621","1","0","80 00:51.993","0","0","0","0","2301","0","0","0","N","0","0","0","1","02301","0","","1.0","","1","N","N","","0","","0","0","1","","0","N","","3","0","0","0","0","0","0","2","1","3","","","","N","","","","","","","","","",""
"2010063991","","0","0","0","0","0","0","0","0","0","7","0","","02","7","2010","5","40.379139","-79.907597","","11","0","0","0","0","0","0","0","0","5","0","0","0","","","0","","0","","40 22:44.900","5","0","79 54:27.349","0","0","0","0","2448","0","0","0","","0","0","0","1","02448","0","","5.0","","1","","","","0","","0","0","1","","0","Y","","1","0","0","0","0","0","0","2","0","1","","","","N","","","","","","","","","",""
"2010063992","","0","0","0","0","0","0","0","0","0","0","0","","02","7","2010","6","40.523247","-79.990419","","11","0","0","0","0","0","0","0","0","1","0","0","0","","","1","","0","","40 31:23.690","2","0","79 59:25.510","4","0","0","1","2116","0","0","0","N","0","0","0","1","02116","1","","1.0","","1","N","N","","0","","0","0","0","","0","N","","1","1","0","0","0","0","0","2","0","1","","","","N","","","","","","","","","",""
"2010063996","","0","0","0","0","0","0","0","0","0","8","0","","02","7","2010","6","40.524736","-80.016225","","11","0","0","0","0","0","0","0","0","","0","0","0","","","1","","0","","40 31:29.050","","7","80 00:58.410","3","0","0","0","2116","3","0","0","N","3","0","0","5","02116","0","","6.0","","1","N","N","","1","","1","0","0","","0","","","4","1","0","0","0","0","0","2","0","1","","","","N","","","","","","","","","",""
"2010063997","","3","0","0","0","0","0","0","0","0","5","0","","02","7","2010","5","40.375384","-79.905219","","11","0","0","0","0","0","0","0","0","2","0","0","0","","","0","","0","","40 22:31.381","6","0","79 54:18.787","0","0","0","0","2448","0","0","0","N","0","0","0","1","02448","0","","2.0","","1","N","N","","0","","0","0","0","","0","N","","3","0","0","0","0","0","0","2","0","3","","","","N","","","","","","","","","",""
"2010063998","","0","0","0","0","0","0","0","0","0","7","0","","02","7","2010","5","40.334788","-79.823064","","11","0","0","0","0","0","0","0","0","","0","0","0","","","0","","0","","40 20:05.236","","0","79 49:23.031","0","0","0","0","2304","0","0","0","N","0","0","0","1","02304","0","","5.0","","1","N","N","","1","","0","0","0","","0","","","1","0","0","0","0","0","0","2","0","1","","","","N","","","","","","","","","",""
"2010064003","","1","0","0","0","0","0","0","0","0","1","0","","02","7","2010","5","40.413416","-80.009926","","11","0","0","0","0","0","0","0","0","","0","0","0","","","0","","0","","40 24:48.297","","4","80 00:35.733","0","0","0","0","2301","0","0","0","","0","0","0","4","02301","0","","1.0","","1","","","","0","","0","0","1","","0","","","2","0","0","0","0","0","0","2","0","2","","","","N","","","","","","","","","",""
"2010064007","","1","0","0","0","0","0","0","0","0","0","0","","02","6","2010","3","40.4366","-79.742711","","11","0","1","0","0","0","0","0","0","","0","0","0","","","2","","0","","40 26:11.760","","0","79 44:33.760","2","0","0","0","2446","0","0","0","N","0","0","0","2","02446","0","","2.0","","1","N","N","","0","","1","1","0","","0","","","2","2","0","0","0","0","0","2","0","2","","","","N","","","","","","","","","",""
"2010064010","","1","0","0","0","0","0","0","0","0","1","0","","02","7","2010","4","40.389791","-79.932833","","11","0","0","0","0","0","1","0","0","","0","0","0","","","0","","2","","40 23:23.246","","0","79 55:58.200","0","0","0","0","2301","0","0","0","N","0","0","0","2","02301","0","","1.0","","1","N","N","","0","","0","0","1","","3","","","2","0","0","0","0","0","0","2","0","2","","","","N","","","","","","","","","",""
"2010064011","","0","0","0","0","0","0","0","0","0","7","0","","02","7","2010","6","40.449388","-80.002403","","11","0","0","0","0","0","0","0","0","2","0","0","0","","","1","","7","","40 26:57.796","3","2","80 00:08.651","3","0","0","1","2301","0","0","0","N","0","0","0","1","02301","0","","2.0","","1","N","N","","0","","1","0","0","","0","N","","1","1","0","0","0","0","0","2","0","1","","","","N","","","","","","","","","",""
"2010064013","","1","0","0","0","0","0","0","0","0","1","1","","02","6","2010","2","40.541384","-79.77817","","11","0","0","0","0","0","0","0","1","9","0","1","0","","","0","","0","","40 32:28.982","1","0","79 46:41.411","0","0","0","0","2462","0","0","0","N","0","0","0","2","02462","0","","1.0","","1","N","N","","0","","0","0","0","","0","N","","2","0","1","0","0","0","0","2","0","2","","","","N","","","","","","","","","",""
"2010064019","","2","0","0","0","0","0","0","0","0","4","0","","02","7","2010","5","40.35151","-79.865072","","11","0","0","0","0","0","1","0","0","","0","0","0","","","0","","2","","40 21:05.436","","0","79 51:54.259","0","0","0","0","2304","0","0","0","N","0","0","0","2","02304","0","","1.0","","1","N","N","","0","","0","0","0","","2","","","2","0","1","0","0","0","0","2","0","2","","","","N","","","","","","","","","",""
"2010064022","","1","0","0","0","0","0","0","0","0","1","0","","02","7","2010","5","40.436719","-79.827207","","11","0","0","0","0","0","0","0","0","","0","0","0","","","1","","2","","40 26:12.190","","0","79 49:37.944","8","0","0","0","2419","0","0","0","N","0","0","0","5","02419","0","","1.0","","1","N","N","","0","","0","0","1","","0","","","2","1","0","0","0","1","0","2","0","2","","","","N","","","","","","","","","",""
"2010064030","","2","0","0","0","0","0","0","0","0","4","0","","02","6","2010","3","","","","11","0","0","1","0","0","0","0","0","1","0","0","0","","","1","","2","","","6","0","","8","0","0","0","2479","0","0","0","N","0","0","0","4","02111","0","","1.0","","1","N","N","","0","","0","0","0","","0","N","","2","1","0","0","0","1","0","1","0","2","","","","N","","","","","","","","","",""
"2010064045","","1","0","0","0","0","0","0","0","0","7","0","","02","7","2010","2","40.43435","-80.099661","","11","0","0","0","0","0","1","0","0","","0","0","0","","","0","","0","","40 26:03.660","","0","80 05:58.780","0","0","0","0","2115","0","0","0","N","0","0","0","1","02115","0","","5.0","","1","N","N","","0","","0","0","0","","0","","","1","0","0","0","0","0","0","2","0","1","","","","N","","","","","","","","","",""
"2010064046","","1","0","0","0","0","0","0","0","0","4","0","","02","6","2010","3","40.430757","-80.134568","","11","0","0","0","0","1","0","0","0","","0","0","0","","","1","","2","","40 25:50.725","","0","80 08:04.444","4","0","0","0","2115","0","0","0","N","0","0","0","3","02115","1","","1.0","","1","N","N","","0","","0","0","0","","0","","","2","1","0","0","0","0","0","2","1","2","","","","N","","","","","","","","","",""
"2010064048","","2","0","0","0","0","0","0","0","0","1","0","","02","7","2010","2","40.504509","-80.143441","","11","0","0","0","0","0","0","0","0","1","0","0","0","","","1","","2","","40 30:16.234","2","0","80 08:36.386","4","0","0","0","2115","0","0","0","N","0","0","0","3","02115","1","","1.0","","1","N","N","","0","","0","0","0","","0","N","","2","1","0","0","0","0","0","2","0","2","","","","N","","","","","","","","","",""
"2010064049","","2","0","0","0","0","0","0","0","0","2","0","","02","7","2010","4","40.465989","-80.135505","","11","0","0","0","0","0","1","0","0","1","0","0","0","","","1","","2","","40 27:57.560","3","0","80 08:07.818","8","0","0","0","2115","0","0","0","N","0","0","0","6","02115","0","","1.0","","1","N","N","","0","","0","0","0","","0","N","","3","1","0","0","0","1","0","2","1","3","","","","N","","","","","","","","","",""
"2010064051","","1","0","0","0","0","0","0","0","0","1","0","35","02","6","2010","5","40.494807","-80.206889","","11","0","0","0","0","0","0","0","0","","0","0","0","","","2","","6","","40 29:41.305","","2","80 12:24.801","4","0","0","0","2213","0","0","0","N","0","0","0","2","02213","2","","1.0","","1","N","N","","0","","0","0","1","","3","","","2","2","1","0","0","0","0","2","0","2","","","Y","Y","4","1","N","N","Y","Y","Y","N","Y",""
"2010064055","","1","0","0","0","0","0","0","0","0","1","0","","02","7","2010","4","40.3319","-80.0524","","11","0","0","0","0","0","1","0","0","","0","0","0","","","1","","3","","40 19:54.840","","0","80 03:08.640","8","0","0","0","2407","0","0","0","N","0","0","0","3","02407","0","","1.0","","1","N","N","","1","","0","0","1","","3","","","3","1","0","0","0","1","0","2","0","3","","","","N","","","","","","","","","",""
"2010064070","","1","0","0","0","0","0","0","0","0","4","0","","02","7","2010","5","40.450672","-80.023482","","11","0","0","0","0","0","1","0","0","1","0","0","0","","","1","","1","","40 27:02.419","4","0","80 01:24.535","8","0","0","0","2301","0","0","0","N","0","0","0","4","02301","0","","1.0","","1","N","N","","0","","0","0","1","","2","N","","2","1","0","0","0","1","0","2","0","2","","","","N","","","","","","","","","",""
"2010064082","","1","0","0","0","0","0","0","0","0","7","0","","02","7","2010","6","40.398981","-80.021464","","11","0","0","0","0","0","0","0","0","1","0","0","0","","","1","","0","","40 23:56.331","1","0","80 01:17.270","8","0","0","0","2301","0","0","0","N","0","0","0","1","02301","0","","5.0","","1","N","N","","0","","0","0","0","","0","N","","1","1","1","0","0","1","0","2","0","1","","","","N","","","","","","","","","",""
"2010064211","","1","0","0","0","0","0","0","0","0","7","0","","02","6","2010","4","40.545593","-80.083581","","11","0","0","1","0","0","0","0","0","","0","0","0","","","0","","0","","40 32:44.135","","0","80 05:00.892","0","0","0","0","2215","0","0","0","N","0","0","0","1","68B03","0","","4.0","","1","N","N","","0","","0","0","0","","0","","","1","0","0","0","0","0","0","2","0","1","","","","N","","","","","","","","","",""
"2010064212","","1","0","0","0","0","0","0","0","0","1","0","","02","7","2010","5","40.4289","-79.932028","","11","0","0","0","0","0","0","0","0","","0","0","0","","","0","","6","","40 25:44.039","","2","79 55:55.300","0","0","0","0","2301","0","0","0","N","0","0","0","2","68B03","0","","1.0","","1","N","N","","0","","0","0","1","","3","","","2","0","0","0","0","0","0","2","0","2","","","","N","","","","","","","","","",""
"2010064213","","2","0","0","0","0","0","0","0","0","1","0","","02","7","2010","7","40.420265","-80.046375","","11","0","0","0","0","0","1","0","0","","0","0","0","","","3","","6","","40 25:12.954","","2","80 02:46.951","4","0","0","0","2435","0","0","0","N","0","0","0","4","68B03","3","","1.0","","1","N","N","","0","","0","0","0","","4","","","2","3","0","0","0","0","1","2","0","2","","","","N","","","","","","","","","",""
"2010064599","","1","0","0","0","0","0","0","0","0","7","0","","02","6","2010","1","40.538605","-79.822364","","11","0","0","0","0","0","1","0","0","2","0","0","0","","","2","","0","","40 32:18.979","4","3","79 49:20.510","4","0","0","0","2208","0","0","0","N","0","0","0","2","68T02","2","","3.0","","1","N","N","","0","","0","0","0","","0","N","","1","2","0","0","0","0","0","2","0","1","","","","N","","","","","","","","","",""
"2010064600","","0","0","0","0","0","0","0","0","0","99","0","55","02","7","2010","5","40.646339","-80.033966","","11","0","0","0","0","0","0","0","0","","0","0","0","","","0","","0","","40 38:46.822","","0","80 02:02.276","0","0","0","0","2216","0","0","0","N","0","0","0","1","68T02","0","","1.0","","1","N","N","","0","","0","0","1","","0","","","1","0","0","0","0","0","0","2","0","1","","","N","Y","4","1","N","N","N","N","Y","N","N",""
"2010064601","","0","0","0","0","0","0","0","0","0","7","0","55","02","7","2010","2","40.639996","-80.00721","","11","0","0","0","0","0","0","0","0","","0","0","0","","","1","","0","","40 38:23.986","","0","80 00:25.955","4","0","0","0","2216","0","0","0","N","0","0","0","4","68T02","1","","2.0","","1","N","N","","0","","0","0","0","","0","","","1","1","0","0","0","0","0","1","1","1","","","N","Y","8","1","N","N","N","N","N","N","Y",""
"2010064789","","1","0","0","0","0","0","0","0","0","4","0","","02","7","2010","6","40.376456","-80.06749","","11","0","0","0","0","0","1","0","0","","0","0","0","","","0","","0","","40 22:35.241","","0","80 04:02.964","0","0","0","0","2109","0","0","0","N","0","0","0","2","02109","0","","1.0","","1","N","N","","0","","0","0","1","","2","","","2","0","0","0","0","0","0","2","0","2","","","","N","","","","","","","","","",""
"2010064803","","1","0","0","0","0","0","0","0","0","4","0","","02","7","2010","6","40.337079","-79.809473","","11","0","0","0","0","0","0","0","1","1","0","0","0","","","3","","2","","40 20:13.486","5","0","79 48:34.102","8","0","0","0","2477","0","0","0","N","0","0","0","4","02477","0","","1.0","","1","N","N","","0","","0","0","0","","0","Y","","2","3","0","0","0","3","1","2","1","2","","","","N","","","","","","","","","",""
"2010064807","","1","0","0","0","0","0","0","0","0","7","0","","02","7","2010","5","40.438083","-79.997604","","11","0","0","0","0","0","1","0","0","1","0","0","0","","","0","","0","","40 26:17.098","4","0","79 59:51.374","0","0","0","0","2301","0","0","0","N","0","0","0","1","02301","0","","1.0","","1","N","N","","0","","0","0","0","","0","N","","1","0","0","0","0","0","0","2","0","1","","","","N","","","","","","","","","",""
"2010064835","","1","0","0","0","0","0","0","0","0","4","0","","02","7","2010","5","40.454076","-79.996814","","11","0","0","0","0","0","1","0","0","1","0","0","0","","","0","","1","","40 27:14.672","4","2","79 59:48.532","0","0","0","0","2301","0","0","0","N","0","0","0","3","02301","0","","1.0","","1","N","N","","0","","0","0","1","","2","Y","","2","0","0","0","0","0","0","2","0","2","","","","N","","","","","","","","","",""
"2010064836","","2","0","0","0","0","0","0","0","0","1","0","","02","7","2010","6","40.440721","-80.231968","","11","0","0","0","0","0","0","0","0","","0","0","0","","","0","","0","","40 26:26.595","","0","80 13:55.084","0","0","0","0","2214","0","0","0","N","0","0","0","3","02214","0","","1.0","","9","N","N","","0","","0","0","0","","0","","","2","0","0","0","0","0","0","2","0","2","","","","N","","","","","","","","","",""
"2010064845","","2","0","0","0","0","0","0","0","0","5","0","","02","7","2010","6","40.487594","-79.882433","","11","0","0","0","0","0","0","0","0","","0","0","0","","","0","","0","","40 29:15.340","","0","79 52:56.760","0","0","0","0","2112","0","0","0","N","0","0","0","3","02112","0","","1.0","","9","N","N","","0","","0","0","0","","0","","","2","0","0","0","0","0","0","2","0","2","","","","N","","","","","","","","","",""
"2010064849","","2","0","0","0","0","0","0","0","0","1","0","","02","7","2010","6","40.420079","-80.005442","","11","0","0","0","0","0","0","0","0","2","0","0","0","","","1","","0","","40 25:12.283","1","4","80 00:19.590","4","0","0","0","2301","0","0","0","N","0","0","0","5","02301","1","","1.0","","9","N","N","","0","","0","0","1","","0","N","","3","1","0","0","0","0","0","2","0","3","","","","N","","","","","","","","","",""
"2010064851","","2","0","0","0","0","0","0","0","0","4","0","","02","7","2010","6","40.464114","-79.925068","","11","0","0","1","0","0","0","1","0","","0","0","0","","","0","","1","","40 27:50.810","","0","79 55:30.245","0","0","0","0","2301","0","0","0","N","0","0","0","2","02301","0","","1.0","","9","N","N","","0","","0","0","0","","0","","","2","0","0","0","0","0","0","2","0","2","","","","N","","","","","","","","","",""
"2010064859","","1","0","0","0","0","0","0","0","0","5","0","","02","7","2010","5","40.33874","-79.894571","","11","0","0","0","0","0","1","0","0","2","0","0","0","","","1","","0","","40 20:19.463","2","0","79 53:40.455","3","0","0","1","2473","0","0","0","N","0","0","0","2","02473","0","","1.0","","1","N","N","","0","","1","0","0","","0","N","","2","1","0","0","0","0","0","2","0","2","","","","N","","","","","","","","","",""
"2010064864","","2","0","0","0","0","0","0","0","0","1","0","","02","7","2010","6","40.414114","-80.00951","","11","0","0","0","0","0","0","0","0","","0","0","0","","","0","","1","","40 24:50.811","","4","80 00:34.237","0","0","0","0","2301","0","0","0","N","0","0","0","2","02301","0","","1.0","","9","N","N","","0","","0","0","0","","0","","","2","0","0","0","0","0","0","2","0","2","","","","N","","","","","","","","","",""
"2010064865","","1","0","0","0","0","0","0","0","0","1","0","","02","7","2010","6","40.43135","-79.839073","","11","0","1","0","1","0","0","0","0","","0","0","0","","","0","","2","","40 25:52.859","","0","79 50:20.661","0","0","0","0","2419","0","0","0","N","0","0","0","4","02419","0","","1.0","","9","N","N","","1","","0","0","0","","0","","","2","0","0","0","0","0","0","2","0","2","","","","N","","","","","","","","","",""
"2010064903","","1","0","0","0","0","0","0","0","0","1","0","","02","7","2010","5","40.495941","-79.912469","","11","0","1","0","0","0","0","0","0","","0","0","0","","","0","","6","","40 29:45.389","","2","79 54:44.887","0","0","0","0","2461","0","0","0","N","0","0","0","2","68D02","0","","1.0","","1","N","N","","0","","0","0","0","","4","","","2","0","0","0","0","0","0","2","1","2","","","","N","","","","","","","","","",""
"2010064957","","1","0","0","0","0","0","0","0","0","7","0","","02","7","2010","6","40.449879","-80.025708","","11","0","0","0","0","0","0","0","0","","0","0","0","","","0","","7","","40 26:59.563","","3","80 01:32.550","0","0","0","0","2301","0","0","0","N","0","0","0","3","02301","0","","5.0","","9","N","N","","0","","0","0","0","","0","","","1","0","0","0","0","0","0","2","0","1","","","","N","","","","","","","","","",""
"2010064958","","1","0","0","0","0","0","0","0","0","4","0","","02","7","2010","6","40.494913","-79.749958","","11","0","0","0","0","0","1","0","0","1","0","0","0","","","1","","2","","40 29:41.687","6","0","79 44:59.849","8","0","0","0","2466","0","0","0","N","0","0","0","2","02466","0","","1.0","","9","N","N","","1","","0","0","0","","3","Y","","2","1","0","0","0","1","0","2","0","2","","","","N","","","","","","","","","",""
"2010064963","","0","0","0","0","0","0","0","0","0","7","0","","02","6","2010","7","40.252358","-79.888033","","11","0","0","0","0","0","0","0","0","2","0","0","0","","","1","","0","","40 15:08.490","1","0","79 53:16.920","3","0","0","0","2204","0","0","0","N","0","0","0","1","02204","0","","5.0","","1","N","N","","0","","1","0","1","","0","Y","","1","1","0","0","0","0","0","1","0","1","","","","N","","","","","","","","","",""
"2010064969","","2","0","0","0","0","0","0","0","0","1","0","","02","7","2010","6","40.443997","-80.002735","","11","0","0","0","0","0","1","0","0","2","0","0","0","","","2","","1","","40 26:38.389","3","0","80 00:09.846","8","0","0","0","2301","0","0","0","N","0","0","0","2","02301","0","","1.0","","9","N","N","","0","","0","0","0","","2","N","","2","2","0","0","0","2","0","2","0","2","","","","N","","","","","","","","","",""
"2010064971","","2","0","0","0","0","0","0","0","0","4","0","","02","7","2010","6","40.418157","-79.924273","","11","0","1","0","0","0","0","0","0","","0","0","0","","","0","","2","","40 25:05.365","","0","79 55:27.382","0","0","0","0","2301","0","0","0","N","0","0","0","3","02301","0","","1.0","","9","N","N","","0","","0","0","0","","3","","","2","0","0","0","0","0","0","2","0","2","","","","N","","","","","","","","","",""
"2010064972","","1","0","0","0","0","0","0","0","0","7","0","","02","7","2010","6","40.507288","-80.155512","","11","0","0","0","0","0","0","0","0","1","0","0","0","","","0","","0","","40 30:26.236","5","0","80 09:19.843","0","0","0","0","2420","0","0","0","Y","0","0","0","2","02420","0","","2.0","","9","N","N","","0","","0","0","0","","0","N","","1","0","0","0","0","0","0","2","0","1","","","","N","","","","","","","","","",""
"2010064994","","1","0","0","0","0","0","0","0","0","1","0","35","02","7","2010","6","40.464747","-79.979783","","11","0","0","0","0","1","0","0","0","2","0","0","0","","","4","","2","","40 27:53.088","1","0","79 58:47.220","3","0","0","0","2301","0","0","0","N","0","0","0","7","02118","0","","1.0","","1","N","N","","0","","4","0","0","","0","N","","3","4","0","0","0","0","0","2","2","3","","","Y","Y","3","1","","","N","Y","","","",""
"2010065010","","1","0","0","0","0","0","0","0","0","7","0","","02","7","2010","6","40.551462","-79.894469","","11","0","0","0","0","0","0","0","0","1","0","0","0","","","1","","0","","40 33:05.264","3","0","79 53:40.088","4","0","0","0","2209","0","0","0","N","0","0","0","4","02209","1","","4.0","","9","N","N","","0","","0","0","0","","0","N","","1","1","1","0","0","0","0","2","0","1","","","","N","","","","","","","","","",""
"2010065011","","0","0","0","0","0","0","0","0","0","4","0","","02","7","2010","6","40.391058","-80.039464","","11","0","0","0","0","0","0","0","0","","0","0","0","","","0","","2","","40 23:27.807","","0","80 02:22.069","0","0","0","0","2422","0","0","0","N","0","0","0","2","02422","0","","1.0","","9","N","N","","2","","0","0","0","","0","","","2","0","0","0","0","0","0","2","0","2","","","","N","","","","","","","","","",""
"2010065025","","0","0","0","0","0","0","0","0","0","7","0","","02","7","2010","3","40.435958","-79.974449","","11","0","0","0","0","0","0","0","0","","0","0","0","","","0","","0","","40 26:09.450","","0","79 58:28.017","0","0","0","0","2301","0","0","0","N","0","0","0","1","68B03","0","","2.0","","1","N","N","","0","","0","0","1","","0","","","1","0","0","0","0","0","0","2","0","1","","","","N","","","","","","","","","",""
"2010065026","","3","0","0","0","0","0","0","0","0","1","0","45","02","7","2010","5","40.442926","-79.784044","","11","0","0","0","0","0","0","0","1","1","0","0","0","","","1","","0","","40 26:34.535","3","0","79 47:02.557","4","0","0","0","2446","0","0","0","N","0","0","0","7","68B03","1","","1.0","","1","N","N","","1","","0","0","0","","0","N","","4","1","0","0","0","0","0","2","0","4","","","N","Y","8","1","N","N","N","Y","N","N","Y",""
"2010065132","","1","0","0","0","0","0","0","0","0","4","0","","02","6","2010","6","40.558059","-80.02665","","11","0","0","0","0","0","0","0","1","","0","0","0","","","0","","0","","40 33:29.011","","0","80 01:35.941","0","0","0","0","2108","0","0","0","N","0","0","0","2","02108","0","","1.0","","1","N","N","","0","","0","0","1","","0","","","2","0","0","0","0","0","0","2","0","2","","","","N","","","","","","","","","",""
"2010065141","","0","0","0","0","0","0","0","0","0","7","0","","02","7","2010","7","40.501502","-80.061369","","11","0","0","0","0","0","0","0","0","","0","0","0","","","1","","2","","40 30:05.406","","0","80 03:40.929","3","0","0","1","2404","0","0","0","N","0","0","0","1","02404","0","","1.0","","1","N","N","","0","","1","0","0","","0","","","1","1","0","0","0","0","0","2","0","1","","","","N","","","","","","","","","",""
"2010065147","","0","0","0","0","0","0","0","0","0","4","0","","02","7","2010","6","40.531991","-80.066178","","11","0","0","0","0","0","1","0","0","","0","0","0","","","1","","0","","40 31:55.167","","0","80 03:58.239","4","0","0","0","2116","0","0","0","N","0","0","0","3","02116","1","","1.0","","1","N","N","","0","","0","0","0","","0","","","2","1","0","0","0","0","0","2","2","2","","","","N","","","","","","","","","",""
"2010065149","","2","0","0","0","0","0","0","0","0","5","0","","02","6","2010","7","40.408538","-79.907964","","11","0","0","0","0","0","0","0","0","1","0","0","0","","","0","","0","","40 24:30.736","4","0","79 54:28.669","0","0","0","0","2438","0","0","0","N","0","0","0","1","02438","0","","6.0","","1","N","N","","0","","0","0","1","","0","Y","","3","0","0","0","0","0","0","2","0","3","","","","N","","","","","","","","","",""
"2010065154","","2","0","0","0","0","0","0","0","0","1","0","","02","7","2010","4","40.547572","-80.036756","","11","0","0","0","0","0","1","1","0","","0","0","0","","","0","","1","","40 32:51.259","","0","80 02:12.321","0","0","0","0","2116","0","0","0","N","0","0","0","2","02116","0","","1.0","","1","N","N","","0","","0","0","0","","2","","","2","0","0","0","0","0","0","2","0","2","","","","N","","","","","","","","","",""