"CRN","ARRIVAL_TM","AUTOMOBILE_COUNT","BELTED_DEATH_COUNT","BELTED_SUSP_SERIOUS_INJ_COUNT","BICYCLE_COUNT","BICYCLE_DEATH_COUNT","BICYCLE_SUSP_SERIOUS_INJ_COUNT","BUS_COUNT","CHLDPAS_DEATH_COUNT","CHLDPAS_SUSP_SERIOUS_INJ_COUNT","COLLISION_TYPE","COMM_VEH_COUNT","CONS_ZONE_SPD_LIM","COUNTY","CRASH_MONTH","CRASH_YEAR","DAY_OF_WEEK","DEC_LATITUDE","DEC_LONGITUDE","DISPATCH_TM","DISTRICT","DRIVER_COUNT_16YR","DRIVER_COUNT_17YR","DRIVER_COUNT_18YR","DRIVER_COUNT_19YR","DRIVER_COUNT_20YR","DRIVER_COUNT_50_64YR","DRIVER_COUNT_65_74YR","DRIVER_COUNT_75PLUS","EST_HRS_CLOSED","FATAL_COUNT","HEAVY_TRUCK_COUNT","HORSE_BUGGY_COUNT","HOUR_OF_DAY","ILLUMINATION","INJURY_COUNT","INTERSECTION_RELATED","INTERSECT_TYPE","LANE_CLOSED","LATITUDE","LN_CLOSE_DIR","LOCATION_TYPE","LONGITUDE","MAX_SEVERITY_LEVEL","MCYCLE_DEATH_COUNT","MCYCLE_SUSP_SERIOUS_INJ_COUNT","MOTORCYCLE_COUNT","MUNICIPALITY","NONMOTR_COUNT","NONMOTR_DEATH_COUNT","NONMOTR_SUSP_SERIOUS_INJ_COUNT","NTFY_HIWY_MAINT","PED_COUNT","PED_DEATH_COUNT","PED_SUSP_SERIOUS_INJ_COUNT","PERSON_COUNT","POLICE_AGCY","POSSIBLE_INJ_COUNT","RDWY_SURF_TYPE_CD","RELATION_TO_ROAD","ROADWAY_CLEARED","ROAD_CONDITION","SCH_BUS_IND","SCH_ZONE_IND","SECONDARY_CRASH","SMALL_TRUCK_COUNT","SPEC_JURIS_CD","SUSP_MINOR_INJ_COUNT","SUSP_SERIOUS_INJ_COUNT","SUV_COUNT","TCD_FUNC_CD","TCD_TYPE","TFC_DETOUR_IND","TIME_OF_DAY","TOTAL_UNITS","TOT_INJ_COUNT","UNBELTED_OCC_COUNT","UNB_DEATH_COUNT","UNB_SUSP_SERIOUS_INJ_COUNT","UNK_INJ_DEG_COUNT","UNK_INJ_PER_COUNT","URBAN_RURAL","VAN_COUNT","VEHICLE_COUNT","WEATHER1","WEATHER2","WORKERS_PRES","WORK_ZONE_IND","WORK_ZONE_LOC","WORK_ZONE_TYPE","WZ_CLOSE_DETOUR","WZ_FLAGGER","WZ_LAW_OFFCR_IND","WZ_LN_CLOSURE","WZ_MOVING","WZ_OTHER","WZ_SHLDER_MDN","WZ_WORKERS_INJ_KILLED"
"2010065821","","2","0","0","0","0","0","0","0","0","4","0","","02","7","2010","7","40.513448","-80.269527","","11","0","1","0","0","0","0","0","0","2","0","0","0","","","0","","1","","40 30:48.412","1","0","80 16:10.298","0","0","0","0","2203","0","0","0","N","0","0","0","2","02203","0","","1.0","","1","N","N","","0","","0","0","0","","2","N","","2","0","0","0","0","0","0","1","0","2","","","","N","","","","","","","","","",""
"2010065829","","2","0","0","0","0","0","0","0","0","4","0","","02","7","2010","2","40.448316","-80.010457","","11","0","0","0","0","0","1","0","0","2","0","0","0","","","2","","1","","40 26:53.937","4","0","80 00:37.645","4","0","0","0","2301","0","0","0","N","0","0","0","4","02301","2","","1.0","","1","N","N","","0","","0","0","0","","2","N","","2","2","0","0","0","0","0","2","0","2","","","","N","","","","","","","","","",""
"2010065838","","1","0","0","0","0","0","0","0","0","7","0","","02","7","2010","2","40.459265","-79.996617","","11","0","0","0","0","0","0","0","0","","0","0","0","","","1","","0","","40 27:33.354","","0","79 59:47.821","8","0","0","0","2301","0","0","0","N","0","0","0","1","02301","0","","5.0","","1","N","N","","0","","0","0","0","","0","","","1","1","0","0","0","1","0","2","0","1","","","","N","","","","","","","","","",""
"2010065848","","0","0","0","0","0","0","0","0","0","5","0","","02","7","2010","3","40.350186","-79.949241","","11","0","0","0","0","0","2","0","0","1","0","0","0","","","1","","0","","40 21:00.671","4","0","79 56:57.266","4","0","0","0","2473","0","0","0","N","0","0","0","2","02473","1","","1.0","","1","N","N","","0","","0","0","2","","0","N","","2","1","0","0","0","0","0","2","0","2","","","","N","","","","","","","","","",""
"2010065862","","0","0","0","0","0","0","0","0","0","4","0","","02","7","2010","2","40.633181","-79.954523","","11","0","0","1","0","0","0","1","0","","0","0","0","","","0","","2","","40 37:59.453","","0","79 57:16.283","0","0","0","0","2217","0","0","0","N","0","0","0","2","02505","0","","1.0","","1","N","N","","1","","0","0","1","","2","","","2","0","0","0","0","0","0","2","0","2","","","","N","","","","","","","","","",""
"2010065880","","0","0","0","0","0","0","0","0","0","1","2","","02","7","2010","1","40.436049","-80.016738","","11","0","0","0","0","0","1","0","0","3","0","2","0","","","3","","0","","40 26:09.778","4","0","80 01:00.257","3","0","0","0","2301","0","0","0","Y","0","0","0","5","68B03","0","","1.0","","1","N","N","","1","","3","0","0","","0","Y","","3","3","0","0","0","0","0","2","0","3","","","","N","","","","","","","","","",""
"2010065881","","1","0","0","0","0","0","0","0","0","1","0","","02","7","2010","2","40.445531","-80.110789","","11","0","0","0","0","0","1","0","0","","0","0","0","","","2","","7","","40 26:43.913","","2","80 06:38.839","4","0","0","0","2115","0","0","0","N","0","0","0","2","68B03","2","","1.0","","1","N","N","","0","","0","0","1","","0","","","2","2","0","0","0","0","0","2","0","2","","","","N","","","","","","","","","",""
"2010065963","","0","0","0","0","0","0","0","0","0","0","0","","02","7","2010","6","40.482334","-80.035202","","11","0","0","0","0","0","1","0","0","","0","0","0","","","0","","2","","40 28:56.402","","0","80 02:06.727","0","0","0","0","2301","0","0","0","N","0","0","0","4","02301","0","","1.0","","1","N","N","","0","","0","0","0","","3","","","1","0","0","0","0","0","0","2","1","1","","","","N","","","","","","","","","",""
"2010065978","","2","0","0","0","0","0","0","0","0","1","0","","02","7","2010","1","40.362366","-79.931995","","11","0","0","0","0","0","1","0","0","","0","0","0","","","1","","1","","40 21:44.516","","0","79 55:55.181","8","0","0","0","2473","0","0","0","N","0","0","0","3","02473","0","","1.0","","1","N","N","","0","","0","0","0","","2","","","2","1","0","0","0","1","0","2","0","2","","","","N","","","","","","","","","",""
"2010065982","","1","0","0","0","0","0","0","0","0","1","0","","02","7","2010","2","40.479225","-79.96637","","11","0","0","0","0","0","0","0","0","1","0","0","0","","","0","","6","","40 28:45.210","1","2","79 57:58.931","0","0","0","0","2118","0","0","0","N","0","0","0","2","02118","0","","1.0","","1","N","N","","1","","0","0","0","","3","N","","2","0","0","0","0","0","0","2","0","2","","","","N","","","","","","","","","",""
"2010065987","","2","0","0","0","0","0","0","0","0","4","0","","02","6","2010","5","40.473674","-79.856493","","11","0","0","0","0","0","0","0","0","2","0","0","0","","","1","","2","","40 28:25.228","1","0","79 51:23.374","8","0","0","0","2113","0","0","0","N","0","0","0","2","02113","0","","1.0","","1","N","N","","0","","0","0","0","","3","N","","2","1","0","0","0","1","0","2","0","2","","","","N","","","","","","","","","",""
"2010065990","","1","0","0","0","0","0","0","0","0","1","0","","02","7","2010","6","40.526556","-79.816103","","11","0","0","0","0","1","1","0","0","1","0","0","0","","","0","","0","","40 31:35.600","4","0","79 48:57.969","0","0","0","0","2466","0","0","0","N","0","0","0","6","02466","0","","1.0","","9","N","N","","1","","0","0","0","","0","N","","2","0","0","0","0","0","0","2","0","2","","","","N","","","","","","","","","",""
"2010065994","","1","0","0","0","0","0","0","0","0","4","0","","02","7","2010","2","40.314348","-80.090776","","11","0","0","0","0","1","0","0","0","2","0","0","0","","","2","","2","","40 18:51.654","3","0","80 05:26.795","4","0","0","0","2123","0","0","0","N","0","0","0","2","02123","1","","1.0","","1","N","N","","0","","0","0","1","","0","N","","2","2","0","0","0","1","0","2","0","2","","","","N","","","","","","","","","",""
"2010065998","","1","0","0","0","0","0","0","0","0","7","0","","02","7","2010","3","40.438061","-79.925543","","11","0","0","0","0","0","0","1","0","","0","0","0","","","1","","0","","40 26:17.019","","1","79 55:31.954","4","0","0","0","2301","0","0","0","N","0","0","0","1","02301","1","","5.0","","1","N","N","","0","","0","0","0","","0","","","1","1","0","0","0","0","0","2","0","1","","","","N","","","","","","","","","",""
"2010066017","","2","0","0","0","0","0","0","0","0","4","0","","02","7","2010","3","40.468672","-79.962301","","11","0","0","0","0","0","1","0","0","","0","0","0","","","0","","1","","40 28:07.220","","0","79 57:44.282","0","0","0","0","2301","0","0","0","N","0","0","0","3","02301","0","","1.0","","1","N","N","","0","","0","0","0","","2","","","2","0","0","0","0","0","0","2","0","2","","","","N","","","","","","","","","",""
"2010066044","","1","0","0","0","0","0","0","0","0","2","0","","02","7","2010","2","40.348089","-80.160903","","11","0","0","0","0","0","1","0","0","3","0","0","0","","","2","","2","","40 20:53.120","4","0","80 09:39.250","3","0","0","0","2119","0","0","0","N","0","0","0","2","02119","1","","1.0","","1","N","N","","1","","1","0","0","","3","N","","2","2","0","0","0","0","0","2","0","2","","","","N","","","","","","","","","",""
"2010066046","","1","0","0","0","0","0","0","0","0","7","0","40","02","7","2010","1","40.448712","-80.013088","","11","0","0","0","0","0","0","0","0","9","0","0","0","","","0","","0","","40 26:55.363","1","0","80 00:47.116","0","0","0","0","2301","0","0","0","Y","0","0","0","2","02301","0","","3.0","","1","N","N","","0","","0","0","0","","1","Y","","1","0","0","0","0","0","0","2","0","1","","","N","Y","8","1","","","N","Y","","","",""
"2010066047","","1","0","0","0","0","0","0","0","0","1","0","","02","7","2010","3","40.506119","-79.990498","","11","0","0","0","0","0","2","0","0","1","0","0","0","","","1","","3","","40 30:22.028","2","0","79 59:25.791","8","0","0","1","2116","0","0","0","N","0","0","0","3","02116","0","","1.0","","1","N","N","","0","","0","0","0","","0","N","","2","1","0","0","0","1","0","2","0","2","","","","N","","","","","","","","","",""
"2010066055","","2","0","0","0","0","0","0","0","0","1","0","","02","7","2010","3","40.460931","-79.869009","","11","0","0","0","0","0","0","0","0","2","0","0","0","","","0","","0","","40 27:39.352","4","0","79 52:08.431","0","0","0","0","2113","0","0","0","N","0","0","0","2","02113","0","","1.0","","1","N","N","","0","","0","0","0","","0","N","","2","0","0","0","0","0","0","2","0","2","","","","N","","","","","","","","","",""
"2010066056","","1","0","0","0","0","0","0","0","0","7","0","","02","7","2010","2","40.396507","-80.065326","","11","0","0","0","0","0","0","0","0","9","0","0","0","","","0","","0","","40 23:47.425","1","7","80 03:55.173","0","0","0","0","2117","0","0","0","N","0","0","0","1","02117","0","","5.0","","1","N","N","","0","","0","0","0","","0","N","","1","0","0","0","0","0","0","2","0","1","","","","N","","","","","","","","","",""
"2010066061","","1","0","0","0","0","0","0","0","0","7","0","","02","7","2010","3","40.481925","-79.808379","","11","0","0","0","0","0","0","0","0","2","0","0","0","","","1","","0","","40 28:54.931","6","0","79 48:30.164","4","0","0","0","2113","0","0","0","N","0","0","0","1","02113","1","","5.0","","1","N","N","","0","","0","0","0","","0","Y","","1","1","1","0","0","0","0","2","0","1","","","","N","","","","","","","","","",""
"2010066065","","1","0","0","0","0","0","0","0","0","7","0","","02","7","2010","3","40.384523","-80.090521","","11","0","0","0","0","0","0","0","1","","0","0","0","","","0","","2","","40 23:04.281","","3","80 05:25.877","0","0","0","0","2117","0","0","0","N","0","0","0","1","02117","0","","2.0","","1","N","N","","0","","0","0","0","","0","","","1","0","0","0","0","0","0","2","0","1","","","","N","","","","","","","","","",""
"2010066069","","1","0","0","0","0","0","1","0","0","1","1","","02","7","2010","3","40.442181","-79.994981","","11","0","0","0","0","0","1","0","0","","0","0","0","","","0","","1","","40 26:31.851","","0","79 59:41.931","0","0","0","0","2301","0","0","0","N","0","0","0","2","02301","0","","1.0","","1","N","N","","0","","0","0","0","","2","","","2","0","0","0","0","0","0","2","0","2","","","","N","","","","","","","","","",""
"2010066070","","1","0","0","0","0","0","0","0","0","7","0","","02","6","2010","5","40.527954","-80.185899","","11","0","0","0","0","0","0","0","0","3","0","0","0","","","1","","0","","40 31:40.633","2","0","80 11:09.238","8","0","0","0","2213","0","0","0","N","0","0","0","1","02213","0","","5.0","","1","N","N","","0","","0","0","0","","0","Y","","1","1","0","0","0","1","0","2","0","1","","","","N","","","","","","","","","",""
"2010066183","","0","0","0","0","0","0","0","0","0","4","0","","02","7","2010","3","40.444202","-80.028173","","11","0","0","0","0","0","1","0","0","2","0","0","0","","","1","","10","","40 26:39.126","2","0","80 01:41.424","4","0","0","0","2301","0","0","0","N","0","0","0","4","02301","1","","1.0","","9","N","N","","0","","0","0","1","","2","N","","2","1","0","0","0","0","0","2","1","2","","","","N","","","","","","","","","",""
"2010066185","","2","0","0","0","0","0","0","0","0","1","0","","02","7","2010","3","40.476771","-79.788063","","11","0","0","0","0","0","0","0","0","","0","0","0","","","0","","0","","40 28:36.377","","0","79 47:17.025","0","0","0","0","2113","0","0","0","N","0","0","0","4","02113","0","","1.0","","1","N","N","","0","","0","0","1","","0","","","3","0","0","0","0","0","0","2","0","3","","","","N","","","","","","","","","",""
"2010066187","","1","0","0","0","0","0","0","0","0","1","0","","02","7","2010","2","40.328756","-80.125304","","11","0","0","0","0","0","0","0","0","","0","0","0","","","0","","1","","40 19:43.520","","0","80 07:31.094","0","0","0","0","2119","0","0","0","N","0","0","0","2","02119","0","","1.0","","1","N","N","","0","","0","0","1","","0","","","2","0","0","0","0","0","0","2","0","2","","","","N","","","","","","","","","",""
"2010066196","","0","0","0","0","0","0","0","0","0","7","0","","02","7","2010","3","40.475045","-79.792277","","11","0","0","1","0","0","0","0","0","2","0","0","0","","","0","","0","","40 28:30.161","4","0","79 47:32.198","0","0","0","0","2113","0","0","0","N","0","0","0","2","02113","0","","5.0","","9","N","N","","0","","0","0","1","","0","N","","1","0","0","0","0","0","0","2","0","1","","","","N","","","","","","","","","",""
"2010066204","","2","0","1","0","0","0","0","0","0","1","0","","02","7","2010","3","40.369082","-79.782391","","11","0","0","0","0","0","2","0","0","2","0","0","0","","","1","","0","","40 22:08.695","4","0","79 46:56.606","2","0","0","0","2111","0","0","0","N","0","0","0","4","02111","0","","1.0","","1","N","N","","1","","0","1","0","","0","N","","3","1","2","0","0","0","0","2","0","3","","","","N","","","","","","","","","",""
"2010066205","","1","0","0","0","0","0","0","0","0","7","0","","02","7","2010","3","40.448105","-80.181274","","11","0","0","0","1","0","0","0","0","1","0","0","0","","","1","","1","","40 26:53.178","3","0","80 10:52.586","4","0","0","0","2214","0","0","0","N","0","0","0","2","02214","1","","5.0","","9","N","N","","0","","0","0","0","","0","N","","1","1","0","0","0","0","0","2","0","1","","","","N","","","","","","","","","",""
"2010066216","","1","0","0","0","0","0","0","0","0","5","1","","02","7","2010","3","40.537033","-79.839233","","11","0","0","0","1","0","0","0","0","1","0","0","0","","","0","","1","","40 32:13.319","2","0","79 50:21.237","0","0","0","0","2208","0","0","0","N","0","0","0","3","02208","0","","1.0","","9","N","N","","0","","0","0","0","","0","N","","2","0","0","0","0","0","0","2","0","2","","","","N","","","","","","","","","",""
"2010066219","","1","0","0","0","0","0","0","0","0","4","0","","02","7","2010","1","40.415774","-80.030015","","11","0","0","0","0","0","0","0","0","","0","0","0","","","2","","1","","40 24:56.785","","0","80 01:48.054","4","0","0","0","2301","0","0","0","N","0","0","0","7","02301","2","","1.0","","1","N","N","","0","","0","0","2","","2","","","3","2","0","0","0","0","0","2","0","3","","","","N","","","","","","","","","",""
"2010066222","","1","0","0","0","0","0","0","0","0","4","0","","02","7","2010","3","40.496839","-79.84438","","11","0","0","0","0","0","0","0","0","","0","0","0","","","0","","0","","40 29:48.621","","7","79 50:39.769","0","0","0","0","2113","0","0","0","N","0","0","0","2","02113","0","","1.0","","9","N","N","","0","","0","0","1","","2","","","2","0","0","0","0","0","0","2","0","2","","","","N","","","","","","","","","",""
"2010066227","","1","0","0","0","0","0","0","0","0","7","0","","02","7","2010","7","40.634867","-79.838285","","11","0","0","0","1","0","0","0","0","2","0","0","0","","","0","","0","","40 38:05.522","3","0","79 50:17.827","0","0","0","0","2220","0","0","0","N","0","0","0","1","02220","0","","2.0","","1","N","N","","0","","0","0","0","","0","N","","1","0","0","0","0","0","0","1","0","1","","","","N","","","","","","","","","",""
"2010066228","","2","0","0","0","0","0","0","0","0","2","0","","02","7","2010","7","40.340675","-79.964437","","11","0","0","0","0","0","0","0","0","1","0","0","0","","","1","","1","","40 20:26.431","3","0","79 57:51.974","3","0","0","0","2454","0","0","0","N","0","0","0","2","02454","0","","1.0","","1","N","N","","0","","1","0","0","","2","Y","","2","1","0","0","0","0","0","2","0","2","","","","N","","","","","","","","","",""
"2010066229","","3","0","0","0","0","0","0","0","0","4","0","","02","7","2010","3","40.353955","-79.823236","","11","0","0","0","0","0","1","1","0","1","0","0","0","","","2","","1","","40 21:14.238","5","0","79 49:23.651","8","0","0","0","2477","0","0","0","N","0","0","0","4","02477","0","","1.0","","9","N","N","","0","","0","0","0","","3","N","","3","2","0","0","0","2","1","2","0","3","","","","N","","","","","","","","","",""
"2010066230","","1","0","0","0","0","0","0","0","0","7","0","","02","7","2010","7","40.59814","-79.871587","","11","0","0","0","0","0","0","0","0","1","0","0","0","","","0","","0","","40 35:53.303","2","0","79 52:17.713","0","0","0","0","2220","0","0","0","N","0","0","0","1","02220","0","","2.0","","1","N","N","","0","","0","0","0","","0","N","","1","0","0","0","0","0","0","1","0","1","","","","N","","","","","","","","","",""
"2010066236","","1","0","0","0","0","0","0","0","0","5","0","","02","7","2010","3","40.47114","-79.888857","","11","0","1","0","0","0","0","0","0","","0","0","0","","","0","","0","","40 28:16.104","","0","79 53:19.885","0","0","0","0","2301","0","0","0","N","0","0","0","1","02301","0","","1.0","","9","N","N","","1","","0","0","0","","0","","","2","0","0","0","0","0","0","2","0","2","","","","N","","","","","","","","","",""
"2010066242","","2","0","0","0","0","0","0","0","0","5","0","","02","7","2010","1","40.470172","-79.893656","","11","0","0","0","0","0","0","0","0","2","0","0","0","","","0","","2","","40 28:12.619","7","0","79 53:37.161","0","0","0","0","2301","0","0","0","N","0","0","0","1","02301","0","","1.0","","1","N","N","","0","","0","0","0","","3","Y","","2","0","0","0","0","0","0","2","0","2","","","","N","","","","","","","","","",""
"2010066245","","1","0","0","0","0","0","0","0","0","7","0","","02","7","2010","4","40.460931","-79.869009","","11","0","0","0","1","0","0","0","0","1","0","0","0","","","1","","0","","40 27:39.352","4","0","79 52:08.431","3","0","0","0","2113","0","0","0","N","0","0","0","1","02113","0","","5.0","","8","N","N","","0","","1","0","0","","0","N","","1","1","0","0","0","0","0","2","0","1","","","","N","","","","","","","","","",""
"2010066248","","0","0","0","0","0","0","0","0","0","2","0","25","02","7","2010","4","40.42238","-79.960019","","11","0","0","0","0","0","1","0","0","2","0","0","0","","","2","","0","","40 25:20.568","6","0","79 57:36.068","4","0","0","0","2301","0","0","0","N","0","0","0","2","02301","1","","1.0","","9","N","N","","1","","0","0","0","","0","N","","2","2","0","0","0","1","0","2","1","2","","","N","Y","8","1","","","N","Y","","","",""
"2010066251","","1","0","0","0","0","0","0","0","0","7","0","","02","7","2010","1","40.45863","-79.957447","","11","0","0","0","0","0","0","0","0","","0","0","0","","","1","","1","","40 27:31.068","","0","79 57:26.810","4","0","0","0","2301","0","0","0","N","0","0","0","5","02301","1","","3.0","","1","N","N","","0","","0","0","0","","2","","","1","1","1","0","0","0","1","2","0","1","","","","N","","","","","","","","","",""
"2010066254","","1","0","0","0","0","0","0","0","0","7","0","","02","7","2010","1","40.436231","-79.977821","","11","0","0","0","0","0","0","0","0","","0","0","0","","","0","","2","","40 26:10.433","","0","79 58:40.154","9","0","0","0","2301","0","0","0","N","0","0","0","1","02301","0","","4.0","","1","N","N","","0","","0","0","0","","0","","","1","0","0","0","0","0","1","2","0","1","","","","N","","","","","","","","","",""
"2010066255","","1","0","0","0","0","0","0","0","0","7","0","","02","7","2010","4","40.440508","-79.989318","","11","0","0","0","0","0","0","0","0","","0","0","0","","","0","","2","","40 26:25.828","","0","79 59:21.544","0","0","0","0","2301","0","0","0","N","0","0","0","1","02301","0","","5.0","","9","N","N","","0","","0","0","0","","0","","","2","0","0","0","0","0","0","2","0","1","","","","N","","","","","","","","","",""
"2010066331","","1","0","0","0","0","0","0","0","0","4","0","","02","7","2010","1","40.437608","-79.770058","","11","0","0","1","0","0","0","0","0","1","0","0","0","","","1","","0","","40 26:15.390","1","0","79 46:12.210","4","0","0","0","2446","0","0","0","N","0","0","0","2","02446","1","","1.0","","1","N","N","","0","","0","0","1","","0","N","","2","1","0","0","0","0","0","2","0","2","","","","N","","","","","","","","","",""
"2010066333","","0","0","0","0","0","0","0","0","0","7","0","","02","7","2010","1","40.315039","-80.099434","","11","0","0","0","0","0","0","0","0","","0","0","0","","","0","","0","","40 18:54.139","","0","80 05:57.964","9","0","0","0","2123","0","0","0","N","0","0","0","1","02123","0","","2.0","","1","N","N","","1","","0","0","0","","0","","","1","0","0","0","0","0","1","2","0","1","","","","N","","","","","","","","","",""
"2010066340","","1","0","0","0","0","0","0","0","0","4","0","90","02","7","2010","4","40.449706","-80.025099","","11","0","0","0","0","0","2","0","0","","0","0","0","","","0","","5","","40 26:58.940","","2","80 01:30.356","0","0","0","0","2301","0","0","0","N","0","0","0","2","02301","0","","1.0","","1","N","N","","0","","0","0","1","","2","","","2","0","0","0","0","0","0","2","0","2","","","Y","Y","3","1","Y","","Y","","","","",""
"2010066348","","4","0","0","0","0","0","0","0","0","1","0","","02","7","2010","4","40.509374","-80.004059","","11","0","0","0","0","0","1","1","0","1","0","0","0","","","0","","0","","40 30:33.748","2","0","80 00:14.613","0","0","0","0","2116","0","0","0","N","0","0","0","4","02116","0","","1.0","","1","N","N","","0","","0","0","0","","0","N","","4","0","0","0","0","0","0","2","0","4","","","","N","","","","","","","","","",""
"2010066354","","1","0","0","0","0","0","0","0","0","7","0","","02","6","2010","7","40.359146","-79.873608","","11","0","0","0","0","0","0","0","0","3","0","0","0","","","4","","2","","40 21:32.924","6","0","79 52:24.987","3","0","0","0","2473","0","0","0","N","0","0","0","4","02501","0","","4.0","","1","N","N","","1","","4","0","0","","9","Y","","2","4","0","0","0","0","0","2","0","2","","","","N","","","","","","","","","",""
"2010066357","","1","0","0","0","0","0","0","0","0","7","0","","02","7","2010","4","40.310553","-79.826666","","11","0","0","0","0","0","0","0","1","2","0","0","0","","","0","","1","","40 18:37.992","1","0","79 49:35.996","0","0","0","0","2105","0","0","0","N","0","0","0","1","02105","0","","5.0","","1","N","N","","0","","0","0","0","","0","N","","1","0","0","0","0","0","0","2","0","1","","","","N","","","","","","","","","",""
"2010066361","","0","0","0","0","0","0","0","0","0","4","0","","02","7","2010","6","40.423289","-80.040769","","11","0","0","0","0","0","0","0","0","","0","0","0","","","0","","0","","40 25:23.842","","0","80 02:26.770","0","0","0","0","2301","0","0","0","N","0","0","0","3","02301","0","","2.0","","1","N","N","","1","","0","0","1","","0","","","2","0","0","0","0","0","0","2","0","2","","","","N","","","","","","","","","",""
"2010066376","","2","0","0","0","0","0","0","0","0","4","0","","02","7","2010","4","40.436667","-79.836628","","11","0","0","0","0","0","0","0","1","","0","0","0","","","2","","1","","40 26:12.001","","0","79 50:11.860","4","0","0","0","2419","0","0","0","N","0","0","0","3","02419","2","","1.0","","1","N","N","","0","","0","0","0","","3","","","2","2","0","0","0","0","0","2","0","2","","","","N","","","","","","","","","",""
"2010066392","","2","0","0","0","0","0","0","0","0","4","0","","02","7","2010","4","40.354539","-79.836076","","11","0","0","0","0","0","0","1","0","2","0","0","0","","","3","","0","","40 21:16.342","6","0","79 50:09.874","8","0","0","0","2304","0","0","0","N","0","0","0","3","02304","0","","1.0","","1","N","N","","0","","0","0","1","","2","N","","3","3","0","0","0","3","0","2","0","3","","","","N","","","","","","","","","",""
"2010066393","","1","0","0","1","0","0","0","0","0","8","0","","02","7","2010","3","40.356967","-80.120356","","11","0","0","0","0","0","0","0","0","","0","0","0","","","1","","1","","40 21:25.081","","0","80 07:13.280","4","0","0","0","2119","1","0","0","N","0","0","0","2","02119","1","","4.0","","1","N","N","","0","","0","0","0","","2","","","2","1","0","0","0","0","0","2","0","1","","","","N","","","","","","","","","",""
"2010066400","","0","0","0","0","0","0","0","0","0","4","0","","02","7","2010","4","40.407318","-80.033545","","11","0","0","0","0","0","0","0","0","","0","0","0","","","2","","1","","40 24:26.343","","0","80 02:00.761","4","0","0","0","2301","0","0","0","N","0","0","0","3","02301","1","","1.0","","1","N","N","","1","","0","0","1","","2","","","2","2","0","0","0","1","0","2","0","2","","","","N","","","","","","","","","",""
"2010066402","","1","0","0","0","0","0","0","0","0","1","0","","02","7","2010","4","40.441091","-79.993568","","11","0","0","0","0","0","1","0","0","","0","0","0","","","0","","1","","40 26:27.929","","0","79 59:36.844","0","0","0","0","2301","0","0","0","N","0","0","0","4","02301","0","","1.0","","1","N","N","","0","","0","0","1","","2","","","2","0","0","0","0","0","0","2","0","2","","","","N","","","","","","","","","",""
"2010066407","","0","0","0","0","0","0","0","0","0","1","0","","02","7","2010","4","40.45001","-79.706863","","11","0","0","0","0","0","1","0","0","1","0","0","0","","","2","","0","","40 27:00.035","3","0","79 42:24.707","4","0","0","0","2466","0","0","0","N","0","0","0","3","02466","1","","1.0","","1","N","N","","1","","0","0","1","","0","N","","2","2","1","0","0","1","0","2","0","2","","","","N","","","","","","","","","",""
"2010066409","","1","0","0","0","0","0","0","0","0","0","0","","02","7","2010","1","40.339659","-79.853894","","11","0","0","0","0","0","0","0","0","3","0","0","0","","","1","","0","","40 20:22.772","1","99","79 51:14.018","8","0","0","0","2304","0","0","0","N","0","0","0","3","02304","0","","5.0","","1","N","N","","0","","0","0","0","","0","Y","","1","1","0","0","0","1","2","2","0","1","","","","N","","","","","","","","","",""
"2010066418","","1","0","0","0","0","0","0","0","0","7","0","","02","7","2010","7","40.268658","-79.883989","","11","0","0","1","0","0","0","0","0","2","0","0","0","","","1","","2","","40 16:07.167","1","99","79 53:02.360","4","0","0","0","2428","0","0","0","Y","0","0","0","1","02428","1","","2.0","","1","N","N","","0","","0","0","0","","0","N","","1","1","0","0","0","0","0","1","0","1","","","","N","","","","","","","","","",""
"2010066420","","1","0","0","0","0","0","0","0","0","4","0","","02","7","2010","4","40.456549","-79.997605","","11","0","0","0","0","0","2","0","0","","0","0","0","","","0","","1","","40 27:23.575","","0","79 59:51.378","0","0","0","0","2301","0","0","0","N","0","0","0","4","02301","0","","1.0","","1","N","N","","1","","0","0","0","","2","","","2","0","1","0","0","0","0","2","0","2","","","","N","","","","","","","","","",""
"2010066431","","0","0","0","0","0","0","0","0","0","1","0","","02","7","2010","7","40.518466","-80.02731","","11","0","0","0","0","0","1","1","0","2","0","0","0","","","1","","0","","40 31:06.477","1","0","80 01:38.317","3","0","0","0","2474","0","0","0","N","0","0","0","3","02474","0","","1.0","","1","N","N","","0","","1","0","1","","0","N","","3","1","0","0","0","0","0","2","2","3","","","","N","","","","","","","","","",""
"2010066433","","1","0","0","0","0","0","0","0","0","4","0","","02","7","2010","4","40.426883","-79.962866","","11","0","0","0","0","0","0","0","0","1","0","0","0","","","0","","2","","40 25:36.779","6","1","79 57:46.317","0","0","0","0","2301","0","0","0","N","0","0","0","2","02301","0","","1.0","","1","N","N","","0","","0","0","1","","3","Y","","2","0","0","0","0","0","0","2","0","2","","","","N","","","","","","","","","",""
"2010066434","","1","0","0","0","0","0","0","0","0","4","0","","02","7","2010","4","40.397686","-80.026495","","11","0","0","0","0","0","1","0","0","","0","0","0","","","0","","0","","40 23:51.668","","0","80 01:35.383","0","0","0","0","2301","0","0","0","N","0","0","0","2","02301","0","","1.0","","1","N","N","","1","","0","0","0","","0","","","2","0","0","0","0","0","0","2","0","2","","","","N","","","","","","","","","",""