"CRN","ARRIVAL_TM","AUTOMOBILE_COUNT","BELTED_DEATH_COUNT","BELTED_SUSP_SERIOUS_INJ_COUNT","BICYCLE_COUNT","BICYCLE_DEATH_COUNT","BICYCLE_SUSP_SERIOUS_INJ_COUNT","BUS_COUNT","CHLDPAS_DEATH_COUNT","CHLDPAS_SUSP_SERIOUS_INJ_COUNT","COLLISION_TYPE","COMM_VEH_COUNT","CONS_ZONE_SPD_LIM","COUNTY","CRASH_MONTH","CRASH_YEAR","DAY_OF_WEEK","DEC_LATITUDE","DEC_LONGITUDE","DISPATCH_TM","DISTRICT","DRIVER_COUNT_16YR","DRIVER_COUNT_17YR","DRIVER_COUNT_18YR","DRIVER_COUNT_19YR","DRIVER_COUNT_20YR","DRIVER_COUNT_50_64YR","DRIVER_COUNT_65_74YR","DRIVER_COUNT_75PLUS","EST_HRS_CLOSED","FATAL_COUNT","HEAVY_TRUCK_COUNT","HORSE_BUGGY_COUNT","HOUR_OF_DAY","ILLUMINATION","INJURY_COUNT","INTERSECTION_RELATED","INTERSECT_TYPE","LANE_CLOSED","LATITUDE","LN_CLOSE_DIR","LOCATION_TYPE","LONGITUDE","MAX_SEVERITY_LEVEL","MCYCLE_DEATH_COUNT","MCYCLE_SUSP_SERIOUS_INJ_COUNT","MOTORCYCLE_COUNT","MUNICIPALITY","NONMOTR_COUNT","NONMOTR_DEATH_COUNT","NONMOTR_SUSP_SERIOUS_INJ_COUNT","NTFY_HIWY_MAINT","PED_COUNT","PED_DEATH_COUNT","PED_SUSP_SERIOUS_INJ_COUNT","PERSON_COUNT","POLICE_AGCY","POSSIBLE_INJ_COUNT","RDWY_SURF_TYPE_CD","RELATION_TO_ROAD","ROADWAY_CLEARED","ROAD_CONDITION","SCH_BUS_IND","SCH_ZONE_IND","SECONDARY_CRASH","SMALL_TRUCK_COUNT","SPEC_JURIS_CD","SUSP_MINOR_INJ_COUNT","SUSP_SERIOUS_INJ_COUNT","SUV_COUNT","TCD_FUNC_CD","TCD_TYPE","TFC_DETOUR_IND","TIME_OF_DAY","TOTAL_UNITS","TOT_INJ_COUNT","UNBELTED_OCC_COUNT","UNB_DEATH_COUNT","UNB_SUSP_SERIOUS_INJ_COUNT","UNK_INJ_DEG_COUNT","UNK_INJ_PER_COUNT","URBAN_RURAL","VAN_COUNT","VEHICLE_COUNT","WEATHER1","WEATHER2","WORKERS_PRES","WORK_ZONE_IND","WORK_ZONE_LOC","WORK_ZONE_TYPE","WZ_CLOSE_DETOUR","WZ_FLAGGER","WZ_LAW_OFFCR_IND","WZ_LN_CLOSURE","WZ_MOVING","WZ_OTHER","WZ_SHLDER_MDN","WZ_WORKERS_INJ_KILLED"
"2010067984","","1","0","0","0","0","0","0","0","0","4","0","","02","7","2010","2","40.430214","-80.003921","","11","0","0","0","0","0","1","0","0","1","0","0","0","","","0","","0","","40 25:48.770","1","0","80 00:14.117","0","0","0","0","2301","0","0","0","N","0","0","0","2","02301","0","","2.0","","9","N","N","","0","","0","0","0","","0","N","","1","0","0","0","0","0","0","2","0","1","","","","N","","","","","","","","","",""
"2010068011","","1","0","0","0","0","0","0","0","0","7","0","","02","7","2010","3","40.445749","-79.957208","","11","0","0","0","0","0","0","0","0","","0","0","0","","","0","","0","","40 26:44.696","","0","79 57:25.948","0","0","0","0","2301","0","0","0","N","0","0","0","1","02301","0","","5.0","","1","N","N","","0","","0","0","0","","0","","","1","0","0","0","0","0","0","2","0","1","","","","N","","","","","","","","","",""
"2010068014","","1","0","0","0","0","0","0","0","0","4","0","","02","7","2010","3","40.480857","-79.952432","","11","0","0","0","0","0","0","0","0","","0","0","0","","","0","","0","","40 28:51.085","","0","79 57:08.755","0","0","0","0","2301","0","0","0","N","0","0","0","3","02301","0","","1.0","","1","N","N","","0","","0","0","0","","0","","","3","0","0","0","0","0","0","2","2","3","","","","N","","","","","","","","","",""
"2010068027","","1","0","0","0","0","0","0","0","0","1","0","","02","7","2010","3","40.406176","-80.033796","","11","0","0","0","0","0","1","0","0","","0","0","0","","","0","","2","","40 24:22.233","","0","80 02:01.665","9","0","0","0","2301","0","0","0","N","0","0","0","3","02301","0","","1.0","","9","Y","N","","1","","0","0","1","","0","","","3","0","0","0","0","0","3","2","0","3","","","","N","","","","","","","","","",""
"2010068063","","2","0","0","0","0","0","0","0","0","1","0","","02","7","2010","3","40.335441","-79.851148","","11","0","0","0","0","0","1","0","0","2","0","0","0","","","1","","2","","40 20:07.588","2","0","79 51:04.131","8","0","0","0","2304","0","0","0","N","0","0","0","5","02304","0","","1.0","","1","N","N","","1","","0","0","0","","2","N","","3","1","0","0","0","1","0","2","0","3","","","","N","","","","","","","","","",""
"2010068066","","1","0","0","0","0","0","0","0","0","7","0","","02","7","2010","3","40.403588","-80.235937","","11","0","0","1","0","0","0","0","0","","0","0","0","","","0","","0","","40 24:12.916","","0","80 14:09.374","0","0","0","0","2214","0","0","0","N","0","0","0","4","02214","0","","4.0","","1","N","N","","0","","0","0","0","","0","","","1","0","0","0","0","0","0","1","0","1","","","","N","","","","","","","","","",""
"2010068081","","1","0","0","0","0","0","0","0","0","7","0","","02","7","2010","3","40.586506","-79.828636","","11","0","0","0","0","0","0","0","0","1","0","0","0","","","1","","2","","40 35:11.422","2","0","79 49:43.090","8","0","0","0","2209","0","0","0","N","0","0","0","1","02209","0","","2.0","","9","N","N","","0","","0","0","0","","0","N","","1","1","0","0","0","1","0","2","0","1","","","","N","","","","","","","","","",""
"2010068084","","1","0","0","0","0","0","0","0","0","1","0","","02","7","2010","6","40.349121","-80.023521","","11","0","0","0","0","0","0","0","0","1","0","0","0","","","0","","2","","40 20:56.834","1","0","80 01:24.677","0","0","0","0","2407","0","0","0","N","0","0","0","2","02407","0","","1.0","","1","N","N","","0","","0","0","1","","3","N","","2","0","0","0","0","0","0","2","0","2","","","","N","","","","","","","","","",""
"2010068197","","1","0","0","0","0","0","0","0","0","7","0","","02","6","2010","7","40.421594","-80.030882","","11","0","0","0","0","1","0","0","0","1","0","0","0","","","0","","0","","40 25:17.740","3","0","80 01:51.175","0","0","0","0","2301","0","0","0","N","0","0","0","1","68B03","0","","3.0","","1","N","N","","0","","0","0","0","","0","N","","1","0","0","0","0","0","0","2","0","1","","","","N","","","","","","","","","",""
"2010068198","","2","0","0","0","0","0","0","0","0","1","0","","02","7","2010","5","40.426905","-79.891978","","11","0","0","0","0","0","0","0","0","","0","0","0","","","2","","6","","40 25:36.857","","2","79 53:31.120","4","0","0","0","2426","0","0","0","N","0","0","0","2","68B03","1","","1.0","","1","N","N","","0","","0","0","0","","4","","","2","2","0","0","0","1","0","2","0","2","","","","N","","","","","","","","","",""
"2010068199","","2","0","0","0","0","0","0","0","0","1","0","","02","7","2010","6","40.443972","-80.162524","","11","0","0","0","0","0","0","0","0","","0","0","0","","","0","","0","","40 26:38.298","","0","80 09:45.087","0","0","0","0","2115","0","0","0","N","0","0","0","2","68B03","0","","1.0","","1","N","N","","0","","0","0","0","","0","","","2","0","0","0","0","0","0","2","0","2","","","","N","","","","","","","","","",""
"2010068201","","1","0","0","0","0","0","0","0","0","7","0","","02","7","2010","7","40.421546","-80.096375","","11","0","0","0","0","0","0","0","0","1","0","0","0","","","1","","0","","40 25:17.567","3","0","80 05:46.951","4","0","0","0","2115","0","0","0","N","0","0","0","1","68B03","1","","3.0","","1","N","N","","0","","0","0","0","","0","N","","1","1","0","0","0","0","0","2","0","1","","","","N","","","","","","","","","",""
"2010068202","","1","0","0","0","0","0","0","0","0","1","0","","02","7","2010","2","40.443725","-80.009101","","11","0","0","0","0","0","0","0","0","1","0","0","0","","","1","","0","","40 26:37.411","2","3","80 00:32.762","4","0","0","0","2301","0","0","0","N","0","0","0","6","68B03","1","","1.0","","1","N","N","","0","","0","0","1","","0","N","","2","1","1","0","0","0","0","2","0","2","","","","N","","","","","","","","","",""
"2010068475","","1","0","0","0","0","0","0","0","0","7","0","","02","7","2010","3","40.4027","-80.018291","","11","0","0","0","0","0","0","0","0","","0","0","0","","","1","","0","","40 24:09.720","","0","80 01:05.847","4","0","0","0","2301","0","0","0","N","0","0","0","1","02301","1","","5.0","","1","N","N","","0","","0","0","0","","0","","","1","1","0","0","0","0","0","2","0","1","","","","N","","","","","","","","","",""
"2010068482","","3","0","0","0","0","0","0","0","0","2","0","","02","7","2010","3","40.488568","-80.042088","","11","0","0","0","0","0","0","0","0","","0","0","0","","","0","","0","","40 29:18.844","","0","80 02:31.516","9","0","0","0","2301","0","0","0","N","0","0","0","2","02301","0","","6.0","","1","N","N","","0","","0","0","0","","0","","","3","0","1","0","0","0","1","2","0","3","","","","N","","","","","","","","","",""
"2010068483","","1","0","0","0","0","0","0","0","0","4","0","","02","7","2010","4","40.540795","-79.807561","","11","0","0","0","0","0","1","0","0","2","0","0","0","","","1","","2","","40 32:26.863","2","0","79 48:27.220","8","0","0","1","2208","0","0","0","N","0","0","0","2","02208","0","","1.0","","1","N","N","","0","","0","0","0","","0","Y","","2","1","0","0","0","1","0","2","0","2","","","","N","","","","","","","","","",""
"2010068495","","2","0","0","0","0","0","0","0","0","4","0","","02","7","2010","5","40.600113","-80.077982","","11","0","1","0","0","0","1","0","0","","0","0","0","","","0","","2","","40 36:00.406","","0","80 04:40.735","0","0","0","0","2481","0","0","0","N","0","0","0","4","02481","0","","1.0","","1","N","N","","0","","0","0","0","","3","","","2","0","0","0","0","0","0","2","0","2","","","","N","","","","","","","","","",""
"2010068497","","4","0","0","0","0","0","0","0","0","5","0","","02","7","2010","4","40.408021","-80.025281","","11","0","0","0","0","0","0","0","0","","0","0","0","","","0","","0","","40 24:28.875","","0","80 01:31.011","0","0","0","0","2301","0","0","0","N","0","0","0","4","02301","0","","1.0","","1","N","N","","0","","0","0","0","","0","","","4","0","0","0","0","0","0","2","0","4","","","","N","","","","","","","","","",""
"2010068501","","0","0","0","0","0","0","0","0","0","7","0","","02","7","2010","4","40.585248","-79.881293","","11","0","0","0","0","0","0","0","0","","0","0","0","","","1","","0","","40 35:06.892","","0","79 52:52.655","3","0","0","1","2209","0","0","0","N","0","0","0","1","02209","0","","2.0","","1","N","N","","0","","1","0","0","","0","","","1","1","0","0","0","0","0","2","0","1","","","","N","","","","","","","","","",""
"2010068504","","4","0","0","0","0","0","0","0","0","4","0","","02","7","2010","3","40.465039","-79.931509","","11","0","1","0","0","0","0","0","0","","0","0","0","","","0","","0","","40 27:54.140","","0","79 55:53.432","0","0","0","0","2301","0","0","0","N","0","0","0","1","02301","0","","5.0","","1","N","N","","0","","0","0","0","","0","","","4","0","0","0","0","0","0","2","0","4","","","","N","","","","","","","","","",""
"2010068512","","1","0","0","0","0","0","0","0","0","7","0","","02","6","2010","2","40.438826","-80.01146","","11","0","0","0","0","0","0","0","0","","0","0","0","","","0","","0","","40 26:19.774","","3","80 00:41.256","0","0","0","0","2301","0","0","0","N","0","0","0","2","68B03","0","","2.0","","1","N","N","","0","","0","0","0","","0","","","1","0","0","0","0","0","0","2","0","1","","","","N","","","","","","","","","",""
"2010068639","","1","0","0","0","0","0","0","0","0","1","0","55","02","7","2010","1","40.655088","-80.0702","","11","0","0","0","0","0","0","0","0","3","0","0","0","","","1","","0","","40 39:18.316","4","0","80 04:12.719","3","0","0","1","2212","0","0","0","N","0","0","0","2","68T02","0","","1.0","","1","N","N","","0","","1","0","0","","8","N","","2","1","0","0","0","0","0","2","0","2","","","Y","Y","4","1","N","N","N","N","N","N","Y",""
"2010068647","","2","0","0","0","0","0","0","0","0","5","0","","02","7","2010","6","40.409994","-79.724426","","11","0","0","0","0","0","0","0","0","1","0","0","0","","","1","","0","","40 24:35.979","3","0","79 43:27.933","8","0","0","0","2446","0","0","0","N","0","0","0","2","68T09","0","","1.0","","8","N","N","","0","","0","0","0","","0","N","","2","1","0","0","0","1","0","2","0","2","","","","N","","","","","","","","","",""
"2010068655","","1","0","0","0","0","0","0","0","0","99","0","","02","7","2010","4","40.529919","-79.783129","","11","0","0","0","0","0","0","0","0","","0","0","0","","","1","","0","","40 31:47.709","","0","79 46:59.266","8","0","0","0","2466","0","0","0","N","0","0","0","1","02466","0","","1.0","","1","N","N","","0","","0","0","0","","0","","","1","1","0","0","0","1","0","1","0","1","","","","N","","","","","","","","","",""
"2010068658","","1","0","0","0","0","0","0","0","0","7","0","","02","7","2010","4","40.437513","-80.06011","","11","0","0","0","0","0","1","0","0","","0","0","0","","","0","","0","","40 26:15.046","","0","80 03:36.396","0","0","0","0","2421","0","0","0","N","0","0","0","1","02421","0","","4.0","","1","N","N","","0","","0","0","0","","0","","","1","0","1","0","0","0","0","2","0","1","","","","N","","","","","","","","","",""
"2010068660","","1","0","0","0","0","0","0","0","0","1","1","","02","7","2010","3","40.47143","-80.061059","","11","0","0","0","0","0","1","0","0","1","0","1","0","","","1","","0","","40 28:17.148","1","0","80 03:39.811","4","0","0","0","2444","0","0","0","N","0","0","0","2","02444","1","","1.0","","1","N","N","","0","","0","0","0","","0","Y","","2","1","0","0","0","0","0","2","0","2","","","","N","","","","","","","","","",""
"2010068672","","1","0","0","0","0","0","0","0","0","7","0","","02","7","2010","4","40.438679","-80.063336","","11","0","0","0","0","0","0","0","0","","0","0","0","","","0","","0","","40 26:19.243","","0","80 03:48.010","0","0","0","0","2421","0","0","0","N","0","0","0","1","02421","0","","5.0","","1","N","N","","0","","0","0","0","","0","","","1","0","0","0","0","0","0","2","0","1","","","","N","","","","","","","","","",""
"2010068673","","1","0","0","0","0","0","0","0","0","6","0","","02","7","2010","4","40.578607","-80.078029","","11","0","0","0","0","0","1","0","0","2","0","0","0","","","0","","0","","40 34:42.984","1","0","80 04:40.905","0","0","0","0","2481","0","0","0","N","0","0","0","2","02481","0","","1.0","","1","N","N","","1","","0","0","0","","0","N","","2","0","0","0","0","0","0","2","0","2","","","","N","","","","","","","","","",""
"2010068674","","2","0","0","0","0","0","0","0","0","4","0","","02","7","2010","1","40.520138","-80.017087","","11","0","0","0","0","0","0","0","0","2","0","0","0","","","4","","0","","40 31:12.498","6","0","80 01:01.512","3","0","0","0","2116","0","0","0","N","0","0","0","9","02116","3","","1.0","","1","N","N","","0","","1","0","1","","0","Y","","3","4","0","0","0","0","0","2","0","3","","","","N","","","","","","","","","",""
"2010068683","","2","0","0","0","0","0","0","0","0","1","0","","02","7","2010","4","40.440555","-79.856042","","11","0","0","0","0","0","1","0","0","1","0","0","0","","","0","","0","","40 26:25.997","2","0","79 51:21.751","0","0","0","0","2419","0","0","0","N","0","0","0","2","02419","0","","1.0","","1","N","N","","0","","0","0","0","","0","N","","2","0","0","0","0","0","0","2","0","2","","","","N","","","","","","","","","",""
"2010068685","","2","0","0","0","0","0","0","0","0","1","0","","02","7","2010","4","40.484913","-79.971912","","11","0","0","0","0","0","0","0","0","1","0","0","0","","","1","","2","","40 29:05.688","2","0","79 58:18.883","4","0","0","0","2445","0","0","0","N","0","0","0","2","02445","1","","1.0","","1","N","N","","0","","0","0","0","","0","Y","","2","1","0","0","0","0","0","2","0","2","","","","N","","","","","","","","","",""
"2010068697","","3","0","0","0","0","0","0","0","0","1","0","","02","7","2010","7","40.396375","-79.842491","","11","0","0","0","0","0","1","0","0","1","0","0","0","","","1","","0","","40 23:46.950","1","99","79 50:32.967","4","0","0","0","2425","0","0","0","N","0","0","0","4","02425","1","","1.0","","1","N","N","","0","","0","0","1","","7","Y","","4","1","2","0","0","0","0","2","0","4","","","","N","","","","","","","","","",""
"2010068710","","0","0","0","0","0","0","0","0","0","5","0","","02","7","2010","7","40.520061","-80.168141","","11","0","1","0","0","0","0","0","0","2","0","0","0","","","0","","0","","40 31:12.220","4","0","80 10:05.307","0","0","0","0","2420","0","0","0","N","0","0","0","3","02420","0","","1.0","","1","N","N","","1","","0","0","2","","0","N","","3","0","0","0","0","0","0","2","0","3","","","","N","","","","","","","","","",""
"2010068720","","2","0","0","0","0","0","0","0","0","6","0","","02","7","2010","4","40.481586","-79.875109","","11","0","0","0","0","0","0","0","1","2","0","0","0","","","1","","0","","40 28:53.708","4","0","79 52:30.393","4","0","0","0","2113","0","0","0","N","0","0","0","2","02113","1","","1.0","","1","N","N","","0","","0","0","0","","0","N","","2","1","0","0","0","0","0","2","0","2","","","","N","","","","","","","","","",""
"2010068726","","1","0","0","0","0","0","0","0","0","8","0","","02","7","2010","4","40.43805","-79.993342","","11","0","0","0","0","0","0","0","0","","0","0","0","","","1","","1","","40 26:16.980","","0","79 59:36.031","8","0","0","0","2301","1","0","0","N","1","0","0","2","02301","0","","1.0","","1","N","N","","0","","0","0","0","","2","","","2","1","0","0","0","1","1","2","0","1","","","","N","","","","","","","","","",""
"2010068732","","0","0","0","0","0","0","0","0","0","7","0","","02","7","2010","5","40.289767","-79.997164","","11","0","0","0","0","0","0","0","0","2","0","0","0","","","1","","0","","40 17:23.161","5","0","79 59:49.789","3","0","0","0","2219","0","0","0","N","0","0","0","1","02219","0","","5.0","","1","N","N","","0","","1","0","1","","0","Y","","1","1","1","0","0","0","0","2","0","1","","","","N","","","","","","","","","",""
"2010068735","","1","0","0","0","0","0","0","0","0","1","0","","02","7","2010","5","40.447041","-80.158398","","11","0","0","1","0","0","0","0","0","","0","0","0","","","0","","2","","40 26:49.347","","0","80 09:30.232","0","0","0","0","2115","0","0","0","N","0","0","0","2","02115","0","","1.0","","1","N","N","","1","","0","0","0","","0","","","2","0","0","0","0","0","0","2","0","2","","","","N","","","","","","","","","",""
"2010068736","","2","0","0","0","0","0","0","0","0","4","0","","02","7","2010","7","40.448948","-80.162827","","11","0","0","0","1","0","0","0","0","","0","0","0","","","1","","2","","40 26:56.212","","7","80 09:46.177","3","0","0","0","2115","0","0","0","N","0","0","0","3","02115","0","","1.0","","1","N","N","","0","","1","0","0","","0","","","2","1","0","0","0","0","0","2","0","2","","","","N","","","","","","","","","",""
"2010068737","","1","0","0","0","0","0","0","0","0","7","0","","02","7","2010","1","40.451226","-80.137359","","11","0","0","0","0","0","1","0","0","1","0","0","0","","","0","","0","","40 27:04.413","4","0","80 08:14.492","0","0","0","0","2115","0","0","0","Y","0","0","0","1","02115","0","","2.0","","1","N","N","","0","","0","0","0","","0","N","","1","0","0","0","0","0","0","2","0","1","","","","N","","","","","","","","","",""
"2010068738","","0","0","0","0","0","0","0","0","0","4","0","","02","7","2010","6","40.543234","-80.209078","","11","0","0","0","0","0","1","0","0","","0","0","0","","","2","","0","","40 32:35.644","","0","80 12:32.680","4","0","0","0","2213","0","0","0","N","0","0","0","3","02213","2","","1.0","","1","N","N","","1","","0","0","0","","0","","","2","2","1","0","0","0","0","2","1","2","","","","N","","","","","","","","","",""
"2010068827","","1","0","0","0","0","0","0","0","0","4","0","","02","7","2010","4","40.335546","-79.94719","","11","0","0","0","0","0","2","0","0","1","0","0","0","","","3","","0","","40 20:07.965","1","0","79 56:49.883","3","0","0","0","2454","0","0","0","N","0","0","0","5","02454","2","","1.0","","1","N","N","","0","","1","0","2","","2","N","","3","3","0","0","0","0","0","2","0","3","","","","N","","","","","","","","","",""
"2010068829","","2","0","0","0","0","0","0","0","0","2","0","","02","7","2010","4","40.462819","-79.957327","","11","0","0","0","0","0","1","0","0","","0","0","0","","","0","","2","","40 27:46.148","","0","79 57:26.377","0","0","0","0","2301","0","0","0","N","0","0","0","2","02301","0","","1.0","","1","N","N","","0","","0","0","0","","2","","","2","0","0","0","0","0","0","2","0","2","","","","N","","","","","","","","","",""
"2010068832","","1","0","0","0","0","0","0","0","0","5","0","","02","7","2010","4","40.606899","-79.947174","","11","0","0","0","0","0","1","0","0","2","0","0","0","","","1","","0","","40 36:24.835","1","0","79 56:49.828","2","0","1","1","2207","0","0","0","N","0","0","0","4","02207","0","","1.0","","1","N","N","","0","","0","1","0","","0","N","","2","1","0","0","0","0","3","2","0","2","","","","N","","","","","","","","","",""
"2010068833","","1","0","0","0","0","0","0","0","0","2","0","","02","7","2010","4","40.458006","-79.851882","","11","0","0","0","0","0","2","0","0","2","0","0","0","","","3","","2","","40 27:28.821","6","0","79 51:06.775","3","0","0","0","2113","0","0","0","N","0","0","0","3","02113","2","","1.0","","1","N","N","","0","","1","0","0","","3","Y","","2","3","1","0","0","0","0","2","1","2","","","","N","","","","","","","","","",""
"2010068838","","2","0","0","0","0","0","0","0","0","4","0","","02","7","2010","4","40.41007","-80.031583","","11","0","0","0","0","0","0","0","0","2","0","0","0","","","0","","1","","40 24:36.252","1","0","80 01:53.698","0","0","0","0","2301","0","0","0","N","0","0","0","3","02301","0","","1.0","","1","N","N","","0","","0","0","0","","0","N","","2","0","0","0","0","0","0","2","0","2","","","","N","","","","","","","","","",""
"2010068843","","2","0","0","0","0","0","0","0","0","4","0","","02","7","2010","2","40.573643","-79.79039","","11","0","1","0","0","0","0","0","1","2","0","0","0","","","1","","2","","40 34:25.116","6","0","79 47:25.405","3","0","0","0","2206","0","0","0","N","0","0","0","2","02206","0","","1.0","","1","N","N","","0","","1","0","0","","3","Y","","2","1","0","0","0","0","0","2","0","2","","","","N","","","","","","","","","",""
"2010068854","","1","0","0","0","0","0","0","0","0","2","0","","02","7","2010","4","40.521789","-80.085117","","11","0","0","0","0","0","0","0","0","2","0","0","0","","","2","","0","","40 31:18.441","7","0","80 05:06.421","2","0","0","0","2211","0","0","0","N","0","0","0","2","02215","1","","1.0","","1","N","N","","0","","0","1","1","","0","N","","2","2","0","0","0","0","0","2","0","2","","","","N","","","","","","","","","",""
"2010068856","","0","0","0","0","0","0","0","0","0","7","0","","02","7","2010","5","40.452641","-79.799898","","11","0","0","0","0","0","0","0","0","","0","0","0","","","1","","0","","40 27:09.506","","0","79 47:59.631","3","0","0","0","2113","0","0","0","N","0","0","0","1","02113","0","","5.0","","1","N","N","","0","","1","0","1","","0","","","1","1","0","0","0","0","0","2","0","1","","","","N","","","","","","","","","",""
"2010068858","","0","0","0","0","0","0","0","0","0","8","0","","02","7","2010","7","40.514239","-80.139496","","11","0","0","0","0","0","1","0","0","","0","0","0","","","1","","0","","40 30:51.260","","0","80 08:22.185","8","0","0","0","2110","1","0","0","N","1","0","0","2","02215","0","","1.0","","1","N","N","","0","","0","0","0","","0","","","2","1","0","0","0","1","0","2","1","1","","","","N","","","","","","","","","",""
"2010068864","","1","0","0","0","0","0","0","0","0","7","0","","02","7","2010","4","40.447949","-80.2447","","11","0","0","1","0","0","0","0","0","2","0","0","0","","","1","","3","","40 26:52.617","3","0","80 14:40.921","4","0","0","0","2214","0","0","0","Y","0","0","0","1","02214","1","","2.0","","1","N","N","","0","","0","0","0","","0","N","","1","1","1","0","0","0","0","2","0","1","","","","N","","","","","","","","","",""
"2010068867","","0","0","0","0","0","0","0","0","0","1","0","","02","7","2010","5","40.474383","-79.790515","","11","0","0","0","0","0","0","0","0","","0","0","0","","","0","","0","","40 28:27.778","","0","79 47:25.854","0","0","0","0","2113","0","0","0","N","0","0","0","1","02113","0","","1.0","","1","N","N","","1","","0","0","1","","0","","","2","0","0","0","0","0","0","2","0","2","","","","N","","","","","","","","","",""
"2010068869","","1","0","0","0","0","0","0","0","0","2","0","","02","7","2010","5","40.382205","-79.995981","","11","0","0","0","1","0","1","0","0","9","0","1","0","","","0","","1","","40 22:55.939","2","0","79 59:45.533","0","0","0","0","2301","0","0","0","N","0","0","0","5","02301","0","","1.0","","1","N","N","","0","","0","0","0","","2","Y","","2","0","0","0","0","0","0","2","0","2","","","","N","","","","","","","","","",""
"2010068879","","0","0","0","0","0","0","0","0","0","7","0","","02","7","2010","5","40.531006","-80.167845","","11","0","0","0","0","0","1","0","0","","1","0","0","","","0","","0","","40 31:51.621","","7","80 10:04.242","1","0","0","0","2452","0","0","0","N","0","0","0","1","02458","0","2","2.0","","1","N","N","","0","0","0","0","1","","0","","","1","0","0","0","0","0","0","2","0","1","","","","N","","","","","","","","","",""
"2010068939","","1","0","0","0","0","0","0","0","0","6","0","","02","7","2010","5","40.438122","-80.031364","","11","0","0","0","0","0","0","0","0","1","0","0","0","","","0","","0","","40 26:17.240","5","0","80 01:52.912","0","0","0","0","2301","0","0","0","N","0","0","0","2","02301","0","","1.0","","1","N","N","","0","","0","0","1","","0","Y","","2","0","0","0","0","0","0","2","0","2","","","","N","","","","","","","","","",""
"2010068941","","2","0","0","0","0","0","0","0","0","2","0","","02","7","2010","5","","","","11","0","0","0","0","0","1","1","0","2","0","0","0","","","3","","0","","","7","0","","8","0","0","0","2302","0","0","0","N","0","0","0","3","02302","0","","1.0","","1","N","N","","0","","0","0","0","","0","N","","2","3","2","0","0","3","0","1","0","2","","","","N","","","","","","","","","",""
"2010068951","","1","0","0","0","0","0","0","0","0","7","0","","02","7","2010","4","40.528109","-80.108079","","11","0","0","0","0","0","0","0","0","","0","0","0","","","1","","0","","40 31:41.194","","0","80 06:29.086","4","0","0","0","2211","0","0","0","N","0","0","0","1","02215","1","","4.0","","1","N","N","","0","","0","0","0","","0","","","1","1","0","0","0","0","0","2","0","1","","","","N","","","","","","","","","",""
"2010068953","","2","0","0","0","0","0","0","0","0","1","1","","02","7","2010","5","40.4443","-80.0281","","11","0","0","1","0","0","1","0","0","2","0","1","0","","","0","","0","","40 26:39.480","1","0","80 01:41.160","0","0","0","0","2301","0","0","0","N","0","0","0","3","02301","0","","1.0","","1","N","N","","0","","0","0","0","","0","N","","3","0","0","0","0","0","0","2","0","3","","","","N","","","","","","","","","",""
"2010068955","","0","0","0","0","0","0","0","0","0","0","0","","02","7","2010","5","40.355201","-80.038913","","11","0","0","0","0","0","0","0","0","2","0","0","0","","","0","","1","","40 21:18.722","4","0","80 02:20.086","0","0","0","0","2109","0","0","0","N","0","0","0","1","02109","0","","1.0","","1","N","N","","0","","0","0","1","","0","Y","","1","0","0","0","0","0","0","2","0","1","","","","N","","","","","","","","","",""
"2010068956","","0","0","0","0","0","0","0","0","0","8","0","","02","7","2010","4","40.442181","-79.994981","","11","0","0","0","0","0","0","0","0","","0","0","0","","","1","","1","","40 26:31.851","","0","79 59:41.931","3","0","0","0","2301","1","0","0","N","1","0","0","2","02301","0","","1.0","","1","N","N","","0","","1","0","0","","2","","","2","1","0","0","0","0","1","2","0","1","","","","N","","","","","","","","","",""
"2010068963","","2","0","0","0","0","0","0","0","0","6","0","","02","7","2010","5","40.45289","-79.920715","","11","0","0","0","0","0","0","0","0","1","0","0","0","","","0","","1","","40 27:10.404","1","0","79 55:14.574","0","0","0","0","2301","0","0","0","N","0","0","0","3","02301","0","","1.0","","1","N","N","","0","","0","0","0","","2","N","","2","0","0","0","0","0","0","2","0","2","","","","N","","","","","","","","","",""
"2010068982","","1","0","0","0","0","0","0","0","0","4","0","","02","7","2010","5","40.455899","-80.0165","","11","0","0","0","1","0","1","0","0","","0","0","0","","","0","","10","","40 27:21.236","","0","80 00:59.400","0","0","0","0","2301","0","0","0","N","0","0","0","2","02301","0","","1.0","","1","N","N","","1","","0","0","0","","2","","","2","0","2","0","0","0","0","2","0","2","","","","N","","","","","","","","","",""
"2010068983","","1","0","0","0","0","0","0","0","0","0","0","","02","7","2010","5","40.449716","-79.844283","","11","0","0","0","0","0","1","0","0","","0","0","0","","","1","","0","","40 26:58.976","","0","79 50:39.417","4","0","0","0","2419","0","0","0","N","0","0","0","1","02419","1","","5.0","","1","N","N","","0","","0","0","0","","0","","","1","1","1","0","0","0","0","2","0","1","","","","N","","","","","","","","","",""
"2010068992","","2","0","0","0","0","0","0","0","0","2","0","","02","7","2010","5","40.429082","-79.988618","","11","0","0","0","1","0","0","0","0","1","0","0","0","","","0","","2","","40 25:44.695","2","0","79 59:19.024","0","0","0","0","2301","0","0","0","N","0","0","0","2","02301","0","","1.0","","1","N","N","","0","","0","0","0","","0","N","","2","0","0","0","0","0","0","2","0","2","","","","N","","","","","","","","","",""