"CRN","ARRIVAL_TM","AUTOMOBILE_COUNT","BELTED_DEATH_COUNT","BELTED_SUSP_SERIOUS_INJ_COUNT","BICYCLE_COUNT","BICYCLE_DEATH_COUNT","BICYCLE_SUSP_SERIOUS_INJ_COUNT","BUS_COUNT","CHLDPAS_DEATH_COUNT","CHLDPAS_SUSP_SERIOUS_INJ_COUNT","COLLISION_TYPE","COMM_VEH_COUNT","CONS_ZONE_SPD_LIM","COUNTY","CRASH_MONTH","CRASH_YEAR","DAY_OF_WEEK","DEC_LATITUDE","DEC_LONGITUDE","DISPATCH_TM","DISTRICT","DRIVER_COUNT_16YR","DRIVER_COUNT_17YR","DRIVER_COUNT_18YR","DRIVER_COUNT_19YR","DRIVER_COUNT_20YR","DRIVER_COUNT_50_64YR","DRIVER_COUNT_65_74YR","DRIVER_COUNT_75PLUS","EST_HRS_CLOSED","FATAL_COUNT","HEAVY_TRUCK_COUNT","HORSE_BUGGY_COUNT","HOUR_OF_DAY","ILLUMINATION","INJURY_COUNT","INTERSECTION_RELATED","INTERSECT_TYPE","LANE_CLOSED","LATITUDE","LN_CLOSE_DIR","LOCATION_TYPE","LONGITUDE","MAX_SEVERITY_LEVEL","MCYCLE_DEATH_COUNT","MCYCLE_SUSP_SERIOUS_INJ_COUNT","MOTORCYCLE_COUNT","MUNICIPALITY","NONMOTR_COUNT","NONMOTR_DEATH_COUNT","NONMOTR_SUSP_SERIOUS_INJ_COUNT","NTFY_HIWY_MAINT","PED_COUNT","PED_DEATH_COUNT","PED_SUSP_SERIOUS_INJ_COUNT","PERSON_COUNT","POLICE_AGCY","POSSIBLE_INJ_COUNT","RDWY_SURF_TYPE_CD","RELATION_TO_ROAD","ROADWAY_CLEARED","ROAD_CONDITION","SCH_BUS_IND","SCH_ZONE_IND","SECONDARY_CRASH","SMALL_TRUCK_COUNT","SPEC_JURIS_CD","SUSP_MINOR_INJ_COUNT","SUSP_SERIOUS_INJ_COUNT","SUV_COUNT","TCD_FUNC_CD","TCD_TYPE","TFC_DETOUR_IND","TIME_OF_DAY","TOTAL_UNITS","TOT_INJ_COUNT","UNBELTED_OCC_COUNT","UNB_DEATH_COUNT","UNB_SUSP_SERIOUS_INJ_COUNT","UNK_INJ_DEG_COUNT","UNK_INJ_PER_COUNT","URBAN_RURAL","VAN_COUNT","VEHICLE_COUNT","WEATHER1","WEATHER2","WORKERS_PRES","WORK_ZONE_IND","WORK_ZONE_LOC","WORK_ZONE_TYPE","WZ_CLOSE_DETOUR","WZ_FLAGGER","WZ_LAW_OFFCR_IND","WZ_LN_CLOSURE","WZ_MOVING","WZ_OTHER","WZ_SHLDER_MDN","WZ_WORKERS_INJ_KILLED"
"2010070187","","1","0","0","0","0","0","0","0","0","0","0","","02","7","2010","4","40.381409","-80.060273","","11","0","1","0","0","0","0","0","0","2","0","0","0","","","0","","0","","40 22:53.072","7","0","80 03:36.982","0","0","0","0","2109","0","0","0","N","0","0","0","2","02109","0","","1.0","","1","N","N","","0","","0","0","0","","0","Y","","1","0","0","0","0","0","0","2","0","1","","","","N","","","","","","","","","",""
"2010070190","","1","0","0","0","0","0","0","0","0","1","0","","02","7","2010","7","40.494531","-79.817324","","11","0","0","0","0","0","0","0","1","2","0","0","0","","","2","","0","","40 29:40.311","5","0","79 49:02.366","3","0","0","0","2113","1","0","0","","1","0","0","2","02113","1","","1.0","","1","","N","","0","","1","0","0","","0","Y","","3","2","0","0","0","0","0","2","1","2","","","","N","","","","","","","","","",""
"2010070192","","1","0","0","0","0","0","0","0","0","0","0","","02","7","2010","7","40.41395","-79.922944","","11","0","0","0","0","1","0","0","0","","0","0","0","","","1","","0","","40 24:50.220","","0","79 55:22.598","4","0","0","0","2301","0","0","0","N","0","0","0","2","02301","1","","1.0","","1","N","N","","0","","0","0","0","","0","","","1","1","0","0","0","0","0","2","0","1","","","","N","","","","","","","","","",""
"2010070203","","1","0","0","0","0","0","0","0","0","7","0","","02","7","2010","6","40.476555","-80.066235","","11","0","0","0","0","0","0","0","0","2","0","0","0","","","3","","0","","40 28:35.599","4","0","80 03:58.447","4","0","0","0","2122","0","0","0","N","0","0","0","3","02122","3","","2.0","","1","N","N","","0","","0","0","0","","0","N","","1","3","0","0","0","0","0","2","0","1","","","","N","","","","","","","","","",""
"2010070206","","0","0","0","0","0","0","0","0","0","7","0","","02","7","2010","7","40.459832","-80.025137","","11","0","0","0","0","0","1","0","0","","0","0","0","","","1","","0","","40 27:35.395","","0","80 01:30.493","3","0","0","0","2301","0","0","0","N","0","0","0","1","02301","0","","2.0","","9","N","N","","0","","1","0","1","","0","","","1","1","1","0","0","0","0","2","0","1","","","","N","","","","","","","","","",""
"2010070214","","2","0","0","0","0","0","0","0","0","2","0","","02","7","2010","7","40.430487","-79.98856","","11","0","0","0","0","0","1","0","0","1","0","0","0","","","1","","1","","40 25:49.753","7","3","79 59:18.816","3","0","0","0","2301","0","0","0","N","0","0","0","1","02301","0","","1.0","","1","N","N","","0","","1","0","0","","2","Y","","2","1","0","0","0","0","0","2","0","2","","","","N","","","","","","","","","",""
"2010070219","","2","0","0","0","0","0","0","0","0","4","0","","02","7","2010","1","40.434519","-80.008044","","11","0","0","0","0","0","1","0","0","","0","0","0","","","0","","0","","40 26:04.268","","7","80 00:28.958","0","0","0","0","2301","0","0","0","N","0","0","0","4","02301","0","","1.0","","9","N","N","","0","","0","0","0","","2","","","2","0","0","0","0","0","0","2","0","2","","","","N","","","","","","","","","",""
"2010070226","","1","0","0","0","0","0","0","0","0","5","0","","02","7","2010","5","40.435182","-79.966731","","11","0","0","0","0","0","0","0","0","","0","0","0","","","0","","0","","40 26:06.654","","0","79 58:00.232","0","0","0","0","2301","0","0","0","N","0","0","0","2","68B03","0","","1.0","","1","N","N","","1","","0","0","0","","0","","","2","0","0","0","0","0","0","2","0","2","","","","N","","","","","","","","","",""
"2010070227","","1","0","0","0","0","0","0","0","0","0","0","","02","7","2010","5","40.489095","-80.009701","","11","0","0","0","0","0","0","0","0","2","0","0","0","","","1","","0","","40 29:20.743","2","0","80 00:34.923","4","0","0","0","2301","0","0","0","N","0","0","0","1","68B03","1","","1.0","","1","N","N","","0","","0","0","0","","0","N","","1","1","0","0","0","0","0","2","0","1","","","","N","","","","","","","","","",""
"2010070236","","0","0","0","0","0","0","0","0","0","7","0","","02","7","2010","4","40.534228","-79.846223","","11","0","0","0","0","0","0","0","0","","0","0","0","","","1","","0","","40 32:03.220","","0","79 50:46.402","4","0","0","1","2208","0","0","0","N","0","0","0","1","68D02","1","","2.0","","1","N","N","","0","","0","0","0","","0","","","1","1","0","0","0","0","0","2","0","1","","","","N","","","","","","","","","",""
"2010070250","","0","0","0","0","0","0","0","0","0","6","0","","02","7","2010","6","40.477724","-79.844477","","11","0","0","0","0","0","0","0","0","9","0","0","0","","","0","","0","","40 28:39.805","5","0","79 50:40.117","0","0","0","0","2113","0","0","0","N","0","0","0","2","02113","0","","1.0","","1","N","N","","0","","0","0","1","","0","N","","2","0","0","0","0","0","0","2","1","2","","","","N","","","","","","","","","",""
"2010070257","","1","0","0","0","0","0","0","0","0","7","0","","02","7","2010","6","40.412481","-79.9097","","11","0","0","0","0","0","0","0","0","2","0","0","0","","","0","","0","","40 24:44.930","4","7","79 54:34.920","0","0","0","0","2438","0","0","0","N","0","0","0","2","02438","0","","2.0","","1","N","N","","0","","0","0","0","","0","N","","1","0","0","0","0","0","0","2","0","1","","","","N","","","","","","","","","",""
"2010070260","","1","0","0","0","0","0","0","0","0","7","0","","02","7","2010","7","40.576822","-80.072181","","11","0","0","0","0","0","1","0","0","2","0","0","0","","","1","","0","","40 34:36.559","3","7","80 04:19.851","4","0","0","0","2481","0","0","0","N","0","0","0","1","02481","1","","2.0","","1","N","N","","0","","0","0","0","","0","N","","1","1","0","0","0","0","0","2","0","1","","","","N","","","","","","","","","",""
"2010070262","","1","0","0","0","0","0","0","0","0","7","0","","02","7","2010","1","40.466047","-79.99091","","11","0","0","0","0","0","0","0","0","","0","0","0","","","0","","0","","40 27:57.769","","0","79 59:27.276","9","0","0","0","2301","0","0","0","N","0","0","0","2","02301","0","","5.0","","1","N","N","","0","","0","0","0","","0","","","1","0","0","0","0","0","2","2","0","1","","","","N","","","","","","","","","",""
"2010070263","","1","0","0","0","0","0","0","0","0","7","0","","02","7","2010","1","40.464301","-80.032737","","11","0","0","0","0","0","0","0","0","","0","0","0","","","1","","0","","40 27:51.485","","0","80 01:57.853","4","0","0","0","2301","0","0","0","N","0","0","0","1","02301","1","","1.0","","1","N","N","","0","","0","0","0","","0","","","1","1","0","0","0","0","0","2","0","1","","","","N","","","","","","","","","",""
"2010070270","","0","0","0","0","0","0","0","0","0","1","0","","02","7","2010","7","40.348168","-79.947286","","11","0","0","0","0","0","1","0","0","","0","0","0","","","0","","2","","40 20:53.403","","7","79 56:50.231","0","0","0","0","2473","0","0","0","N","0","0","0","4","02473","0","","1.0","","1","N","N","","1","","0","0","1","","2","","","2","0","0","0","0","0","0","2","0","2","","","","N","","","","","","","","","",""
"2010070271","","2","0","0","0","0","0","0","0","0","4","0","","02","7","2010","7","40.369361","-79.830556","","11","0","0","0","0","0","0","0","1","2","0","0","0","","","2","","0","","40 22:09.700","5","0","79 49:50.000","4","0","0","0","2111","0","0","0","N","0","0","0","3","02111","2","","1.0","","1","N","N","","0","","0","0","0","","0","Y","","2","2","2","0","0","0","0","2","0","2","","","","N","","","","","","","","","",""
"2010070272","","2","0","0","0","0","0","0","0","0","1","0","","02","7","2010","1","40.452824","-79.981496","","11","0","0","0","0","0","0","0","0","","0","0","0","","","0","","2","","40 27:10.166","","0","79 58:53.385","0","0","0","0","2301","0","0","0","N","0","0","0","3","02301","0","","1.0","","9","N","N","","0","","0","0","0","","3","","","2","0","0","0","0","0","0","2","0","2","","","","N","","","","","","","","","",""
"2010070278","","0","0","0","0","0","0","0","0","0","1","0","","02","7","2010","5","40.469608","-79.823434","","11","0","0","0","0","0","1","1","0","","0","0","0","","","0","","2","","40 28:10.588","","0","79 49:24.362","0","0","0","0","2113","0","0","0","N","0","0","0","3","02113","0","","1.0","","1","N","N","","0","","0","0","2","","0","","","2","0","0","0","0","0","0","2","0","2","","","","N","","","","","","","","","",""
"2010070289","","1","0","0","0","0","0","0","0","0","4","0","","02","7","2010","1","40.382504","-80.021133","","11","0","0","0","0","0","1","0","0","1","0","0","0","","","0","","2","","40 22:57.016","6","0","80 01:16.078","9","0","0","0","2109","0","0","0","N","0","0","0","3","02109","0","","1.0","","9","N","N","","1","","0","0","0","","3","N","","2","0","1","0","0","0","1","2","0","2","","","","N","","","","","","","","","",""
"2010070292","","0","0","0","0","0","0","0","0","0","4","0","","02","7","2010","1","40.381099","-79.811895","","11","0","1","0","0","0","0","1","0","1","0","0","0","","","0","","1","","40 22:51.958","3","0","79 48:42.822","0","0","0","0","2424","0","0","0","N","0","0","0","4","02424","0","","1.0","","9","N","N","","0","","0","0","1","","2","Y","","2","0","0","0","0","0","0","2","1","2","","","","N","","","","","","","","","",""
"2010070294","","0","0","0","0","0","0","0","0","0","4","0","","02","7","2010","7","40.396577","-79.975805","","11","0","0","0","0","0","0","0","0","","0","0","0","","","0","","0","","40 23:47.676","","0","79 58:32.899","0","0","0","0","2403","0","0","0","N","0","0","0","1","02403","0","","5.0","","1","N","N","","0","","0","0","2","","0","","","2","0","0","0","0","0","0","2","0","2","","","","N","","","","","","","","","",""
"2010070310","","1","0","0","0","0","0","0","0","0","1","0","","02","7","2010","1","40.401591","-80.042534","","11","0","1","0","0","0","0","1","0","","0","0","0","","","0","","0","","40 24:05.726","","0","80 02:33.123","0","0","0","0","2301","0","0","0","N","0","0","0","14","02301","0","","1.0","","1","N","N","","0","","0","0","2","","0","","","4","0","0","0","0","0","0","2","1","4","","","","N","","","","","","","","","",""
"2010070312","","1","0","0","0","0","0","0","0","0","7","0","","02","7","2010","7","40.466764","-80.130884","","11","0","0","0","0","0","0","1","0","2","0","0","0","","","1","","0","","40 28:00.349","3","0","80 07:51.182","4","0","0","0","2115","0","0","0","N","0","0","0","4","02115","1","","4.0","","1","N","N","","0","","0","0","0","","0","N","","1","1","0","0","0","0","0","2","0","1","","","","N","","","","","","","","","",""
"2010070338","","2","0","0","0","0","0","0","0","0","1","0","","02","7","2010","1","40.499194","-79.883666","","11","0","0","0","0","0","0","0","0","1","0","0","0","","","2","","0","","40 29:57.100","1","0","79 53:01.199","4","0","0","0","2112","0","0","0","N","0","0","0","3","02112","2","","1.0","","1","N","N","","0","","0","0","0","","0","N","","2","2","1","0","0","0","0","2","0","2","","","","N","","","","","","","","","",""
"2010070386","","1","0","0","0","0","0","0","0","0","99","0","","02","7","2010","1","40.461897","-79.937608","","11","0","0","0","0","0","0","0","0","3","0","0","0","","","2","","1","","40 27:42.829","7","0","79 56:15.388","8","0","0","0","2301","0","0","0","N","0","0","0","3","02301","0","","1.0","","1","N","N","","0","","0","0","0","","2","Y","","2","2","0","0","0","2","0","2","0","2","","","","N","","","","","","","","","",""
"2010070397","","0","0","0","0","0","0","0","0","0","4","0","","02","7","2010","1","40.434391","-79.989786","","11","0","0","0","0","0","0","0","0","1","0","0","0","","","0","","1","","40 26:03.806","2","0","79 59:23.228","0","0","0","0","2301","0","0","0","N","0","0","0","3","02301","0","","1.0","","1","N","N","","0","","0","0","2","","2","N","","2","0","1","0","0","0","0","2","0","2","","","","N","","","","","","","","","",""
"2010070403","","1","0","0","0","0","0","0","0","0","2","0","","02","7","2010","7","40.336203","-79.836068","","11","0","0","1","0","0","0","0","0","2","0","0","0","","","0","","0","","40 20:10.330","5","0","79 50:09.844","0","0","0","0","2304","0","0","0","N","0","0","0","3","02304","0","","1.0","","1","N","N","","0","","0","0","1","","0","Y","","2","0","0","0","0","0","0","2","0","2","","","","N","","","","","","","","","",""
"2010070412","","0","0","0","0","0","0","0","0","0","7","0","","02","7","2010","2","40.228965","-79.879712","","11","0","0","0","0","0","0","0","0","2","0","0","0","","","0","","0","","40 13:44.274","2","7","79 52:46.963","0","0","0","0","2204","0","0","0","N","0","0","0","1","02204","0","","4.0","","1","N","N","","0","","0","0","1","","0","N","","1","0","0","0","0","0","0","1","0","1","","","","N","","","","","","","","","",""
"2010070415","","1","0","0","0","0","0","0","0","0","0","0","","02","7","2010","1","40.427962","-79.914724","","11","0","0","0","1","0","0","0","0","2","0","0","0","","","0","","1","","40 25:40.663","3","0","79 54:53.006","0","0","0","0","2301","0","0","0","N","0","0","0","4","02301","0","","1.0","","1","N","N","","0","","0","0","0","","3","N","","1","0","0","0","0","0","0","2","0","1","","","","N","","","","","","","","","",""
"2010070418","","1","0","0","0","0","0","0","0","0","7","0","","02","7","2010","1","40.585605","-80.069082","","11","0","0","0","0","0","0","0","0","1","0","0","0","","","0","","2","","40 35:08.178","1","0","80 04:08.695","0","0","0","0","2481","0","0","0","N","0","0","0","1","02481","0","","2.0","","9","N","N","","0","","0","0","0","","3","N","","1","0","0","0","0","0","0","2","0","1","","","","N","","","","","","","","","",""
"2010070419","","1","0","0","0","0","0","0","0","0","4","0","","02","7","2010","7","40.415063","-80.011339","","11","0","0","0","0","0","0","0","0","","0","0","0","","","0","","2","","40 24:54.225","","0","80 00:40.822","0","0","0","0","2301","0","0","0","","0","0","0","2","02301","0","","1.0","","9","","","","1","","0","0","0","","2","","","2","0","0","0","0","0","0","2","0","2","","","","N","","","","","","","","","",""
"2010070429","","1","0","0","0","0","0","0","0","0","7","0","","02","6","2010","7","40.3534","-79.8251","","11","0","0","0","0","0","1","0","0","","0","0","0","","","1","","2","","40 21:12.240","","0","79 49:30.360","8","0","0","0","2304","0","0","0","N","0","0","0","1","02304","0","","4.0","","1","N","N","","0","","0","0","0","","0","","","1","1","0","0","0","1","0","2","0","1","","","","N","","","","","","","","","",""
"2010070430","","0","0","0","0","0","0","0","0","0","0","0","25","02","7","2010","5","40.538678","-79.829928","","11","0","0","0","0","0","1","0","0","3","0","0","0","","","1","","0","","40 32:19.242","1","0","79 49:47.742","2","0","1","1","2208","0","0","0","N","0","0","0","1","02208","0","","1.0","","1","N","N","","0","","0","1","0","","0","Y","","1","1","0","0","0","0","0","2","0","1","","","Y","Y","5","3","","","Y","Y","","Y","Y",""
"2010070431","","1","0","0","0","0","0","0","0","0","6","0","","02","7","2010","1","40.466252","-79.956985","","11","0","0","0","0","0","0","0","0","","0","0","0","","","0","","0","","40 27:58.507","","0","79 57:25.146","0","0","0","0","2301","0","0","0","N","0","0","0","2","02301","0","","1.0","","1","N","N","","0","","0","0","1","","0","","","3","0","0","0","0","0","0","2","1","3","","","","N","","","","","","","","","",""
"2010070434","","3","0","0","0","0","0","0","0","0","5","0","","02","7","2010","1","40.475858","-79.923205","","11","0","0","0","0","1","0","0","0","2","0","0","0","","","1","","0","","40 28:33.088","5","0","79 55:23.538","8","0","0","0","2301","0","0","0","N","0","0","0","1","02301","0","","1.0","","1","N","N","","0","","0","0","1","","0","Y","","4","1","1","0","0","1","0","2","0","4","","","","N","","","","","","","","","",""
"2010070438","","2","0","0","0","0","0","0","0","0","4","0","","02","7","2010","6","40.449706","-80.025099","","11","0","0","0","0","0","0","0","0","","0","0","0","","","1","","1","","40 26:58.940","","6","80 01:30.356","4","0","0","0","2301","0","0","0","N","0","0","0","2","02301","1","","1.0","","1","N","N","","0","","0","0","0","","2","","","2","1","0","0","0","0","0","2","0","2","","","","N","","","","","","","","","",""
"2010070439","","1","0","0","0","0","0","0","0","0","7","0","","02","7","2010","2","40.265855","-79.879866","","11","0","0","0","0","0","0","1","0","","0","0","0","","","1","","0","","40 15:57.078","","0","79 52:47.516","8","0","0","0","2105","0","0","0","N","0","0","0","1","02105","0","","4.0","","1","N","N","","0","","0","0","0","","0","","","1","1","0","0","0","1","0","1","0","1","","","","N","","","","","","","","","",""
"2010070444","","1","0","0","0","0","0","0","0","0","1","0","","02","7","2010","1","40.617082","-80.089444","","11","0","0","0","0","0","1","0","0","","0","0","0","","","0","","2","","40 37:01.494","","0","80 05:21.998","0","0","0","0","2212","0","0","0","N","0","0","0","2","02505","0","","1.0","","9","N","N","","0","","0","0","1","","2","","","2","0","0","0","0","0","0","2","0","2","","","","N","","","","","","","","","",""
"2010070445","","0","0","0","0","0","0","0","0","0","7","0","","02","7","2010","6","40.580833","-79.904096","","11","0","0","0","0","0","0","0","0","2","0","0","0","","","1","","0","","40 34:51.000","3","0","79 54:14.745","4","0","0","0","2209","0","0","0","N","0","0","0","2","02209","1","","5.0","","1","N","N","","1","","0","0","0","","0","N","","1","1","0","0","0","0","0","2","0","1","","","","N","","","","","","","","","",""
"2010070452","","2","0","0","0","0","0","0","0","0","5","0","","02","7","2010","3","40.427919","-79.948688","","11","0","0","0","0","0","0","0","0","2","0","0","0","","","1","","0","","40 25:40.507","3","0","79 56:55.277","4","0","0","0","2301","0","0","0","N","0","0","0","2","68B03","1","","2.0","","1","N","N","","0","","0","0","0","","0","N","","2","1","2","0","0","0","0","2","0","2","","","","N","","","","","","","","","",""
"2010070453","","3","0","0","0","0","0","0","0","0","1","0","","02","7","2010","3","40.428891","-79.932419","","11","0","0","0","0","0","2","0","0","2","0","0","0","","","3","","0","","40 25:44.009","3","0","79 55:56.707","3","0","0","0","2301","0","0","0","N","0","0","0","4","68B03","0","","1.0","","1","N","N","","0","","3","0","0","","0","N","","3","3","1","0","0","0","0","2","0","3","","","","N","","","","","","","","","",""
"2010070454","","0","0","0","0","0","0","0","0","0","5","1","","02","7","2010","4","40.429057","-79.956193","","11","0","0","0","0","0","0","0","0","","0","0","0","","","0","","0","","40 25:44.606","","0","79 57:22.296","9","0","0","0","2301","0","0","0","N","0","0","0","2","68B03","0","","1.0","","1","N","N","","1","","0","0","0","","0","","","2","0","0","0","0","0","1","2","0","2","","","","N","","","","","","","","","",""
"2010070455","","3","0","0","0","0","0","0","0","0","1","0","","02","7","2010","5","40.434181","-79.996304","","11","0","0","0","0","0","0","0","0","1","0","0","0","","","1","","3","","40 26:03.051","3","2","79 59:46.695","4","0","0","0","2301","0","0","0","N","0","0","0","3","68B03","1","","1.0","","1","N","N","","0","","0","0","0","","4","N","","3","1","0","0","0","0","0","2","0","3","","","","N","","","","","","","","","",""
"2010070535","","0","0","0","0","0","0","0","0","0","1","1","","02","7","2010","4","40.435001","-79.7335","","11","0","0","0","0","0","1","0","0","","0","0","0","","","1","","0","","40 26:06.003","","0","79 44:00.601","8","0","0","0","2446","0","0","0","N","0","0","0","6","02446","0","","1.0","","1","N","N","","1","","0","0","0","","0","","","2","1","1","0","0","1","0","2","1","2","","","","N","","","","","","","","","",""
"2010070537","","3","0","0","0","0","0","0","0","0","1","0","","02","7","2010","6","40.484224","-79.907886","","11","0","0","0","0","0","0","0","1","","0","0","0","","","0","","1","","40 29:03.206","","0","79 54:28.391","0","0","0","0","2301","0","0","0","N","0","0","0","3","02301","0","","1.0","","1","N","N","","0","","0","0","0","","0","","","3","0","0","0","0","0","0","2","0","3","","","","N","","","","","","","","","",""
"2010070538","","3","0","0","0","0","0","0","0","0","1","0","","02","7","2010","2","40.505019","-79.94661","","11","0","0","0","0","1","0","0","0","1","0","0","0","","","1","","0","","40 30:18.069","2","0","79 56:47.795","4","0","0","0","2430","0","0","0","N","0","0","0","3","02430","1","","1.0","","1","N","N","","0","","0","0","0","","0","N","","3","1","0","0","0","0","0","2","0","3","","","","N","","","","","","","","","",""
"2010070540","","1","0","0","0","0","0","0","0","0","2","0","","02","7","2010","3","40.469863","-80.089671","","11","0","0","0","0","0","1","1","0","3","0","0","0","","","2","","0","","40 28:11.506","6","0","80 05:22.815","4","0","0","0","2126","0","0","0","N","0","0","0","2","02501","2","","1.0","","1","N","N","","0","","0","0","0","","0","Y","","2","2","0","0","0","0","0","2","1","2","","","","N","","","","","","","","","",""
"2010070542","","1","0","0","0","0","0","0","0","0","4","0","","02","7","2010","2","40.529456","-79.954226","","11","0","0","0","0","0","1","0","0","","0","0","0","","","1","","2","","40 31:46.040","","0","79 57:15.212","8","0","0","1","2118","0","0","0","N","0","0","0","2","02118","0","","1.0","","1","N","N","","0","","0","0","0","","3","","","2","1","0","0","0","1","0","2","0","2","","","","N","","","","","","","","","",""
"2010070546","","1","0","0","0","0","0","0","0","0","4","0","","02","7","2010","3","40.594732","-79.947822","","11","0","0","0","1","0","0","0","0","1","0","0","0","","","0","","0","","40 35:41.036","2","0","79 56:52.160","0","0","0","0","2207","0","0","0","N","0","0","0","3","02207","0","","1.0","","1","N","N","","0","","0","0","1","","0","N","","2","0","0","0","0","0","0","2","0","2","","","","N","","","","","","","","","",""
"2010070547","","2","0","1","0","0","0","0","0","0","2","1","","02","7","2010","7","40.473616","-80.063129","","11","0","0","0","0","0","0","0","0","4","0","1","0","","","6","","2","","40 28:25.019","5","3","80 03:47.263","2","0","0","0","2444","0","0","0","N","0","0","0","6","02501","1","","1.0","","1","N","N","","0","","3","2","0","","0","Y","","3","6","0","0","0","0","0","2","0","3","","","","N","","","","","","","","","",""
"2010070553","","1","0","0","0","0","0","0","0","0","3","0","","02","7","2010","2","40.458061","-79.934662","","11","0","0","0","0","0","0","1","0","","0","0","0","","","0","","1","","40 27:29.021","","0","79 56:04.783","9","0","0","0","2301","0","0","0","N","0","0","0","2","02301","0","","1.0","","1","N","N","","1","","0","0","0","","1","","","2","0","0","0","0","0","2","2","0","2","","","","N","","","","","","","","","",""
"2010070559","","1","0","0","0","0","0","0","0","0","4","0","","02","7","2010","2","40.440907","-79.927795","","11","0","0","0","0","0","1","1","0","1","0","0","0","","","1","","1","","40 26:27.265","1","0","79 55:40.062","8","0","0","0","2301","0","0","0","N","0","0","0","2","02301","0","","1.0","","1","N","N","","0","","0","0","1","","2","N","","2","1","0","0","0","1","0","2","0","2","","","","N","","","","","","","","","",""
"2010070560","","3","0","0","0","0","0","0","0","0","1","0","","02","7","2010","2","40.437884","-79.930092","","11","0","0","0","1","0","1","0","0","1","0","0","0","","","1","","0","","40 26:16.382","4","0","79 55:48.331","4","0","0","0","2301","0","0","0","N","0","0","0","4","02301","1","","1.0","","1","N","N","","0","","0","0","0","","2","N","","3","1","0","0","0","0","0","2","0","3","","","","N","","","","","","","","","",""
"2010070569","","1","0","0","0","0","0","0","0","0","4","0","","02","7","2010","2","40.384444","-79.984409","","11","0","0","0","0","0","0","0","0","1","0","0","0","","","1","","2","","40 23:03.998","6","0","79 59:03.872","8","0","0","0","2301","0","0","0","N","0","0","0","3","02301","0","","1.0","","1","N","N","","0","","0","0","0","","3","N","","2","1","0","0","0","1","0","2","1","2","","","","N","","","","","","","","","",""
"2010070574","","1","0","0","0","0","0","0","0","0","2","0","","02","7","2010","2","40.380566","-79.914834","","11","0","0","0","0","0","0","0","0","","0","0","0","","","0","","2","","40 22:50.037","","0","79 54:53.402","0","0","0","0","2301","0","0","0","N","0","0","0","1","02301","0","","4.0","","1","N","N","","0","","0","0","1","","0","","","2","0","0","0","0","0","0","2","0","2","","","","N","","","","","","","","","",""
"2010070586","","0","0","0","0","0","0","0","0","0","7","0","","02","7","2010","7","40.414306","-79.992167","","11","0","0","0","0","0","0","0","0","","0","0","0","","","0","","0","","40 24:51.501","","0","79 59:31.801","0","0","0","0","2301","0","0","0","N","0","0","0","1","02301","0","","5.0","","9","N","N","","1","","0","0","0","","0","","","1","0","0","0","0","0","0","2","0","1","","","","N","","","","","","","","","",""
"2010070594","","4","0","0","0","0","0","0","0","0","4","0","","02","7","2010","5","40.43876","-79.767058","","11","0","0","0","0","0","1","0","0","1","0","0","0","","","2","","0","","40 26:19.537","3","0","79 46:01.408","4","0","0","0","2446","0","0","0","N","0","0","0","5","02446","2","","1.0","","1","N","N","","0","","0","0","0","","0","N","","4","2","0","0","0","0","0","2","0","4","","","","N","","","","","","","","","",""
"2010070602","","0","0","0","0","0","0","0","0","0","7","0","","02","7","2010","2","40.601228","-79.757017","","11","0","0","0","0","0","1","0","0","1","0","0","0","","","2","","2","","40 36:04.420","2","3","79 45:25.261","3","0","0","1","2464","0","0","0","N","0","0","0","2","02464","1","","1.0","","1","N","N","","0","","1","0","0","","0","Y","","1","2","0","0","0","0","0","2","0","1","","","","N","","","","","","","","","",""
"2010070609","","3","0","0","0","0","0","0","0","0","1","0","","02","7","2010","5","40.505431","-80.222985","","11","0","0","0","0","2","0","0","0","","0","0","0","","","0","","0","","40 30:19.552","","0","80 13:22.747","0","0","0","0","2213","0","0","0","N","0","0","0","6","02213","0","","1.0","","1","N","N","","0","","0","0","0","","0","","","3","0","0","0","0","0","0","2","0","3","","","","N","","","","","","","","","",""
"2010070808","","2","0","0","0","0","0","0","0","0","4","0","","02","7","2010","2","40.420437","-79.841702","","11","0","0","0","0","0","1","0","1","2","0","0","0","","","1","","2","","40 25:13.573","3","0","79 50:30.127","4","0","0","0","2431","0","0","0","N","0","0","0","2","02431","1","","1.0","","1","N","N","","0","","0","0","0","","3","N","","2","1","0","0","0","0","0","2","0","2","","","","N","","","","","","","","","",""
"2010070809","","2","0","0","0","0","0","0","0","0","4","0","","02","7","2010","6","40.435632","-79.787099","","11","0","0","0","0","0","0","1","0","1","0","0","0","","","0","","0","","40 26:08.274","3","7","79 47:13.557","0","0","0","0","2446","0","0","0","N","0","0","0","5","02446","0","","1.0","","1","N","N","","0","","0","0","0","","0","N","","2","0","1","0","0","0","0","2","0","2","","","","N","","","","","","","","","",""
"2010070819","","1","0","0","0","0","0","0","0","0","1","0","","02","7","2010","2","40.516181","-79.842274","","11","0","0","1","0","0","1","0","0","2","0","0","0","","","1","","0","","40 30:58.252","3","0","79 50:32.186","3","0","0","1","2301","0","0","0","N","0","0","0","2","02301","0","","1.0","","1","N","N","","0","","1","0","0","","0","N","","2","1","0","0","0","0","0","2","0","2","","","","N","","","","","","","","","",""