"CRN","ARRIVAL_TM","AUTOMOBILE_COUNT","BELTED_DEATH_COUNT","BELTED_SUSP_SERIOUS_INJ_COUNT","BICYCLE_COUNT","BICYCLE_DEATH_COUNT","BICYCLE_SUSP_SERIOUS_INJ_COUNT","BUS_COUNT","CHLDPAS_DEATH_COUNT","CHLDPAS_SUSP_SERIOUS_INJ_COUNT","COLLISION_TYPE","COMM_VEH_COUNT","CONS_ZONE_SPD_LIM","COUNTY","CRASH_MONTH","CRASH_YEAR","DAY_OF_WEEK","DEC_LATITUDE","DEC_LONGITUDE","DISPATCH_TM","DISTRICT","DRIVER_COUNT_16YR","DRIVER_COUNT_17YR","DRIVER_COUNT_18YR","DRIVER_COUNT_19YR","DRIVER_COUNT_20YR","DRIVER_COUNT_50_64YR","DRIVER_COUNT_65_74YR","DRIVER_COUNT_75PLUS","EST_HRS_CLOSED","FATAL_COUNT","HEAVY_TRUCK_COUNT","HORSE_BUGGY_COUNT","HOUR_OF_DAY","ILLUMINATION","INJURY_COUNT","INTERSECTION_RELATED","INTERSECT_TYPE","LANE_CLOSED","LATITUDE","LN_CLOSE_DIR","LOCATION_TYPE","LONGITUDE","MAX_SEVERITY_LEVEL","MCYCLE_DEATH_COUNT","MCYCLE_SUSP_SERIOUS_INJ_COUNT","MOTORCYCLE_COUNT","MUNICIPALITY","NONMOTR_COUNT","NONMOTR_DEATH_COUNT","NONMOTR_SUSP_SERIOUS_INJ_COUNT","NTFY_HIWY_MAINT","PED_COUNT","PED_DEATH_COUNT","PED_SUSP_SERIOUS_INJ_COUNT","PERSON_COUNT","POLICE_AGCY","POSSIBLE_INJ_COUNT","RDWY_SURF_TYPE_CD","RELATION_TO_ROAD","ROADWAY_CLEARED","ROAD_CONDITION","SCH_BUS_IND","SCH_ZONE_IND","SECONDARY_CRASH","SMALL_TRUCK_COUNT","SPEC_JURIS_CD","SUSP_MINOR_INJ_COUNT","SUSP_SERIOUS_INJ_COUNT","SUV_COUNT","TCD_FUNC_CD","TCD_TYPE","TFC_DETOUR_IND","TIME_OF_DAY","TOTAL_UNITS","TOT_INJ_COUNT","UNBELTED_OCC_COUNT","UNB_DEATH_COUNT","UNB_SUSP_SERIOUS_INJ_COUNT","UNK_INJ_DEG_COUNT","UNK_INJ_PER_COUNT","URBAN_RURAL","VAN_COUNT","VEHICLE_COUNT","WEATHER1","WEATHER2","WORKERS_PRES","WORK_ZONE_IND","WORK_ZONE_LOC","WORK_ZONE_TYPE","WZ_CLOSE_DETOUR","WZ_FLAGGER","WZ_LAW_OFFCR_IND","WZ_LN_CLOSURE","WZ_MOVING","WZ_OTHER","WZ_SHLDER_MDN","WZ_WORKERS_INJ_KILLED"
"2010070832","","2","0","0","0","0","0","0","0","0","4","0","","02","7","2010","2","40.361231","-79.863722","","11","0","0","0","0","0","0","0","0","1","0","0","0","","","1","","2","","40 21:40.431","1","0","79 51:49.399","3","0","0","0","2473","0","0","0","N","0","0","0","1","02473","0","","1.0","","1","N","N","","0","","1","0","0","","3","Y","","2","1","1","0","0","0","0","2","0","2","","","","N","","","","","","","","","",""
"2010070835","","0","0","0","0","0","0","0","0","0","5","0","","02","7","2010","2","40.465269","-80.06039","","11","0","0","0","0","0","0","0","0","2","0","0","0","","","1","","3","","40 27:54.967","3","0","80 03:37.405","8","0","0","2","2444","0","0","0","N","0","0","0","2","02444","0","","1.0","","1","N","N","","0","","0","0","0","","0","N","","2","1","0","0","0","1","0","2","0","2","","","","N","","","","","","","","","",""
"2010070837","","1","0","0","0","0","0","0","0","0","7","0","","02","7","2010","3","40.424405","-79.986172","","11","0","0","0","0","0","0","1","0","","0","0","0","","","0","","0","","40 25:27.857","","0","79 59:10.218","0","0","0","0","2301","0","0","0","N","0","0","0","1","02301","0","","5.0","","1","N","N","","0","","0","0","0","","0","","","1","0","0","0","0","0","0","2","0","1","","","","N","","","","","","","","","",""
"2010070840","","2","0","0","0","0","0","0","0","0","1","0","","02","7","2010","5","40.294399","-79.892678","","11","0","0","0","0","0","0","0","0","","0","0","0","","","1","","0","","40 17:39.835","","0","79 53:33.640","3","0","0","0","2302","0","0","0","N","0","0","0","1","02302","0","","2.0","","1","N","N","","1","","1","0","0","","0","","","3","1","0","0","0","0","0","2","0","3","","","","N","","","","","","","","","",""
"2010070845","","1","0","0","0","0","0","0","0","0","7","0","","02","7","2010","1","40.551124","-79.891188","","11","0","0","0","0","0","0","0","0","","0","0","0","","","1","","2","","40 33:04.045","","0","79 53:28.275","4","0","0","0","2209","0","0","0","N","0","0","0","2","02209","1","","5.0","","9","N","N","","0","","0","0","0","","0","","","1","1","0","0","0","0","0","2","0","1","","","","N","","","","","","","","","",""
"2010070983","","1","0","0","0","0","0","0","0","0","4","0","","02","7","2010","5","40.507028","-80.035063","","11","0","0","0","0","0","2","0","0","1","0","0","0","","","2","","0","","40 30:25.302","1","0","80 02:06.225","8","0","0","0","2116","0","0","0","N","0","0","0","4","68B03","0","","1.0","","1","N","N","","0","","0","0","1","","0","N","","2","2","0","0","0","2","0","2","0","2","","","","N","","","","","","","","","",""
"2010070984","","1","0","0","0","0","0","0","0","0","5","1","","02","7","2010","6","40.372249","-80.111846","","11","0","0","0","0","0","0","1","0","2","0","1","0","","","2","","0","","40 22:20.097","1","0","80 06:42.647","3","0","0","0","2102","0","0","0","N","0","0","0","4","68B03","0","","1.0","","1","N","N","","1","","2","0","0","","0","N","","3","2","0","0","0","0","0","2","0","3","","","","N","","","","","","","","","",""
"2010070999","","1","0","0","0","0","0","0","0","0","7","0","","02","6","2010","2","40.394036","-79.912666","","11","0","0","0","0","0","0","0","0","","0","0","0","","","1","","0","","40 23:38.529","","0","79 54:45.597","4","0","0","0","2472","0","0","0","N","0","0","0","1","02472","1","","2.0","","1","N","N","","0","","0","0","0","","0","","","1","1","0","0","0","0","0","2","0","1","","","","N","","","","","","","","","",""
"2010071001","","1","0","0","0","0","0","0","0","0","1","1","","02","7","2010","3","40.657115","-79.723313","","11","0","0","0","0","0","1","0","0","2","0","1","0","","","0","","0","","40 39:25.615","2","0","79 43:23.927","0","0","0","0","2106","0","0","0","N","0","0","0","2","68D02","0","","1.0","","1","N","N","","0","","0","0","0","","0","N","","2","0","0","0","0","0","0","2","0","2","","","","N","","","","","","","","","",""
"2010071216","","1","0","0","0","0","0","0","0","0","7","0","","02","7","2010","6","40.614609","-80.091972","","11","1","0","0","0","0","0","0","0","2","0","0","0","","","1","","1","","40 36:52.594","6","7","80 05:31.099","8","0","0","0","2481","0","0","0","N","0","0","0","1","02481","0","","4.0","","9","N","N","","0","","0","0","0","","2","Y","","1","1","0","0","0","1","0","2","0","1","","","","N","","","","","","","","","",""
"2010071218","","1","0","0","0","0","0","0","0","0","4","0","","02","7","2010","6","40.461134","-79.923997","","11","0","0","0","0","0","0","1","0","","0","0","0","","","2","","0","","40 27:40.081","","0","79 55:26.388","3","0","0","1","2301","0","0","0","N","0","0","0","3","02301","0","","1.0","","1","N","N","","0","","2","0","0","","0","","","2","2","0","0","0","0","0","2","0","2","","","","N","","","","","","","","","",""
"2010071219","","0","0","0","0","0","0","0","0","0","3","0","","02","7","2010","2","","","","11","0","0","0","0","0","0","0","0","","0","0","0","","","2","","0","","","","7","","4","0","0","0","2473","0","0","0","N","0","0","0","7","02473","2","","1.0","","1","N","N","","0","","0","0","2","","0","","","2","2","0","0","0","0","0","1","0","2","","","","N","","","","","","","","","",""
"2010071221","","2","0","0","0","0","0","0","0","0","2","0","","02","7","2010","1","40.416628","-79.814683","","11","0","0","0","0","0","1","0","0","","0","0","0","","","2","","1","","40 24:59.860","","0","79 48:52.858","3","0","0","0","2467","0","0","0","N","0","0","0","3","02467","0","","1.0","","1","N","N","","0","","2","0","0","","3","","","2","2","1","0","0","0","0","2","0","2","","","","N","","","","","","","","","",""
"2010071242","","1","0","0","0","0","0","0","0","0","6","0","","02","7","2010","3","40.655077","-80.086634","","11","0","0","0","0","0","1","0","1","2","0","0","0","","","1","","1","","40 39:18.276","1","0","80 05:11.881","4","0","0","0","2212","0","0","0","N","0","0","0","2","02505","1","","1.0","","1","N","N","","1","","0","0","0","","2","N","","2","1","0","0","0","0","0","2","0","2","","","","N","","","","","","","","","",""
"2010071243","","1","0","0","0","0","0","0","0","0","99","0","","02","7","2010","6","","","","11","0","0","0","1","0","0","0","0","2","0","0","0","","","1","","0","","","4","0","","4","0","0","0","2110","0","0","0","N","0","0","0","1","02215","1","","2.0","","1","N","N","","0","","0","0","0","","0","Y","","1","1","0","0","0","0","0","1","0","1","","","","N","","","","","","","","","",""
"2010071257","","3","0","0","0","0","0","0","0","0","6","0","","02","7","2010","3","40.455584","-79.966241","","11","0","0","1","0","0","1","0","0","1","0","0","0","","","0","","1","","40 27:20.104","3","0","79 57:58.469","0","0","0","0","2301","0","0","0","N","0","0","0","3","02301","0","","1.0","","1","N","N","","0","","0","0","0","","0","N","","3","0","0","0","0","0","0","2","0","3","","","","N","","","","","","","","","",""
"2010071258","","0","0","0","0","0","0","0","0","0","7","0","","02","7","2010","5","40.474426","-79.971294","","11","0","0","0","0","0","0","0","0","1","0","0","0","","","0","","0","","40 28:27.933","4","3","79 58:16.659","0","0","0","0","2445","0","0","0","","0","0","0","2","02445","0","","4.0","","1","N","N","","0","","0","0","1","","0","N","","1","0","0","0","0","0","0","2","0","1","","","","N","","","","","","","","","",""
"2010071260","","2","0","0","0","0","0","0","0","0","1","0","","02","7","2010","4","40.427936","-79.726154","","11","0","0","0","0","0","0","0","0","","0","0","0","","","1","","2","","40 25:40.571","","0","79 43:34.156","4","0","0","0","2446","0","0","0","N","0","0","0","4","02446","1","","1.0","","1","N","N","","0","","0","0","0","","0","","","2","1","0","0","0","0","0","2","0","2","","","","N","","","","","","","","","",""
"2010071261","","1","0","0","0","0","0","0","0","0","4","0","","02","7","2010","3","40.451696","-79.98314","","11","0","0","0","0","0","1","0","0","","0","0","0","","","0","","1","","40 27:06.105","","0","79 58:59.304","0","0","0","0","2301","0","0","0","N","0","0","0","2","02301","0","","1.0","","1","N","N","","0","","0","0","1","","2","","","2","0","0","0","0","0","0","2","0","2","","","","N","","","","","","","","","",""
"2010071262","","1","0","0","0","0","0","0","0","0","4","0","","02","7","2010","3","40.398204","-80.026442","","11","0","0","0","0","0","1","0","0","2","0","0","0","","","2","","3","","40 23:53.536","1","0","80 01:35.192","4","0","0","0","2301","0","0","0","N","0","0","0","4","02301","1","","1.0","","1","N","N","","0","","0","0","1","","3","N","","2","2","0","0","0","1","0","2","0","2","","","","N","","","","","","","","","",""
"2010071266","","2","0","0","0","0","0","0","0","0","1","0","","02","7","2010","3","40.45899","-79.913032","","11","0","0","0","0","0","0","0","0","","0","0","0","","","1","","0","","40 27:32.364","","0","79 54:46.915","4","0","0","0","2301","0","0","0","N","0","0","0","5","02301","1","","1.0","","1","N","N","","0","","0","0","0","","0","","","2","1","1","0","0","0","0","2","0","2","","","","N","","","","","","","","","",""
"2010071274","","2","0","0","0","0","0","0","0","0","1","0","","02","7","2010","3","40.474498","-79.918803","","11","0","0","0","0","0","1","0","0","1","0","0","0","","","1","","2","","40 28:28.192","1","0","79 55:07.690","3","0","0","0","2301","0","0","0","N","0","0","0","2","02301","0","","1.0","","1","N","N","","0","","1","0","0","","0","N","","2","1","0","0","0","0","0","2","0","2","","","","N","","","","","","","","","",""
"2010071275","","0","0","0","0","0","0","0","0","0","8","0","","02","7","2010","3","40.437073","-79.996798","","11","0","0","0","0","0","0","0","0","","0","0","0","","","1","","1","","40 26:13.462","","0","79 59:48.472","3","0","0","0","2301","1","0","0","N","1","0","0","2","02301","0","","1.0","","1","N","N","","0","","1","0","1","","3","","","2","1","0","0","0","0","0","2","0","1","","","","N","","","","","","","","","",""
"2010071276","","2","0","0","0","0","0","0","0","0","1","0","","02","7","2010","3","40.437428","-79.979527","","11","0","0","0","0","0","0","0","0","","0","0","0","","","0","","1","","40 26:14.740","","0","79 58:46.297","0","0","0","0","2301","0","0","0","N","0","0","0","3","02301","0","","1.0","","1","N","N","","1","","0","0","0","","3","","","3","0","0","0","0","0","0","2","0","3","","","","N","","","","","","","","","",""
"2010071278","","3","0","0","0","0","0","0","0","0","1","0","","02","7","2010","3","40.488218","-79.937692","","11","0","0","0","0","0","0","0","0","","0","0","0","","","1","","2","","40 29:17.584","","0","79 56:15.692","8","0","0","0","2301","0","0","0","N","0","0","0","3","02301","0","","1.0","","1","N","N","","0","","0","0","0","","2","","","3","1","0","0","0","1","0","2","0","3","","","","N","","","","","","","","","",""
"2010071279","","2","0","0","0","0","0","0","0","0","4","0","","02","7","2010","2","","","","11","0","0","0","1","0","0","0","0","2","0","0","0","","","0","","1","","","2","0","","0","0","0","0","2115","0","0","0","N","0","0","0","2","02115","0","","1.0","","1","N","N","","0","","0","0","0","","0","N","","2","0","0","0","0","0","0","1","0","2","","","","N","","","","","","","","","",""
"2010071280","","3","0","0","0","0","0","0","0","0","1","0","","02","7","2010","4","40.532065","-80.188863","","11","0","0","0","0","0","1","0","0","1","0","0","0","","","0","","0","","40 31:55.435","2","3","80 11:19.906","0","0","0","0","2213","0","0","0","N","0","0","0","4","02213","0","","1.0","","1","N","N","","0","","0","0","1","","0","N","","4","0","0","0","0","0","0","2","0","4","","","","N","","","","","","","","","",""
"2010071281","","1","0","0","0","0","0","0","0","0","4","0","","02","7","2010","5","40.50372","-80.222392","","11","0","0","0","0","0","1","0","0","","0","0","0","","","0","","0","","40 30:13.392","","0","80 13:20.612","0","0","0","0","2213","0","0","0","N","0","0","0","2","02213","0","","1.0","","1","N","N","","0","","0","0","1","","0","","","2","0","0","0","0","0","0","2","0","2","","","","N","","","","","","","","","",""
"2010071282","","1","0","0","0","0","0","0","0","0","7","0","35","02","7","2010","6","40.515701","-80.271398","","11","0","0","0","0","0","0","0","0","","0","0","0","","","0","","0","","40 30:56.523","","0","80 16:17.032","0","0","0","0","2213","0","0","0","N","0","0","0","1","02213","0","","4.0","","1","N","N","","0","","0","0","0","","8","","","1","0","0","0","0","0","0","2","0","1","","","N","Y","3","1","N","N","N","Y","N","Y","N",""
"2010071283","","1","0","0","0","0","0","0","0","0","7","0","35","02","7","2010","5","40.501277","-80.226794","","11","0","0","0","0","0","0","0","0","","0","0","0","","","0","","0","","40 30:04.598","","0","80 13:36.459","0","0","0","0","2213","0","0","0","N","0","0","0","1","02213","0","","1.0","","1","N","N","","0","","0","0","0","","0","","","1","0","0","0","0","0","0","2","0","1","","","N","Y","4","1","N","N","N","N","N","Y","N",""
"2010071284","","1","0","0","0","0","0","0","0","0","4","1","35","02","7","2010","5","40.505668","-80.234481","","11","0","0","0","0","0","0","0","1","","0","1","0","","","0","","0","","40 30:20.404","","0","80 14:04.132","0","0","0","0","2213","0","0","0","N","0","0","0","2","02213","0","","1.0","","98","N","N","","0","","0","0","0","","3","","","2","0","0","0","0","0","0","2","0","2","","","N","Y","4","1","N","N","N","Y","Y","Y","Y",""
"2010071337","","0","0","0","0","0","0","0","0","0","7","1","","02","7","2010","6","40.42934","-79.931406","","11","0","0","0","0","0","0","0","0","","0","1","0","","","0","","0","","40 25:45.624","","2","79 55:53.061","0","0","0","0","2301","0","0","0","Y","0","0","0","1","68B03","0","","3.0","","1","N","N","","0","","0","0","0","","0","","","1","0","0","0","0","0","0","2","0","1","","","","N","","","","","","","","","",""
"2010071394","","1","0","0","0","0","0","0","0","0","1","0","","02","7","2010","6","40.437186","-79.770794","","11","0","0","0","0","0","1","1","0","1","0","0","0","","","1","","0","","40 26:13.870","1","0","79 46:14.860","8","0","0","0","2446","0","0","0","N","0","0","0","3","02446","0","","1.0","","1","N","N","","0","","0","0","2","","0","N","","3","1","1","0","0","1","0","2","0","3","","","","N","","","","","","","","","",""
"2010071396","","2","0","0","0","0","0","0","0","0","1","0","","02","7","2010","2","40.422643","-79.795584","","11","0","0","0","0","0","0","0","0","","0","0","0","","","0","","2","","40 25:21.514","","0","79 47:44.102","0","0","0","0","2446","0","0","0","N","0","0","0","4","02446","0","","1.0","","1","N","N","","0","","0","0","0","","3","","","2","0","1","0","0","0","0","2","0","2","","","","N","","","","","","","","","",""
"2010071404","","0","0","0","0","0","0","0","0","0","7","0","","02","7","2010","3","40.458489","-80.191794","","11","0","0","0","0","0","1","0","0","","0","0","0","","","0","","0","","40 27:30.560","","7","80 11:30.460","0","0","0","0","2203","0","0","0","N","0","0","0","2","02203","0","","5.0","","1","N","N","","0","","0","0","2","","3","","","2","0","0","0","0","0","0","2","0","2","","","","N","","","","","","","","","",""
"2010071407","","0","0","0","0","0","0","0","0","0","7","0","","02","7","2010","2","40.660721","-80.093203","","11","0","0","0","0","0","0","1","0","1","0","0","0","","","0","","0","","40 39:38.595","2","0","80 05:35.532","0","0","0","0","2212","0","0","0","N","0","0","0","1","02505","0","","2.0","","9","N","N","","1","","0","0","0","","0","N","","1","0","0","0","0","0","0","2","0","1","","","","N","","","","","","","","","",""
"2010071408","","1","0","0","0","0","0","0","0","0","1","0","","02","7","2010","3","40.435092","-79.986571","","11","0","0","0","0","0","1","0","0","1","0","0","0","","","1","","0","","40 26:06.331","4","0","79 59:11.656","8","0","0","0","2301","0","0","0","N","0","0","0","3","02301","0","","1.0","","1","N","N","","0","","0","0","1","","0","Y","","2","1","0","0","0","1","0","2","0","2","","","","N","","","","","","","","","",""
"2010071416","","1","0","0","0","0","0","0","0","0","7","0","","02","7","2010","4","","","","11","0","0","0","0","0","0","0","0","","0","0","0","","","0","","10","","","","0","","0","0","0","0","2301","0","0","0","N","0","0","0","1","02301","0","","5.0","","1","N","N","","0","","0","0","0","","0","","","1","0","0","0","0","0","0","1","0","1","","","","N","","","","","","","","","",""
"2010071430","","3","0","0","0","0","0","0","0","0","1","0","","02","7","2010","3","40.369718","-80.030966","","11","0","0","0","1","0","0","0","0","","0","0","0","","","0","","0","","40 22:10.986","","0","80 01:51.479","0","0","0","0","2416","0","0","0","N","0","0","0","5","02416","0","","1.0","","1","N","N","","0","","0","0","1","","0","","","4","0","0","0","0","0","0","2","0","4","","","","N","","","","","","","","","",""
"2010071520","","3","0","0","0","0","0","0","0","0","4","0","","02","7","2010","6","40.609991","-80.053301","","11","0","0","0","0","0","0","1","0","","0","0","0","","","0","","1","","40 36:35.967","","0","80 03:11.883","0","0","0","0","2108","0","0","0","N","0","0","0","4","02108","0","","1.0","","1","N","N","","0","","0","0","0","","2","","","3","0","0","0","0","0","0","2","0","3","","","","N","","","","","","","","","",""
"2010071538","","1","0","0","0","0","0","0","0","0","7","0","","02","7","2010","3","40.556604","-79.984211","","11","0","0","0","0","0","0","0","0","","0","0","0","","","0","","2","","40 33:23.774","","0","79 59:03.159","0","0","0","0","2207","0","0","0","N","0","0","0","1","02207","0","","5.0","","1","N","N","","0","","0","0","0","","3","","","1","0","1","0","0","0","0","2","0","1","","","","N","","","","","","","","","",""
"2010071540","","2","0","0","0","0","0","0","0","0","4","0","","02","7","2010","3","40.380274","-80.052556","","11","0","0","0","0","0","1","0","1","2","0","0","0","","","1","","2","","40 22:48.985","3","0","80 03:09.200","8","0","0","0","2109","0","0","0","N","0","0","0","4","02109","0","","1.0","","1","N","N","","0","","0","0","0","","2","Y","","2","1","0","0","0","1","0","2","0","2","","","","N","","","","","","","","","",""
"2010071543","","2","0","0","0","0","0","0","0","0","4","0","","02","7","2010","3","40.544956","-79.972355","","11","0","0","0","0","0","1","0","1","","0","0","0","","","1","","2","","40 32:41.840","","0","79 58:20.478","8","0","0","0","2118","0","0","0","N","0","0","0","3","02118","0","","1.0","","1","N","N","","0","","0","0","0","","0","","","2","1","0","0","0","1","0","2","0","2","","","","N","","","","","","","","","",""
"2010071550","","1","0","0","0","0","0","0","0","0","7","0","","02","7","2010","1","40.626414","-80.054818","","11","0","0","0","0","0","0","0","0","1","0","0","0","","","1","","0","","40 37:35.092","3","7","80 03:17.343","8","0","0","0","2216","0","0","0","N","0","0","0","4","02505","0","","4.0","","9","N","N","","0","","0","0","0","","0","N","","1","1","0","0","0","1","0","1","0","1","","","","N","","","","","","","","","",""
"2010071555","","0","0","0","0","0","0","0","0","0","4","0","","02","7","2010","4","40.644721","-79.938355","","11","0","0","0","0","0","2","0","0","3","0","0","0","","","1","","1","","40 38:40.996","2","0","79 56:18.078","3","0","0","0","2217","0","0","0","N","0","0","0","3","02505","0","","1.0","","1","N","N","","3","","1","0","0","","2","N","","3","1","1","0","0","0","0","2","0","3","","","","N","","","","","","","","","",""
"2010071556","","1","0","0","0","0","0","0","0","0","1","0","","02","7","2010","3","40.450689","-79.927141","","11","0","0","0","0","0","1","0","0","1","0","0","0","","","2","","0","","40 27:02.480","4","0","79 55:37.707","4","0","0","0","2301","0","0","0","N","0","0","0","3","02301","2","","1.0","","1","N","N","","0","","0","0","2","","2","N","","3","2","0","0","0","0","0","2","0","3","","","","N","","","","","","","","","",""
"2010071557","","0","0","0","0","0","0","0","0","0","99","0","","02","7","2010","3","40.656493","-79.785563","","11","0","0","0","0","0","0","0","0","2","0","0","0","","","1","","2","","40 39:23.376","6","0","79 47:08.025","3","0","0","1","2202","0","0","0","N","0","0","0","1","02202","0","","1.0","","1","N","N","","0","","1","0","0","","0","N","","1","1","0","0","0","0","0","1","0","1","","","","N","","","","","","","","","",""
"2010071560","","1","0","0","0","0","0","0","0","0","2","0","","02","7","2010","6","40.454029","-79.912399","","11","0","0","0","0","0","1","0","0","","0","0","0","","","0","","1","","40 27:14.504","","0","79 54:44.638","0","0","0","0","2301","0","0","0","N","0","0","0","2","02301","0","","1.0","","1","N","N","","1","","0","0","0","","2","","","2","0","0","0","0","0","0","2","0","2","","","","N","","","","","","","","","",""
"2010071565","","1","0","0","0","0","0","1","0","0","1","1","","02","7","2010","4","40.459193","-79.970767","","11","0","0","0","0","0","1","0","0","","0","0","0","","","0","","2","","40 27:33.094","","0","79 58:14.761","0","0","0","0","2301","0","0","0","N","0","0","0","3","02503","0","","1.0","","1","N","N","","1","","0","0","0","","2","","","3","0","0","0","0","0","0","2","0","3","","","","N","","","","","","","","","",""
"2010071569","","1","0","0","0","0","0","0","0","0","4","0","","02","7","2010","4","40.436249","-79.977652","","11","0","0","0","0","0","1","0","1","","0","0","0","","","0","","0","","40 26:10.497","","0","79 58:39.546","0","0","0","0","2301","0","0","0","N","0","0","0","2","02301","0","","1.0","","1","N","N","","0","","0","0","1","","0","","","2","0","0","0","0","0","0","2","0","2","","","","N","","","","","","","","","",""
"2010071588","","2","0","0","0","0","0","0","0","0","5","0","","02","7","2010","4","40.440722","-80.018838","","11","0","0","0","0","0","1","0","0","","0","0","0","","","0","","0","","40 26:26.600","","0","80 01:07.818","0","0","0","0","2301","0","0","0","Y","0","0","0","2","02301","0","","1.0","","1","N","N","","0","","0","0","0","","0","","","2","0","0","0","0","0","0","2","0","2","","","","N","","","","","","","","","",""
"2010071596","","0","0","0","0","0","0","0","0","0","4","0","","02","7","2010","4","40.351601","-79.86509","","11","0","0","0","0","0","1","0","0","2","0","0","0","","","0","","1","","40 21:05.762","4","0","79 51:54.325","0","0","0","0","2304","0","0","0","N","0","0","0","2","02304","0","","1.0","","1","N","N","","0","","0","0","1","","2","N","","2","0","0","0","0","0","0","2","1","2","","","","N","","","","","","","","","",""
"2010071598","","2","0","0","0","0","0","0","0","0","4","0","","02","7","2010","3","40.338931","-79.960406","","11","0","0","1","0","0","0","0","1","","0","0","0","","","0","","1","","40 20:20.150","","0","79 57:37.463","0","0","0","0","2454","0","0","0","N","0","0","0","4","02454","0","","1.0","","1","N","N","","0","","0","0","0","","2","","","2","0","0","0","0","0","0","2","0","2","","","","N","","","","","","","","","",""
"2010071607","","2","0","0","0","0","0","0","0","0","4","0","","02","7","2010","4","40.454076","-79.996814","","11","0","0","0","0","0","1","1","0","1","0","0","0","","","0","","1","","40 27:14.672","1","2","79 59:48.532","9","0","0","0","2301","0","0","0","N","0","0","0","2","02301","0","","1.0","","1","N","N","","0","","0","0","0","","2","N","","2","0","0","0","0","0","2","2","0","2","","","","N","","","","","","","","","",""
"2010071608","","2","0","0","0","0","0","0","0","0","1","0","","02","7","2010","7","40.387934","-79.996376","","11","0","0","0","0","0","1","0","0","2","0","0","0","","","0","","2","","40 23:16.562","2","0","79 59:46.954","0","0","0","0","2301","0","0","0","N","0","0","0","2","02301","0","","1.0","","1","N","N","","0","","0","0","0","","2","N","","2","0","0","0","0","0","0","2","0","2","","","","N","","","","","","","","","",""
"2010071619","","0","0","0","1","0","0","0","0","0","99","0","","02","7","2010","4","40.425945","-79.953796","","11","0","0","0","0","0","1","0","0","3","0","0","0","","","1","","2","","40 25:33.401","4","0","79 57:13.666","8","0","0","0","2301","1","0","0","N","0","0","0","2","02301","0","","1.0","","1","N","N","","0","","0","0","0","","0","N","","2","1","0","0","0","1","0","2","1","1","","","","N","","","","","","","","","",""
"2010071623","","1","0","0","0","0","0","0","0","0","1","0","","02","7","2010","4","40.39919","-80.025075","","11","0","0","0","0","0","1","0","0","2","0","0","0","","","1","","2","","40 23:57.084","2","0","80 01:30.271","8","0","0","0","2301","0","0","0","N","0","0","0","5","02301","0","","1.0","","1","N","N","","0","","0","0","2","","0","N","","5","1","0","0","0","1","0","2","2","5","","","","N","","","","","","","","","",""
"2010071626","","1","0","0","0","0","0","0","0","0","7","0","","02","7","2010","3","40.299298","-80.047476","","11","0","0","0","0","1","0","0","0","","0","0","0","","","0","","10","","40 17:57.474","","0","80 02:50.915","0","0","0","0","2407","0","0","0","N","0","0","0","2","02407","0","","2.0","","9","N","N","","0","","0","0","0","","3","","","1","0","0","0","0","0","0","2","0","1","","","","N","","","","","","","","","",""
"2010071627","","0","0","0","0","0","0","0","0","0","7","0","","02","7","2010","4","40.31415","-80.066288","","11","0","0","0","0","0","0","0","0","","0","0","0","","","0","","0","","40 18:50.939","","0","80 03:58.636","0","0","0","0","2407","0","0","0","N","0","0","0","2","02407","0","","2.0","","1","N","N","","0","","0","0","0","","0","","","1","0","0","0","0","0","0","2","1","1","","","","N","","","","","","","","","",""
"2010071662","","1","0","0","0","0","0","0","0","0","1","0","","02","7","2010","2","40.426264","-79.915038","","11","0","0","0","0","0","1","0","0","2","0","0","0","","","1","","0","","40 25:34.552","3","0","79 54:54.138","4","0","0","0","2301","0","0","0","N","0","0","0","3","68B03","1","","1.0","","1","N","N","","0","","0","0","1","","0","N","","2","1","0","0","0","0","0","2","0","2","","","","N","","","","","","","","","",""
"2010071663","","0","0","0","0","0","0","0","0","0","7","0","","02","7","2010","2","40.428522","-79.928303","","11","0","0","0","0","0","0","0","0","","0","0","0","","","0","","0","","40 25:42.679","","0","79 55:41.889","9","0","0","0","2301","0","0","0","N","0","0","0","1","68B03","0","","3.0","","1","N","N","","0","","0","0","1","","0","","","1","0","0","0","0","0","1","2","0","1","","","","N","","","","","","","","","",""
"2010071713","","0","0","0","0","0","0","0","0","0","8","0","","02","7","2010","4","40.352934","-80.052951","","11","0","0","0","0","0","1","0","0","2","1","0","0","","","0","","0","","40 21:10.562","6","7","80 03:10.623","1","0","0","0","2123","1","1","0","N","1","1","0","2","02123","0","2","1.0","","1","N","N","","0","0","0","0","0","","0","Y","","2","0","0","0","0","0","0","2","1","1","","","","N","","","","","","","","","",""
"2010071729","","2","0","0","0","0","0","0","0","0","6","0","","02","7","2010","5","40.335811","-79.834944","","11","0","0","0","0","0","0","0","0","","0","0","0","","","0","","0","","40 20:08.919","","0","79 50:05.798","9","0","0","0","2304","0","0","0","N","0","0","0","1","02304","0","","4.0","","1","N","N","","0","","0","0","0","","0","","","2","0","0","0","0","0","1","2","0","2","","","","N","","","","","","","","","",""