"CRN","ARRIVAL_TM","AUTOMOBILE_COUNT","BELTED_DEATH_COUNT","BELTED_SUSP_SERIOUS_INJ_COUNT","BICYCLE_COUNT","BICYCLE_DEATH_COUNT","BICYCLE_SUSP_SERIOUS_INJ_COUNT","BUS_COUNT","CHLDPAS_DEATH_COUNT","CHLDPAS_SUSP_SERIOUS_INJ_COUNT","COLLISION_TYPE","COMM_VEH_COUNT","CONS_ZONE_SPD_LIM","COUNTY","CRASH_MONTH","CRASH_YEAR","DAY_OF_WEEK","DEC_LATITUDE","DEC_LONGITUDE","DISPATCH_TM","DISTRICT","DRIVER_COUNT_16YR","DRIVER_COUNT_17YR","DRIVER_COUNT_18YR","DRIVER_COUNT_19YR","DRIVER_COUNT_20YR","DRIVER_COUNT_50_64YR","DRIVER_COUNT_65_74YR","DRIVER_COUNT_75PLUS","EST_HRS_CLOSED","FATAL_COUNT","HEAVY_TRUCK_COUNT","HORSE_BUGGY_COUNT","HOUR_OF_DAY","ILLUMINATION","INJURY_COUNT","INTERSECTION_RELATED","INTERSECT_TYPE","LANE_CLOSED","LATITUDE","LN_CLOSE_DIR","LOCATION_TYPE","LONGITUDE","MAX_SEVERITY_LEVEL","MCYCLE_DEATH_COUNT","MCYCLE_SUSP_SERIOUS_INJ_COUNT","MOTORCYCLE_COUNT","MUNICIPALITY","NONMOTR_COUNT","NONMOTR_DEATH_COUNT","NONMOTR_SUSP_SERIOUS_INJ_COUNT","NTFY_HIWY_MAINT","PED_COUNT","PED_DEATH_COUNT","PED_SUSP_SERIOUS_INJ_COUNT","PERSON_COUNT","POLICE_AGCY","POSSIBLE_INJ_COUNT","RDWY_SURF_TYPE_CD","RELATION_TO_ROAD","ROADWAY_CLEARED","ROAD_CONDITION","SCH_BUS_IND","SCH_ZONE_IND","SECONDARY_CRASH","SMALL_TRUCK_COUNT","SPEC_JURIS_CD","SUSP_MINOR_INJ_COUNT","SUSP_SERIOUS_INJ_COUNT","SUV_COUNT","TCD_FUNC_CD","TCD_TYPE","TFC_DETOUR_IND","TIME_OF_DAY","TOTAL_UNITS","TOT_INJ_COUNT","UNBELTED_OCC_COUNT","UNB_DEATH_COUNT","UNB_SUSP_SERIOUS_INJ_COUNT","UNK_INJ_DEG_COUNT","UNK_INJ_PER_COUNT","URBAN_RURAL","VAN_COUNT","VEHICLE_COUNT","WEATHER1","WEATHER2","WORKERS_PRES","WORK_ZONE_IND","WORK_ZONE_LOC","WORK_ZONE_TYPE","WZ_CLOSE_DETOUR","WZ_FLAGGER","WZ_LAW_OFFCR_IND","WZ_LN_CLOSURE","WZ_MOVING","WZ_OTHER","WZ_SHLDER_MDN","WZ_WORKERS_INJ_KILLED"
"2010073148","","2","0","0","0","0","0","0","0","0","1","0","","02","8","2010","2","40.368274","-79.816714","","11","0","0","0","0","0","0","0","0","","0","0","0","","","0","","2","","40 22:05.786","","0","79 49:00.171","0","0","0","0","2111","0","0","0","N","0","0","0","2","02111","0","","1.0","","1","N","N","","0","","0","0","0","","0","","","2","0","0","0","0","0","0","2","0","2","","","","N","","","","","","","","","",""
"2010073155","","1","0","0","0","0","0","0","0","0","4","0","","02","8","2010","2","40.456279","-79.904737","","11","0","0","0","0","0","2","0","0","","0","0","0","","","0","","1","","40 27:22.605","","0","79 54:17.052","0","0","0","0","2301","0","0","0","N","0","0","0","2","02301","0","","1.0","","1","N","N","","1","","0","0","0","","2","","","2","0","0","0","0","0","0","2","0","2","","","","N","","","","","","","","","",""
"2010073158","","1","0","0","1","0","0","0","0","0","8","0","","02","8","2010","2","40.287591","-79.878664","","11","0","0","0","0","0","1","0","0","","0","0","0","","","1","","2","","40 17:15.327","","0","79 52:43.190","4","0","0","0","2302","1","0","0","N","0","0","0","2","02302","1","","1.0","","1","N","N","","0","","0","0","0","","3","","","2","1","0","0","0","0","0","2","0","1","","","","N","","","","","","","","","",""
"2010073159","","1","0","0","0","0","0","0","0","0","2","0","","02","7","2010","6","40.385399","-79.821905","","11","0","0","0","0","0","0","0","0","","0","0","0","","","1","","2","","40 23:07.436","","0","79 49:18.858","4","0","0","0","2111","0","0","0","N","0","0","0","2","02111","1","","1.0","","1","N","N","","0","","0","0","1","","3","","","2","1","0","0","0","0","0","2","0","2","","","","N","","","","","","","","","",""
"2010073185","","2","0","0","0","0","0","0","0","0","2","0","","02","7","2010","4","40.669393","-79.732093","","11","0","0","0","0","0","1","0","0","","0","0","0","","","1","","0","","40 40:09.814","","7","79 43:55.534","8","0","0","0","2202","0","0","0","N","0","0","0","2","02202","0","","1.0","","1","N","N","","0","","0","0","0","","0","","","2","1","0","0","0","1","0","2","0","2","","","","N","","","","","","","","","",""
"2010073232","","1","0","0","0","0","0","0","0","0","1","0","","02","7","2010","6","40.419814","-80.051086","","11","0","0","0","0","1","1","0","0","2","0","0","0","","","1","","0","","40 25:11.332","3","0","80 03:03.909","4","0","0","0","2435","0","0","0","N","0","0","0","2","68B03","1","","1.0","","1","N","N","","1","","0","0","0","","0","N","","2","1","0","0","0","0","0","2","0","2","","","","N","","","","","","","","","",""
"2010073233","","2","0","0","0","0","0","0","0","0","4","0","","02","8","2010","1","40.438925","-80.007078","","11","0","0","0","0","0","0","0","0","1","0","0","0","","","0","","0","","40 26:20.130","4","0","80 00:25.480","0","0","0","0","2301","0","0","0","N","0","0","0","5","68B03","0","","1.0","","1","N","N","","0","","0","0","0","","0","N","","2","0","0","0","0","0","0","2","0","2","","","","N","","","","","","","","","",""
"2010073318","","1","0","0","0","0","0","0","0","0","4","0","","02","8","2010","2","40.430243","-80.000588","","11","0","0","0","0","0","0","0","0","","0","0","0","","","1","","2","","40 25:48.874","","0","80 00:02.118","4","0","0","0","2301","0","0","0","N","0","0","0","2","02301","1","","1.0","","1","N","N","","0","","0","0","1","","3","","","2","1","0","0","0","0","0","2","0","2","","","","N","","","","","","","","","",""
"2010073321","","1","0","0","0","0","0","0","0","0","1","0","","02","8","2010","2","40.463575","-79.705472","","11","0","0","0","0","0","1","0","0","","0","0","0","","","0","","0","","40 27:48.870","","0","79 42:19.699","0","0","0","0","2466","0","0","0","N","0","0","0","2","02466","0","","1.0","","1","N","N","","0","","0","0","0","","0","","","2","0","0","0","0","0","0","2","1","2","","","","N","","","","","","","","","",""
"2010073324","","2","0","0","0","0","0","0","0","0","4","0","","02","8","2010","2","40.324954","-79.985537","","11","0","0","0","0","0","1","0","0","","0","0","0","","","0","","1","","40 19:29.836","","0","79 59:07.933","0","0","0","0","2219","0","0","0","N","0","0","0","3","02219","0","","1.0","","1","N","N","","0","","0","0","0","","3","","","2","0","0","0","0","0","0","2","0","2","","","","N","","","","","","","","","",""
"2010073329","","2","0","0","0","0","0","0","0","0","1","0","","02","7","2010","6","40.414293","-79.846314","","11","0","0","0","0","0","1","0","0","1","0","0","0","","","2","","2","","40 24:51.453","3","0","79 50:46.730","4","0","0","0","2431","0","0","0","N","0","0","0","5","02431","2","","1.0","","1","N","N","","0","","0","0","0","","0","N","","2","2","1","0","0","0","0","2","0","2","","","","N","","","","","","","","","",""
"2010073387","","2","0","0","0","0","0","0","0","0","4","0","","02","8","2010","2","40.34423","-79.972063","","11","0","0","0","0","0","0","0","0","2","0","0","0","","","3","","2","","40 20:39.229","1","0","79 58:19.426","8","0","0","0","2403","0","0","0","N","0","0","0","5","02403","0","","1.0","","1","N","N","","0","","0","0","0","","2","N","","3","3","0","0","0","3","0","2","1","3","","","","N","","","","","","","","","",""
"2010073407","","1","0","0","0","0","0","0","0","0","7","0","","02","8","2010","3","40.334479","-79.959628","","11","0","0","0","0","0","0","0","1","","0","0","0","","","0","","0","","40 20:04.124","","0","79 57:34.660","0","0","0","0","2454","0","0","0","N","0","0","0","1","02454","0","","5.0","","1","N","N","","0","","0","0","0","","0","","","1","0","0","0","0","0","0","2","0","1","","","","N","","","","","","","","","",""
"2010073411","","1","0","0","0","0","0","0","0","0","7","0","","02","8","2010","3","40.633873","-79.746076","","11","0","0","0","0","0","0","0","0","1","0","0","0","","","1","","0","","40 38:01.941","5","0","79 44:45.875","4","0","0","0","2202","0","0","0","N","0","0","0","1","02202","1","","4.0","","1","N","N","","0","","0","0","0","","0","N","","1","1","0","0","0","0","0","1","0","1","","","","N","","","","","","","","","",""
"2010073416","","2","0","0","0","0","0","0","0","0","5","0","","02","7","2010","5","40.45289","-79.920715","","11","0","0","0","0","1","0","0","0","","0","0","0","","","1","","1","","40 27:10.404","","0","79 55:14.574","8","0","0","0","2301","0","0","0","N","0","0","0","2","02301","0","","1.0","","1","N","N","","0","","0","0","0","","2","","","2","1","0","0","0","1","0","2","0","2","","","","N","","","","","","","","","",""
"2010073428","","2","0","0","0","0","0","0","0","0","4","0","","02","8","2010","3","40.423223","-79.928693","","11","0","0","0","0","0","0","0","1","","0","0","0","","","0","","1","","40 25:23.602","","0","79 55:43.294","0","0","0","0","2301","0","0","0","N","0","0","0","2","02301","0","","1.0","","1","N","N","","0","","0","0","0","","0","","","2","0","0","0","0","0","0","2","0","2","","","","N","","","","","","","","","",""
"2010073446","","1","0","0","0","0","0","0","0","0","8","0","","02","8","2010","3","40.366496","-80.048724","","11","0","0","0","0","0","1","0","0","","0","0","0","","","1","","2","","40 21:59.387","","0","80 02:55.407","4","0","0","0","2109","1","0","0","N","1","0","0","2","02109","1","","1.0","","9","N","N","","0","","0","0","0","","2","","","2","1","0","0","0","0","0","2","0","1","","","","N","","","","","","","","","",""
"2010073453","","0","0","0","0","0","0","0","0","0","7","0","","02","8","2010","3","40.32893","-80.112112","","11","1","0","0","0","0","0","0","0","","0","0","0","","","0","","0","","40 19:44.148","","0","80 06:43.602","0","0","0","0","2119","0","0","0","N","0","0","0","1","02119","0","","5.0","","1","N","N","","0","","0","0","0","","0","","","1","0","0","0","0","0","0","2","1","1","","","","N","","","","","","","","","",""
"2010073463","","1","0","0","0","0","0","0","0","0","4","0","","02","8","2010","3","40.614712","-79.9314","","11","0","0","0","0","0","1","1","0","2","0","0","0","","","2","","2","","40 36:52.964","4","0","79 55:53.041","8","0","0","0","2207","0","0","0","N","0","0","0","2","02207","0","","1.0","","1","N","N","","1","","0","0","0","","3","N","","2","2","0","0","0","2","0","2","0","2","","","","N","","","","","","","","","",""
"2010073465","","2","0","0","0","0","0","0","0","0","6","0","","02","7","2010","7","40.383346","-80.015309","","11","0","1","0","1","0","0","0","0","","0","0","0","","","0","","2","","40 23:00.045","","0","80 00:55.112","0","0","0","0","2101","0","0","0","N","0","0","0","4","02101","0","","1.0","","1","N","N","","0","","0","0","0","","2","","","2","0","0","0","0","0","0","2","0","2","","","","N","","","","","","","","","",""
"2010073466","","2","0","0","0","0","0","0","0","0","4","0","","02","6","2010","3","40.383312","-80.017972","","11","0","0","0","0","0","1","0","1","1","0","0","0","","","1","","0","","40 22:59.923","4","0","80 01:04.699","4","0","0","0","2101","0","0","0","N","0","0","0","2","02101","1","","1.0","","1","N","N","","0","","0","0","0","","0","N","","2","1","1","0","0","0","0","2","0","2","","","","N","","","","","","","","","",""
"2010073467","","1","0","0","0","0","0","0","0","0","4","0","","02","8","2010","2","40.515973","-80.219768","","11","0","0","0","0","0","0","0","0","1","0","0","0","","","1","","5","","40 30:57.501","6","0","80 13:11.164","4","0","0","0","2213","0","0","0","N","0","0","0","3","02213","1","","1.0","","1","N","N","","0","","0","0","0","","0","N","","2","1","0","0","0","0","0","2","1","2","","","","N","","","","","","","","","",""
"2010073468","","3","0","0","0","0","0","0","0","0","1","0","","02","8","2010","2","40.336408","-80.048376","","11","0","0","0","0","0","3","0","0","","0","0","0","","","1","","0","","40 20:11.068","","0","80 02:54.153","4","0","0","0","2407","0","0","0","N","0","0","0","6","02407","1","","1.0","","1","N","N","","0","","0","0","1","","0","","","4","1","0","0","0","0","0","2","0","4","","","","N","","","","","","","","","",""
"2010073469","","1","0","0","0","0","0","0","0","0","4","0","","02","8","2010","2","40.34132","-80.022424","","11","0","0","0","0","0","0","0","1","","0","0","0","","","1","","1","","40 20:28.753","","0","80 01:20.728","4","0","0","0","2407","0","0","0","Y","0","0","0","2","02407","1","","1.0","","1","N","N","","1","","0","0","0","","3","","","2","1","0","0","0","0","0","2","0","2","","","","N","","","","","","","","","",""
"2010073522","","0","0","0","0","0","0","0","0","0","7","0","","02","7","2010","2","40.483322","-80.007556","","11","0","0","0","0","0","1","0","0","","0","0","0","","","0","","0","","40 28:59.960","","0","80 00:27.200","0","0","0","0","2301","0","0","0","N","0","0","0","1","68B03","0","","2.0","","1","N","N","","0","","0","0","1","","0","","","1","0","0","0","0","0","0","2","0","1","","","","N","","","","","","","","","",""
"2010073626","","1","0","0","0","0","0","0","0","0","7","0","","02","8","2010","1","40.520796","-79.808731","","11","0","0","0","0","0","0","1","0","","0","0","0","","","0","","0","","40 31:14.864","","0","79 48:31.433","0","0","0","0","2466","0","0","0","N","0","0","0","1","68T02","0","","2.0","","1","N","N","","0","","0","0","0","","0","","","1","0","0","0","0","0","0","2","0","1","","","","N","","","","","","","","","",""
"2010073632","","1","0","0","0","0","0","0","0","0","2","0","","02","7","2010","1","40.581613","-80.054311","","11","0","0","0","0","1","0","0","1","1","0","0","0","","","1","","2","","40 34:53.807","4","0","80 03:15.520","4","0","0","0","2108","0","0","0","N","0","0","0","2","02108","1","","1.0","","1","N","N","","0","","0","0","1","","0","N","","2","1","0","0","0","0","0","2","0","2","","","","N","","","","","","","","","",""
"2010073639","","2","0","0","0","0","0","0","0","0","4","0","","02","8","2010","1","40.459388","-79.936105","","11","1","0","0","0","0","0","0","0","","0","0","0","","","0","","1","","40 27:33.796","","0","79 56:09.978","0","0","0","0","2301","0","0","0","N","0","0","0","5","02301","0","","1.0","","1","N","N","","0","","0","0","0","","0","","","2","0","0","0","0","0","0","2","0","2","","","","N","","","","","","","","","",""
"2010073644","","1","0","0","0","0","0","0","0","0","1","0","","02","8","2010","1","40.491298","-80.330999","","11","0","0","0","0","0","0","0","0","3","0","0","0","","","0","","0","","40 29:28.671","3","0","80 19:51.596","0","0","0","0","2203","0","0","0","N","0","0","0","3","02203","0","","1.0","","1","N","N","","1","","0","0","0","","0","N","","2","0","0","0","0","0","0","1","0","2","","","","N","","","","","","","","","",""
"2010073686","","0","0","0","0","0","0","0","0","0","7","0","","02","7","2010","4","40.478732","-79.762328","","11","0","0","0","0","0","1","0","0","3","0","0","0","","","0","","0","","40 28:43.435","1","0","79 45:44.380","0","0","0","0","2466","0","0","0","N","0","0","0","1","02466","0","","2.0","","1","N","N","","0","","0","0","0","","0","N","","1","0","0","0","0","0","0","2","1","1","","","","N","","","","","","","","","",""
"2010073692","","2","2","0","0","0","0","0","0","0","2","0","","02","4","2010","1","40.448352","-80.110175","","11","0","0","0","0","0","1","0","0","4","2","0","0","","","2","","0","","40 26:54.068","1","2","80 06:36.630","1","0","0","0","2115","0","0","0","N","0","0","0","4","68B03","0","1","1.0","","1","N","N","","0","0","0","0","0","","8","Y","","2","2","0","0","0","2","0","2","0","2","","","","N","","","","","","","","","",""
"2010073762","","1","0","0","0","0","0","0","0","0","4","0","","02","8","2010","3","40.383509","-79.878191","","11","0","0","0","0","0","1","0","0","1","0","0","0","","","2","","2","","40 23:00.631","5","0","79 52:41.487","8","0","0","0","2473","0","0","0","N","0","0","0","4","02473","0","","1.0","","9","N","N","","2","","0","0","0","","3","Y","","3","2","1","0","0","2","0","2","0","3","","","","N","","","","","","","","","",""
"2010073766","","0","0","0","0","0","0","0","0","0","4","0","","02","8","2010","2","40.33107","-79.986948","","11","0","0","0","0","0","1","0","0","","0","0","0","","","1","","2","","40 19:51.853","","0","79 59:13.012","3","0","0","0","2219","0","0","0","N","0","0","0","2","02219","0","","1.0","","1","N","N","","0","","1","0","2","","2","","","2","1","0","0","0","0","0","2","0","2","","","","N","","","","","","","","","",""
"2010073768","","1","0","0","0","0","0","0","0","0","1","0","","02","8","2010","2","40.350905","-79.941916","","11","0","0","0","0","0","2","0","0","1","0","0","0","","","0","","0","","40 21:03.259","1","7","79 56:30.898","0","0","0","0","2473","0","0","0","N","0","0","0","3","02473","0","","1.0","","1","N","N","","0","","0","0","1","","2","N","","2","0","0","0","0","0","0","2","0","2","","","","N","","","","","","","","","",""
"2010073770","","1","0","0","0","0","0","0","0","0","1","0","","02","8","2010","3","40.452853","-79.921064","","11","0","0","0","0","0","1","0","0","1","0","0","0","","","2","","0","","40 27:10.270","3","0","79 55:15.830","4","0","0","0","2301","0","0","0","N","0","0","0","5","02301","2","","1.0","","1","N","N","","0","","0","0","0","","0","N","","2","2","0","0","0","0","0","2","1","2","","","","N","","","","","","","","","",""
"2010073772","","1","0","0","0","0","0","0","0","0","1","0","","02","8","2010","3","40.362247","-80.046618","","11","0","0","0","0","0","0","0","0","","0","0","0","","","1","","2","","40 21:44.089","","0","80 02:47.825","8","0","0","0","2109","0","0","0","N","0","0","0","6","02109","0","","1.0","","9","N","N","","0","","0","0","1","","0","","","2","1","0","0","0","1","0","2","0","2","","","","N","","","","","","","","","",""
"2010073778","","0","0","0","0","0","0","1","0","0","8","1","","02","8","2010","4","40.443596","-80.040134","","11","0","0","0","0","0","0","0","0","1","0","0","0","","","1","","0","","40 26:36.945","6","0","80 02:24.482","8","0","0","0","2301","1","0","0","N","1","0","0","2","02301","0","","1.0","","1","Y","N","","0","","0","0","0","","0","N","","2","1","0","0","0","1","0","2","0","1","","","","N","","","","","","","","","",""
"2010073788","","2","0","0","0","0","0","0","0","0","4","0","","02","8","2010","3","40.426981","-80.00384","","11","0","0","0","0","0","0","0","0","","0","0","0","","","0","","0","","40 25:37.131","","0","80 00:13.824","9","0","0","0","2301","0","0","0","N","0","0","0","2","02301","0","","4.0","","1","N","N","","0","","0","0","0","","0","","","2","0","0","0","0","0","2","2","0","2","","","","N","","","","","","","","","",""
"2010073789","","1","0","0","0","0","0","0","0","0","4","0","","02","8","2010","4","40.474215","-79.90821","","11","0","0","0","0","0","0","1","0","2","0","0","0","","","0","","2","","40 28:27.175","1","0","79 54:29.557","0","0","0","0","2301","0","0","0","N","0","0","0","2","02301","0","","1.0","","1","N","N","","0","","0","0","1","","2","N","","2","0","0","0","0","0","0","2","0","2","","","","N","","","","","","","","","",""
"2010073793","","2","0","0","0","0","0","0","0","0","1","0","","02","8","2010","4","40.386891","-80.043665","","11","0","0","0","0","0","0","0","0","1","0","0","0","","","1","","2","","40 23:12.807","1","0","80 02:37.195","8","0","0","0","2109","0","0","0","N","0","0","0","2","02109","0","","1.0","","1","N","N","","0","","0","0","0","","2","N","","2","1","0","0","0","1","0","2","0","2","","","","N","","","","","","","","","",""
"2010073807","","2","0","0","0","0","0","0","0","0","4","0","","02","8","2010","4","40.435677","-79.786875","","11","0","0","0","0","0","0","0","0","","0","0","0","","","0","","0","","40 26:08.438","","0","79 47:12.751","0","0","0","0","2446","0","0","0","N","0","0","0","3","02446","0","","1.0","","1","N","N","","0","","0","0","0","","0","","","2","0","0","0","0","0","0","2","0","2","","","","N","","","","","","","","","",""
"2010073811","","1","0","0","0","0","0","0","0","0","7","0","","02","8","2010","4","40.614144","-79.942083","","11","0","1","0","0","0","0","0","0","","0","0","0","","","0","","2","","40 36:50.919","","0","79 56:31.497","0","0","0","0","2207","0","0","0","N","0","0","0","2","02207","0","","5.0","","1","N","N","","0","","0","0","0","","3","","","1","0","0","0","0","0","0","2","0","1","","","","N","","","","","","","","","",""
"2010073816","","1","0","0","0","0","0","0","0","0","8","0","","02","8","2010","3","40.343957","-79.946182","","11","0","0","0","0","0","1","0","0","","0","0","0","","","1","","10","","40 20:38.245","","7","79 56:46.256","4","0","0","0","2473","1","0","0","N","1","0","0","2","02473","1","","1.0","","1","N","N","","0","","0","0","0","","0","","","2","1","0","0","0","0","0","2","0","1","","","","N","","","","","","","","","",""
"2010073828","","1","0","0","0","0","0","0","0","0","7","0","","02","8","2010","4","40.458354","-79.888651","","11","0","0","0","0","0","0","0","1","","0","0","0","","","0","","0","","40 27:30.074","","0","79 53:19.143","0","0","0","0","2301","0","0","0","N","0","0","0","2","02301","0","","2.0","","1","N","N","","0","","0","0","0","","0","","","1","0","0","0","0","0","0","2","0","1","","","","N","","","","","","","","","",""
"2010073842","","2","0","0","0","0","0","0","0","0","4","0","","02","8","2010","4","40.442878","-79.923667","","11","0","0","0","0","0","0","0","0","","0","0","0","","","1","","1","","40 26:34.360","","0","79 55:25.201","4","0","0","0","2301","0","0","0","N","0","0","0","2","02301","1","","1.0","","9","N","N","","0","","0","0","0","","3","","","2","1","0","0","0","0","0","2","0","2","","","","N","","","","","","","","","",""
"2010073849","","2","0","0","0","0","0","0","0","0","1","0","","02","8","2010","4","40.492908","-80.062527","","11","0","0","0","0","0","0","0","0","","0","0","0","","","0","","0","","40 29:34.468","","0","80 03:45.096","0","0","0","0","2402","0","0","0","N","0","0","0","2","02402","0","","1.0","","9","N","N","","0","","0","0","0","","0","","","2","0","0","0","0","0","0","2","0","2","","","","N","","","","","","","","","",""
"2010073853","","1","0","0","0","0","0","0","0","0","4","0","","02","8","2010","4","40.523005","-79.768224","","11","0","0","0","0","0","1","0","0","2","0","0","0","","","0","","2","","40 31:22.818","5","0","79 46:05.606","0","0","0","0","2466","0","0","0","N","0","0","0","4","02466","0","","1.0","","9","N","N","","1","","0","0","0","","0","Y","","2","0","0","0","0","0","0","2","0","2","","","","N","","","","","","","","","",""
"2010073857","","0","0","0","0","0","0","0","0","0","7","0","","02","8","2010","1","40.540995","-79.905378","","11","0","0","0","0","0","0","0","0","","0","0","0","","","1","","0","","40 32:27.581","","0","79 54:19.361","4","0","0","1","2432","0","0","0","N","0","0","0","1","02432","1","","2.0","","1","N","N","","0","","0","0","0","","0","","","1","1","0","0","0","0","0","2","0","1","","","","N","","","","","","","","","",""
"2010073859","","2","0","0","0","0","0","0","0","0","4","0","","02","8","2010","4","40.554975","-79.971146","","11","0","0","0","0","1","0","0","0","","0","0","0","","","0","","2","","40 33:17.909","","0","79 58:16.126","0","0","0","0","2207","0","0","0","N","0","0","0","2","02207","0","","1.0","","9","N","N","","0","","0","0","0","","3","","","2","0","0","0","0","0","0","2","0","2","","","","N","","","","","","","","","",""
"2010073861","","3","0","0","0","0","0","0","0","0","1","0","","02","8","2010","4","40.402885","-80.060578","","11","0","0","0","0","0","0","0","0","","0","0","0","","","1","","0","","40 24:10.387","","0","80 03:38.079","4","0","0","0","2117","0","0","0","N","0","0","0","3","02117","1","","1.0","","9","N","N","","0","","0","0","0","","0","","","3","1","0","0","0","0","0","2","0","3","","","","N","","","","","","","","","",""
"2010073901","","2","0","0","0","0","0","0","0","0","4","0","","02","8","2010","1","40.619186","-80.077971","","11","0","1","0","0","0","0","0","0","1","0","0","0","","","0","","1","","40 37:09.071","4","0","80 04:40.697","0","0","0","0","2212","0","0","0","N","0","0","0","9","02505","0","","1.0","","1","N","N","","0","","0","0","0","","2","N","","2","0","0","0","0","0","0","2","0","2","","","","N","","","","","","","","","",""
"2010073941","","1","0","0","0","0","0","0","0","0","1","0","","02","8","2010","4","40.380598","-80.09512","","11","0","0","0","0","1","0","0","0","1","0","0","0","","","2","","0","","40 22:50.154","3","0","80 05:42.433","4","0","0","0","2102","0","0","0","N","0","0","0","3","02102","1","","1.0","","9","N","N","","0","","0","0","0","","2","N","","2","2","0","0","0","1","0","2","1","2","","","","N","","","","","","","","","",""
"2010073942","","1","0","0","0","0","0","0","0","0","4","0","","02","8","2010","4","40.448678","-79.989383","","11","0","0","0","0","0","0","1","0","1","0","0","0","","","2","","1","","40 26:55.240","2","0","79 59:21.778","8","0","0","0","2301","0","0","0","N","0","0","0","2","02301","0","","1.0","","9","N","N","","0","","0","0","1","","3","Y","","2","2","0","0","0","2","0","2","0","2","","","","N","","","","","","","","","",""
"2010073943","","0","0","0","0","0","0","0","0","0","7","0","","02","7","2010","5","40.374842","-80.094736","","11","0","0","0","0","0","0","0","0","9","0","0","0","","","0","","2","","40 22:29.431","1","0","80 05:41.049","0","0","0","0","2117","0","0","0","","0","0","0","1","02117","0","","5.0","","9","","","","0","","0","0","1","","0","N","","1","0","0","0","0","0","0","2","0","1","","","","N","","","","","","","","","",""
"2010073947","","1","0","0","0","0","0","0","0","0","1","0","","02","8","2010","2","40.62899","-80.056346","","11","0","0","0","0","0","0","0","0","","0","0","0","","","1","","1","","40 37:44.365","","0","80 03:22.847","4","0","0","0","2216","0","0","0","N","0","0","0","3","02505","1","","1.0","","1","N","N","","1","","0","0","0","","2","","","2","1","0","0","0","0","0","1","0","2","","","","N","","","","","","","","","",""
"2010073955","","1","0","0","0","0","0","0","0","0","4","0","","02","7","2010","6","40.509225","-80.091429","","11","0","0","0","0","0","1","0","0","","0","0","0","","","0","","1","","40 30:33.211","","0","80 05:29.146","0","0","0","0","2429","0","0","0","N","0","0","0","3","02215","0","","1.0","","1","N","N","","1","","0","0","0","","2","","","2","0","0","0","0","0","0","2","0","2","","","","N","","","","","","","","","",""
"2010073969","","3","0","0","0","0","0","0","0","0","6","0","","02","8","2010","4","40.551869","-80.037657","","11","0","0","0","0","1","2","0","0","2","0","0","0","","","0","","1","","40 33:06.727","4","0","80 02:15.565","0","0","0","0","2116","0","0","0","N","0","0","0","4","02116","0","","1.0","","1","N","N","","0","","0","0","0","","2","N","","3","0","0","0","0","0","0","2","0","3","","","","N","","","","","","","","","",""
"2010073970","","0","0","0","0","0","0","0","0","0","0","0","","02","7","2010","7","40.548159","-80.148971","","11","0","0","0","0","0","1","0","0","","0","0","0","","","1","","2","","40 32:53.372","","0","80 08:56.295","3","0","0","1","2459","0","0","0","N","0","0","0","1","02459","0","","1.0","","1","N","N","","0","","1","0","0","","0","","","1","1","0","0","0","0","0","1","0","1","","","","N","","","","","","","","","",""
"2010073971","","1","0","0","0","0","0","0","0","0","7","0","","02","8","2010","4","40.435857","-79.968001","","11","0","0","0","0","0","0","0","0","","0","0","0","","","0","","6","","40 26:09.084","","2","79 58:04.805","0","0","0","0","2301","0","0","0","N","0","0","0","1","02301","0","","2.0","","9","N","N","","0","","0","0","0","","0","","","1","0","0","0","0","0","0","2","0","1","","","","N","","","","","","","","","",""
"2010073995","","2","0","0","0","0","0","0","0","0","1","0","","02","8","2010","5","40.661485","-80.004696","","11","0","0","0","0","0","1","0","0","","0","0","0","","","0","","2","","40 39:41.347","","0","80 00:16.904","0","0","0","0","2216","0","0","0","N","0","0","0","2","02505","0","","1.0","","9","N","N","","0","","0","0","0","","3","","","2","0","0","0","0","0","0","1","0","2","","","","N","","","","","","","","","",""
"2010074094","","0","0","0","0","0","0","0","0","0","7","0","","02","8","2010","4","40.383267","-80.048145","","11","0","0","0","0","0","0","0","0","2","0","0","0","","","1","","0","","40 22:59.761","6","0","80 02:53.322","8","0","0","0","2109","0","0","0","N","0","0","0","1","02109","0","","5.0","","1","N","N","","0","","0","0","1","","3","Y","","1","1","0","0","0","1","0","2","0","1","","","","N","","","","","","","","","",""
"2010074099","","1","0","0","0","0","0","0","0","0","1","1","","02","8","2010","4","40.539653","-79.84027","","11","0","0","0","0","0","0","0","0","","0","1","0","","","0","","7","","40 32:22.752","","2","79 50:24.973","0","0","0","0","2208","0","0","0","N","0","0","0","6","02208","0","","1.0","","1","N","N","","0","","0","0","0","","4","","","2","0","0","0","0","0","0","2","0","2","","","","N","","","","","","","","","",""
"2010074102","","1","0","0","0","0","0","0","0","0","7","0","","02","8","2010","4","40.468906","-79.862701","","11","0","0","0","0","0","0","1","0","1","0","0","0","","","1","","0","","40 28:08.062","3","0","79 51:45.724","4","0","0","0","2113","0","0","0","N","0","0","0","1","02113","1","","5.0","","1","N","N","","0","","0","0","0","","0","Y","","1","1","0","0","0","0","0","2","0","1","","","","N","","","","","","","","","",""