"CRN","ARRIVAL_TM","AUTOMOBILE_COUNT","BELTED_DEATH_COUNT","BELTED_SUSP_SERIOUS_INJ_COUNT","BICYCLE_COUNT","BICYCLE_DEATH_COUNT","BICYCLE_SUSP_SERIOUS_INJ_COUNT","BUS_COUNT","CHLDPAS_DEATH_COUNT","CHLDPAS_SUSP_SERIOUS_INJ_COUNT","COLLISION_TYPE","COMM_VEH_COUNT","CONS_ZONE_SPD_LIM","COUNTY","CRASH_MONTH","CRASH_YEAR","DAY_OF_WEEK","DEC_LATITUDE","DEC_LONGITUDE","DISPATCH_TM","DISTRICT","DRIVER_COUNT_16YR","DRIVER_COUNT_17YR","DRIVER_COUNT_18YR","DRIVER_COUNT_19YR","DRIVER_COUNT_20YR","DRIVER_COUNT_50_64YR","DRIVER_COUNT_65_74YR","DRIVER_COUNT_75PLUS","EST_HRS_CLOSED","FATAL_COUNT","HEAVY_TRUCK_COUNT","HORSE_BUGGY_COUNT","HOUR_OF_DAY","ILLUMINATION","INJURY_COUNT","INTERSECTION_RELATED","INTERSECT_TYPE","LANE_CLOSED","LATITUDE","LN_CLOSE_DIR","LOCATION_TYPE","LONGITUDE","MAX_SEVERITY_LEVEL","MCYCLE_DEATH_COUNT","MCYCLE_SUSP_SERIOUS_INJ_COUNT","MOTORCYCLE_COUNT","MUNICIPALITY","NONMOTR_COUNT","NONMOTR_DEATH_COUNT","NONMOTR_SUSP_SERIOUS_INJ_COUNT","NTFY_HIWY_MAINT","PED_COUNT","PED_DEATH_COUNT","PED_SUSP_SERIOUS_INJ_COUNT","PERSON_COUNT","POLICE_AGCY","POSSIBLE_INJ_COUNT","RDWY_SURF_TYPE_CD","RELATION_TO_ROAD","ROADWAY_CLEARED","ROAD_CONDITION","SCH_BUS_IND","SCH_ZONE_IND","SECONDARY_CRASH","SMALL_TRUCK_COUNT","SPEC_JURIS_CD","SUSP_MINOR_INJ_COUNT","SUSP_SERIOUS_INJ_COUNT","SUV_COUNT","TCD_FUNC_CD","TCD_TYPE","TFC_DETOUR_IND","TIME_OF_DAY","TOTAL_UNITS","TOT_INJ_COUNT","UNBELTED_OCC_COUNT","UNB_DEATH_COUNT","UNB_SUSP_SERIOUS_INJ_COUNT","UNK_INJ_DEG_COUNT","UNK_INJ_PER_COUNT","URBAN_RURAL","VAN_COUNT","VEHICLE_COUNT","WEATHER1","WEATHER2","WORKERS_PRES","WORK_ZONE_IND","WORK_ZONE_LOC","WORK_ZONE_TYPE","WZ_CLOSE_DETOUR","WZ_FLAGGER","WZ_LAW_OFFCR_IND","WZ_LN_CLOSURE","WZ_MOVING","WZ_OTHER","WZ_SHLDER_MDN","WZ_WORKERS_INJ_KILLED"
"2010075794","","1","0","0","0","0","0","0","0","0","1","0","","02","7","2010","4","40.429878","-80.027829","","11","0","0","0","0","0","2","0","0","","0","0","0","","","0","","0","","40 25:47.562","","0","80 01:40.185","0","0","0","0","2301","0","0","0","N","0","0","0","2","68B03","0","","1.0","","1","N","N","","0","","0","0","1","","0","","","2","0","0","0","0","0","0","2","0","2","","","","N","","","","","","","","","",""
"2010075795","","1","0","0","0","0","0","0","0","0","1","0","","02","7","2010","6","40.358587","-80.118966","","11","1","0","0","0","0","0","0","0","","0","0","0","","","0","","0","","40 21:30.914","","0","80 07:08.279","0","0","0","0","2414","0","0","0","N","0","0","0","3","68B03","0","","1.0","","1","N","N","","0","","0","0","1","","0","","","2","0","0","0","0","0","0","2","0","2","","","","N","","","","","","","","","",""
"2010075796","","2","0","0","0","0","0","0","0","0","1","0","","02","8","2010","3","40.519829","-80.060201","","11","0","0","1","0","0","0","0","0","","0","0","0","","","2","","0","","40 31:11.383","","0","80 03:36.723","3","0","0","0","2116","0","0","0","N","0","0","0","2","68B03","0","","1.0","","1","N","N","","0","","2","0","0","","0","","","2","2","0","0","0","0","0","2","0","2","","","","N","","","","","","","","","",""
"2010075797","","0","0","0","0","0","0","0","0","0","1","0","","02","8","2010","4","40.431484","-80.024967","","11","0","0","0","0","0","0","0","0","","0","0","0","","","0","","0","","40 25:53.343","","0","80 01:29.881","0","0","0","0","2301","0","0","0","N","0","0","0","2","68B03","0","","1.0","","1","N","N","","0","","0","0","0","","2","","","2","0","0","0","0","0","0","2","2","2","","","","N","","","","","","","","","",""
"2010075885","","2","0","0","0","0","0","0","0","0","4","0","","02","7","2010","2","40.570725","-80.00275","","11","0","1","0","0","0","0","0","1","1","0","0","0","","","0","","1","","40 34:14.609","4","0","80 00:09.899","0","0","0","0","2108","0","0","0","N","0","0","0","2","02108","0","","1.0","","1","N","N","","0","","0","0","0","","2","N","","2","0","0","0","0","0","0","2","0","2","","","","N","","","","","","","","","",""
"2010075924","","1","0","0","0","0","0","0","0","0","99","0","","02","8","2010","2","40.417133","-79.880952","","11","0","0","0","0","0","1","0","1","","0","0","0","","","1","","1","","40 25:01.678","","0","79 52:51.427","8","0","0","0","2463","0","0","0","N","0","0","0","2","02463","0","","1.0","","1","N","N","","0","","0","0","1","","3","","","2","1","0","0","0","1","0","2","0","2","","","","N","","","","","","","","","",""
"2010075927","","1","0","0","0","0","0","0","0","0","4","0","","02","8","2010","7","40.332882","-79.813672","","11","0","0","0","0","0","0","1","0","","0","0","0","","","1","","2","","40 19:58.375","","0","79 48:49.218","8","0","0","0","2477","0","0","0","N","0","0","0","3","02477","0","","1.0","","1","N","N","","1","","0","0","0","","2","","","2","1","0","0","0","1","0","2","0","2","","","","N","","","","","","","","","",""
"2010075928","","0","0","0","0","0","0","0","0","0","1","0","","02","8","2010","2","40.608415","-79.94735","","11","0","0","0","0","0","1","0","0","","0","0","0","","","1","","0","","40 36:30.295","","0","79 56:50.459","4","0","0","0","2207","0","0","0","N","0","0","0","3","02207","1","","1.0","","1","N","N","","1","","0","0","1","","0","","","2","1","0","0","0","0","0","2","0","2","","","","N","","","","","","","","","",""
"2010075935","","0","0","0","0","0","0","0","0","0","0","0","","02","8","2010","2","40.344926","-79.837516","","11","0","0","0","0","0","0","0","0","","0","0","0","","","1","","2","","40 20:41.733","","0","79 50:15.057","8","0","0","1","2304","0","0","0","N","0","0","0","1","02304","0","","1.0","","1","N","N","","0","","0","0","0","","0","","","2","1","0","0","0","1","0","2","0","1","","","","N","","","","","","","","","",""
"2010075944","","1","0","0","0","0","0","0","0","0","7","0","","02","8","2010","2","40.273137","-79.965857","","11","0","1","0","0","0","0","0","0","","0","0","0","","","0","","2","","40 16:23.293","","0","79 57:57.086","0","0","0","0","2219","0","0","0","Y","0","0","0","1","02219","0","","2.0","","1","N","N","","0","","0","0","0","","3","","","1","0","0","0","0","0","0","1","0","1","","","","N","","","","","","","","","",""
"2010075945","","2","0","0","0","0","0","0","0","0","4","0","","02","8","2010","3","40.460658","-79.922717","","11","0","0","0","0","0","0","0","0","1","0","0","0","","","0","","1","","40 27:38.370","7","0","79 55:21.780","9","0","0","0","2301","0","0","0","N","0","0","0","3","02301","0","","1.0","","1","N","N","","0","","0","0","0","","1","N","","2","0","0","0","0","0","1","2","0","2","","","","N","","","","","","","","","",""
"2010075951","","1","0","0","0","0","0","0","0","0","7","0","","02","8","2010","2","40.434963","-80.06026","","11","0","0","0","0","0","0","0","0","","0","0","0","","","1","","0","","40 26:05.866","","0","80 03:36.937","4","0","0","0","2421","0","0","0","Y","0","0","0","2","02421","1","","5.0","","1","N","N","","0","","0","0","0","","0","","","1","1","2","0","0","0","0","2","0","1","","","","N","","","","","","","","","",""
"2010075969","","1","0","0","0","0","0","0","0","0","4","0","","02","8","2010","2","40.362022","-80.011171","","11","0","0","0","0","0","1","1","0","","0","0","0","","","0","","1","","40 21:43.279","","0","80 00:40.215","0","0","0","0","2416","0","0","0","N","0","0","0","2","02416","0","","1.0","","1","N","N","","1","","0","0","0","","3","","","2","0","0","0","0","0","0","2","0","2","","","","N","","","","","","","","","",""
"2010075970","","1","0","0","0","0","0","0","0","0","4","0","","02","8","2010","3","40.362022","-80.011171","","11","0","0","1","1","0","0","0","0","1","0","0","0","","","0","","1","","40 21:43.279","4","0","80 00:40.215","0","0","0","0","2416","0","0","0","N","0","0","0","3","02416","0","","1.0","","1","N","N","","0","","0","0","1","","3","N","","2","0","0","0","0","0","0","2","0","2","","","","N","","","","","","","","","",""
"2010075971","","2","0","0","0","0","0","0","0","0","1","0","","02","8","2010","2","40.3688","-80.0361","","11","1","0","0","0","0","1","0","0","","0","0","0","","","1","","2","","40 22:07.680","","0","80 02:09.960","4","0","0","0","2416","0","0","0","N","0","0","0","3","02416","1","","1.0","","1","N","N","","0","","0","0","0","","0","","","2","1","0","0","0","0","0","2","0","2","","","","N","","","","","","","","","",""
"2010076072","","0","0","0","0","0","0","0","0","0","7","0","","02","8","2010","1","40.60795","-79.949138","","11","0","0","0","0","0","0","0","0","","0","0","0","","","1","","0","","40 36:28.620","","0","79 56:56.896","2","0","1","1","2207","0","0","0","N","0","0","0","1","02207","0","","2.0","","1","N","N","","0","","0","1","0","","0","","","1","1","0","0","0","0","0","2","0","1","","","","N","","","","","","","","","",""
"2010076073","","2","0","0","0","0","0","0","0","0","1","0","","02","8","2010","2","40.372875","-79.92669","","11","0","0","0","0","0","0","0","0","","0","0","0","","","1","","0","","40 22:22.349","","0","79 55:36.084","4","0","0","0","2473","0","0","0","N","0","0","0","3","02473","1","","1.0","","1","N","N","","0","","0","0","0","","0","","","2","1","0","0","0","0","0","2","0","2","","","","N","","","","","","","","","",""
"2010076074","","2","0","2","0","0","0","0","0","0","4","0","","02","8","2010","2","40.527132","-79.950268","","11","0","0","0","0","0","0","0","0","1","0","0","0","","","2","","2","","40 31:37.675","5","0","79 57:00.965","2","0","0","0","2118","0","0","0","N","0","0","0","2","02118","0","","1.0","","1","N","N","","0","","0","2","0","","2","Y","","2","2","0","0","0","0","0","2","0","2","","","","N","","","","","","","","","",""
"2010076079","","2","0","0","0","0","0","0","0","0","4","0","","02","8","2010","3","40.445346","-79.895887","","11","0","0","0","0","0","0","0","0","","0","0","0","","","0","","2","","40 26:43.245","","0","79 53:45.193","9","0","0","0","2301","0","0","0","N","0","0","0","3","02301","0","","1.0","","1","N","N","","0","","0","0","0","","3","","","2","0","0","0","0","0","1","2","0","2","","","","N","","","","","","","","","",""
"2010076095","","1","0","0","0","0","0","0","0","0","5","0","","02","8","2010","3","40.474536","-79.971494","","11","0","0","0","0","0","1","0","0","1","0","0","0","","","2","","2","","40 28:28.330","2","0","79 58:17.378","4","0","0","0","2445","0","0","0","N","0","0","0","2","02445","2","","1.0","","1","N","N","","1","","0","0","0","","0","Y","","2","2","1","0","0","0","0","2","0","2","","","","N","","","","","","","","","",""
"2010076097","","0","0","0","0","0","0","0","0","0","1","0","","02","8","2010","3","40.494084","-79.918162","","11","0","0","0","0","0","0","0","0","","0","0","0","","","1","","2","","40 29:38.704","","1","79 55:05.382","8","0","0","0","2461","0","0","0","N","0","0","0","2","02461","0","","1.0","","1","N","N","","0","","0","0","1","","0","","","2","1","0","0","0","1","1","2","1","2","","","","N","","","","","","","","","",""
"2010076103","","1","0","0","0","0","0","0","0","0","6","0","","02","8","2010","3","40.393434","-79.775403","","11","0","0","0","0","0","0","1","0","2","0","0","0","","","2","","1","","40 23:36.363","5","0","79 46:31.452","8","0","0","0","2111","0","0","0","N","0","0","0","2","02111","0","","1.0","","1","N","N","","0","","0","0","1","","0","N","","2","2","0","0","0","2","0","2","0","2","","","","N","","","","","","","","","",""
"2010076105","","1","0","0","0","0","0","0","0","0","7","0","","02","8","2010","3","40.469292","-79.832061","","11","0","0","0","0","0","0","0","1","","0","0","0","","","0","","0","","40 28:09.451","","0","79 49:55.419","0","0","0","0","2113","0","0","0","N","0","0","0","1","02113","0","","2.0","","1","N","N","","0","","0","0","0","","0","","","1","0","0","0","0","0","0","2","0","1","","","","N","","","","","","","","","",""
"2010076107","","1","0","0","0","0","0","0","0","0","4","0","","02","8","2010","3","40.438368","-79.994494","","11","0","0","0","0","0","2","0","0","1","0","0","0","","","1","","1","","40 26:18.124","7","0","79 59:40.178","8","0","0","0","2301","0","0","0","N","0","0","0","3","02301","0","","1.0","","1","N","N","","1","","0","0","0","","2","Y","","2","1","0","0","0","1","0","2","0","2","","","","N","","","","","","","","","",""
"2010076108","","1","0","0","0","0","0","0","0","0","8","0","","02","8","2010","3","40.362222","-80.000456","","11","0","0","0","0","0","0","0","0","","0","0","0","","","1","","0","","40 21:43.999","","0","80 00:01.643","4","0","0","0","2476","1","0","0","N","1","0","0","2","02476","1","","1.0","","1","N","N","","0","","0","0","0","","0","","","2","1","0","0","0","0","0","2","0","1","","","","N","","","","","","","","","",""
"2010076109","","1","0","0","0","0","0","0","0","0","1","0","35","02","7","2010","7","40.490232","-79.951896","","11","0","0","0","0","0","0","0","0","","0","0","0","","","1","","0","","40 29:24.834","","0","79 57:06.826","8","0","0","0","2118","0","0","0","N","0","0","0","2","02118","0","","1.0","","1","N","N","","0","","0","0","0","","0","","","2","1","0","0","0","1","1","2","0","2","","","N","Y","2","1","","","N","","","Y","",""
"2010076113","","0","0","0","0","0","0","0","0","0","7","0","","02","8","2010","7","40.427511","-79.726209","","11","0","0","0","0","0","0","0","0","3","1","0","0","","","1","","0","","40 25:39.041","4","0","79 43:34.354","1","1","1","1","2446","0","0","0","Y","0","0","0","2","02446","0","2","2.0","","1","N","N","","0","0","0","1","0","","0","Y","","1","1","0","0","0","0","0","2","0","1","","","","N","","","","","","","","","",""
"2010076115","","2","0","0","0","0","0","0","0","0","4","0","","02","8","2010","3","40.484948","-79.817816","","11","0","0","0","0","0","1","0","0","1","0","0","0","","","0","","5","","40 29:05.812","3","0","79 49:04.138","0","0","0","0","2113","0","0","0","N","0","0","0","4","02113","0","","1.0","","1","N","N","","0","","0","0","0","","2","Y","","2","0","0","0","0","0","0","2","0","2","","","","N","","","","","","","","","",""
"2010076116","","0","0","0","0","0","0","0","0","0","4","0","","02","8","2010","2","40.333918","-79.962523","","11","0","0","0","0","0","1","0","0","","0","0","0","","","0","","0","","40 20:02.105","","0","79 57:45.082","0","0","0","0","2454","0","0","0","N","0","0","0","2","02454","0","","1.0","","1","N","N","","0","","0","0","1","","0","","","2","0","0","0","0","0","0","2","1","2","","","","N","","","","","","","","","",""
"2010076124","","1","0","0","0","0","0","0","0","0","6","0","","02","8","2010","3","40.477359","-79.787078","","11","0","0","0","0","0","0","0","0","","0","0","0","","","3","","0","","40 28:38.491","","0","79 47:13.479","4","0","0","0","2113","0","0","0","N","0","0","0","6","02113","1","","1.0","","1","N","N","","0","","0","0","0","","0","","","2","3","3","0","0","2","0","2","1","2","","","","N","","","","","","","","","",""
"2010076127","","0","0","0","0","0","0","0","0","0","7","0","","02","8","2010","3","40.461497","-80.030721","","11","0","0","0","0","0","0","0","0","","0","0","0","","","1","","10","","40 27:41.388","","0","80 01:50.595","2","0","1","1","2301","0","0","0","N","0","0","0","1","02301","0","","2.0","","1","N","N","","0","","0","1","0","","0","","","1","1","0","0","0","0","0","2","0","1","","","","N","","","","","","","","","",""
"2010076129","","0","0","0","0","0","0","0","0","0","1","0","","02","8","2010","2","40.198508","-79.877893","","11","0","0","0","0","0","0","0","0","1","0","0","0","","","0","","0","","40 11:54.630","3","7","79 52:40.415","0","0","0","0","2204","0","0","0","N","0","0","0","3","02204","0","","1.0","","1","N","N","","1","","0","0","1","","0","N","","2","0","0","0","0","0","0","1","0","2","","","","N","","","","","","","","","",""
"2010076141","","3","0","1","0","0","0","0","0","0","1","1","","02","8","2010","1","40.344042","-79.798555","","11","0","0","0","0","0","0","0","1","4","0","1","0","","","6","","0","","40 20:38.550","5","0","79 47:54.797","2","0","0","0","2477","0","0","0","N","0","0","0","9","02501","4","","1.0","","1","N","N","","0","","1","1","1","","0","Y","","5","6","0","0","0","0","0","2","0","5","","","","N","","","","","","","","","",""
"2010076142","","2","0","0","0","0","0","0","0","0","4","0","","02","8","2010","3","40.378432","-79.989739","","11","0","0","0","0","0","2","0","0","2","0","0","0","","","0","","2","","40 22:42.355","1","0","79 59:23.061","0","0","0","0","2476","0","0","0","N","0","0","0","12","02476","0","","1.0","","1","N","N","","0","","0","0","0","","2","N","","3","0","0","0","0","0","0","2","1","3","","","","N","","","","","","","","","",""
"2010076146","","1","0","0","0","0","0","0","0","0","6","0","","02","8","2010","3","40.340454","-79.958424","","11","0","0","1","0","0","1","0","0","2","0","0","0","","","2","","0","","40 20:25.634","3","0","79 57:30.326","4","0","0","0","2454","0","0","0","N","0","0","0","3","02454","2","","1.0","","1","N","N","","0","","0","0","1","","0","N","","2","2","0","0","0","0","0","2","0","2","","","","N","","","","","","","","","",""
"2010076148","","2","0","0","0","0","0","0","0","0","4","0","","02","8","2010","6","40.511906","-79.947183","","11","1","1","0","0","0","0","0","0","","0","0","0","","","1","","2","","40 30:42.860","","0","79 56:49.859","4","0","0","0","2118","0","0","0","N","0","0","0","7","02118","1","","1.0","","1","N","N","","0","","0","0","0","","3","","","2","1","2","0","0","0","0","2","0","2","","","","N","","","","","","","","","",""
"2010076156","","0","0","0","0","0","0","0","0","0","7","1","","02","8","2010","4","40.347483","-79.949945","","11","0","0","0","0","0","0","0","0","","0","0","0","","","1","","0","","40 20:50.937","","0","79 56:59.802","3","0","0","0","2473","0","0","0","N","0","0","0","1","02473","0","","3.0","","1","N","N","","0","","1","0","0","","0","","","1","1","0","0","0","0","0","2","0","1","","","","N","","","","","","","","","",""
"2010076162","","3","0","0","0","0","0","0","0","0","1","0","","02","8","2010","3","40.400057","-79.837251","","11","0","0","0","0","0","1","0","0","2","0","0","0","","","1","","0","","40 24:00.205","3","0","79 50:14.105","4","0","0","0","2425","0","0","0","N","0","0","0","4","02425","1","","1.0","","1","N","N","","0","","0","0","0","","0","N","","3","1","4","0","0","0","0","2","0","3","","","","N","","","","","","","","","",""
"2010076163","","2","0","0","0","0","0","0","0","0","4","0","","02","8","2010","4","40.299062","-80.029812","","11","0","0","1","0","0","0","0","1","1","0","0","0","","","0","","2","","40 17:56.623","1","0","80 01:47.323","0","0","0","0","2407","0","0","0","N","0","0","0","3","02407","0","","1.0","","1","N","N","","0","","0","0","0","","3","N","","2","0","0","0","0","0","0","2","0","2","","","","N","","","","","","","","","",""
"2010076172","","0","0","0","0","0","0","0","0","0","0","0","","02","8","2010","3","40.417145","-80.028046","","11","0","0","0","0","0","0","0","0","3","0","0","0","","","1","","0","","40 25:01.722","6","0","80 01:40.965","3","0","0","1","2301","0","0","0","N","0","0","0","1","02301","0","","1.0","","98","N","N","","0","","1","0","0","","0","Y","","1","1","0","0","0","0","0","2","0","1","","","","N","","","","","","","","","",""
"2010076200","","2","0","0","0","0","0","0","0","0","2","0","","02","8","2010","3","40.386496","-80.09233","","11","0","0","0","1","0","0","0","0","","0","0","0","","","1","","0","","40 23:11.384","","7","80 05:32.387","8","0","0","0","2102","0","0","0","N","0","0","0","5","02102","0","","1.0","","1","N","N","","0","","0","0","0","","2","","","2","1","0","0","0","1","0","2","0","2","","","","N","","","","","","","","","",""
"2010076219","","2","0","0","0","0","0","0","0","0","4","0","","02","8","2010","1","40.396242","-79.998126","","11","0","0","0","0","1","1","0","0","1","0","0","0","","","0","","1","","40 23:46.470","6","0","79 59:53.254","0","0","0","0","2301","0","0","0","N","0","0","0","2","02301","0","","1.0","","1","N","N","","0","","0","0","0","","2","N","","2","0","1","0","0","0","0","2","0","2","","","","N","","","","","","","","","",""
"2010076227","","1","0","0","0","0","0","0","0","0","7","0","","02","8","2010","1","40.551031","-79.973972","","11","0","0","0","0","0","0","1","0","1","0","0","0","","","0","","10","","40 33:03.711","7","0","79 58:26.299","0","0","0","0","2118","0","0","0","N","0","0","0","2","02118","0","","5.0","","1","N","N","","0","","0","0","0","","0","Y","","1","0","0","0","0","0","0","2","0","1","","","","N","","","","","","","","","",""
"2010076228","","1","0","0","0","0","0","0","0","0","2","0","","02","7","2010","4","40.488326","-79.972505","","11","0","0","0","0","1","0","0","0","","0","0","0","","","0","","0","","40 29:17.974","","0","79 58:21.019","0","0","0","0","2445","0","0","0","N","0","0","0","1","02445","0","","6.0","","3","N","N","","1","","0","0","0","","0","","","2","0","0","0","0","0","0","2","0","2","","","","N","","","","","","","","","",""
"2010076243","","1","0","0","0","0","0","0","0","0","7","0","","02","8","2010","3","40.365148","-80.086474","","11","0","0","0","0","0","0","0","0","2","0","0","0","","","0","","0","","40 21:54.533","2","0","80 05:11.308","0","0","0","0","2117","0","0","0","N","0","0","0","1","02117","0","","5.0","","1","N","N","","0","","0","0","0","","0","N","","1","0","0","0","0","0","0","2","0","1","","","","N","","","","","","","","","",""
"2010076262","","0","0","0","0","0","0","0","0","0","99","0","","02","6","2010","2","40.325722","-80.142298","","11","0","0","0","0","0","0","1","0","","0","0","0","","","1","","0","","40 19:32.598","","0","80 08:32.273","4","0","0","0","2119","0","0","0","N","0","0","0","2","68B01","1","","1.0","","1","N","N","","1","","0","0","0","","0","","","1","1","0","0","0","0","0","2","0","1","","","","N","","","","","","","","","",""
"2010076270","","1","0","0","0","0","0","0","0","0","1","0","","02","8","2010","5","40.429929","-79.879633","","11","0","0","0","0","0","0","0","0","","0","0","0","","","0","","0","","40 25:47.743","","0","79 52:46.679","0","0","0","0","2411","0","0","0","N","0","0","0","3","68B03","0","","1.0","","1","N","N","","0","","0","0","2","","0","","","3","0","0","0","0","0","0","2","0","3","","","","N","","","","","","","","","",""
"2010076271","","2","0","0","0","0","0","0","0","0","1","0","","02","8","2010","7","40.442752","-80.160127","","11","0","0","0","0","0","0","0","0","1","0","0","0","","","2","","0","","40 26:33.906","4","0","80 09:36.457","3","0","0","0","2115","0","0","0","N","0","0","0","7","68B03","0","","1.0","","1","N","N","","0","","2","0","2","","0","N","","4","2","0","0","0","0","0","2","0","4","","","","N","","","","","","","","","",""
"2010076398","","0","0","0","0","0","0","0","0","0","7","0","","02","8","2010","2","40.240597","-79.857208","","11","0","0","0","0","1","0","0","0","","0","0","0","","","1","","0","","40 14:26.149","","0","79 51:25.948","4","0","0","0","2105","0","0","0","N","0","0","0","1","02501","1","","4.0","","1","N","N","","0","","0","0","1","","0","","","1","1","0","0","0","0","0","1","0","1","","","","N","","","","","","","","","",""
"2010076402","","1","0","0","0","0","0","0","0","0","4","0","","02","7","2010","4","40.48169","-79.974368","","11","0","0","0","0","0","0","0","1","","0","0","0","","","0","","1","","40 28:54.084","","0","79 58:27.724","0","0","0","0","2445","0","0","0","N","0","0","0","2","02445","0","","1.0","","1","N","N","","0","","0","0","1","","2","","","2","0","0","0","0","0","0","2","0","2","","","","N","","","","","","","","","",""
"2010076411","","1","0","0","0","0","0","0","0","0","1","0","","02","8","2010","1","40.411058","-79.955541","","11","0","0","0","1","0","1","0","0","3","0","0","0","","","0","","2","","40 24:39.810","1","0","79 57:19.948","0","0","0","0","2403","0","0","0","N","0","0","0","6","02403","0","","1.0","","1","N","N","","0","","0","0","2","","2","N","","3","0","4","0","0","0","0","2","0","3","","","","N","","","","","","","","","",""
"2010076413","","1","0","0","0","0","0","0","0","0","4","0","","02","8","2010","3","40.333298","-79.984202","","11","0","0","0","0","0","0","1","0","","0","0","0","","","1","","2","","40 19:59.873","","0","79 59:03.127","4","0","0","0","2454","0","0","0","N","0","0","0","2","02454","1","","1.0","","1","N","N","","0","","0","0","1","","3","","","2","1","0","0","0","0","0","2","0","2","","","","N","","","","","","","","","",""
"2010076419","","1","0","0","0","0","0","0","0","0","4","0","","02","8","2010","4","40.364809","-79.827156","","11","0","0","0","0","0","0","0","0","1","0","0","0","","","0","","0","","40 21:53.314","5","0","79 49:37.761","0","0","0","0","2111","0","0","0","N","0","0","0","3","02111","0","","1.0","","1","N","N","","0","","0","0","1","","0","N","","2","0","0","0","0","0","0","2","0","2","","","","N","","","","","","","","","",""
"2010076430","","1","0","0","0","0","0","0","0","0","4","0","","02","8","2010","4","40.4587","-79.908025","","11","0","0","0","0","0","1","0","0","","0","0","0","","","0","","0","","40 27:31.320","","0","79 54:28.890","0","0","0","0","2301","0","0","0","N","0","0","0","2","02301","0","","1.0","","1","N","N","","0","","0","0","1","","0","","","2","0","0","0","0","0","0","2","0","2","","","","N","","","","","","","","","",""
"2010076437","","2","0","0","0","0","0","0","0","0","1","0","","02","8","2010","4","40.522944","-80.080554","","11","0","0","0","0","0","0","0","0","1","0","0","0","","","0","","0","","40 31:22.598","6","7","80 04:49.994","0","0","0","0","2215","0","0","0","N","0","0","0","4","02215","0","","1.0","","1","N","N","","0","","0","0","0","","0","N","","2","0","0","0","0","0","0","2","0","2","","","","N","","","","","","","","","",""
"2010076443","","1","0","0","0","0","0","0","0","0","7","0","","02","8","2010","4","40.547545","-80.240317","","11","0","0","0","0","0","0","0","0","1","0","0","0","","","0","","2","","40 32:51.162","3","0","80 14:25.141","0","0","0","0","2103","0","0","0","N","0","0","0","1","02103","0","","2.0","","1","N","N","","0","","0","0","0","","3","N","","1","0","1","0","0","0","0","2","0","1","","","","N","","","","","","","","","",""
"2010076458","","1","0","0","0","0","0","0","0","0","6","0","","02","7","2010","2","40.377799","-79.975453","","11","0","0","0","0","0","1","0","0","","0","0","0","","","0","","10","","40 22:40.076","","0","79 58:31.630","0","0","0","0","2413","0","0","0","","0","0","0","2","02413","0","","1.0","","1","N","N","","1","","0","0","0","","0","","","2","0","0","0","0","0","0","2","0","2","","","","N","","","","","","","","","",""
"2010076462","","2","0","0","0","0","0","0","0","0","4","0","","02","8","2010","1","40.435266","-79.785526","","11","0","1","0","0","0","0","0","0","1","0","0","0","","","0","","0","","40 26:06.958","6","7","79 47:07.892","0","0","0","0","2446","0","0","0","N","0","0","0","4","02446","0","","1.0","","1","N","N","","0","","0","0","0","","0","N","","2","0","0","0","0","0","0","2","0","2","","","","N","","","","","","","","","",""
"2010076463","","0","0","0","0","0","0","0","0","0","6","0","","02","8","2010","4","40.405895","-79.942923","","11","0","0","0","0","0","0","1","0","","0","1","0","","","0","","0","","40 24:21.221","","0","79 56:34.522","0","0","0","0","2301","0","0","0","N","0","0","0","5","02301","0","","1.0","","1","N","N","","0","","0","0","2","","0","","","3","0","0","0","0","0","0","2","0","3","","","","N","","","","","","","","","",""
"2010076466","","0","0","0","0","0","0","0","0","0","6","0","","02","8","2010","6","40.522826","-79.969077","","11","0","0","0","0","0","0","1","0","","0","0","0","","","1","","10","","40 31:22.175","","3","79 58:08.678","4","0","0","0","2118","0","0","0","N","0","0","0","3","02118","1","","1.0","","1","N","N","","2","","0","0","0","","0","","","2","1","0","0","0","0","0","2","0","2","","","","N","","","","","","","","","",""
"2010076468","","1","0","0","0","0","0","0","0","0","1","0","","02","7","2010","6","40.509282","-80.091673","","11","0","0","0","0","0","0","0","0","","0","0","0","","","1","","2","","40 30:33.416","","0","80 05:30.022","8","0","0","0","2429","0","0","0","N","0","0","0","5","02215","0","","1.0","","1","N","N","","0","","0","0","1","","0","","","2","1","0","0","0","1","0","2","0","2","","","","N","","","","","","","","","",""
"2010076474","","1","0","0","0","0","0","0","0","0","7","0","","02","7","2010","5","40.648967","-79.896195","","11","0","0","0","0","0","0","0","0","5","0","0","0","","","0","","0","","40 38:56.281","5","0","79 53:46.302","0","0","0","0","2220","0","0","0","N","0","0","0","1","02220","0","","5.0","","1","N","N","","0","","0","0","0","","0","Y","","1","0","0","0","0","0","0","1","0","1","","","","N","","","","","","","","","",""
"2010076475","","2","0","0","0","0","0","0","0","0","1","0","99","02","7","2010","6","40.513191","-80.109826","","11","0","0","0","0","0","1","0","0","","0","0","0","","","0","","2","","40 30:47.486","","0","80 06:35.374","0","0","0","0","2211","0","0","0","N","0","0","0","2","02215","0","","1.0","","1","N","N","","0","","0","0","0","","0","","","2","0","0","0","0","0","0","2","0","2","","","U","Y","3","1","","","Y","Y","","","",""