"CRN","ARRIVAL_TM","AUTOMOBILE_COUNT","BELTED_DEATH_COUNT","BELTED_SUSP_SERIOUS_INJ_COUNT","BICYCLE_COUNT","BICYCLE_DEATH_COUNT","BICYCLE_SUSP_SERIOUS_INJ_COUNT","BUS_COUNT","CHLDPAS_DEATH_COUNT","CHLDPAS_SUSP_SERIOUS_INJ_COUNT","COLLISION_TYPE","COMM_VEH_COUNT","CONS_ZONE_SPD_LIM","COUNTY","CRASH_MONTH","CRASH_YEAR","DAY_OF_WEEK","DEC_LATITUDE","DEC_LONGITUDE","DISPATCH_TM","DISTRICT","DRIVER_COUNT_16YR","DRIVER_COUNT_17YR","DRIVER_COUNT_18YR","DRIVER_COUNT_19YR","DRIVER_COUNT_20YR","DRIVER_COUNT_50_64YR","DRIVER_COUNT_65_74YR","DRIVER_COUNT_75PLUS","EST_HRS_CLOSED","FATAL_COUNT","HEAVY_TRUCK_COUNT","HORSE_BUGGY_COUNT","HOUR_OF_DAY","ILLUMINATION","INJURY_COUNT","INTERSECTION_RELATED","INTERSECT_TYPE","LANE_CLOSED","LATITUDE","LN_CLOSE_DIR","LOCATION_TYPE","LONGITUDE","MAX_SEVERITY_LEVEL","MCYCLE_DEATH_COUNT","MCYCLE_SUSP_SERIOUS_INJ_COUNT","MOTORCYCLE_COUNT","MUNICIPALITY","NONMOTR_COUNT","NONMOTR_DEATH_COUNT","NONMOTR_SUSP_SERIOUS_INJ_COUNT","NTFY_HIWY_MAINT","PED_COUNT","PED_DEATH_COUNT","PED_SUSP_SERIOUS_INJ_COUNT","PERSON_COUNT","POLICE_AGCY","POSSIBLE_INJ_COUNT","RDWY_SURF_TYPE_CD","RELATION_TO_ROAD","ROADWAY_CLEARED","ROAD_CONDITION","SCH_BUS_IND","SCH_ZONE_IND","SECONDARY_CRASH","SMALL_TRUCK_COUNT","SPEC_JURIS_CD","SUSP_MINOR_INJ_COUNT","SUSP_SERIOUS_INJ_COUNT","SUV_COUNT","TCD_FUNC_CD","TCD_TYPE","TFC_DETOUR_IND","TIME_OF_DAY","TOTAL_UNITS","TOT_INJ_COUNT","UNBELTED_OCC_COUNT","UNB_DEATH_COUNT","UNB_SUSP_SERIOUS_INJ_COUNT","UNK_INJ_DEG_COUNT","UNK_INJ_PER_COUNT","URBAN_RURAL","VAN_COUNT","VEHICLE_COUNT","WEATHER1","WEATHER2","WORKERS_PRES","WORK_ZONE_IND","WORK_ZONE_LOC","WORK_ZONE_TYPE","WZ_CLOSE_DETOUR","WZ_FLAGGER","WZ_LAW_OFFCR_IND","WZ_LN_CLOSURE","WZ_MOVING","WZ_OTHER","WZ_SHLDER_MDN","WZ_WORKERS_INJ_KILLED"
"2010077188","","1","0","0","1","0","0","0","0","0","8","0","","02","8","2010","7","40.384123","-79.977621","","11","0","0","0","1","0","0","0","0","1","0","0","0","","","1","","2","","40 23:02.843","1","0","79 58:39.435","8","0","0","0","2413","1","0","0","N","0","0","0","3","02413","0","","1.0","","1","N","N","","0","","0","0","0","","2","Y","","2","1","0","0","0","1","0","2","0","1","","","","N","","","","","","","","","",""
"2010077198","","1","0","0","0","0","0","0","0","0","4","0","","02","8","2010","4","40.494552","-79.921418","","11","0","0","0","0","0","0","0","0","","0","0","0","","","0","","0","","40 29:40.387","","0","79 55:17.104","0","0","0","0","2461","0","0","0","N","0","0","0","1","02461","0","","6.0","","1","N","N","","0","","0","0","1","","0","","","2","0","0","0","0","0","0","2","0","2","","","","N","","","","","","","","","",""
"2010077201","","0","0","0","0","0","0","0","0","0","1","0","","02","8","2010","4","40.435681","-80.064795","","11","0","0","0","0","0","1","0","0","","0","0","0","","","1","","2","","40 26:08.453","","0","80 03:53.263","4","0","0","0","2421","0","0","0","N","0","0","0","2","02421","1","","1.0","","1","N","N","","2","","0","0","0","","3","","","2","1","0","0","0","0","0","2","0","2","","","","N","","","","","","","","","",""
"2010077208","","1","0","0","0","0","0","0","0","0","2","0","","02","8","2010","1","40.396218","-79.998194","","11","0","0","0","0","0","0","0","1","2","0","0","0","","","1","","1","","40 23:46.384","3","0","79 59:53.499","4","0","0","0","2301","0","0","0","N","0","0","0","2","02301","1","","1.0","","1","N","N","","0","","0","0","0","","2","Y","","2","1","0","0","0","0","1","2","0","2","","","","N","","","","","","","","","",""
"2010077211","","0","0","0","0","0","0","0","0","0","7","0","","02","8","2010","1","40.477492","-79.748642","","11","0","0","0","0","0","0","0","0","2","0","0","0","","","1","","0","","40 28:38.972","6","0","79 44:55.112","2","0","1","1","2466","0","0","0","N","0","0","0","1","02466","0","","4.0","","9","N","N","","0","","0","1","0","","0","N","","1","1","0","0","0","0","0","2","0","1","","","","N","","","","","","","","","",""
"2010077212","","1","0","0","0","0","0","0","0","0","2","0","","02","8","2010","3","40.464978","-79.942836","","11","0","0","0","0","0","0","0","0","","0","0","0","","","0","","1","","40 27:53.920","","0","79 56:34.209","0","0","0","0","2301","0","0","0","N","0","0","0","2","02301","0","","1.0","","1","N","N","","0","","0","0","1","","2","","","2","0","0","0","0","0","0","2","0","2","","","","N","","","","","","","","","",""
"2010077214","","2","0","0","0","0","0","0","0","0","4","0","","02","8","2010","5","40.362","-80.0112","","11","0","0","0","0","0","1","0","1","","0","0","0","","","0","","1","","40 21:43.200","","0","80 00:40.320","0","0","0","0","2416","0","0","0","N","0","0","0","2","02416","0","","1.0","","1","N","N","","0","","0","0","0","","3","","","2","0","0","0","0","0","0","2","0","2","","","","N","","","","","","","","","",""
"2010077232","","2","0","0","0","0","0","0","0","0","1","0","","02","8","2010","7","40.350731","-80.051018","","11","0","0","0","1","0","2","1","0","2","0","0","0","","","1","","0","","40 21:02.633","1","0","80 03:03.664","4","0","0","0","2109","0","0","0","N","0","0","0","10","02109","1","","1.0","","1","N","N","","0","","0","0","3","","0","N","","5","1","0","0","0","0","0","2","0","5","","","","N","","","","","","","","","",""
"2010077247","","1","0","0","0","0","0","0","0","0","4","0","","02","8","2010","1","40.415035","-80.011273","","11","0","0","0","0","0","1","0","0","2","0","0","0","","","3","","1","","40 24:54.125","1","0","80 00:40.583","3","0","0","0","2301","0","0","0","N","0","0","0","3","02301","2","","1.0","","1","N","N","","0","","1","0","0","","2","N","","2","3","0","0","0","0","0","2","1","2","","","","N","","","","","","","","","",""
"2010077275","","2","0","0","0","0","0","0","0","0","1","0","","02","8","2010","7","40.597451","-79.947637","","11","0","0","0","0","0","1","0","0","1","0","0","0","","","1","","2","","40 35:50.825","2","0","79 56:51.494","4","0","0","0","2207","0","0","0","N","0","0","0","2","02207","1","","1.0","","1","N","N","","0","","0","0","0","","3","N","","2","1","0","0","0","0","0","2","0","2","","","","N","","","","","","","","","",""
"2010077276","","0","0","0","0","0","0","0","0","0","1","0","","02","8","2010","1","40.340235","-79.96737","","11","0","0","0","0","0","1","0","0","1","0","0","0","","","1","","2","","40 20:24.847","4","0","79 58:02.531","4","0","0","0","2454","0","0","0","N","0","0","0","5","02454","1","","1.0","","1","N","N","","1","","0","0","0","","2","N","","2","1","0","0","0","0","0","2","1","2","","","","N","","","","","","","","","",""
"2010077289","","2","0","0","0","0","0","0","0","0","1","0","","02","8","2010","1","40.437586","-79.770042","","11","0","0","0","0","0","0","0","0","","0","0","0","","","0","","0","","40 26:15.310","","0","79 46:12.150","0","0","0","0","2446","0","0","0","N","0","0","0","2","02446","0","","1.0","","1","N","N","","0","","0","0","0","","0","","","2","0","0","0","0","0","0","2","0","2","","","","N","","","","","","","","","",""
"2010077296","","2","0","0","0","0","0","0","0","0","4","0","","02","8","2010","6","40.36834","-79.81672","","11","0","0","0","1","0","0","0","0","1","0","0","0","","","0","","3","","40 22:06.023","2","0","79 49:00.193","0","0","0","0","2111","0","0","0","N","0","0","0","3","02111","0","","1.0","","1","N","N","","0","","0","0","0","","3","Y","","2","0","1","0","0","0","0","2","0","2","","","","N","","","","","","","","","",""
"2010077299","","0","0","0","0","0","0","0","0","0","7","0","","02","8","2010","1","40.413129","-79.845139","","11","0","0","0","0","0","0","1","0","","0","0","0","","","0","","2","","40 24:47.266","","0","79 50:42.499","0","0","0","0","2431","0","0","0","N","0","0","0","1","02431","0","","2.0","","1","N","N","","0","","0","0","1","","2","","","1","0","0","0","0","0","0","2","0","1","","","","N","","","","","","","","","",""
"2010077307","","1","0","0","0","0","0","0","0","0","4","0","","02","8","2010","3","40.368307","-79.780436","","11","0","0","0","0","0","1","0","0","2","0","0","0","","","1","","0","","40 22:05.905","4","7","79 46:49.571","3","0","0","1","2111","0","0","0","N","0","0","0","2","02111","0","","1.0","","1","N","N","","0","","1","0","0","","0","N","","2","1","0","0","0","0","0","2","0","2","","","","N","","","","","","","","","",""
"2010077309","","1","0","0","0","0","0","0","0","0","7","0","","02","8","2010","4","40.468849","-80.076227","","11","0","0","0","0","0","0","0","0","","0","0","0","","","1","","2","","40 28:07.856","","0","80 04:34.417","8","0","0","0","2444","0","0","0","N","0","0","0","1","02444","0","","5.0","","1","N","N","","0","","0","0","0","","0","","","1","1","0","0","0","1","0","2","0","1","","","","N","","","","","","","","","",""
"2010077323","","1","0","0","0","0","0","0","0","0","4","0","","02","8","2010","5","40.383157","-79.827797","","11","0","0","1","0","0","1","0","0","","0","0","0","","","0","","1","","40 22:59.366","","0","79 49:40.068","0","0","0","0","2111","0","0","0","N","0","0","0","2","02111","0","","1.0","","1","N","N","","1","","0","0","0","","2","","","2","0","0","0","0","0","0","2","0","2","","","","N","","","","","","","","","",""
"2010077328","","1","0","0","0","0","0","0","0","0","4","0","","02","8","2010","7","40.388998","-79.867866","","11","0","0","0","0","0","0","0","0","","0","0","0","","","0","","0","","40 23:20.391","","7","79 52:04.316","0","0","0","0","2473","0","0","0","N","0","0","0","4","02473","0","","1.0","","9","N","N","","0","","0","0","1","","0","","","2","0","0","0","0","0","0","2","0","2","","","","N","","","","","","","","","",""
"2010077331","","1","0","0","0","0","0","0","0","0","6","0","","02","8","2010","2","40.593915","-79.97034","","11","0","0","0","0","0","0","0","0","1","0","0","0","","","1","","1","","40 35:38.094","4","0","79 58:13.224","4","0","0","0","2207","0","0","0","N","0","0","0","2","02207","1","","1.0","","1","N","N","","0","","0","0","1","","0","N","","2","1","0","0","0","0","0","2","0","2","","","","N","","","","","","","","","",""
"2010077342","","1","0","0","0","0","0","0","0","0","1","0","","02","7","2010","7","40.438751","-79.748297","","11","0","0","0","1","0","1","0","0","1","0","0","0","","","1","","0","","40 26:19.505","4","0","79 44:53.869","3","0","0","0","2446","0","0","0","N","0","0","0","4","02446","0","","1.0","","1","N","N","","1","","1","0","2","","0","N","","4","1","0","0","0","0","0","2","0","4","","","","N","","","","","","","","","",""
"2010077346","","1","0","0","0","0","0","0","0","0","1","0","","02","8","2010","7","40.649277","-79.937089","","11","0","0","1","0","0","0","1","0","","0","0","0","","","0","","0","","40 38:57.397","","0","79 56:13.520","0","0","0","0","2217","0","0","0","N","0","0","0","3","02505","0","","1.0","","1","N","N","","1","","0","0","0","","0","","","2","0","0","0","0","0","0","2","0","2","","","","N","","","","","","","","","",""
"2010077348","","1","0","0","0","0","0","0","0","0","4","0","","02","8","2010","1","40.382229","-79.995887","","11","0","0","0","0","0","2","1","0","","0","0","0","","","0","","5","","40 22:56.024","","0","79 59:45.194","0","0","0","0","2301","0","0","0","N","0","0","0","5","02301","0","","1.0","","1","N","N","","0","","0","0","2","","2","","","3","0","0","0","0","0","0","2","0","3","","","","N","","","","","","","","","",""
"2010077351","","0","0","0","0","0","0","0","0","0","8","0","","02","8","2010","1","40.497816","-80.060151","","11","0","0","0","0","0","0","0","0","","0","0","0","","","1","","1","","40 29:52.139","","0","80 03:36.544","3","0","0","0","2404","1","0","0","N","1","0","0","2","02404","0","","1.0","","1","N","N","","1","","1","0","0","","2","","","2","1","1","0","0","0","0","2","0","1","","","","N","","","","","","","","","",""
"2010077352","","1","0","0","0","0","0","0","0","0","1","0","","02","8","2010","1","40.434409","-79.753882","","11","0","0","0","0","0","0","1","0","","0","0","0","","","1","","0","","40 26:03.872","","0","79 45:13.974","8","0","0","0","2446","0","0","0","N","0","0","0","5","02446","0","","1.0","","1","N","N","","0","","0","0","1","","2","","","2","1","0","0","0","1","0","2","0","2","","","","N","","","","","","","","","",""
"2010077357","","1","0","0","0","0","0","0","0","0","5","0","","02","8","2010","1","40.539626","-79.784053","","11","0","0","0","0","0","0","0","0","","0","0","0","","","0","","1","","40 32:22.653","","0","79 47:02.590","0","0","0","0","2462","0","0","0","N","0","0","0","2","02462","0","","1.0","","1","N","N","","0","","0","0","1","","0","","","2","0","2","0","0","0","0","2","0","2","","","","N","","","","","","","","","",""
"2010077365","","0","0","0","0","0","0","0","0","0","0","1","","02","8","2010","4","40.514001","-80.055138","","11","0","0","0","0","0","1","0","0","6","0","1","0","","","1","","2","","40 30:50.402","6","2","80 03:18.498","4","0","0","0","2116","0","0","0","Y","0","0","0","1","02116","1","","1.0","","1","N","N","","0","","0","0","0","","2","Y","","1","1","0","0","0","0","0","2","0","1","","","","N","","","","","","","","","",""
"2010077372","","1","0","0","0","0","0","0","0","0","7","0","","02","8","2010","1","40.540933","-79.794816","","11","0","0","0","0","0","0","1","0","2","0","0","0","","","1","","10","","40 32:27.358","6","0","79 47:41.339","8","0","0","0","2462","0","0","0","N","0","0","0","1","02462","0","","5.0","","1","N","N","","0","","0","0","0","","0","N","","1","1","1","0","0","1","0","2","0","1","","","","N","","","","","","","","","",""
"2010077375","","1","0","0","0","0","0","0","0","0","7","0","","02","8","2010","1","40.456156","-80.080213","","11","0","0","0","0","0","0","0","0","","0","0","0","","","0","","1","","40 27:22.161","","0","80 04:48.766","0","0","0","0","2301","0","0","0","N","0","0","0","1","02301","0","","5.0","","1","N","N","","0","","0","0","0","","3","","","1","0","1","0","0","0","0","2","0","1","","","","N","","","","","","","","","",""
"2010077383","","1","0","0","0","0","0","0","0","0","2","1","","02","8","2010","2","40.469558","-80.018645","","11","0","0","0","0","1","0","0","0","","0","0","0","","","0","","0","","40 28:10.407","","0","80 01:07.122","0","0","0","0","2301","0","0","0","N","0","0","0","1","02301","0","","1.0","","1","N","N","","0","","0","0","1","","0","","","2","0","0","0","0","0","0","2","0","2","","","","N","","","","","","","","","",""
"2010077391","","1","0","0","0","0","0","0","0","0","7","0","","02","8","2010","1","40.373651","-80.068755","","11","0","0","0","0","0","0","0","1","","0","0","0","","","0","","0","","40 22:25.143","","0","80 04:07.518","0","0","0","0","2109","0","0","0","N","0","0","0","1","02109","0","","2.0","","1","N","N","","0","","0","0","0","","0","","","1","0","1","0","0","0","0","2","0","1","","","","N","","","","","","","","","",""
"2010077396","","3","0","0","0","0","0","0","0","0","4","0","","02","8","2010","2","40.481052","-79.954012","","11","0","0","1","0","0","0","0","0","","0","0","0","","","1","","0","","40 28:51.787","","0","79 57:14.443","8","0","0","0","2301","0","0","0","N","0","0","0","2","02301","0","","1.0","","1","N","N","","0","","0","0","0","","0","","","3","1","0","0","0","1","0","2","0","3","","","","N","","","","","","","","","",""
"2010077405","","2","0","0","0","0","0","0","0","0","2","0","","02","8","2010","6","40.494254","-79.958544","","11","0","0","0","0","0","0","0","0","","0","0","0","","","1","","1","","40 29:39.313","","0","79 57:30.759","4","0","0","0","2118","0","0","0","N","0","0","0","3","02118","1","","1.0","","1","N","N","","0","","0","0","0","","3","","","2","1","0","0","0","0","0","2","0","2","","","","N","","","","","","","","","",""
"2010077410","","1","0","0","1","0","0","0","0","0","8","0","","02","8","2010","2","40.435758","-79.990441","","11","0","0","0","0","0","0","0","0","","0","0","0","","","1","","0","","40 26:08.727","","4","79 59:25.588","4","0","0","0","2301","1","0","0","N","0","0","0","2","02301","1","","1.0","","1","N","N","","0","","0","0","0","","0","","","2","1","0","0","0","0","0","2","0","1","","","","N","","","","","","","","","",""
"2010077411","","0","0","0","0","0","0","0","0","0","7","0","","02","8","2010","2","40.390935","-80.127447","","11","0","0","0","0","0","0","1","0","","0","0","0","","","0","","2","","40 23:27.366","","0","80 07:38.809","0","0","0","0","2102","0","0","0","N","0","0","0","1","02102","0","","5.0","","1","N","N","","1","","0","0","0","","3","","","1","0","0","0","0","0","0","2","0","1","","","","N","","","","","","","","","",""
"2010077418","","1","0","0","0","0","0","0","0","0","4","0","","02","8","2010","2","40.504991","-79.851292","","11","0","0","0","0","0","1","0","0","","0","0","0","","","0","","0","","40 30:17.968","","0","79 51:04.650","9","0","0","0","2301","0","0","0","N","0","0","0","2","02301","0","","1.0","","1","N","N","","0","","0","0","0","","1","","","2","0","0","0","0","0","1","2","1","2","","","","N","","","","","","","","","",""
"2010077426","","2","0","0","0","0","0","0","0","0","1","0","","02","8","2010","2","40.631491","-80.057873","","11","0","0","0","0","0","1","0","0","1","0","0","0","","","0","","3","","40 37:53.366","2","0","80 03:28.343","0","0","0","0","2216","0","0","0","N","0","0","0","2","02505","0","","1.0","","1","N","N","","0","","0","0","0","","3","N","","2","0","0","0","0","0","0","1","0","2","","","","N","","","","","","","","","",""
"2010077431","","1","0","0","0","0","0","0","0","0","1","0","","02","8","2010","4","40.479225","-79.96637","","11","0","0","0","0","0","0","0","0","1","0","0","0","","","0","","6","","40 28:45.210","1","2","79 57:58.931","0","0","0","0","2118","0","0","0","N","0","0","0","2","02118","0","","1.0","","1","N","N","","1","","0","0","0","","3","N","","2","0","0","0","0","0","0","2","0","2","","","","N","","","","","","","","","",""
"2010077435","","1","0","0","0","0","0","0","0","0","7","0","","02","8","2010","2","40.393852","-80.046304","","11","0","0","0","0","0","0","0","0","2","0","0","0","","","0","","2","","40 23:37.868","2","0","80 02:46.694","0","0","0","0","2109","0","0","0","N","0","0","0","1","02109","0","","4.0","","1","N","N","","0","","0","0","0","","0","N","","1","0","0","0","0","0","0","2","0","1","","","","N","","","","","","","","","",""
"2010077436","","1","0","0","0","0","0","0","0","0","1","0","","02","8","2010","2","40.395373","-80.022187","","11","0","0","0","0","0","1","0","0","","0","0","0","","","1","","0","","40 23:43.342","","0","80 01:19.873","8","0","0","0","2301","0","0","0","N","0","0","0","3","02301","0","","1.0","","1","N","N","","0","","0","0","1","","0","","","2","1","0","0","0","1","0","2","0","2","","","","N","","","","","","","","","",""
"2010077444","","0","0","0","0","0","0","0","0","0","4","0","","02","8","2010","2","","","","11","0","0","0","0","0","2","0","0","","0","0","0","","","1","","0","","","","0","","4","0","0","0","2118","0","0","0","N","0","0","0","6","02118","1","","9.0","","1","N","N","","1","","0","0","1","","0","","","2","1","1","0","0","0","0","1","0","2","","","","N","","","","","","","","","",""
"2010077447","","3","0","0","0","0","0","0","0","0","4","0","","02","8","2010","6","40.440542","-79.960132","","11","0","0","0","1","0","1","0","0","","0","0","0","","","0","","0","","40 26:25.951","","0","79 57:36.475","0","0","0","0","2301","0","0","0","N","0","0","0","2","02301","0","","1.0","","1","N","N","","0","","0","0","0","","0","","","3","0","0","0","0","0","0","2","0","3","","","","N","","","","","","","","","",""
"2010077457","","1","0","0","0","0","0","0","0","0","7","0","","02","8","2010","1","40.46601","-80.034255","","11","0","0","0","0","0","0","0","0","2","0","0","0","","","0","","0","","40 27:57.637","2","0","80 02:03.319","9","0","0","0","2301","0","0","0","N","0","0","0","2","02301","0","","1.0","","1","N","N","","0","","0","0","0","","0","N","","1","0","0","0","0","0","2","2","0","1","","","","N","","","","","","","","","",""
"2010077465","","2","0","0","0","0","0","0","0","0","1","0","","02","8","2010","1","40.445711","-79.847034","","11","0","0","0","0","1","1","0","0","","0","0","0","","","0","","0","","40 26:44.559","","0","79 50:49.322","0","0","0","0","2419","0","0","0","N","0","0","0","2","02419","0","","1.0","","1","N","N","","0","","0","0","0","","0","","","2","0","0","0","0","0","0","2","0","2","","","","N","","","","","","","","","",""
"2010077468","","0","0","0","0","0","0","0","0","0","0","0","","02","8","2010","6","40.377546","-79.813656","","11","0","0","0","0","0","0","0","0","1","0","0","0","","","1","","0","","40 22:39.165","5","0","79 48:49.163","8","0","0","1","2111","0","0","0","N","0","0","0","1","02111","0","","1.0","","1","N","N","","0","","0","0","0","","0","N","","1","1","0","0","0","1","0","2","0","1","","","","N","","","","","","","","","",""
"2010077484","","2","0","0","0","0","0","0","0","0","2","0","","02","8","2010","2","40.447956","-80.002082","","11","0","0","0","0","0","0","0","0","","0","0","0","","","0","","1","","40 26:52.641","","0","80 00:07.495","0","0","0","0","2301","0","0","0","N","0","0","0","4","02301","0","","1.0","","1","N","N","","0","","0","0","0","","0","","","2","0","0","0","0","0","0","2","0","2","","","","N","","","","","","","","","",""
"2010077490","","0","0","0","0","0","0","0","0","0","1","1","35","02","8","2010","2","40.524204","-79.835295","","11","0","0","0","0","0","0","0","0","","0","1","0","","","1","","0","","40 31:27.133","","0","79 50:07.061","8","0","0","0","2451","0","0","0","N","0","0","0","2","02451","0","","1.0","","1","N","N","","1","","0","0","0","","0","","","2","1","0","0","0","1","0","2","0","2","","","Y","Y","8","8","","","N","Y","","","",""
"2010077495","","2","0","0","0","0","0","0","0","0","5","0","","02","8","2010","1","40.423544","-79.85955","","11","0","0","0","0","0","0","0","0","","0","0","0","","","0","","0","","40 25:24.758","","0","79 51:34.380","0","0","0","0","2431","0","0","0","N","0","0","0","0","02431","0","","2.0","","1","N","N","","0","","0","0","0","","0","","","2","0","0","0","0","0","0","2","0","2","","","","N","","","","","","","","","",""
"2010077498","","2","0","0","0","0","0","0","0","0","4","0","","02","8","2010","1","40.401698","-79.910157","","11","0","0","0","0","0","0","1","0","","0","0","0","","","0","","1","","40 24:06.112","","0","79 54:36.565","0","0","0","0","2438","0","0","0","N","0","0","0","2","02438","0","","1.0","","1","N","N","","0","","0","0","0","","3","","","2","0","0","0","0","0","0","2","0","2","","","","N","","","","","","","","","",""
"2010077508","","2","0","0","0","0","0","0","0","0","4","0","","02","8","2010","2","40.416481","-79.995157","","11","0","0","0","0","0","0","0","1","","0","0","0","","","0","","1","","40 24:59.331","","0","79 59:42.565","9","0","0","0","2301","0","0","0","N","0","0","0","3","02301","0","","1.0","","1","N","N","","0","","0","0","0","","3","","","2","0","0","0","0","0","1","2","0","2","","","","N","","","","","","","","","",""
"2010077520","","0","0","0","0","0","0","0","0","0","7","0","","02","8","2010","6","40.494158","-79.96182","","11","0","0","0","0","0","1","0","0","2","0","0","0","","","1","","0","","40 29:38.967","3","0","79 57:42.551","3","0","0","0","2118","0","0","0","N","0","0","0","1","02118","0","","5.0","","1","N","N","","1","","1","0","1","","0","N","","2","1","1","0","0","0","0","2","0","2","","","","N","","","","","","","","","",""
"2010077521","","1","0","0","0","0","0","0","0","0","7","0","","02","8","2010","6","40.383416","-79.858109","","11","0","0","0","0","0","0","0","0","","0","0","0","","","0","","0","","40 23:00.296","","0","79 51:29.194","0","0","0","0","2403","0","0","0","N","0","0","0","2","02403","0","","2.0","","1","N","N","","0","","0","0","0","","0","","","1","0","0","0","0","0","0","2","0","1","","","","N","","","","","","","","","",""
"2010077527","","2","0","0","0","0","0","0","0","0","0","0","","02","8","2010","4","40.353001","-79.917256","","11","0","0","0","0","0","0","1","0","1","0","0","0","","","0","","0","","40 21:10.804","3","0","79 55:02.121","0","0","0","0","2473","0","0","0","N","0","0","0","2","02473","0","","1.0","","1","N","N","","0","","0","0","0","","0","N","","2","0","0","0","0","0","0","2","0","2","","","","N","","","","","","","","","",""
"2010077531","","2","0","0","0","0","0","0","0","0","3","0","","02","7","2010","5","40.222225","-79.856059","","11","0","0","0","0","0","0","0","1","4","0","0","0","","","1","","0","","40 13:20.010","6","0","79 51:21.812","3","0","0","0","2204","0","0","0","N","0","0","0","2","02204","0","","1.0","","1","N","N","","0","","1","0","0","","0","Y","","2","1","0","0","0","0","0","1","0","2","","","","N","","","","","","","","","",""
"2010077537","","1","0","0","0","0","0","0","0","0","7","0","","02","8","2010","2","40.384346","-80.190194","","11","0","0","0","0","0","1","0","0","2","0","0","0","","","1","","0","","40 23:03.646","1","0","80 11:24.697","4","0","0","0","2119","0","0","0","N","0","0","0","1","02119","1","","2.0","","1","N","N","","0","","0","0","0","","0","N","","1","1","1","0","0","0","0","1","0","1","","","","N","","","","","","","","","",""
"2010077544","","2","0","0","0","0","0","0","0","0","4","0","","02","8","2010","3","40.460658","-79.922717","","11","0","0","0","0","0","1","0","0","2","0","0","0","","","0","","1","","40 27:38.370","6","0","79 55:21.780","0","0","0","0","2301","0","0","0","N","0","0","0","2","02301","0","","1.0","","1","N","N","","0","","0","0","0","","1","Y","","2","0","0","0","0","0","0","2","0","2","","","","N","","","","","","","","","",""
"2010077562","","2","0","0","0","0","0","0","0","0","2","0","","02","8","2010","2","","","","11","0","0","0","1","0","0","0","0","","0","0","0","","","1","","0","","","","0","","8","0","0","0","2446","0","0","0","N","0","0","0","2","02446","0","","1.0","","1","N","N","","0","","0","0","0","","0","","","2","1","0","0","0","1","0","1","0","2","","","","N","","","","","","","","","",""
"2010077576","","1","0","0","0","0","0","0","0","0","8","0","","02","8","2010","3","40.453685","-80.016249","","11","0","0","0","0","0","0","1","0","","0","0","0","","","1","","0","","40 27:13.267","","0","80 00:58.498","3","0","0","0","2301","1","0","0","N","1","0","0","2","02301","0","","1.0","","1","N","N","","0","","1","0","0","","0","","","2","1","0","0","0","0","0","2","0","1","","","","N","","","","","","","","","",""
"2010077578","","2","0","0","0","0","0","0","0","0","4","0","","02","8","2010","3","40.458522","-79.975043","","11","0","0","0","0","0","1","0","0","","0","0","0","","","1","","1","","40 27:30.679","","0","79 58:30.154","8","0","0","0","2301","0","0","0","N","0","0","0","2","02301","0","","1.0","","1","N","N","","0","","0","0","0","","3","","","2","1","0","0","0","1","0","2","0","2","","","","N","","","","","","","","","",""
"2010077579","","1","0","0","0","0","0","0","0","0","4","0","","02","8","2010","4","40.657846","-79.967797","","11","0","0","0","0","1","0","0","0","","0","0","0","","","1","","1","","40 39:28.245","","0","79 58:04.068","8","0","0","0","2217","0","0","0","N","0","0","0","2","02505","0","","1.0","","1","N","N","","1","","0","0","0","","3","","","2","1","0","0","0","1","0","1","0","2","","","","N","","","","","","","","","",""
"2010077580","","1","0","0","0","0","0","0","0","0","1","0","","02","8","2010","3","40.457827","-79.987423","","11","0","0","0","0","0","1","0","0","1","0","0","0","","","1","","0","","40 27:28.178","2","0","79 59:14.723","4","0","0","0","2301","0","0","0","N","0","0","0","3","02301","1","","1.0","","1","N","N","","1","","0","0","0","","0","N","","2","1","3","0","0","0","0","2","0","2","","","","N","","","","","","","","","",""
"2010077581","","2","0","0","0","0","0","0","0","0","1","0","","02","8","2010","7","40.462314","-79.960315","","11","0","0","0","0","0","1","0","0","1","0","0","0","","","1","","0","","40 27:44.329","3","0","79 57:37.135","8","0","0","0","2301","0","0","0","N","0","0","0","6","02301","0","","1.0","","1","N","N","","0","","0","0","0","","0","N","","2","1","3","0","0","1","1","2","0","2","","","","N","","","","","","","","","",""
"2010077587","","0","0","0","0","0","0","0","0","0","4","0","","02","8","2010","2","40.626594","-79.721208","","11","0","0","0","0","0","1","0","0","","0","0","0","","","0","","1","","40 37:35.739","","0","79 43:16.349","0","0","0","0","2106","0","0","0","N","0","0","0","3","02106","0","","1.0","","1","N","N","","1","","0","0","1","","2","","","2","0","0","0","0","0","0","2","0","2","","","","N","","","","","","","","","",""
"2010077588","","2","0","0","0","0","0","0","0","0","4","0","","02","8","2010","5","40.450144","-80.111559","","11","0","0","0","0","0","0","1","0","1","0","0","0","","","0","","2","","40 27:00.517","4","2","80 06:41.614","0","0","0","0","2115","0","0","0","N","0","0","0","3","02115","0","","1.0","","1","N","N","","0","","0","0","0","","2","N","","2","0","0","0","0","0","0","2","0","2","","","","N","","","","","","","","","",""