"CRN","ARRIVAL_TM","AUTOMOBILE_COUNT","BELTED_DEATH_COUNT","BELTED_SUSP_SERIOUS_INJ_COUNT","BICYCLE_COUNT","BICYCLE_DEATH_COUNT","BICYCLE_SUSP_SERIOUS_INJ_COUNT","BUS_COUNT","CHLDPAS_DEATH_COUNT","CHLDPAS_SUSP_SERIOUS_INJ_COUNT","COLLISION_TYPE","COMM_VEH_COUNT","CONS_ZONE_SPD_LIM","COUNTY","CRASH_MONTH","CRASH_YEAR","DAY_OF_WEEK","DEC_LATITUDE","DEC_LONGITUDE","DISPATCH_TM","DISTRICT","DRIVER_COUNT_16YR","DRIVER_COUNT_17YR","DRIVER_COUNT_18YR","DRIVER_COUNT_19YR","DRIVER_COUNT_20YR","DRIVER_COUNT_50_64YR","DRIVER_COUNT_65_74YR","DRIVER_COUNT_75PLUS","EST_HRS_CLOSED","FATAL_COUNT","HEAVY_TRUCK_COUNT","HORSE_BUGGY_COUNT","HOUR_OF_DAY","ILLUMINATION","INJURY_COUNT","INTERSECTION_RELATED","INTERSECT_TYPE","LANE_CLOSED","LATITUDE","LN_CLOSE_DIR","LOCATION_TYPE","LONGITUDE","MAX_SEVERITY_LEVEL","MCYCLE_DEATH_COUNT","MCYCLE_SUSP_SERIOUS_INJ_COUNT","MOTORCYCLE_COUNT","MUNICIPALITY","NONMOTR_COUNT","NONMOTR_DEATH_COUNT","NONMOTR_SUSP_SERIOUS_INJ_COUNT","NTFY_HIWY_MAINT","PED_COUNT","PED_DEATH_COUNT","PED_SUSP_SERIOUS_INJ_COUNT","PERSON_COUNT","POLICE_AGCY","POSSIBLE_INJ_COUNT","RDWY_SURF_TYPE_CD","RELATION_TO_ROAD","ROADWAY_CLEARED","ROAD_CONDITION","SCH_BUS_IND","SCH_ZONE_IND","SECONDARY_CRASH","SMALL_TRUCK_COUNT","SPEC_JURIS_CD","SUSP_MINOR_INJ_COUNT","SUSP_SERIOUS_INJ_COUNT","SUV_COUNT","TCD_FUNC_CD","TCD_TYPE","TFC_DETOUR_IND","TIME_OF_DAY","TOTAL_UNITS","TOT_INJ_COUNT","UNBELTED_OCC_COUNT","UNB_DEATH_COUNT","UNB_SUSP_SERIOUS_INJ_COUNT","UNK_INJ_DEG_COUNT","UNK_INJ_PER_COUNT","URBAN_RURAL","VAN_COUNT","VEHICLE_COUNT","WEATHER1","WEATHER2","WORKERS_PRES","WORK_ZONE_IND","WORK_ZONE_LOC","WORK_ZONE_TYPE","WZ_CLOSE_DETOUR","WZ_FLAGGER","WZ_LAW_OFFCR_IND","WZ_LN_CLOSURE","WZ_MOVING","WZ_OTHER","WZ_SHLDER_MDN","WZ_WORKERS_INJ_KILLED"
"2010082068","","0","0","0","0","0","0","0","0","0","1","0","","02","8","2010","4","40.448729","-80.006301","","11","0","0","0","0","0","2","0","0","","0","0","0","","","1","","0","","40 26:55.423","","0","80 00:22.684","3","0","0","1","2301","0","0","0","N","0","0","0","2","68B03","0","","1.0","","1","N","N","","0","","1","0","1","","0","","","2","1","0","0","0","0","0","2","0","2","","","","N","","","","","","","","","",""
"2010082100","","2","0","0","0","0","0","0","0","0","4","0","","02","8","2010","5","40.563749","-80.038736","","11","0","0","0","0","0","0","0","0","","0","0","0","","","0","","0","","40 33:49.498","","7","80 02:19.451","0","0","0","0","2108","0","0","0","N","0","0","0","2","02108","0","","1.0","","1","N","N","","0","","0","0","0","","0","","","2","0","0","0","0","0","0","2","0","2","","","","N","","","","","","","","","",""
"2010082135","","3","0","0","0","0","0","0","0","0","1","0","","02","8","2010","6","40.488158","-79.921468","","11","0","0","0","0","0","1","0","0","","0","0","0","","","0","","0","","40 29:17.368","","0","79 55:17.283","0","0","0","0","2301","0","0","0","N","0","0","0","5","02301","0","","1.0","","1","N","N","","0","","0","0","1","","2","","","4","0","0","0","0","0","0","2","0","4","","","","N","","","","","","","","","",""
"2010082139","","0","0","0","0","0","0","0","0","0","2","0","","02","8","2010","7","40.374835","-80.094702","","11","0","0","0","0","0","1","0","0","1","0","0","0","","","3","","0","","40 22:29.405","5","1","80 05:40.926","8","0","0","0","2117","0","0","0","N","0","0","0","4","02117","0","","1.0","","9","N","N","","1","","0","0","1","","0","Y","","2","3","0","0","0","3","1","2","0","2","","","","N","","","","","","","","","",""
"2010082143","","2","0","0","0","0","0","0","0","0","4","0","","02","8","2010","6","40.356011","-80.050406","","11","0","0","0","0","0","0","0","0","","0","0","0","","","0","","0","","40 21:21.638","","0","80 03:01.462","0","0","0","0","2109","0","0","0","N","0","0","0","3","02109","0","","1.0","","1","N","N","","0","","0","0","0","","0","","","2","0","0","0","0","0","0","2","0","2","","","","N","","","","","","","","","",""
"2010082148","","2","0","0","0","0","0","0","0","0","4","0","","02","8","2010","5","40.335841","-80.132523","","11","0","0","0","0","0","1","0","0","1","0","0","0","","","1","","2","","40 20:09.028","1","0","80 07:57.082","8","0","0","0","2119","0","0","0","N","0","0","0","2","02119","0","","1.0","","1","N","N","","0","","0","0","0","","3","N","","2","1","0","0","0","1","0","2","0","2","","","","N","","","","","","","","","",""
"2010082154","","1","0","0","0","0","0","0","0","0","4","0","","02","8","2010","6","40.480313","-79.832835","","11","0","0","0","0","0","0","0","1","1","0","0","0","","","0","","2","","40 28:49.128","4","0","79 49:58.205","0","0","0","0","2113","0","0","0","N","0","0","0","3","02113","0","","1.0","","1","N","N","","0","","0","0","1","","3","N","","2","0","1","0","0","0","0","2","0","2","","","","N","","","","","","","","","",""
"2010082157","","1","0","0","0","0","0","0","0","0","8","0","","02","8","2010","6","40.460428","-79.913788","","11","0","0","0","0","0","0","0","0","2","0","0","0","","","1","","1","","40 27:37.540","3","0","79 54:49.636","3","0","0","0","2301","1","0","0","N","1","0","0","2","02301","0","","1.0","","1","N","N","","0","","1","0","0","","0","N","","2","1","0","0","0","0","0","2","0","1","","","","N","","","","","","","","","",""
"2010082160","","1","0","0","0","0","0","0","0","0","7","0","","02","8","2010","5","40.487778","-79.77321","","11","0","0","0","0","0","0","0","0","1","0","0","0","","","1","","0","","40 29:16.000","1","0","79 46:23.556","4","0","0","0","2466","0","0","0","N","0","0","0","1","02466","1","","2.0","","1","N","N","","0","","0","0","0","","0","N","","1","1","0","0","0","0","0","2","0","1","","","","N","","","","","","","","","",""
"2010082161","","1","0","0","0","0","0","0","0","0","4","1","","02","8","2010","6","40.449706","-80.025099","","11","0","0","0","0","0","1","0","0","2","0","1","0","","","0","","1","","40 26:58.940","2","8","80 01:30.356","0","0","0","0","2301","0","0","0","N","0","0","0","4","02301","0","","1.0","","1","N","N","","0","","0","0","0","","2","N","","2","0","0","0","0","0","0","2","0","2","","","","N","","","","","","","","","",""
"2010082168","","1","0","0","0","0","0","0","0","0","2","0","","02","8","2010","6","40.494684","-79.93587","","11","0","0","0","0","0","0","0","0","","0","1","0","","","0","","0","","40 29:40.863","","0","79 56:09.131","0","0","0","0","2461","0","0","0","N","0","0","0","2","02461","0","","1.0","","1","N","N","","0","","0","0","0","","0","","","2","0","0","0","0","0","0","2","0","2","","","","N","","","","","","","","","",""
"2010082169","","1","0","0","0","0","0","0","0","0","7","0","","02","8","2010","6","40.625494","-79.810532","","11","0","0","0","0","0","0","0","0","2","0","0","0","","","1","","0","","40 37:31.778","6","0","79 48:37.915","3","0","0","0","2206","0","0","0","N","0","0","0","1","02206","0","","2.0","","1","N","N","","0","","1","0","0","","0","N","","1","1","0","0","0","0","0","1","0","1","","","","N","","","","","","","","","",""
"2010082185","","2","0","0","0","0","0","0","0","0","1","0","","02","8","2010","7","40.444202","-80.028173","","11","0","0","0","0","0","0","0","0","2","0","0","0","","","3","","10","","40 26:39.126","4","0","80 01:41.424","4","0","0","0","2301","0","0","0","N","0","0","0","5","02301","2","","1.0","","1","N","N","","0","","0","0","0","","2","N","","2","3","0","0","0","1","2","2","0","2","","","","N","","","","","","","","","",""
"2010082189","","1","0","0","0","0","0","0","0","0","8","0","35","02","8","2010","6","40.422567","-79.960303","","11","0","0","0","0","0","1","0","0","1","0","0","0","","","1","","2","","40 25:21.240","4","0","79 57:37.092","3","0","0","0","2301","1","0","0","N","1","0","0","2","02301","0","","1.0","","1","N","N","","0","","1","0","0","","1","N","","2","1","0","0","0","0","0","2","0","1","","","N","Y","8","1","","","N","","","Y","",""
"2010082204","","0","0","0","0","0","0","0","0","0","7","0","45","02","8","2010","4","40.442659","-79.817218","","11","0","0","0","0","0","0","0","0","2","0","0","0","","","3","","0","","40 26:33.572","3","0","79 49:01.984","8","0","0","0","2113","0","0","0","Y","0","0","0","3","68B03","0","","5.0","","1","N","N","","0","","0","0","1","","0","N","","1","3","0","0","0","3","0","2","0","1","","","Y","Y","4","1","N","N","N","Y","Y","N","Y",""
"2010082206","","1","0","0","0","0","0","0","0","0","1","0","","02","8","2010","4","40.429654","-79.885678","","11","0","0","0","0","0","0","0","0","1","0","0","0","","","0","","0","","40 25:46.756","4","0","79 53:08.442","0","0","0","0","2426","0","0","0","N","0","0","0","2","68B03","0","","1.0","","1","N","N","","0","","0","0","0","","0","N","","2","0","1","0","0","0","0","2","1","2","","","","N","","","","","","","","","",""
"2010082207","","1","0","0","0","0","0","0","0","0","5","1","","02","8","2010","5","40.412918","-80.079516","","11","0","0","0","0","0","0","0","0","","0","1","0","","","1","","0","","40 24:46.505","","0","80 04:46.257","4","0","0","0","2117","0","0","0","N","0","0","0","1","68B03","1","","1.0","","1","N","N","","0","","0","0","0","","0","","","2","1","0","0","0","0","0","2","0","2","","","","N","","","","","","","","","",""
"2010082208","","2","0","0","0","0","0","0","0","0","1","0","","02","8","2010","5","40.437209","-80.014329","","11","0","0","0","0","0","0","0","0","","0","0","0","","","0","","0","","40 26:13.954","","0","80 00:51.584","0","0","0","0","2301","0","0","0","N","0","0","0","2","68B03","0","","1.0","","1","N","N","","0","","0","0","0","","0","","","2","0","0","0","0","0","0","2","0","2","","","","N","","","","","","","","","",""
"2010082209","","0","0","0","0","0","0","0","0","0","0","0","","02","8","2010","5","40.539763","-80.122898","","11","0","0","0","0","0","0","0","0","2","0","0","0","","","1","","0","","40 32:23.145","2","0","80 07:22.431","2","0","1","1","2460","0","0","0","N","0","0","0","1","68B03","0","","1.0","","1","N","N","","0","","0","1","0","","0","N","","1","1","0","0","0","0","0","1","0","1","","","","N","","","","","","","","","",""
"2010082251","","0","0","0","0","0","0","0","0","0","1","0","40","02","8","2010","4","40.475506","-79.767051","","11","0","0","0","0","0","1","0","0","","0","0","0","","","0","","0","","40 28:31.820","","0","79 46:01.385","0","0","0","0","2466","0","0","0","N","0","0","0","1","68T02","0","","1.0","","1","N","N","","2","","0","0","0","","8","","","2","0","0","0","0","0","0","2","0","2","","","Y","Y","8","1","N","N","N","Y","Y","N","Y",""
"2010082261","","1","0","0","0","0","0","0","0","0","4","0","","02","8","2010","6","40.402012","-80.000594","","11","0","0","0","0","0","1","0","0","","0","0","0","","","0","","1","","40 24:07.244","","0","80 00:02.139","0","0","0","0","2301","0","0","0","N","0","0","0","2","02301","0","","1.0","","1","N","N","","1","","0","0","0","","2","","","2","0","0","0","0","0","0","2","0","2","","","","N","","","","","","","","","",""
"2010082270","","1","0","0","0","0","0","0","0","0","7","0","","02","8","2010","4","40.455036","-80.055636","","11","0","0","0","0","0","0","0","0","","0","0","0","","","0","","2","","40 27:18.129","","0","80 03:20.289","0","0","0","0","2301","0","0","0","N","0","0","0","1","02301","0","","5.0","","1","N","N","","0","","0","0","0","","0","","","1","0","0","0","0","0","0","2","0","1","","","","N","","","","","","","","","",""
"2010082287","","1","0","0","0","0","0","0","0","0","7","0","","02","8","2010","7","40.340241","-79.819961","","11","0","0","0","0","0","0","0","1","1","0","0","0","","","1","","0","","40 20:24.866","5","0","79 49:11.861","4","0","0","0","2477","0","0","0","N","0","0","0","1","02477","1","","2.0","","1","N","N","","0","","0","0","0","","0","N","","1","1","1","0","0","0","0","2","0","1","","","","N","","","","","","","","","",""
"2010082288","","2","0","0","0","0","0","0","0","0","6","0","","02","8","2010","6","40.534494","-80.054035","","11","0","0","0","0","0","0","0","0","","0","0","0","","","0","","0","","40 32:04.178","","0","80 03:14.525","0","0","0","0","2116","0","0","0","N","0","0","0","5","02116","0","","1.0","","1","N","N","","0","","0","0","0","","0","","","2","0","0","0","0","0","0","2","0","2","","","","N","","","","","","","","","",""
"2010082292","","1","0","0","0","0","0","0","0","0","2","0","","02","8","2010","7","40.477378","-79.831273","","11","0","0","0","0","0","0","0","0","","0","0","0","","","0","","2","","40 28:38.560","","0","79 49:52.582","0","0","0","0","2113","0","0","0","N","0","0","0","2","02113","0","","1.0","","1","N","N","","1","","0","0","0","","3","","","2","0","0","0","0","0","0","2","0","2","","","","N","","","","","","","","","",""
"2010082293","","0","0","0","0","0","0","0","0","0","4","0","","02","8","2010","7","40.449472","-80.002558","","11","0","0","0","0","0","0","0","2","1","0","0","0","","","1","","1","","40 26:58.099","1","0","80 00:09.210","8","0","0","0","2301","0","0","0","N","0","0","0","3","02301","0","","1.0","","1","N","N","","1","","0","0","0","","2","N","","2","1","1","0","0","1","0","2","1","2","","","","N","","","","","","","","","",""
"2010082299","","3","0","0","0","0","0","0","0","0","5","0","","02","8","2010","7","40.466162","-79.952248","","11","0","0","0","0","0","0","0","0","1","0","0","0","","","0","","1","","40 27:58.183","3","0","79 57:08.092","0","0","0","0","2301","0","0","0","N","0","0","0","1","02301","0","","1.0","","1","N","N","","0","","0","0","0","","2","N","","3","0","0","0","0","0","0","2","0","3","","","","N","","","","","","","","","",""
"2010082308","","2","0","0","0","0","0","0","0","0","5","0","","02","8","2010","7","40.450129","-79.949599","","11","0","0","0","0","0","0","0","0","","0","0","0","","","0","","0","","40 27:00.464","","0","79 56:58.556","0","0","0","0","2301","0","0","0","N","0","0","0","3","02301","0","","1.0","","1","N","N","","0","","0","0","0","","0","","","2","0","0","0","0","0","0","2","0","2","","","","N","","","","","","","","","",""
"2010082333","","1","0","0","0","0","0","0","0","0","7","0","","02","8","2010","7","40.481555","-79.829161","","11","0","0","1","0","0","0","0","0","","0","0","0","","","0","","2","","40 28:53.598","","0","79 49:44.981","0","0","0","0","2113","0","0","0","N","0","0","0","1","02113","0","","5.0","","1","N","N","","0","","0","0","0","","0","","","1","0","0","0","0","0","0","2","0","1","","","","N","","","","","","","","","",""
"2010082346","","2","0","0","0","0","0","0","0","0","1","0","","02","8","2010","2","40.592849","-79.947872","","11","0","0","0","0","1","0","0","0","","0","0","0","","","0","","0","","40 35:34.258","","0","79 56:52.340","9","0","0","0","2207","0","0","0","N","0","0","0","3","02207","0","","2.0","","1","N","N","","0","","0","0","0","","0","","","2","0","1","0","0","0","1","2","0","2","","","","N","","","","","","","","","",""
"2010082348","","0","0","0","0","0","0","0","0","0","0","1","","02","8","2010","7","40.549383","-79.914411","","11","0","0","0","0","0","1","0","0","2","0","1","0","","","0","","0","","40 32:57.778","1","0","79 54:51.878","0","0","0","0","2209","0","0","0","N","0","0","0","1","02209","0","","2.0","","1","N","N","","0","","0","0","0","","0","N","","1","0","0","0","0","0","0","2","0","1","","","","N","","","","","","","","","",""
"2010082350","","2","0","0","0","0","0","0","0","0","4","0","","02","8","2010","7","40.448652","-80.002304","","11","0","0","0","0","0","0","0","1","","0","0","0","","","3","","1","","40 26:55.147","","0","80 00:08.294","3","0","0","0","2301","0","0","0","N","0","0","0","4","02301","2","","1.0","","1","N","N","","0","","1","0","0","","2","","","2","3","0","0","0","0","0","2","0","2","","","","N","","","","","","","","","",""
"2010082351","","1","0","0","0","0","0","0","0","0","7","0","","02","8","2010","7","40.319507","-80.008591","","11","0","0","0","0","0","0","0","0","1","0","0","0","","","0","","0","","40 19:10.226","2","0","80 00:30.928","0","0","0","0","2219","0","0","0","N","0","0","0","1","02501","0","","2.0","","9","N","N","","0","","0","0","0","","0","N","","1","0","0","0","0","0","0","2","0","1","","","","N","","","","","","","","","",""
"2010082362","","0","0","0","0","0","0","0","0","0","7","0","","02","8","2010","7","40.660715","-79.983659","","11","0","0","0","1","0","0","0","0","","0","0","0","","","0","","2","","40 39:38.575","","0","79 59:01.172","0","0","0","0","2217","0","0","0","N","0","0","0","1","02505","0","","2.0","","9","N","N","","1","","0","0","0","","0","","","1","0","0","0","0","0","0","1","0","1","","","","N","","","","","","","","","",""
"2010082364","","2","0","0","0","0","0","0","0","0","1","0","","02","8","2010","7","40.33542","-79.811103","","11","0","0","0","0","0","0","0","1","1","0","0","0","","","2","","0","","40 20:07.513","2","0","79 48:39.972","4","0","0","0","2477","0","0","0","N","0","0","0","3","02477","1","","1.0","","1","N","N","","0","","0","0","0","","0","Y","","2","2","0","0","0","1","0","2","0","2","","","","N","","","","","","","","","",""
"2010082369","","1","0","0","0","0","0","0","0","0","7","0","","02","8","2010","7","40.452496","-80.05364","","11","0","0","0","0","0","0","0","0","1","0","0","0","","","0","","0","","40 27:08.986","1","0","80 03:13.104","0","0","0","0","2301","0","0","0","N","0","0","0","1","02301","0","","5.0","","1","N","N","","0","","0","0","0","","0","N","","1","0","0","0","0","0","0","2","0","1","","","","N","","","","","","","","","",""
"2010082373","","0","0","0","0","0","0","0","0","0","1","0","","02","8","2010","7","40.43476","-79.922837","","11","0","0","0","0","0","0","0","0","1","0","0","0","","","0","","1","","40 26:05.136","1","0","79 55:22.213","0","0","0","0","2301","0","0","0","N","0","0","0","3","02301","0","","1.0","","1","N","N","","0","","0","0","1","","2","N","","2","0","0","0","0","0","0","2","1","2","","","","N","","","","","","","","","",""
"2010082379","","1","0","0","0","0","0","0","0","0","7","0","","02","8","2010","1","40.435336","-80.050751","","11","0","0","0","0","0","0","0","0","2","0","0","0","","","1","","0","","40 26:07.209","5","0","80 03:02.702","2","0","0","0","2301","0","0","0","N","0","0","0","1","02301","0","","2.0","","1","N","N","","0","","0","1","0","","0","Y","","1","1","0","0","0","0","0","2","0","1","","","","N","","","","","","","","","",""
"2010082385","","1","0","0","0","0","0","0","0","0","7","0","","02","8","2010","1","40.425894","-80.048019","","11","0","0","0","0","0","0","0","0","","0","0","0","","","0","","0","","40 25:33.218","","0","80 02:52.868","0","0","0","0","2435","0","0","0","N","0","0","0","2","02435","0","","4.0","","1","N","N","","0","","0","0","0","","0","","","1","0","0","0","0","0","0","2","0","1","","","","N","","","","","","","","","",""
"2010082387","","2","0","0","0","0","0","0","0","0","4","0","","02","8","2010","5","40.359147","-80.109525","","11","0","0","1","0","0","1","0","0","","0","0","0","","","0","","2","","40 21:32.929","","0","80 06:34.290","0","0","0","0","2414","0","0","0","N","0","0","0","2","02414","0","","1.0","","1","N","N","","0","","0","0","0","","3","","","2","0","0","0","0","0","0","2","0","2","","","","N","","","","","","","","","",""
"2010082403","","0","0","0","0","0","0","0","0","0","7","0","","02","7","2010","5","40.549758","-80.086182","","11","0","0","0","0","1","0","0","0","2","0","0","0","","","2","","0","","40 32:59.129","1","0","80 05:10.254","4","0","0","0","2215","0","0","0","Y","0","0","0","2","68B03","1","","2.0","","1","N","N","","1","","0","0","0","","0","N","","1","2","0","0","0","1","0","2","0","1","","","","N","","","","","","","","","",""
"2010082437","","1","0","0","0","0","0","0","0","0","7","0","","02","8","2010","7","40.352998","-79.843896","","11","0","0","0","0","0","0","0","0","2","0","0","0","","","0","","0","","40 21:10.794","2","0","79 50:38.027","0","0","0","0","2304","0","0","0","N","0","0","0","1","02304","0","","4.0","","1","N","N","","0","","0","0","0","","0","Y","","1","0","1","0","0","0","0","2","0","1","","","","N","","","","","","","","","",""
"2010082438","","1","0","0","0","0","0","0","0","0","7","0","","02","8","2010","3","40.524964","-80.060089","","11","0","0","0","0","0","0","0","0","2","0","0","0","","","1","","0","","40 31:29.870","5","6","80 03:36.322","4","0","0","0","2116","0","0","0","N","0","0","0","1","02116","1","","5.0","","1","N","N","","0","","0","0","0","","0","N","","1","1","1","0","0","0","0","2","0","1","","","","N","","","","","","","","","",""
"2010082449","","0","0","0","0","0","0","0","0","0","4","0","","02","8","2010","5","40.33107","-79.986948","","11","0","0","0","0","0","0","0","0","1","0","0","0","","","1","","2","","40 19:51.853","2","0","79 59:13.012","4","0","0","0","2219","0","0","0","N","0","0","0","3","02219","1","","1.0","","1","N","N","","1","","0","0","1","","2","N","","2","1","0","0","0","0","0","2","0","2","","","","N","","","","","","","","","",""
"2010082451","","2","0","0","0","0","0","0","0","0","4","0","","02","8","2010","1","40.455905","-79.938602","","11","0","0","0","0","0","1","0","0","1","0","0","0","","","0","","5","","40 27:21.258","4","0","79 56:18.967","0","0","0","0","2301","0","0","0","N","0","0","0","2","02301","0","","1.0","","1","N","N","","0","","0","0","0","","2","N","","2","0","0","0","0","0","0","2","0","2","","","","N","","","","","","","","","",""
"2010082463","","1","0","0","0","0","0","0","0","0","1","0","","02","8","2010","5","40.538597","-80.023544","","11","0","0","0","0","0","1","0","0","","0","0","0","","","1","","0","","40 32:18.949","","0","80 01:24.758","8","0","0","0","2116","0","0","0","N","0","0","0","2","02116","0","","1.0","","1","N","N","","1","","0","0","0","","0","","","2","1","0","0","0","1","0","2","0","2","","","","N","","","","","","","","","",""
"2010082473","","1","0","0","0","0","0","0","0","0","7","0","","02","8","2010","1","40.407317","-79.926619","","11","0","0","0","0","0","1","0","0","1","0","0","0","","","1","","3","","40 24:26.341","3","0","79 55:35.828","4","0","0","0","2301","0","0","0","N","0","0","0","1","02301","1","","2.0","","1","N","N","","0","","0","0","0","","0","N","","1","1","1","0","0","0","0","2","0","1","","","","N","","","","","","","","","",""
"2010082478","","0","0","0","0","0","0","0","0","0","8","0","","02","8","2010","1","40.451255","-79.931951","","11","0","0","0","0","0","0","0","1","","0","0","0","","","1","","1","","40 27:04.518","","0","79 55:55.023","8","0","0","0","2301","1","0","0","N","1","0","0","2","02301","0","","1.0","","1","N","N","","0","","0","0","1","","3","","","2","1","0","0","0","1","0","2","0","1","","","","N","","","","","","","","","",""
"2010082479","","0","0","0","0","0","0","0","0","0","7","0","","02","8","2010","7","40.402217","-79.995651","","11","0","0","0","0","0","0","0","0","1","0","0","0","","","1","","0","","40 24:07.981","6","0","79 59:44.343","3","0","0","0","2301","0","0","0","N","0","0","0","1","02301","0","","2.0","","1","N","N","","1","","1","0","0","","0","N","","1","1","0","0","0","0","0","2","0","1","","","","N","","","","","","","","","",""
"2010082484","","1","0","0","0","0","0","0","0","0","7","0","","02","8","2010","7","40.433792","-79.820995","","11","0","0","0","0","0","0","0","0","","0","0","0","","","0","","0","","40 26:01.651","","0","79 49:15.581","0","0","0","0","2419","0","0","0","N","0","0","0","1","02419","0","","2.0","","1","N","N","","0","","0","0","0","","0","","","1","0","0","0","0","0","0","2","0","1","","","","N","","","","","","","","","",""
"2010082501","","2","0","0","0","0","0","0","0","0","1","0","","02","8","2010","1","","","","11","0","0","0","0","0","0","0","0","1","0","0","0","","","0","","0","","","2","0","","0","0","0","0","2301","0","0","0","N","0","0","0","4","02301","0","","1.0","","1","N","N","","0","","0","0","0","","0","N","","2","0","0","0","0","0","0","1","0","2","","","","N","","","","","","","","","",""
"2010082506","","2","0","0","0","0","0","0","0","0","1","0","","02","8","2010","5","40.537033","-79.839233","","11","0","1","0","0","0","0","0","0","","0","0","0","","","1","","5","","40 32:13.319","","0","79 50:21.237","4","0","0","0","2208","0","0","0","N","0","0","0","4","02208","1","","1.0","","1","N","N","","0","","0","0","0","","4","","","2","1","0","0","0","0","0","2","0","2","","","","N","","","","","","","","","",""
"2010082508","","0","0","0","0","0","0","0","0","0","6","0","","02","8","2010","6","40.505722","-80.061565","","11","0","0","0","0","0","1","0","0","","0","0","0","","","0","","0","","40 30:20.599","","0","80 03:41.633","0","0","0","0","2402","0","0","0","N","0","0","0","2","02402","0","","1.0","","1","N","N","","2","","0","0","0","","0","","","2","0","1","0","0","0","0","2","0","2","","","","N","","","","","","","","","",""
"2010082510","","1","0","0","0","0","0","0","0","0","4","0","","02","8","2010","6","40.45082","-79.713563","","11","0","0","0","0","0","0","0","0","","0","0","0","","","0","","1","","40 27:02.952","","0","79 42:48.828","0","0","0","0","2466","0","0","0","N","0","0","0","2","02466","0","","1.0","","1","N","N","","0","","0","0","1","","2","","","2","0","0","0","0","0","0","2","0","2","","","","N","","","","","","","","","",""
"2010082511","","1","0","0","0","0","0","0","0","0","4","0","","02","8","2010","1","40.334156","-79.812427","","11","0","0","0","0","0","1","0","0","1","0","0","0","","","1","","0","","40 20:02.961","2","0","79 48:44.737","8","0","0","1","2477","0","0","0","N","0","0","0","3","02477","0","","1.0","","1","N","N","","0","","0","0","0","","0","N","","2","1","0","0","0","1","2","2","0","2","","","","N","","","","","","","","","",""
"2010082517","","1","0","0","0","0","0","0","0","0","4","0","","02","8","2010","1","40.461859","-79.963972","","11","0","0","0","0","0","0","1","0","","0","1","0","","","0","","1","","40 27:42.692","","0","79 57:50.299","0","0","0","0","2301","0","0","0","N","0","0","0","3","02301","0","","1.0","","1","N","N","","0","","0","0","0","","0","","","2","0","0","0","0","0","0","2","0","2","","","","N","","","","","","","","","",""
"2010082518","","1","0","0","0","0","0","0","0","0","6","0","","02","8","2010","3","40.535379","-79.962912","","11","0","0","1","0","0","1","0","0","","0","0","0","","","0","","0","","40 32:07.363","","7","79 57:46.484","0","0","0","0","2118","0","0","0","N","0","0","0","2","02118","0","","1.0","","1","N","N","","0","","0","0","1","","0","","","2","0","0","0","0","0","0","2","0","2","","","","N","","","","","","","","","",""
"2010082526","","1","0","0","0","0","0","0","0","0","1","0","","02","8","2010","6","40.450891","-80.168797","","11","0","0","0","0","0","0","0","0","2","0","0","0","","","1","","0","","40 27:03.207","4","0","80 10:07.670","8","0","0","1","2115","0","0","0","N","0","0","0","3","68B03","0","","1.0","","1","N","N","","0","","0","0","0","","0","N","","2","1","0","0","0","1","0","2","0","2","","","","N","","","","","","","","","",""
"2010082563","","0","0","0","0","0","0","0","0","0","7","0","","02","8","2010","4","40.541714","-80.006353","","11","0","0","0","0","0","0","0","0","","0","0","0","","","1","","0","","40 32:30.170","","0","80 00:22.870","3","0","0","1","2116","0","0","0","N","0","0","0","1","02116","0","","2.0","","1","N","N","","0","","1","0","0","","0","","","1","1","0","0","0","0","0","2","0","1","","","","N","","","","","","","","","",""
"2010082568","","1","0","0","0","0","0","0","0","0","8","0","","02","8","2010","6","40.643919","-80.062125","","11","0","0","1","0","0","0","0","0","1","0","0","0","","","1","","0","","40 38:38.108","4","0","80 03:43.650","2","0","0","0","2216","1","0","1","N","1","0","1","3","02505","0","","1.0","","1","N","N","","0","","0","1","0","","0","N","","2","1","0","0","0","0","0","2","0","1","","","","N","","","","","","","","","",""
"2010082574","","1","0","0","0","0","0","0","0","0","1","0","","02","8","2010","1","40.327717","-80.066157","","11","0","0","0","0","0","1","0","0","2","0","0","0","","","1","","2","","40 19:39.782","4","0","80 03:58.166","8","0","0","0","2123","0","0","0","N","0","0","0","4","02123","0","","1.0","","1","N","N","","0","","0","0","1","","0","N","","2","1","0","0","0","1","0","2","0","2","","","","N","","","","","","","","","",""
"2010082579","","1","0","0","0","0","0","0","0","0","2","0","","02","8","2010","1","40.565989","-80.230815","","11","0","0","0","0","0","1","0","1","2","0","0","0","","","1","","2","","40 33:57.561","2","0","80 13:50.933","4","0","0","0","2103","0","0","0","N","0","0","0","2","02103","1","","1.0","","1","N","N","","0","","0","0","1","","0","N","","2","1","0","0","0","0","0","2","0","2","","","","N","","","","","","","","","",""
"2010082580","","1","0","0","0","0","0","0","0","0","7","0","","02","8","2010","1","40.473966","-79.78202","","11","0","0","0","0","0","0","0","0","3","0","0","0","","","2","","0","","40 28:26.277","6","0","79 46:55.273","3","0","0","0","2113","0","0","0","N","0","0","0","2","02113","0","","2.0","","1","N","N","","0","","2","0","0","","0","Y","","1","2","2","0","0","0","0","2","0","1","","","","N","","","","","","","","","",""
"2010082584","","2","0","0","0","0","0","0","0","0","4","0","","02","8","2010","1","40.65479","-80.086404","","11","0","0","0","0","0","0","1","0","","0","0","0","","","0","","1","","40 39:17.244","","0","80 05:11.054","0","0","0","0","2212","0","0","0","N","0","0","0","3","02505","0","","1.0","","1","N","N","","0","","0","0","0","","2","","","2","0","0","0","0","0","0","2","0","2","","","","N","","","","","","","","","",""