"CRN","ARRIVAL_TM","AUTOMOBILE_COUNT","BELTED_DEATH_COUNT","BELTED_SUSP_SERIOUS_INJ_COUNT","BICYCLE_COUNT","BICYCLE_DEATH_COUNT","BICYCLE_SUSP_SERIOUS_INJ_COUNT","BUS_COUNT","CHLDPAS_DEATH_COUNT","CHLDPAS_SUSP_SERIOUS_INJ_COUNT","COLLISION_TYPE","COMM_VEH_COUNT","CONS_ZONE_SPD_LIM","COUNTY","CRASH_MONTH","CRASH_YEAR","DAY_OF_WEEK","DEC_LATITUDE","DEC_LONGITUDE","DISPATCH_TM","DISTRICT","DRIVER_COUNT_16YR","DRIVER_COUNT_17YR","DRIVER_COUNT_18YR","DRIVER_COUNT_19YR","DRIVER_COUNT_20YR","DRIVER_COUNT_50_64YR","DRIVER_COUNT_65_74YR","DRIVER_COUNT_75PLUS","EST_HRS_CLOSED","FATAL_COUNT","HEAVY_TRUCK_COUNT","HORSE_BUGGY_COUNT","HOUR_OF_DAY","ILLUMINATION","INJURY_COUNT","INTERSECTION_RELATED","INTERSECT_TYPE","LANE_CLOSED","LATITUDE","LN_CLOSE_DIR","LOCATION_TYPE","LONGITUDE","MAX_SEVERITY_LEVEL","MCYCLE_DEATH_COUNT","MCYCLE_SUSP_SERIOUS_INJ_COUNT","MOTORCYCLE_COUNT","MUNICIPALITY","NONMOTR_COUNT","NONMOTR_DEATH_COUNT","NONMOTR_SUSP_SERIOUS_INJ_COUNT","NTFY_HIWY_MAINT","PED_COUNT","PED_DEATH_COUNT","PED_SUSP_SERIOUS_INJ_COUNT","PERSON_COUNT","POLICE_AGCY","POSSIBLE_INJ_COUNT","RDWY_SURF_TYPE_CD","RELATION_TO_ROAD","ROADWAY_CLEARED","ROAD_CONDITION","SCH_BUS_IND","SCH_ZONE_IND","SECONDARY_CRASH","SMALL_TRUCK_COUNT","SPEC_JURIS_CD","SUSP_MINOR_INJ_COUNT","SUSP_SERIOUS_INJ_COUNT","SUV_COUNT","TCD_FUNC_CD","TCD_TYPE","TFC_DETOUR_IND","TIME_OF_DAY","TOTAL_UNITS","TOT_INJ_COUNT","UNBELTED_OCC_COUNT","UNB_DEATH_COUNT","UNB_SUSP_SERIOUS_INJ_COUNT","UNK_INJ_DEG_COUNT","UNK_INJ_PER_COUNT","URBAN_RURAL","VAN_COUNT","VEHICLE_COUNT","WEATHER1","WEATHER2","WORKERS_PRES","WORK_ZONE_IND","WORK_ZONE_LOC","WORK_ZONE_TYPE","WZ_CLOSE_DETOUR","WZ_FLAGGER","WZ_LAW_OFFCR_IND","WZ_LN_CLOSURE","WZ_MOVING","WZ_OTHER","WZ_SHLDER_MDN","WZ_WORKERS_INJ_KILLED"
"2010085390","","1","0","0","0","0","0","0","0","0","6","0","","02","9","2010","3","40.428795","-79.988598","","11","0","0","0","0","0","0","0","0","1","0","0","0","","","1","","0","","40 25:43.661","2","0","79 59:18.952","8","0","0","0","2301","0","0","0","N","0","0","0","5","02301","0","","1.0","","1","N","N","","0","","0","0","1","","0","N","","2","1","2","0","0","1","0","2","0","2","","","","N","","","","","","","","","",""
"2010085394","","1","0","0","0","0","0","0","0","0","0","0","","02","9","2010","3","40.430657","-80.139325","","11","1","0","0","0","0","0","0","0","3","0","0","0","","","3","","0","","40 25:50.365","5","0","80 08:21.570","3","0","0","0","2102","0","0","0","N","0","0","0","4","02102","0","","5.0","","1","N","N","","0","","1","0","0","","0","N","","1","3","4","0","0","2","0","2","0","1","","","","N","","","","","","","","","",""
"2010085397","","1","0","0","0","0","0","0","0","0","8","0","","02","9","2010","3","40.461992","-79.924584","","11","0","0","0","0","0","0","0","0","","0","0","0","","","1","","1","","40 27:43.171","","0","79 55:28.502","8","0","0","0","2301","1","0","0","N","1","0","0","2","02301","0","","1.0","","1","N","N","","0","","0","0","0","","3","","","2","1","0","0","0","1","1","2","0","1","","","","N","","","","","","","","","",""
"2010085399","","3","0","0","0","0","0","0","0","0","4","0","","02","9","2010","3","40.439654","-80.004997","","11","0","0","0","0","0","1","1","0","1","0","0","0","","","2","","1","","40 26:22.753","5","0","80 00:17.990","8","0","0","0","2301","0","0","0","N","0","0","0","4","02301","0","","1.0","","1","N","N","","0","","0","0","0","","2","N","","3","2","0","0","0","2","0","2","0","3","","","","N","","","","","","","","","",""
"2010085404","","1","0","0","0","0","0","0","0","0","1","0","","02","9","2010","3","40.464414","-79.827346","","11","0","0","0","0","0","0","0","1","","0","0","0","","","0","","0","","40 27:51.890","","7","79 49:38.445","0","0","0","0","2113","0","0","0","N","0","0","0","1","02113","0","","6.0","","1","N","N","","0","","0","0","1","","0","","","2","0","1","0","0","0","0","2","0","2","","","","N","","","","","","","","","",""
"2010085410","","1","0","0","0","0","0","0","0","0","1","2","","02","9","2010","3","40.273706","-79.885867","","11","0","0","0","0","0","1","1","0","3","0","2","0","","","2","","0","","40 16:25.341","1","3","79 53:09.120","8","0","0","0","2428","0","0","0","N","0","0","0","4","02428","0","","1.0","","1","N","N","","0","","0","0","0","","8","Y","","3","2","0","0","0","2","0","2","0","3","","","","N","","","","","","","","","",""
"2010085415","","1","0","0","0","0","0","0","0","0","4","0","","02","9","2010","3","40.459808","-79.971395","","11","0","0","0","0","0","0","0","0","","0","0","0","","","0","","1","","40 27:35.309","","3","79 58:17.023","0","0","0","0","2301","0","0","0","N","0","0","0","2","02301","0","","1.0","","1","N","N","","0","","0","0","1","","2","","","2","0","0","0","0","0","0","2","0","2","","","","N","","","","","","","","","",""
"2010085419","","1","0","0","0","0","0","0","0","0","8","0","","02","9","2010","3","40.328261","-79.855799","","11","0","0","0","0","0","1","0","0","1","0","0","0","","","1","","2","","40 19:41.739","1","0","79 51:20.876","8","0","0","0","2442","1","0","0","N","1","0","0","2","02442","0","","1.0","","1","N","N","","0","","0","0","0","","0","N","","2","1","1","0","0","1","0","2","0","1","","","","N","","","","","","","","","",""
"2010085428","","1","0","0","0","0","0","0","0","0","1","0","","02","9","2010","3","40.518088","-79.843091","","11","0","0","1","0","0","1","0","0","2","0","0","0","","","0","","0","","40 31:05.118","5","7","79 50:35.127","0","0","0","0","2451","0","0","0","N","0","0","0","2","02451","0","","1.0","","1","N","N","","0","","0","0","1","","0","Y","","2","0","0","0","0","0","0","2","0","2","","","","N","","","","","","","","","",""
"2010085429","","2","0","0","0","0","0","0","0","0","2","0","","02","9","2010","3","40.406379","-79.826847","","11","0","0","0","0","0","1","0","0","2","0","0","0","","","2","","1","","40 24:22.965","4","0","79 49:36.649","8","0","0","0","2467","0","0","0","N","0","0","0","3","02467","0","","1.0","","1","N","N","","0","","0","0","0","","2","Y","","2","2","0","0","0","2","0","2","0","2","","","","N","","","","","","","","","",""
"2010085430","","0","0","0","0","0","0","0","0","0","2","0","","02","9","2010","3","40.327332","-79.840229","","11","0","0","0","0","0","1","0","0","1","0","0","0","","","2","","1","","40 19:38.395","2","0","79 50:24.825","8","0","0","0","2304","0","0","0","N","0","0","0","3","02304","0","","1.0","","1","N","N","","0","","0","0","0","","2","Y","","2","2","0","0","0","2","0","2","2","2","","","","N","","","","","","","","","",""
"2010085584","","0","0","0","0","0","0","0","0","0","4","0","","02","9","2010","3","40.440519","-80.238481","","11","0","0","0","0","0","0","1","0","","0","0","0","","","0","","1","","40 26:25.870","","0","80 14:18.530","0","0","0","0","2214","0","0","0","N","0","0","0","4","02214","0","","1.0","","1","N","N","","0","","0","0","1","","3","","","2","0","0","0","0","0","0","2","1","2","","","","N","","","","","","","","","",""
"2010085592","","1","0","0","0","0","0","0","0","0","7","0","","02","9","2010","1","40.441122","-80.104688","","11","0","0","0","0","0","0","0","0","2","0","0","0","","","1","","0","","40 26:28.038","6","0","80 06:16.877","3","0","0","0","2115","0","0","0","N","0","0","0","1","02115","0","","4.0","","1","N","N","","0","","1","0","0","","0","Y","","1","1","0","0","0","0","0","2","0","1","","","","N","","","","","","","","","",""
"2010085597","","1","0","0","0","0","0","0","0","0","0","0","","02","8","2010","4","40.435821","-80.014631","","11","0","0","0","0","1","0","0","0","","0","0","0","","","0","","0","","40 26:08.955","","0","80 00:52.671","0","0","0","0","2301","0","0","0","N","0","0","0","1","02301","0","","1.0","","1","N","N","","0","","0","0","0","","0","","","1","0","0","0","0","0","0","2","0","1","","","","N","","","","","","","","","",""
"2010085604","","1","0","0","0","0","0","0","0","0","1","0","","02","9","2010","3","40.358148","-79.981419","","11","0","0","0","0","0","1","0","0","","0","0","0","","","0","","0","","40 21:29.333","","0","79 58:53.110","0","0","0","0","2476","0","0","0","N","0","0","0","3","02476","0","","1.0","","1","N","N","","1","","0","0","0","","0","","","2","0","0","0","0","0","0","2","0","2","","","","N","","","","","","","","","",""
"2010085614","","2","0","0","0","0","0","0","0","0","1","0","","02","9","2010","5","40.411728","-80.006764","","11","0","0","0","0","0","0","0","0","","0","0","0","","","0","","0","","40 24:42.222","","0","80 00:24.351","0","0","0","0","2301","0","0","0","N","0","0","0","3","02301","0","","1.0","","1","N","N","","0","","0","0","0","","0","","","2","0","0","0","0","0","0","2","0","2","","","","N","","","","","","","","","",""
"2010085616","","1","0","0","0","0","0","0","0","0","7","0","","02","9","2010","3","40.505119","-80.078765","","11","0","0","0","0","0","0","1","0","","0","0","0","","","0","","10","","40 30:18.428","","0","80 04:43.554","0","0","0","0","2405","0","0","0","N","0","0","0","1","02215","0","","5.0","","1","N","N","","0","","0","0","0","","0","","","1","0","0","0","0","0","0","2","0","1","","","","N","","","","","","","","","",""
"2010085618","","1","0","0","0","0","0","0","0","0","8","0","","02","7","2010","4","40.513159","-80.10943","","11","0","0","0","0","0","0","0","0","9","0","0","0","","","1","","0","","40 30:47.371","5","0","80 06:33.947","4","0","0","0","2211","1","0","0","","1","0","0","2","02215","1","","1.0","","1","","","","0","","0","0","0","","0","N","","2","1","0","0","0","0","0","2","0","1","","","","N","","","","","","","","","",""
"2010085620","","0","0","3","0","0","0","0","0","0","4","0","","02","9","2010","6","40.412911","-80.245529","","11","0","0","0","1","0","0","0","0","3","0","0","0","","","6","","0","","40 24:46.481","5","0","80 14:43.904","2","0","0","0","2214","0","0","0","N","0","0","0","6","02214","2","","1.0","","1","N","N","","0","","1","3","2","","0","Y","","2","6","0","0","0","0","0","1","0","2","","","","N","","","","","","","","","",""
"2010085621","","2","0","0","0","0","0","0","0","0","7","0","","02","9","2010","3","40.396588","-80.190949","","11","0","1","0","0","1","0","0","0","1","0","0","0","","","0","","0","","40 23:47.715","4","0","80 11:27.416","0","0","0","0","2214","0","0","0","Y","0","0","0","2","02214","0","","2.0","","9","N","N","","0","","0","0","0","","0","N","","2","0","0","0","0","0","0","2","0","2","","","","N","","","","","","","","","",""
"2010085623","","1","0","0","0","0","0","0","0","0","7","0","","02","9","2010","7","40.439031","-79.902773","","11","0","0","0","0","0","0","0","0","","0","0","0","","","0","","0","","40 26:20.511","","0","79 54:09.984","0","0","0","0","2301","0","0","0","N","0","0","0","0","02301","0","","5.0","","1","N","N","","0","","0","0","0","","0","","","1","0","0","0","0","0","0","2","0","1","","","","N","","","","","","","","","",""
"2010085627","","1","0","0","0","0","0","0","0","0","7","0","","02","9","2010","4","40.472273","-80.037944","","11","0","0","0","0","0","0","0","0","1","0","0","0","","","0","","1","","40 28:20.182","1","0","80 02:16.599","0","0","0","0","2301","0","0","0","N","0","0","0","5","02301","0","","4.0","","9","N","N","","0","","0","0","0","","2","N","","1","0","0","0","0","0","0","2","0","1","","","","N","","","","","","","","","",""
"2010085631","","2","0","0","0","0","0","0","0","0","5","0","","02","9","2010","3","40.426922","-79.999904","","11","0","0","0","0","0","0","0","0","2","0","0","0","","","1","","0","","40 25:36.919","4","0","79 59:59.654","4","0","0","0","2301","0","0","0","N","0","0","0","1","02301","1","","6.0","","1","N","N","","0","","0","0","1","","0","N","","3","1","1","0","0","0","0","2","0","3","","","","N","","","","","","","","","",""
"2010085637","","1","0","0","0","0","0","0","0","0","1","0","","02","9","2010","1","40.394813","-79.88242","","11","0","0","0","0","0","0","0","0","","0","0","0","","","0","","0","","40 23:41.326","","0","79 52:56.712","0","0","0","0","2473","0","0","0","N","0","0","0","1","02473","0","","5.0","","1","N","N","","1","","0","0","1","","0","","","3","0","0","0","0","0","0","2","0","3","","","","N","","","","","","","","","",""
"2010085643","","1","0","0","0","0","0","0","0","0","7","0","","02","9","2010","4","40.383798","-79.993527","","11","0","0","0","0","0","1","0","0","","0","0","0","","","0","","0","","40 23:01.672","","0","79 59:36.697","0","0","0","0","2301","0","0","0","N","0","0","0","1","02301","0","","5.0","","1","N","N","","0","","0","0","0","","0","","","1","0","0","0","0","0","0","2","0","1","","","","N","","","","","","","","","",""
"2010085649","","1","0","0","0","0","0","0","0","0","4","0","","02","9","2010","3","40.362301","-79.826096","","11","0","0","0","0","0","1","0","0","1","0","0","0","","","0","","1","","40 21:44.283","2","0","79 49:33.947","9","0","0","0","2111","0","0","0","N","0","0","0","2","02111","0","","1.0","","1","N","N","","1","","0","0","0","","2","N","","2","0","0","0","0","0","1","2","0","2","","","","N","","","","","","","","","",""
"2010085743","","3","0","0","0","0","0","0","0","0","4","0","","02","8","2010","2","40.391264","-80.072528","","11","0","0","0","0","0","1","0","0","","0","0","0","","","0","","0","","40 23:28.552","","7","80 04:21.099","0","0","0","0","2117","0","0","0","N","0","0","0","3","02117","0","","1.0","","1","N","N","","0","","0","0","0","","3","","","3","0","0","0","0","0","0","2","0","3","","","","N","","","","","","","","","",""
"2010085750","","1","0","0","0","0","0","0","0","0","7","0","","02","9","2010","1","40.340752","-79.995442","","11","0","0","0","0","0","0","1","0","1","0","0","0","","","1","","0","","40 20:26.707","1","0","79 59:43.591","8","0","0","0","2403","0","0","0","N","0","0","0","1","02403","0","","2.0","","1","N","N","","0","","0","0","0","","0","N","","1","1","0","0","0","1","0","2","0","1","","","","N","","","","","","","","","",""
"2010085756","","2","0","0","0","0","0","0","0","0","1","0","","02","9","2010","4","40.470219","-79.908537","","11","0","0","0","0","0","0","0","0","1","0","0","0","","","0","","2","","40 28:12.788","1","0","79 54:30.734","0","0","0","0","2301","0","0","0","N","0","0","0","3","02301","0","","1.0","","1","N","N","","0","","0","0","0","","2","N","","2","0","0","0","0","0","0","2","0","2","","","","N","","","","","","","","","",""
"2010085764","","2","0","0","0","0","0","0","0","0","4","0","","02","9","2010","3","40.476777","-79.847208","","11","0","0","0","0","0","0","1","0","1","0","0","0","","","2","","0","","40 28:36.396","2","7","79 50:49.948","8","0","0","0","2113","0","0","0","N","0","0","0","3","02113","0","","1.0","","1","N","N","","0","","0","0","0","","0","N","","2","2","0","0","0","2","0","2","0","2","","","","N","","","","","","","","","",""
"2010085773","","2","0","0","0","0","0","0","0","0","4","0","","02","9","2010","4","40.512106","-80.103882","","11","0","0","0","0","0","1","0","0","2","0","0","0","","","0","","2","","40 30:43.582","1","0","80 06:13.974","0","0","0","0","2429","0","0","0","N","0","0","0","2","02215","0","","1.0","","1","N","N","","0","","0","0","0","","2","N","","2","0","0","0","0","0","0","2","0","2","","","","N","","","","","","","","","",""
"2010085774","","1","0","0","0","0","0","0","0","0","1","0","","02","9","2010","1","40.407523","-79.890798","","11","0","0","0","0","1","0","0","0","","0","0","0","","","0","","0","","40 24:27.081","","3","79 53:26.874","0","0","0","0","2448","0","0","0","N","0","0","0","4","02448","0","","1.0","","1","N","N","","1","","0","0","0","","2","","","2","0","0","0","0","0","0","2","0","2","","","","N","","","","","","","","","",""
"2010085785","","1","0","0","0","0","0","0","0","0","4","0","","02","9","2010","4","40.34403","-79.814434","","11","0","0","0","0","0","0","1","0","","0","0","0","","","1","","2","","40 20:38.509","","0","79 48:51.962","4","0","0","0","2477","0","0","0","N","0","0","0","4","02477","1","","4.0","","1","N","N","","0","","0","0","1","","3","","","2","1","0","0","0","0","0","2","0","2","","","","N","","","","","","","","","",""
"2010085789","","2","0","0","0","0","0","0","0","0","4","0","","02","9","2010","4","40.454076","-79.996814","","11","0","0","0","0","0","0","1","0","","0","0","0","","","0","","5","","40 27:14.672","","0","79 59:48.532","0","0","0","0","2301","0","0","0","N","0","0","0","3","02301","0","","1.0","","1","N","N","","0","","0","0","0","","2","","","2","0","0","0","0","0","0","2","0","2","","","","N","","","","","","","","","",""
"2010085793","","2","0","0","0","0","0","0","0","0","4","0","","02","9","2010","1","40.505596","-80.028936","","11","0","0","0","0","0","0","2","0","1","0","0","0","","","2","","2","","40 30:20.144","2","0","80 01:44.170","4","0","0","0","2116","0","0","0","N","0","0","0","3","02116","2","","1.0","","1","N","N","","0","","0","0","0","","2","N","","2","2","0","0","0","0","0","2","0","2","","","","N","","","","","","","","","",""
"2010085798","","2","0","0","0","0","0","0","0","0","1","0","","02","9","2010","5","40.427059","-80.030078","","11","0","0","0","0","0","1","0","0","","0","0","0","","","1","","6","","40 25:37.413","","2","80 01:48.280","8","0","0","0","2301","0","0","0","N","0","0","0","4","02301","0","","2.0","","1","N","N","","0","","0","0","1","","4","","","3","1","0","0","0","1","0","2","0","3","","","","N","","","","","","","","","",""
"2010085800","","1","0","0","0","0","0","0","0","0","4","0","","02","9","2010","4","40.664154","-79.93431","","11","0","0","0","0","0","1","0","0","","0","0","0","","","1","","1","","40 39:50.955","","0","79 56:03.516","4","0","0","0","2217","0","0","0","N","0","0","0","3","02505","1","","1.0","","1","N","N","","1","","0","0","0","","2","","","2","1","0","0","0","0","0","1","0","2","","","","N","","","","","","","","","",""
"2010085803","","1","0","0","0","0","0","0","0","0","7","0","","02","9","2010","4","40.453297","-79.947387","","11","0","0","0","0","0","1","0","0","","0","0","0","","","1","","2","","40 27:11.869","","0","79 56:50.593","4","0","0","0","2301","0","0","0","N","0","0","0","2","02301","1","","4.0","","1","N","N","","0","","0","0","0","","2","","","1","1","0","0","0","0","1","2","0","1","","","","N","","","","","","","","","",""
"2010085807","","3","0","0","0","0","0","0","0","0","4","0","","02","9","2010","6","40.239018","-79.866265","","11","0","0","0","0","0","0","1","1","3","0","0","0","","","3","","1","","40 14:20.465","1","0","79 51:58.553","4","0","0","0","2204","0","0","0","N","0","0","0","4","02204","1","","1.0","","1","N","N","","0","","0","0","0","","3","N","","3","3","0","0","0","2","0","1","0","3","","","","N","","","","","","","","","",""
"2010085815","","0","0","0","0","0","0","0","0","0","8","0","","02","8","2010","7","40.602744","-79.947265","","11","0","0","0","0","0","0","0","0","","0","0","0","","","1","","1","","40 36:09.879","","0","79 56:50.155","4","0","0","0","2207","1","0","0","N","1","0","0","2","02207","1","","1.0","","1","N","N","","1","","0","0","0","","0","","","2","1","1","0","0","0","0","2","0","1","","","","N","","","","","","","","","",""
"2010085830","","2","0","0","0","0","0","0","0","0","4","0","","02","9","2010","2","40.407119","-79.910715","","11","0","0","0","0","0","0","0","0","2","0","0","0","","","1","","1","","40 24:25.627","1","0","79 54:38.573","8","0","0","0","2438","0","0","0","N","0","0","0","2","02472","0","","1.0","","1","N","N","","0","","0","0","0","","2","N","","2","1","0","0","0","1","0","2","0","2","","","","N","","","","","","","","","",""
"2010085849","","1","0","0","0","0","0","1","0","0","4","1","","02","9","2010","6","40.589483","-79.953792","","11","0","0","1","0","0","0","0","1","2","0","0","0","","","1","","2","","40 35:22.140","5","0","79 57:13.651","8","0","0","0","2207","0","0","0","N","0","0","0","51","02207","0","","1.0","","9","Y","N","","0","","0","0","0","","0","N","","2","1","0","0","0","1","0","2","0","2","","","","N","","","","","","","","","",""
"2010085857","","1","0","0","0","0","0","1","0","0","5","1","","02","9","2010","4","40.46378","-80.011718","","11","0","0","0","0","0","0","0","0","","0","0","0","","","0","","0","","40 27:49.608","","0","80 00:42.184","0","0","0","0","2301","0","0","0","N","0","0","0","1","02503","0","","1.0","","1","N","N","","0","","0","0","0","","0","","","2","0","0","0","0","0","0","2","0","2","","","","N","","","","","","","","","",""
"2010085858","","2","0","0","0","0","0","0","0","0","4","0","35","02","8","2010","1","40.496322","-80.207538","","11","0","0","0","0","0","0","1","0","2","0","0","0","","","3","","6","","40 29:46.758","4","2","80 12:27.135","8","0","0","0","2213","0","0","0","N","0","0","0","5","02213","0","","1.0","","1","N","N","","0","","0","0","0","","3","Y","","2","3","0","0","0","3","0","2","0","2","","","N","Y","4","1","N","N","N","Y","N","N","N",""
"2010085925","","1","0","0","0","0","0","0","0","0","1","0","","02","9","2010","3","40.552371","-80.118353","","11","0","0","0","0","0","0","0","0","","0","0","0","","","0","","6","","40 33:08.534","","2","80 07:06.072","0","0","0","0","2460","0","0","0","N","0","0","0","2","68B03","0","","1.0","","1","N","N","","1","","0","0","0","","3","","","2","0","0","0","0","0","0","2","0","2","","","","N","","","","","","","","","",""
"2010085994","","0","0","0","0","0","0","0","0","0","7","0","","02","9","2010","6","40.414001","-79.729465","","11","0","0","0","0","0","1","0","0","1","0","0","0","","","4","","0","","40 24:50.404","3","0","79 43:46.073","8","0","0","0","2446","0","0","0","N","0","0","0","7","68T09","0","","4.0","","9","N","N","","1","","0","0","2","","0","N","","4","4","0","0","0","4","0","2","0","3","","","","N","","","","","","","","","",""
"2010086036","","2","0","0","0","0","0","0","0","0","4","0","","02","9","2010","4","40.409243","-80.032155","","11","0","0","0","0","0","1","0","0","2","0","0","0","","","1","","1","","40 24:33.273","4","0","80 01:55.759","8","0","0","0","2301","0","0","0","N","0","0","0","4","02301","0","","1.0","","1","N","N","","1","","0","0","0","","0","Y","","3","1","0","0","0","1","0","2","0","3","","","","N","","","","","","","","","",""
"2010086041","","1","0","0","0","0","0","0","0","0","4","0","","02","9","2010","4","40.477149","-80.066197","","11","0","0","0","0","0","1","0","0","1","0","0","0","","","1","","0","","40 28:37.737","2","0","80 03:58.310","8","0","0","0","2444","0","0","0","N","0","0","0","4","02444","0","","1.0","","1","N","N","","0","","0","0","1","","0","N","","2","1","0","0","0","1","0","2","0","2","","","","N","","","","","","","","","",""
"2010086042","","0","0","0","0","0","0","0","0","0","7","0","","02","9","2010","3","40.522826","-79.960253","","11","0","0","0","0","0","1","0","0","1","0","0","0","","","0","","0","","40 31:22.173","2","0","79 57:36.912","0","0","0","0","2118","0","0","0","N","0","0","0","1","02118","0","","2.0","","1","N","N","","0","","0","0","0","","0","N","","1","0","0","0","0","0","0","2","1","1","","","","N","","","","","","","","","",""
"2010086043","","4","0","0","0","0","0","0","0","0","1","0","","02","9","2010","4","40.430185","-79.983552","","11","0","0","0","0","0","1","0","0","2","0","0","0","","","1","","0","","40 25:48.667","6","0","79 59:00.788","3","0","0","0","2301","0","0","0","N","0","0","0","4","02301","0","","1.0","","1","N","N","","0","","1","0","0","","0","Y","","4","1","0","0","0","0","0","2","0","4","","","","N","","","","","","","","","",""
"2010086044","","2","0","0","0","0","0","0","0","0","1","0","","02","8","2010","6","40.500044","-80.221987","","11","0","0","0","0","0","0","0","0","","0","0","0","","","1","","1","","40 30:00.157","","0","80 13:19.152","4","0","0","0","2213","0","0","0","N","0","0","0","2","02213","1","","1.0","","1","N","N","","0","","0","0","0","","2","","","2","1","0","0","0","0","0","2","0","2","","","","N","","","","","","","","","",""
"2010086045","","0","0","0","0","0","0","0","0","0","8","0","","02","9","2010","4","40.336454","-79.979039","","11","0","0","0","0","0","1","0","0","1","0","0","0","","","1","","2","","40 20:11.234","3","0","79 58:44.541","8","0","0","0","2454","1","0","0","N","1","0","0","2","02454","0","","1.0","","1","N","N","","1","","0","0","0","","2","Y","","2","1","0","0","0","1","0","2","0","1","","","","N","","","","","","","","","",""
"2010086054","","1","0","0","0","0","0","0","0","0","7","0","","02","9","2010","4","40.338987","-79.962807","","11","0","0","0","0","0","1","0","0","","0","0","0","","","0","","0","","40 20:20.353","","0","79 57:46.105","0","0","0","0","2454","0","0","0","N","0","0","0","1","02454","0","","5.0","","1","N","N","","0","","0","0","0","","0","","","1","0","0","0","0","0","0","2","0","1","","","","N","","","","","","","","","",""
"2010086063","","1","0","0","0","0","0","0","0","0","4","0","","02","8","2010","3","40.440684","-79.767465","","11","0","1","0","0","0","0","1","0","","0","0","0","","","0","","2","","40 26:26.462","","0","79 46:02.874","0","0","0","0","2446","0","0","0","N","0","0","0","2","02446","0","","2.0","","1","N","N","","0","","0","0","0","","3","","","2","0","0","0","0","0","0","2","1","2","","","","N","","","","","","","","","",""
"2010086066","","2","0","0","0","0","0","0","0","0","1","0","","02","9","2010","4","40.273093","-79.837398","","11","0","0","0","0","0","0","0","0","","0","0","0","","","2","","3","","40 16:23.135","","0","79 50:14.634","4","0","0","0","2105","0","0","0","N","0","0","0","2","02105","2","","1.0","","1","N","N","","0","","0","0","0","","0","","","2","2","0","0","0","0","0","2","0","2","","","","N","","","","","","","","","",""
"2010086078","","1","0","0","0","0","0","0","0","0","4","0","","02","9","2010","3","40.560765","-79.972917","","11","0","0","0","0","0","0","0","0","","0","0","0","","","0","","1","","40 33:38.754","","0","79 58:22.501","0","0","0","0","2207","0","0","0","N","0","0","0","2","02207","0","","1.0","","1","N","N","","1","","0","0","0","","3","","","2","0","0","0","0","0","0","2","0","2","","","","N","","","","","","","","","",""
"2010086091","","2","0","0","0","0","0","0","0","0","2","0","","02","9","2010","5","40.464979","-79.99863","","11","0","0","0","0","0","0","0","0","","0","0","0","","","0","","0","","40 27:53.924","","0","79 59:55.068","0","0","0","0","2301","0","0","0","N","0","0","0","2","02301","0","","2.0","","1","N","N","","0","","0","0","0","","0","","","2","0","0","0","0","0","0","2","0","2","","","","N","","","","","","","","","",""
"2010086095","","0","0","0","0","0","0","0","0","0","1","0","","02","9","2010","2","40.36146","-80.09702","","11","0","0","0","0","0","0","0","0","","0","0","0","","","0","","0","","40 21:41.256","","0","80 05:49.272","0","0","0","0","2414","0","0","0","N","0","0","0","1","02414","0","","1.0","","1","N","N","","0","","0","0","2","","0","","","2","0","0","0","0","0","0","2","0","2","","","","N","","","","","","","","","",""
"2010086096","","1","0","0","0","0","0","0","0","0","8","0","","02","9","2010","5","40.359289","-80.110086","","11","0","0","0","0","0","1","0","0","","0","0","0","","","1","","0","","40 21:33.440","","0","80 06:36.311","4","0","0","0","2414","1","0","0","N","1","0","0","2","02414","1","","1.0","","1","N","N","","0","","0","0","0","","0","","","2","1","0","0","0","0","0","2","0","1","","","","N","","","","","","","","","",""
"2010086169","","1","0","0","0","0","0","0","0","0","1","0","","02","9","2010","2","40.40797","-79.892688","","11","0","1","0","0","0","0","0","0","","0","0","0","","","1","","0","","40 24:28.691","","0","79 53:33.676","4","0","0","0","2448","0","0","0","N","0","0","0","8","02448","1","","1.0","","1","N","N","","0","","0","0","1","","0","","","2","1","0","0","0","0","0","2","0","2","","","","N","","","","","","","","","",""
"2010086186","","2","0","0","0","0","0","0","0","0","1","0","","02","9","2010","4","40.597424","-79.947545","","11","0","0","0","0","0","0","0","0","1","0","0","0","","","1","","2","","40 35:50.725","1","0","79 56:51.162","4","0","0","0","2207","0","0","0","N","0","0","0","3","02207","1","","1.0","","1","N","N","","0","","0","0","1","","3","N","","3","1","0","0","0","0","0","2","0","3","","","","N","","","","","","","","","",""
"2010086188","","1","0","0","0","0","0","0","0","0","8","0","","02","9","2010","4","40.407919","-79.909152","","11","0","0","0","0","0","0","1","0","1","0","0","0","","","1","","1","","40 24:28.507","3","0","79 54:32.946","8","0","0","0","2438","1","0","0","N","1","0","0","2","02438","0","","1.0","","1","N","N","","0","","0","0","0","","2","N","","2","1","0","0","0","1","0","2","0","1","","","","N","","","","","","","","","",""
"2010086189","","4","0","0","0","0","0","0","0","0","1","0","","02","9","2010","5","40.456121","-80.002942","","11","0","0","0","0","0","0","0","0","","0","0","0","","","0","","0","","40 27:22.035","","0","80 00:10.590","0","0","0","0","2301","0","0","0","N","0","0","0","8","02301","0","","1.0","","1","N","N","","0","","0","0","1","","2","","","5","0","0","0","0","0","0","2","0","5","","","","N","","","","","","","","","",""