"CRN","ARRIVAL_TM","AUTOMOBILE_COUNT","BELTED_DEATH_COUNT","BELTED_SUSP_SERIOUS_INJ_COUNT","BICYCLE_COUNT","BICYCLE_DEATH_COUNT","BICYCLE_SUSP_SERIOUS_INJ_COUNT","BUS_COUNT","CHLDPAS_DEATH_COUNT","CHLDPAS_SUSP_SERIOUS_INJ_COUNT","COLLISION_TYPE","COMM_VEH_COUNT","CONS_ZONE_SPD_LIM","COUNTY","CRASH_MONTH","CRASH_YEAR","DAY_OF_WEEK","DEC_LATITUDE","DEC_LONGITUDE","DISPATCH_TM","DISTRICT","DRIVER_COUNT_16YR","DRIVER_COUNT_17YR","DRIVER_COUNT_18YR","DRIVER_COUNT_19YR","DRIVER_COUNT_20YR","DRIVER_COUNT_50_64YR","DRIVER_COUNT_65_74YR","DRIVER_COUNT_75PLUS","EST_HRS_CLOSED","FATAL_COUNT","HEAVY_TRUCK_COUNT","HORSE_BUGGY_COUNT","HOUR_OF_DAY","ILLUMINATION","INJURY_COUNT","INTERSECTION_RELATED","INTERSECT_TYPE","LANE_CLOSED","LATITUDE","LN_CLOSE_DIR","LOCATION_TYPE","LONGITUDE","MAX_SEVERITY_LEVEL","MCYCLE_DEATH_COUNT","MCYCLE_SUSP_SERIOUS_INJ_COUNT","MOTORCYCLE_COUNT","MUNICIPALITY","NONMOTR_COUNT","NONMOTR_DEATH_COUNT","NONMOTR_SUSP_SERIOUS_INJ_COUNT","NTFY_HIWY_MAINT","PED_COUNT","PED_DEATH_COUNT","PED_SUSP_SERIOUS_INJ_COUNT","PERSON_COUNT","POLICE_AGCY","POSSIBLE_INJ_COUNT","RDWY_SURF_TYPE_CD","RELATION_TO_ROAD","ROADWAY_CLEARED","ROAD_CONDITION","SCH_BUS_IND","SCH_ZONE_IND","SECONDARY_CRASH","SMALL_TRUCK_COUNT","SPEC_JURIS_CD","SUSP_MINOR_INJ_COUNT","SUSP_SERIOUS_INJ_COUNT","SUV_COUNT","TCD_FUNC_CD","TCD_TYPE","TFC_DETOUR_IND","TIME_OF_DAY","TOTAL_UNITS","TOT_INJ_COUNT","UNBELTED_OCC_COUNT","UNB_DEATH_COUNT","UNB_SUSP_SERIOUS_INJ_COUNT","UNK_INJ_DEG_COUNT","UNK_INJ_PER_COUNT","URBAN_RURAL","VAN_COUNT","VEHICLE_COUNT","WEATHER1","WEATHER2","WORKERS_PRES","WORK_ZONE_IND","WORK_ZONE_LOC","WORK_ZONE_TYPE","WZ_CLOSE_DETOUR","WZ_FLAGGER","WZ_LAW_OFFCR_IND","WZ_LN_CLOSURE","WZ_MOVING","WZ_OTHER","WZ_SHLDER_MDN","WZ_WORKERS_INJ_KILLED"
"2010087191","","1","0","0","0","0","0","0","0","0","4","0","","02","8","2010","6","40.386692","-80.092866","","11","0","0","0","0","0","0","0","0","","0","0","0","","","0","","0","","40 23:12.092","","7","80 05:34.319","0","0","0","0","2117","0","0","0","N","0","0","0","2","02117","0","","6.0","","1","N","N","","0","","0","0","1","","0","","","2","0","0","0","0","0","0","2","0","2","","","","N","","","","","","","","","",""
"2010087204","","0","0","0","0","0","0","0","0","0","0","0","","02","9","2010","2","40.437663","-79.97255","","11","0","0","0","0","0","1","0","0","1","0","0","0","","","1","","2","","40 26:15.588","6","3","79 58:21.180","8","0","0","1","2301","0","0","0","N","0","0","0","1","02301","0","","1.0","","3","N","N","","0","","0","0","0","","2","N","","1","1","0","0","0","1","0","2","0","1","","","","N","","","","","","","","","",""
"2010087210","","1","0","0","0","0","0","0","0","0","4","0","","02","9","2010","2","40.386931","-80.043741","","11","0","0","1","0","0","0","1","0","2","0","0","0","","","1","","2","","40 23:12.953","5","0","80 02:37.469","3","0","0","0","2109","0","0","0","N","0","0","0","2","02109","0","","1.0","","1","N","N","","1","","1","0","0","","2","N","","2","1","1","0","0","0","0","2","0","2","","","","N","","","","","","","","","",""
"2010087213","","1","0","0","0","0","0","0","0","0","4","0","","02","9","2010","2","40.440933","-80.207386","","11","0","0","0","0","0","0","0","0","","0","0","0","","","1","","2","","40 26:27.359","","0","80 12:26.591","4","0","0","0","2214","0","0","0","N","0","0","0","2","02214","1","","1.0","","1","N","N","","0","","0","0","1","","3","","","2","1","0","0","0","0","0","2","0","2","","","","N","","","","","","","","","",""
"2010087216","","2","0","0","0","0","0","0","0","0","1","0","","02","9","2010","2","40.456243","-79.954654","","11","0","0","0","0","0","1","0","0","","0","0","0","","","0","","0","","40 27:22.476","","0","79 57:16.753","0","0","0","0","2301","0","0","0","N","0","0","0","2","02301","0","","1.0","","1","N","N","","0","","0","0","0","","0","","","2","0","0","0","0","0","0","2","0","2","","","","N","","","","","","","","","",""
"2010087220","","1","0","0","0","0","0","0","0","0","8","0","","02","9","2010","2","40.441918","-80.001868","","11","0","0","0","0","0","0","0","1","","0","0","0","","","1","","2","","40 26:30.904","","0","80 00:06.724","4","0","0","0","2301","1","0","0","N","1","0","0","3","02301","1","","1.0","","1","N","N","","0","","0","0","0","","2","","","2","1","0","0","0","0","0","2","0","1","","","","N","","","","","","","","","",""
"2010087223","","2","0","0","0","0","0","0","0","0","7","0","","02","9","2010","7","40.386486","-80.04723","","11","0","1","0","0","0","0","0","0","","0","0","0","","","0","","0","","40 23:11.349","","0","80 02:50.028","0","0","0","0","2109","0","0","0","N","0","0","0","1","02109","0","","4.0","","1","N","N","","0","","0","0","0","","0","","","2","0","0","0","0","0","0","2","0","2","","","","N","","","","","","","","","",""
"2010087239","","1","0","0","0","0","0","0","0","0","1","0","","02","9","2010","2","40.458371","-79.918644","","11","0","0","0","0","0","0","0","0","","0","0","0","","","1","","0","","40 27:30.136","","7","79 55:07.117","4","0","0","0","2301","0","0","0","N","0","0","0","2","02301","1","","1.0","","1","N","N","","0","","0","0","0","","2","","","2","1","0","0","0","0","0","2","1","2","","","","N","","","","","","","","","",""
"2010087242","","2","0","0","0","0","0","0","0","0","4","0","","02","9","2010","2","40.346642","-79.850704","","11","0","0","0","0","0","0","0","0","1","0","0","0","","","1","","1","","40 20:47.911","2","0","79 51:02.534","8","0","0","0","2304","0","0","0","N","0","0","0","8","02304","0","","1.0","","1","N","N","","0","","0","0","0","","0","N","","2","1","8","0","0","1","0","2","0","2","","","","N","","","","","","","","","",""
"2010087244","","1","0","0","0","0","0","0","0","0","1","0","","02","9","2010","2","40.343538","-79.970154","","11","0","1","0","0","0","0","0","0","2","0","0","0","","","0","","2","","40 20:36.738","1","0","79 58:12.554","0","0","0","0","2403","0","0","0","N","0","0","0","2","02403","0","","1.0","","1","N","N","","1","","0","0","0","","2","N","","2","0","0","0","0","0","0","2","0","2","","","","N","","","","","","","","","",""
"2010087248","","0","0","0","0","0","0","1","0","0","7","1","","02","9","2010","2","40.447329","-80.047472","","11","0","0","0","0","0","0","1","0","","0","0","0","","","2","","0","","40 26:50.384","","0","80 02:50.899","4","0","0","0","2301","0","0","0","N","0","0","0","5","02301","2","","5.0","","1","Y","N","","0","","0","0","0","","0","","","1","2","0","0","0","0","0","2","0","1","","","","N","","","","","","","","","",""
"2010087252","","1","0","0","0","0","0","0","0","0","1","0","","02","9","2010","2","40.381283","-79.812414","","11","0","0","0","0","0","2","0","0","1","0","0","0","","","1","","2","","40 22:52.617","1","0","79 48:44.690","4","0","0","0","2424","0","0","0","N","0","0","0","3","02424","1","","1.0","","1","N","N","","0","","0","0","1","","2","N","","2","1","0","0","0","0","0","2","0","2","","","","N","","","","","","","","","",""
"2010087265","","1","0","0","0","0","0","0","0","0","6","0","","02","9","2010","2","40.427155","-79.976389","","11","0","0","0","0","0","1","0","0","","0","0","0","","","1","","2","","40 25:37.758","","0","79 58:35.000","4","0","0","0","2301","0","0","0","N","0","0","0","2","02301","1","","1.0","","1","N","N","","0","","0","0","1","","0","","","2","1","0","0","0","0","0","2","0","2","","","","N","","","","","","","","","",""
"2010087269","","1","0","0","0","0","0","0","0","0","5","1","","02","9","2010","4","40.375464","-79.796798","","11","0","0","0","0","0","0","1","0","1","0","1","0","","","0","","2","","40 22:31.671","3","0","79 47:48.472","0","0","0","0","2111","0","0","0","N","0","0","0","2","02111","0","","1.0","","1","N","N","","0","","0","0","0","","2","N","","2","0","0","0","0","0","0","2","0","2","","","","N","","","","","","","","","",""
"2010087275","","2","0","0","0","0","0","0","0","0","2","0","","02","9","2010","5","40.421648","-79.890259","","11","0","0","0","0","0","0","0","1","1","0","0","0","","","1","","0","","40 25:17.932","5","0","79 53:24.932","8","0","0","0","2463","0","0","0","N","0","0","0","2","02463","0","","1.0","","1","N","N","","0","","0","0","0","","0","Y","","2","1","0","0","0","1","1","2","0","2","","","","N","","","","","","","","","",""
"2010087288","","2","0","0","0","0","0","0","0","0","4","0","","02","9","2010","6","40.352978","-79.91732","","11","0","0","0","0","0","0","0","0","2","0","0","0","","","0","","2","","40 21:10.719","3","0","79 55:02.352","0","0","0","0","2473","0","0","0","N","0","0","0","3","02473","0","","1.0","","1","N","N","","0","","0","0","0","","2","N","","2","0","0","0","0","0","0","2","0","2","","","","N","","","","","","","","","",""
"2010087328","","1","0","0","0","0","0","0","0","0","8","0","","02","9","2010","5","40.428685","-79.888873","","11","0","0","0","0","0","0","0","0","","0","0","0","","","1","","3","","40 25:43.267","","0","79 53:19.941","4","0","0","0","2426","1","0","0","N","1","0","0","2","68B03","1","","1.0","","1","N","N","","0","","0","0","0","","0","","","2","1","0","0","0","0","0","2","0","1","","","","N","","","","","","","","","",""
"2010087329","","1","0","0","0","0","0","0","0","0","7","0","","02","9","2010","7","40.417432","-80.086976","","11","0","0","0","0","0","0","0","0","","0","0","0","","","0","","0","","40 25:02.755","","0","80 05:13.113","0","0","0","0","2415","0","0","0","N","0","0","0","1","68B03","0","","3.0","","9","N","N","","0","","0","0","0","","0","","","1","0","0","0","0","0","0","2","0","1","","","","N","","","","","","","","","",""
"2010087330","","0","0","0","0","0","0","0","0","0","7","0","","02","9","2010","1","40.412781","-80.078489","","11","0","1","0","0","0","0","0","0","","0","0","0","","","1","","7","","40 24:46.013","","2","80 04:42.560","8","0","0","0","2117","0","0","0","N","0","0","0","3","68B03","0","","4.0","","1","N","N","","0","","0","0","1","","0","","","1","1","0","0","0","1","0","2","0","1","","","","N","","","","","","","","","",""
"2010087331","","4","0","0","0","0","0","0","0","0","1","0","","02","9","2010","1","40.42574","-79.901577","","11","0","0","0","0","0","0","1","0","1","0","0","0","","","1","","0","","40 25:32.664","3","0","79 54:05.677","4","0","0","0","2301","0","0","0","N","0","0","0","5","68B03","1","","1.0","","1","N","N","","0","","0","0","0","","0","N","","4","1","0","0","0","0","0","2","0","4","","","","N","","","","","","","","","",""
"2010087400","","2","0","0","0","0","0","0","0","0","1","0","","02","9","2010","5","40.410179","-79.811681","","11","0","0","0","0","0","0","0","0","2","0","0","0","","","0","","0","","40 24:36.643","2","0","79 48:42.052","0","0","0","0","2467","0","0","0","N","0","0","0","1","02467","0","","6.0","","1","N","N","","0","","0","0","0","","0","N","","2","0","0","0","0","0","0","2","0","2","","","","N","","","","","","","","","",""
"2010087403","","2","0","0","0","0","0","0","0","0","5","0","","02","9","2010","1","40.417678","-79.975917","","11","1","0","0","0","0","0","0","0","","0","0","0","","","0","","1","","40 25:03.640","","0","79 58:33.301","9","0","0","0","2301","0","0","0","N","0","0","0","2","02301","0","","4.0","","1","N","N","","0","","0","0","0","","0","","","2","0","2","0","0","0","1","2","0","2","","","","N","","","","","","","","","",""
"2010087408","","1","0","0","0","0","0","0","0","0","7","0","","02","9","2010","2","40.480174","-79.800429","","11","0","0","0","0","0","0","0","0","2","0","0","0","","","0","","0","","40 28:48.627","6","0","79 48:01.544","0","0","0","0","2113","0","0","0","N","0","0","0","1","02113","0","","2.0","","1","N","N","","0","","0","0","0","","0","N","","1","0","0","0","0","0","0","2","0","1","","","","N","","","","","","","","","",""
"2010087409","","1","0","0","0","0","0","0","0","0","4","0","","02","8","2010","4","40.405175","-79.913271","","11","0","0","0","0","0","0","0","0","2","0","0","0","","","1","","1","","40 24:18.631","4","0","79 54:47.775","4","0","0","0","2472","0","0","0","N","0","0","0","2","02472","1","","1.0","","1","N","N","","0","","0","0","1","","2","Y","","2","1","0","0","0","0","0","2","0","2","","","","N","","","","","","","","","",""
"2010087415","","2","0","0","0","0","0","0","0","0","4","0","","02","9","2010","2","40.491304","-80.330987","","11","0","0","0","0","0","0","0","1","2","0","0","0","","","4","","0","","40 29:28.693","4","0","80 19:51.552","4","0","0","0","2203","0","0","0","N","0","0","0","4","02203","1","","1.0","","1","N","N","","0","","0","0","0","","0","N","","2","4","0","0","0","3","0","1","0","2","","","","N","","","","","","","","","",""
"2010087421","","1","0","0","0","0","0","0","0","0","7","0","","02","9","2010","1","40.661382","-80.10699","","11","0","0","1","0","0","0","0","0","","0","0","0","","","0","","0","","40 39:40.975","","0","80 06:25.164","0","0","0","0","2212","0","0","0","N","0","0","0","1","02505","0","","5.0","","9","N","N","","0","","0","0","0","","0","","","1","0","0","0","0","0","0","2","0","1","","","","N","","","","","","","","","",""
"2010087429","","1","0","0","1","0","0","0","0","0","8","0","","02","9","2010","2","40.56996","-80.104718","","11","0","0","0","0","0","0","0","0","","0","0","0","","","1","","0","","40 34:11.855","","0","80 06:16.984","4","0","0","0","2481","1","0","0","N","0","0","0","2","02481","1","","4.0","","1","N","N","","0","","0","0","0","","0","","","2","1","0","0","0","0","0","2","0","1","","","","N","","","","","","","","","",""
"2010087436","","1","0","0","0","0","0","0","0","0","7","0","","02","9","2010","1","40.475499","-80.040464","","11","0","0","0","0","0","0","0","0","","0","0","0","","","0","","2","","40 28:31.797","","0","80 02:25.669","0","0","0","0","2301","0","0","0","N","0","0","0","1","02301","0","","5.0","","9","N","N","","0","","0","0","0","","0","","","1","0","0","0","0","0","0","2","0","1","","","","N","","","","","","","","","",""
"2010087443","","1","0","0","0","0","0","0","0","0","5","0","","02","9","2010","7","40.40716","-80.083714","","11","0","0","0","0","0","0","0","0","","0","0","0","","","0","","0","","40 24:25.775","","0","80 05:01.372","0","0","0","0","2415","0","0","0","N","0","0","0","1","02415","0","","2.0","","1","N","N","","0","","0","0","1","","0","","","2","0","0","0","0","0","0","2","0","2","","","","N","","","","","","","","","",""
"2010087447","","0","0","0","0","0","0","0","0","0","5","0","","02","9","2010","3","40.383378","-79.977202","","11","0","0","0","0","0","0","0","0","1","0","0","0","","","0","","0","","40 23:00.162","2","0","79 58:37.927","9","0","0","0","2301","0","0","0","N","0","0","0","1","02301","0","","6.0","","1","N","N","","0","","0","0","2","","0","N","","2","0","0","0","0","0","1","2","0","2","","","","N","","","","","","","","","",""
"2010087471","","1","0","0","0","0","0","0","0","0","1","0","","02","8","2010","2","40.429037","-79.888026","","11","0","0","0","0","0","0","1","0","","0","0","0","","","0","","6","","40 25:44.533","","2","79 53:16.895","0","0","0","0","2426","0","0","0","N","0","0","0","2","68B03","0","","7.0","","1","N","N","","0","","0","0","1","","4","","","2","0","0","0","0","0","0","2","0","2","","","","N","","","","","","","","","",""
"2010087472","","0","0","0","0","0","0","0","0","0","1","1","","02","9","2010","5","40.430158","-79.880695","","11","0","0","0","0","0","0","1","0","","0","1","0","","","2","","0","","40 25:48.567","","0","79 52:50.501","8","0","0","0","2426","0","0","0","N","0","0","0","5","68B03","0","","1.0","","1","N","N","","0","","0","0","0","","0","","","3","2","0","0","0","2","0","2","2","3","","","","N","","","","","","","","","",""
"2010087473","","0","0","0","0","0","0","0","0","0","1","2","","02","9","2010","4","40.459069","-80.189931","","11","0","0","0","0","0","0","0","0","","0","2","0","","","0","","0","","40 27:32.649","","0","80 11:23.750","0","0","0","0","2213","0","0","0","Y","0","0","0","2","68B03","0","","1.0","","1","N","N","","0","","0","0","0","","0","","","2","0","0","0","0","0","0","2","0","2","","","","N","","","","","","","","","",""
"2010087474","","2","0","0","0","0","0","0","0","0","1","0","","02","9","2010","7","40.429347","-79.94266","","11","0","0","0","0","0","0","0","0","","0","0","0","","","0","","0","","40 25:45.650","","0","79 56:33.575","0","0","0","0","2301","0","0","0","N","0","0","0","4","68B03","0","","1.0","","1","N","N","","0","","0","0","0","","0","","","2","0","0","0","0","0","0","2","0","2","","","","N","","","","","","","","","",""
"2010087554","","1","0","0","0","0","0","0","0","0","7","0","","02","9","2010","3","40.495204","-79.807751","","11","0","0","0","0","0","1","0","0","3","0","0","0","","","1","","0","","40 29:42.733","5","0","79 48:27.902","3","0","0","0","2113","0","0","0","Y","0","0","0","1","02113","0","","2.0","","1","N","N","","0","","1","0","0","","0","Y","","1","1","0","0","0","0","0","2","0","1","","","","N","","","","","","","","","",""
"2010087566","","1","0","0","0","0","0","0","0","0","2","0","","02","9","2010","1","40.459959","-79.9945","","11","0","0","0","0","0","1","0","0","","0","0","0","","","1","","0","","40 27:35.852","","0","79 59:40.200","8","0","0","0","2301","0","0","0","N","0","0","0","2","02301","0","","4.0","","1","N","N","","0","","0","0","2","","0","","","3","1","0","0","0","1","0","2","0","3","","","","N","","","","","","","","","",""
"2010087568","","2","0","0","0","0","0","0","0","0","1","0","","02","9","2010","3","40.491177","-79.866772","","11","0","0","0","0","0","0","1","0","","0","0","0","","","2","","0","","40 29:28.237","","0","79 52:00.379","8","0","0","0","2112","0","0","0","N","0","0","0","2","02112","0","","1.0","","1","N","N","","0","","0","0","0","","0","","","2","2","0","0","0","2","0","2","0","2","","","","N","","","","","","","","","",""
"2010087580","","1","0","0","0","0","0","0","0","0","4","0","","02","9","2010","6","40.41262","-79.844853","","11","0","0","0","0","0","0","0","0","4","0","0","0","","","2","","0","","40 24:45.431","6","0","79 50:41.472","3","0","0","0","2449","0","0","0","N","0","0","0","2","02501","1","","1.0","","9","N","N","","0","","1","0","1","","0","Y","","2","2","0","0","0","0","0","2","0","2","","","","N","","","","","","","","","",""
"2010087589","","1","0","0","0","0","0","0","0","0","4","0","","02","9","2010","3","40.640131","-79.810055","","11","1","0","0","0","0","1","0","0","3","0","0","0","","","1","","0","","40 38:24.473","5","0","79 48:36.198","8","0","0","0","2206","0","0","0","N","0","0","0","2","02206","0","","1.0","","1","N","N","","0","","0","0","1","","0","Y","","2","1","0","0","0","1","1","1","0","2","","","","N","","","","","","","","","",""
"2010087602","","1","0","0","0","0","0","0","0","0","7","0","","02","9","2010","3","","","","11","0","0","0","0","0","0","0","1","","0","0","0","","","0","","10","","","","7","","0","0","0","0","2445","0","0","0","N","0","0","0","1","02445","0","","5.0","","1","N","N","","0","","0","0","0","","0","","","1","0","0","0","0","0","0","1","0","1","","","","N","","","","","","","","","",""
"2010087604","","1","0","0","0","0","0","0","0","0","1","0","","02","9","2010","3","40.451349","-79.713346","","11","0","0","0","1","0","0","0","0","","0","0","0","","","0","","0","","40 27:04.857","","0","79 42:48.044","0","0","0","0","2466","0","0","0","N","0","0","0","3","02466","0","","1.0","","1","N","N","","0","","0","0","1","","0","","","2","0","0","0","0","0","0","2","0","2","","","","N","","","","","","","","","",""
"2010087608","","0","0","0","0","0","0","0","0","0","4","0","35","02","9","2010","6","40.474656","-79.971391","","11","0","0","0","0","0","1","0","0","1","0","0","0","","","0","","0","","40 28:28.762","2","0","79 58:17.007","0","0","0","0","2445","0","0","0","Y","0","0","0","5","02445","0","","1.0","","1","N","N","","1","","0","0","0","","2","N","","3","0","1","0","0","0","0","2","0","3","","","Y","Y","4","1","","","N","","Y","","Y",""
"2010087617","","1","0","0","0","0","0","0","0","0","7","0","","02","9","2010","3","40.324445","-79.804845","","11","0","0","0","0","0","0","0","0","1","0","0","0","","","1","","0","","40 19:28.003","6","0","79 48:17.441","8","0","0","0","2477","0","0","0","N","0","0","0","1","02477","0","","4.0","","1","N","N","","0","","0","0","0","","0","Y","","1","1","0","0","0","1","0","2","0","1","","","","N","","","","","","","","","",""
"2010087621","","2","0","0","0","0","0","0","0","0","4","0","","02","9","2010","3","40.434417","-79.925506","","11","0","0","0","0","0","1","0","0","1","0","0","0","","","0","","2","","40 26:03.901","2","0","79 55:31.821","0","0","0","0","2301","0","0","0","N","0","0","0","3","02301","0","","1.0","","1","N","N","","0","","0","0","0","","3","N","","2","0","1","0","0","0","0","2","0","2","","","","N","","","","","","","","","",""
"2010087631","","1","0","0","0","0","0","0","0","0","7","0","","02","9","2010","2","40.62999","-79.969374","","11","0","0","0","0","0","0","0","0","2","0","0","0","","","1","","2","","40 37:47.963","3","3","79 58:09.747","4","0","0","0","2217","0","0","0","Y","0","0","0","1","02505","1","","2.0","","1","N","N","","0","","0","0","0","","3","N","","1","1","0","0","0","0","0","2","0","1","","","","N","","","","","","","","","",""
"2010087660","","1","0","0","0","0","0","0","0","0","7","0","","02","9","2010","6","40.299938","-79.816658","","11","0","0","0","1","0","0","0","0","3","0","0","0","","","1","","0","","40 17:59.775","6","0","79 48:59.968","8","0","0","0","2105","0","0","0","N","0","0","0","1","02105","0","","5.0","","1","N","N","","0","","0","0","0","","0","Y","","1","1","0","0","0","1","0","1","0","1","","","","N","","","","","","","","","",""
"2010087662","","1","0","0","0","0","0","0","0","0","2","0","","02","9","2010","5","40.468551","-80.137424","","11","0","0","0","0","0","0","0","0","2","0","0","0","","","2","","0","","40 28:06.783","2","0","80 08:14.726","4","0","0","0","2115","0","0","0","N","0","0","0","3","02115","2","","1.0","","1","N","N","","0","","0","0","0","","0","Y","","2","2","0","0","0","0","0","2","1","2","","","","N","","","","","","","","","",""
"2010087663","","1","0","0","0","0","0","0","0","0","4","0","","02","9","2010","7","40.330399","-80.022117","","11","0","0","0","0","0","1","0","0","","0","0","0","","","0","","0","","40 19:49.438","","0","80 01:19.622","0","0","0","0","2407","0","0","0","N","0","0","0","3","02407","0","","1.0","","1","N","N","","0","","0","0","1","","0","","","2","0","0","0","0","0","0","2","0","2","","","","N","","","","","","","","","",""
"2010087664","","1","0","0","0","0","0","0","0","0","4","0","","02","9","2010","2","40.528903","-80.167155","","11","0","0","0","0","0","0","0","0","2","0","0","0","","","3","","0","","40 31:44.051","5","0","80 10:01.758","4","0","0","0","2458","0","0","0","N","0","0","0","6","02458","3","","1.0","","1","N","N","","0","","0","0","1","","0","Y","","2","3","1","0","0","0","0","2","0","2","","","","N","","","","","","","","","",""
"2010087705","","2","0","0","0","0","0","0","0","0","4","0","","02","9","2010","3","40.460221","-79.842652","","11","0","0","0","0","0","0","0","0","","0","0","0","","","0","","5","","40 27:36.794","","0","79 50:33.548","0","0","0","0","2113","0","0","0","N","0","0","0","2","02113","0","","1.0","","1","N","N","","0","","0","0","0","","0","","","2","0","0","0","0","0","0","2","0","2","","","","N","","","","","","","","","",""
"2010087708","","2","0","0","0","0","0","0","0","0","1","0","","02","9","2010","3","40.320628","-79.941929","","11","0","0","0","0","0","0","0","0","1","0","0","0","","","1","","0","","40 19:14.262","1","0","79 56:30.945","8","0","0","0","2454","0","0","0","N","0","0","0","4","02454","0","","1.0","","1","N","N","","0","","0","0","1","","0","Y","","3","1","1","0","0","1","0","2","0","3","","","","N","","","","","","","","","",""
"2010087709","","0","0","0","0","0","0","0","0","0","1","0","","02","9","2010","1","40.499951","-79.790822","","11","0","0","0","0","0","1","0","0","2","0","0","0","","","1","","0","","40 29:59.824","6","0","79 47:26.958","3","0","0","1","2113","0","0","0","N","0","0","0","2","02113","0","","1.0","","1","N","N","","0","","1","0","1","","0","Y","","2","1","0","0","0","0","0","2","0","2","","","","N","","","","","","","","","",""
"2010087713","","2","0","0","0","0","0","0","0","0","4","0","","02","9","2010","2","40.477149","-80.066197","","11","0","0","1","0","0","0","0","0","1","0","0","0","","","3","","2","","40 28:37.737","2","0","80 03:58.310","4","0","0","0","2122","0","0","0","N","0","0","0","3","02122","1","","1.0","","1","N","N","","0","","0","0","0","","2","N","","2","3","0","0","0","2","0","2","0","2","","","","N","","","","","","","","","",""
"2010087719","","1","0","0","0","0","0","0","0","0","4","0","","02","9","2010","3","40.460816","-79.867511","","11","0","0","0","0","0","0","0","0","1","0","0","0","","","0","","0","","40 27:38.936","3","7","79 52:03.040","0","0","0","0","2113","0","0","0","N","0","0","0","4","02113","0","","1.0","","1","N","N","","0","","0","0","1","","0","Y","","2","0","0","0","0","0","0","2","0","2","","","","N","","","","","","","","","",""
"2010087721","","1","0","0","0","0","0","0","0","0","1","0","","02","9","2010","3","40.62899","-80.056346","","11","0","0","0","0","0","1","0","0","","0","0","0","","","0","","1","","40 37:44.365","","0","80 03:22.847","0","0","0","0","2216","0","0","0","N","0","0","0","2","02505","0","","1.0","","1","N","N","","0","","0","0","1","","2","","","2","0","0","0","0","0","0","1","0","2","","","","N","","","","","","","","","",""
"2010087724","","1","0","0","0","0","0","0","0","0","99","0","","02","9","2010","3","40.401713","-80.062606","","11","0","0","0","0","0","1","0","0","","0","0","0","","","0","","0","","40 24:06.165","","0","80 03:45.381","0","0","0","0","2117","0","0","0","N","0","0","0","2","02117","0","","1.0","","1","N","N","","0","","0","0","1","","0","","","2","0","0","0","0","0","0","2","0","2","","","","N","","","","","","","","","",""
"2010087740","","2","0","0","0","0","0","0","0","0","4","0","","02","9","2010","3","40.453661","-79.915072","","11","0","0","0","0","0","0","0","0","1","0","0","0","","","0","","0","","40 27:13.179","4","0","79 54:54.259","0","0","0","0","2301","0","0","0","N","0","0","0","3","02301","0","","1.0","","1","N","N","","0","","0","0","0","","0","N","","2","0","0","0","0","0","0","2","0","2","","","","N","","","","","","","","","",""
"2010087764","","1","0","0","0","0","0","0","0","0","4","0","","02","9","2010","3","40.407318","-80.033545","","11","0","0","0","0","0","1","0","0","","0","0","0","","","2","","1","","40 24:26.343","","0","80 02:00.761","8","0","0","0","2301","0","0","0","N","0","0","0","4","02301","0","","1.0","","1","N","N","","1","","0","0","0","","3","","","2","2","0","0","0","2","1","2","0","2","","","","N","","","","","","","","","",""
"2010087769","","0","0","0","0","0","0","0","0","0","2","0","","02","9","2010","3","40.395846","-80.038713","","11","0","0","0","0","0","1","0","0","","0","0","0","","","1","","9","","40 23:45.047","","0","80 02:19.368","4","0","0","0","2422","0","0","0","N","0","0","0","1","02503","1","","1.0","","1","N","N","","0","","0","0","1","","6","","","2","1","0","0","0","0","0","2","0","1","","","","N","","","","","","","","","",""
"2010087772","","1","0","0","0","0","0","0","0","0","1","0","","02","9","2010","4","40.447807","-80.008683","","11","0","0","0","0","0","0","0","0","","0","0","0","","","0","","7","","40 26:52.105","","2","80 00:31.259","9","0","0","0","2301","0","0","0","N","0","0","0","2","02301","0","","7.0","","1","N","N","","0","","0","0","1","","0","","","2","0","0","0","0","0","1","2","0","2","","","","N","","","","","","","","","",""
"2010087776","","3","0","0","0","0","0","0","0","0","4","0","","02","9","2010","3","40.499819","-80.058316","","11","0","0","0","0","0","1","0","0","","0","0","0","","","0","","0","","40 29:59.348","","0","80 03:29.936","0","0","0","0","2404","0","0","0","N","0","0","0","1","02404","0","","1.0","","1","N","N","","0","","0","0","0","","0","","","3","0","0","0","0","0","0","2","0","3","","","","N","","","","","","","","","",""
"2010087778","","3","0","0","0","0","0","0","0","0","2","0","","02","9","2010","4","40.457608","-79.963881","","11","0","0","0","0","0","0","0","0","","0","0","0","","","0","","0","","40 27:27.388","","0","79 57:49.971","0","0","0","0","2301","0","0","0","N","0","0","0","1","02301","0","","1.0","","1","N","N","","0","","0","0","0","","0","","","3","0","0","0","0","0","0","2","0","3","","","","N","","","","","","","","","",""
"2010087786","","2","0","0","0","0","0","0","0","0","4","0","","02","9","2010","3","40.593915","-79.97034","","11","0","0","0","0","0","0","0","0","","0","0","0","","","1","","2","","40 35:38.094","","0","79 58:13.224","4","0","0","0","2207","0","0","0","N","0","0","0","4","02207","1","","1.0","","1","N","N","","0","","0","0","0","","2","","","2","1","0","0","0","0","0","2","0","2","","","","N","","","","","","","","","",""
"2010087792","","2","0","0","0","0","0","0","0","0","7","0","","02","9","2010","4","40.265741","-79.851214","","11","0","0","0","0","1","0","0","0","","0","0","0","","","1","","0","","40 15:56.668","","0","79 51:04.372","8","0","0","0","2105","0","0","0","N","0","0","0","2","02105","0","","1.0","","1","N","N","","0","","0","0","0","","0","","","2","1","0","0","0","1","0","2","0","2","","","","N","","","","","","","","","",""