"CRN","ARRIVAL_TM","AUTOMOBILE_COUNT","BELTED_DEATH_COUNT","BELTED_SUSP_SERIOUS_INJ_COUNT","BICYCLE_COUNT","BICYCLE_DEATH_COUNT","BICYCLE_SUSP_SERIOUS_INJ_COUNT","BUS_COUNT","CHLDPAS_DEATH_COUNT","CHLDPAS_SUSP_SERIOUS_INJ_COUNT","COLLISION_TYPE","COMM_VEH_COUNT","CONS_ZONE_SPD_LIM","COUNTY","CRASH_MONTH","CRASH_YEAR","DAY_OF_WEEK","DEC_LATITUDE","DEC_LONGITUDE","DISPATCH_TM","DISTRICT","DRIVER_COUNT_16YR","DRIVER_COUNT_17YR","DRIVER_COUNT_18YR","DRIVER_COUNT_19YR","DRIVER_COUNT_20YR","DRIVER_COUNT_50_64YR","DRIVER_COUNT_65_74YR","DRIVER_COUNT_75PLUS","EST_HRS_CLOSED","FATAL_COUNT","HEAVY_TRUCK_COUNT","HORSE_BUGGY_COUNT","HOUR_OF_DAY","ILLUMINATION","INJURY_COUNT","INTERSECTION_RELATED","INTERSECT_TYPE","LANE_CLOSED","LATITUDE","LN_CLOSE_DIR","LOCATION_TYPE","LONGITUDE","MAX_SEVERITY_LEVEL","MCYCLE_DEATH_COUNT","MCYCLE_SUSP_SERIOUS_INJ_COUNT","MOTORCYCLE_COUNT","MUNICIPALITY","NONMOTR_COUNT","NONMOTR_DEATH_COUNT","NONMOTR_SUSP_SERIOUS_INJ_COUNT","NTFY_HIWY_MAINT","PED_COUNT","PED_DEATH_COUNT","PED_SUSP_SERIOUS_INJ_COUNT","PERSON_COUNT","POLICE_AGCY","POSSIBLE_INJ_COUNT","RDWY_SURF_TYPE_CD","RELATION_TO_ROAD","ROADWAY_CLEARED","ROAD_CONDITION","SCH_BUS_IND","SCH_ZONE_IND","SECONDARY_CRASH","SMALL_TRUCK_COUNT","SPEC_JURIS_CD","SUSP_MINOR_INJ_COUNT","SUSP_SERIOUS_INJ_COUNT","SUV_COUNT","TCD_FUNC_CD","TCD_TYPE","TFC_DETOUR_IND","TIME_OF_DAY","TOTAL_UNITS","TOT_INJ_COUNT","UNBELTED_OCC_COUNT","UNB_DEATH_COUNT","UNB_SUSP_SERIOUS_INJ_COUNT","UNK_INJ_DEG_COUNT","UNK_INJ_PER_COUNT","URBAN_RURAL","VAN_COUNT","VEHICLE_COUNT","WEATHER1","WEATHER2","WORKERS_PRES","WORK_ZONE_IND","WORK_ZONE_LOC","WORK_ZONE_TYPE","WZ_CLOSE_DETOUR","WZ_FLAGGER","WZ_LAW_OFFCR_IND","WZ_LN_CLOSURE","WZ_MOVING","WZ_OTHER","WZ_SHLDER_MDN","WZ_WORKERS_INJ_KILLED"
"2010091519","","2","0","0","0","0","0","0","0","0","6","0","","02","9","2010","7","40.442181","-79.994981","","11","0","0","0","0","0","1","0","0","","0","0","0","","","0","","2","","40 26:31.851","","0","79 59:41.931","0","0","0","0","2301","0","0","0","N","0","0","0","3","02301","0","","1.0","","1","N","N","","0","","0","0","0","","0","","","2","0","0","0","0","0","0","2","0","2","","","","N","","","","","","","","","",""
"2010091527","","3","0","0","0","0","0","0","0","0","1","0","","02","9","2010","1","40.464993","-79.934865","","11","0","0","0","0","0","0","0","0","1","0","0","0","","","0","","0","","40 27:53.974","7","0","79 56:05.514","0","0","0","0","2301","0","0","0","N","0","0","0","0","02301","0","","4.0","","1","N","N","","1","","0","0","0","","0","N","","4","0","0","0","0","0","0","2","0","4","","","","N","","","","","","","","","",""
"2010091531","","1","0","0","0","0","0","0","0","0","5","0","","02","9","2010","4","40.355593","-79.892077","","11","0","0","1","0","0","0","0","0","2","0","0","0","","","1","","0","","40 21:20.134","6","0","79 53:31.477","8","0","0","0","2423","0","0","0","N","0","0","0","1","02304","0","","5.0","","1","N","N","","0","","0","0","0","","3","Y","","2","1","0","0","0","1","0","2","1","2","","","","N","","","","","","","","","",""
"2010091544","","1","0","0","0","0","0","0","0","0","7","0","","02","9","2010","4","40.615651","-79.753676","","11","0","0","0","0","0","0","0","0","","0","0","0","","","0","","7","","40 36:56.345","","2","79 45:13.235","0","0","0","0","2202","0","0","0","Y","0","0","0","1","68D02","0","","4.0","","1","N","N","","0","","0","0","0","","0","","","1","0","0","0","0","0","0","2","0","1","","","","N","","","","","","","","","",""
"2010091548","","1","0","0","0","0","0","0","0","0","0","0","","02","9","2010","6","40.491706","-79.910695","","11","0","0","0","0","0","1","0","0","2","0","0","0","","","0","","0","","40 29:30.142","3","3","79 54:38.501","0","0","0","0","2112","0","0","0","N","0","0","0","3","68D02","0","","1.0","","1","N","N","","0","","0","0","1","","0","N","","2","0","1","0","0","0","0","2","0","2","","","","N","","","","","","","","","",""
"2010091578","","1","0","0","0","0","0","0","0","0","7","0","","02","9","2010","6","40.22825","-79.901944","","11","0","0","0","1","0","0","0","0","2","0","0","0","","","1","","0","","40 13:41.700","2","0","79 54:07.000","3","0","0","0","2204","0","0","0","N","0","0","0","2","02204","0","","4.0","","1","N","N","","0","","1","0","0","","0","Y","","1","1","0","0","0","0","0","1","0","1","","","","N","","","","","","","","","",""
"2010091580","","2","0","0","0","0","0","0","0","0","1","0","","02","9","2010","5","40.528499","-79.850278","","11","0","0","0","0","0","1","0","0","","0","0","0","","","1","","2","","40 31:42.598","","3","79 51:01.000","4","0","0","0","2208","0","0","0","N","0","0","0","4","02208","1","","1.0","","1","N","N","","0","","0","0","0","","2","","","3","1","0","0","0","0","0","2","1","3","","","","N","","","","","","","","","",""
"2010091582","","1","0","0","0","0","0","0","0","0","4","0","","02","9","2010","6","40.343801","-79.938441","","11","0","0","0","0","0","0","0","0","1","0","0","0","","","1","","1","","40 20:37.683","5","0","79 56:18.387","3","0","0","0","2473","0","0","0","N","0","0","0","6","02473","0","","1.0","","1","N","N","","0","","1","0","2","","2","N","","3","1","0","0","0","0","0","2","0","3","","","","N","","","","","","","","","",""
"2010091592","","2","0","0","0","0","0","0","0","0","1","0","","02","9","2010","6","40.34889","-79.939012","","11","0","0","0","0","0","0","1","0","","0","0","0","","","4","","1","","40 20:56.003","","0","79 56:20.443","4","0","0","0","2473","0","0","0","N","0","0","0","6","02473","4","","1.0","","1","N","N","","0","","0","0","1","","2","","","3","4","0","0","0","0","0","2","0","3","","","","N","","","","","","","","","",""
"2010091614","","2","0","0","0","0","0","0","0","0","4","0","","02","9","2010","7","40.458158","-79.924508","","11","0","0","0","0","0","0","0","1","","0","0","0","","","1","","0","","40 27:29.368","","0","79 55:28.228","4","0","0","0","2301","0","0","0","N","0","0","0","1","02301","1","","5.0","","1","N","N","","0","","0","0","0","","0","","","2","1","0","0","0","0","0","2","0","2","","","","N","","","","","","","","","",""
"2010091625","","2","0","0","0","0","0","0","0","0","4","0","","02","9","2010","7","40.451874","-79.931662","","11","0","0","0","0","0","0","0","0","","0","0","0","","","0","","2","","40 27:06.746","","0","79 55:53.983","0","0","0","0","2301","0","0","0","N","0","0","0","2","02301","0","","1.0","","1","N","N","","0","","0","0","0","","3","","","2","0","0","0","0","0","0","2","0","2","","","","N","","","","","","","","","",""
"2010091626","","2","0","0","0","0","0","0","0","0","1","0","","02","9","2010","7","40.623463","-80.053715","","11","0","0","1","0","0","1","0","0","1","0","0","0","","","0","","1","","40 37:24.466","5","0","80 03:13.374","0","0","0","0","2216","0","0","0","N","0","0","0","4","02505","0","","1.0","","1","N","N","","0","","0","0","1","","2","N","","3","0","0","0","0","0","0","2","0","3","","","","N","","","","","","","","","",""
"2010091642","","1","0","0","0","0","0","0","0","0","1","0","","02","9","2010","7","40.479225","-79.96637","","11","0","0","0","0","0","0","0","0","1","0","0","0","","","0","","6","","40 28:45.210","1","2","79 57:58.931","0","0","0","1","2445","0","0","0","N","0","0","0","6","02445","0","","7.0","","1","N","N","","0","","0","0","0","","3","N","","2","0","0","0","0","0","0","2","0","2","","","","N","","","","","","","","","",""
"2010091647","","2","0","0","0","0","0","0","0","0","4","0","","02","9","2010","5","40.370095","-80.10095","","11","0","0","1","0","0","0","0","0","1","0","0","0","","","1","","0","","40 22:12.343","4","0","80 06:03.420","4","0","0","0","2102","0","0","0","N","0","0","0","3","02102","1","","1.0","","1","N","N","","0","","0","0","0","","2","Y","","2","1","0","0","0","0","0","2","0","2","","","","N","","","","","","","","","",""
"2010091649","","0","0","0","0","0","0","0","0","0","4","0","","02","9","2010","7","40.455815","-79.994826","","11","0","0","0","0","0","1","0","0","2","0","0","0","","","2","","1","","40 27:20.934","5","0","79 59:41.373","8","0","0","1","2301","0","0","0","N","0","0","0","3","02301","0","","1.0","","1","N","N","","0","","0","0","0","","3","Y","","2","2","0","0","0","2","0","2","1","2","","","","N","","","","","","","","","",""
"2010091656","","1","0","0","0","0","0","0","0","0","2","2","35","02","9","2010","2","","","","11","0","0","0","0","0","0","0","0","3","0","2","0","","","2","","0","","","5","7","","2","0","0","0","2445","0","0","0","Y","0","0","0","4","02445","1","","1.0","","1","N","N","","0","","0","1","1","","0","Y","","4","2","1","0","1","0","0","1","0","4","","","U","Y","4","1","","","N","Y","Y","","Y",""
"2010091668","","0","0","0","0","0","0","0","0","0","4","0","","02","9","2010","7","40.498722","-79.853793","","11","0","0","0","0","0","0","0","0","3","0","0","0","","","1","","2","","40 29:55.398","6","0","79 51:13.654","8","0","0","0","2112","0","0","0","N","0","0","0","5","02112","0","","1.0","","1","N","N","","0","","0","0","1","","0","Y","","2","1","0","0","0","1","0","2","1","2","","","","N","","","","","","","","","",""
"2010091669","","2","0","0","0","0","0","0","0","0","2","0","","02","9","2010","6","40.550904","-79.884538","","11","0","0","0","0","0","0","1","0","1","0","0","0","","","2","","0","","40 33:03.254","6","0","79 53:04.338","4","0","0","0","2209","0","0","0","Y","0","0","0","3","02209","2","","1.0","","1","N","N","","0","","0","0","0","","0","Y","","2","2","0","0","0","0","0","2","0","2","","","","N","","","","","","","","","",""
"2010091670","","1","0","0","0","0","0","0","0","0","4","0","","02","9","2010","7","","","","11","0","0","0","0","0","0","0","0","1","0","0","0","","","0","","0","","","3","7","","0","0","0","0","2407","0","0","0","N","0","0","0","2","02407","0","","1.0","","1","N","N","","0","","0","0","1","","0","N","","2","0","0","0","0","0","0","1","0","2","","","","N","","","","","","","","","",""
"2010091688","","2","0","0","0","0","0","0","0","0","4","0","","02","9","2010","7","40.392951","-79.997312","","11","0","0","0","0","1","0","0","0","","0","0","0","","","0","","2","","40 23:34.624","","0","79 59:50.324","0","0","0","0","2301","0","0","0","N","0","0","0","3","02301","0","","1.0","","1","N","N","","0","","0","0","0","","2","","","3","0","0","0","0","0","0","2","1","3","","","","N","","","","","","","","","",""
"2010091693","","1","0","0","0","0","0","0","0","0","0","0","","02","9","2010","7","40.442225","-79.957896","","11","0","0","0","0","0","0","0","0","","0","0","0","","","1","","1","","40 26:32.010","","0","79 57:28.425","3","0","0","1","2301","0","0","0","N","0","0","0","3","02301","0","","1.0","","1","N","N","","0","","1","0","0","","2","","","2","1","0","0","0","0","0","2","0","2","","","","N","","","","","","","","","",""
"2010091705","","0","0","0","0","0","0","0","0","0","5","1","","02","9","2010","7","40.444181","-79.991001","","11","0","0","0","0","0","1","0","0","","0","1","0","","","1","","6","","40 26:39.052","","3","79 59:27.602","8","0","0","0","2301","0","0","0","N","0","0","0","2","02301","0","","1.0","","1","N","N","","0","","0","0","1","","0","","","2","1","0","0","0","1","0","2","0","2","","","","N","","","","","","","","","",""
"2010091722","","2","0","0","0","0","0","0","0","0","4","0","","02","9","2010","5","40.322068","-79.852849","","11","0","0","0","0","0","0","0","0","","0","0","0","","","0","","0","","40 19:19.444","","0","79 51:10.256","0","0","0","0","2442","0","0","0","N","0","0","0","1","02442","0","","1.0","","9","N","N","","0","","0","0","0","","0","","","2","0","0","0","0","0","0","2","0","2","","","","N","","","","","","","","","",""
"2010091732","","2","0","0","0","0","0","0","0","0","4","0","","02","9","2010","7","40.438568","-79.985087","","11","0","0","0","0","0","1","0","0","","0","0","0","","","0","","1","","40 26:18.844","","0","79 59:06.313","0","0","0","0","2301","0","0","0","N","0","0","0","3","02301","0","","1.0","","1","N","N","","0","","0","0","0","","1","","","2","0","0","0","0","0","0","2","0","2","","","","N","","","","","","","","","",""
"2010091734","","0","0","0","0","0","0","0","0","0","7","0","","02","9","2010","1","40.455727","-79.968686","","11","0","0","0","0","0","0","0","0","1","0","0","0","","","0","","0","","40 27:20.617","2","0","79 58:07.269","9","0","0","0","2301","0","0","0","N","0","0","0","1","02301","0","","5.0","","1","N","N","","0","","0","0","1","","0","N","","1","0","0","0","0","0","1","2","0","1","","","","N","","","","","","","","","",""
"2010091762","","2","0","0","0","0","0","0","0","0","1","0","","02","9","2010","7","40.333537","-80.133396","","11","0","0","0","0","0","1","0","0","2","0","0","0","","","1","","2","","40 20:00.732","2","0","80 08:00.226","8","0","0","0","2119","0","0","0","N","0","0","0","3","02119","0","","1.0","","1","N","N","","0","","0","0","0","","0","N","","2","1","0","0","0","1","0","2","0","2","","","","N","","","","","","","","","",""
"2010091764","","1","0","0","0","0","0","0","0","0","4","0","","02","9","2010","2","40.383327","-80.193443","","11","0","0","0","0","0","1","0","0","1","0","0","0","","","1","","3","","40 22:59.976","5","0","80 11:36.393","8","0","0","1","2119","0","0","0","N","0","0","0","2","02119","0","","1.0","","1","N","N","","0","","0","0","0","","4","N","","2","1","0","0","0","1","0","2","0","2","","","","N","","","","","","","","","",""
"2010091766","","0","0","0","0","0","0","0","0","0","7","0","","02","9","2010","7","40.353117","-79.978071","","11","0","0","0","0","0","1","0","0","1","0","0","0","","","1","","0","","40 21:11.222","1","0","79 58:41.057","4","0","0","0","2476","0","0","0","N","0","0","0","2","02476","1","","5.0","","1","N","N","","0","","0","0","1","","0","N","","1","1","1","0","0","0","0","2","0","1","","","","N","","","","","","","","","",""
"2010091768","","2","0","0","0","0","0","0","0","0","4","0","","02","9","2010","5","40.445803","-79.71274","","11","0","0","0","0","0","2","0","0","","0","0","0","","","0","","0","","40 26:44.889","","7","79 42:45.864","0","0","0","0","2446","0","0","0","N","0","0","0","2","02446","0","","1.0","","1","N","N","","0","","0","0","0","","0","","","2","0","0","0","0","0","0","2","0","2","","","","N","","","","","","","","","",""
"2010091771","","2","0","0","0","0","0","0","0","0","2","0","","02","9","2010","1","40.407187","-80.036253","","11","0","0","0","0","0","1","0","0","","0","0","0","","","2","","2","","40 24:25.873","","0","80 02:10.510","4","0","0","0","2301","0","0","0","N","0","0","0","3","02301","2","","1.0","","1","N","N","","0","","0","0","0","","0","","","2","2","0","0","0","0","1","2","0","2","","","","N","","","","","","","","","",""
"2010091783","","1","0","0","1","0","0","0","0","0","8","0","","02","9","2010","1","40.548649","-80.036978","","11","0","0","0","0","0","0","0","0","1","0","0","0","","","1","","1","","40 32:55.138","5","0","80 02:13.119","8","0","0","0","2116","1","0","0","N","0","0","0","2","02116","0","","1.0","","1","N","N","","0","","0","0","0","","2","Y","","2","1","0","0","0","1","0","2","0","1","","","","N","","","","","","","","","",""
"2010091784","","0","0","0","0","0","0","0","0","0","1","0","","02","9","2010","7","40.61652","-79.846347","","11","0","0","0","0","0","0","1","0","","0","0","0","","","2","","0","","40 36:59.472","","0","79 50:46.850","4","0","0","0","2220","0","0","0","N","0","0","0","4","02220","2","","1.0","","1","N","N","","0","","0","0","2","","0","","","2","2","0","0","0","0","0","2","0","2","","","","N","","","","","","","","","",""
"2010091791","","2","0","0","0","0","0","0","0","0","2","0","","02","9","2010","5","40.469766","-79.92705","","11","0","0","0","0","0","0","0","1","","0","0","0","","","0","","1","","40 28:11.157","","0","79 55:37.380","0","0","0","0","2301","0","0","0","N","0","0","0","2","02301","0","","1.0","","1","N","N","","0","","0","0","0","","3","","","2","0","0","0","0","0","0","2","0","2","","","","N","","","","","","","","","",""
"2010091793","","2","0","0","0","0","0","0","0","0","4","0","","02","9","2010","5","40.433037","-80.029231","","11","0","0","0","0","0","1","0","0","","0","0","0","","","0","","1","","40 25:58.933","","0","80 01:45.231","0","0","0","0","2301","0","0","0","N","0","0","0","2","02301","0","","1.0","","1","N","N","","0","","0","0","0","","3","","","2","0","0","0","0","0","0","2","0","2","","","","N","","","","","","","","","",""
"2010091795","","2","0","0","0","0","0","0","0","0","4","0","","02","9","2010","1","40.386655","-80.050228","","11","0","0","0","0","0","1","0","0","","0","0","0","","","0","","1","","40 23:11.958","","0","80 03:00.820","0","0","0","0","2109","0","0","0","N","0","0","0","2","02109","0","","1.0","","1","N","N","","0","","0","0","0","","3","","","2","0","0","0","0","0","0","2","0","2","","","","N","","","","","","","","","",""
"2010091809","","1","0","0","0","0","0","0","0","0","7","0","","02","9","2010","1","40.476279","-79.989333","","11","0","0","0","0","0","0","0","0","","0","0","0","","","1","","0","","40 28:34.604","","0","79 59:21.598","3","0","0","0","2301","0","0","0","N","0","0","0","2","02301","0","","2.0","","1","N","N","","0","","1","0","0","","0","","","1","1","1","0","0","0","0","2","0","1","","","","N","","","","","","","","","",""
"2010091817","","1","0","0","0","0","0","0","0","0","7","0","","02","9","2010","7","40.660454","-79.984218","","11","0","0","0","0","0","0","0","0","2","0","0","0","","","0","","0","","40 39:37.633","6","0","79 59:03.186","0","0","0","0","2217","0","0","0","N","0","0","0","3","02505","0","","5.0","","9","N","N","","0","","0","0","0","","0","N","","1","0","0","0","0","0","0","1","0","1","","","","N","","","","","","","","","",""
"2010091819","","3","0","0","0","0","0","0","0","0","1","0","","02","9","2010","4","40.38916","-79.821164","","11","0","0","0","0","0","1","1","0","1","0","0","0","","","1","","2","","40 23:20.976","3","0","79 49:16.190","8","0","0","0","2111","0","0","0","N","0","0","0","5","02111","0","","1.0","","1","N","N","","0","","0","0","0","","3","N","","3","1","0","0","0","1","0","2","0","3","","","","N","","","","","","","","","",""
"2010091828","","1","0","0","0","0","0","0","0","0","99","0","","02","9","2010","1","40.397613","-80.104034","","11","0","0","0","0","0","0","0","0","","0","0","0","","","0","","0","","40 23:51.405","","0","80 06:14.523","0","0","0","0","2102","0","0","0","N","0","0","0","1","68B03","0","","1.0","","1","N","N","","0","","0","0","0","","0","","","1","0","0","0","0","0","0","2","0","1","","","","N","","","","","","","","","",""
"2010091855","","0","0","0","0","0","0","0","0","0","7","0","","02","9","2010","6","40.433981","-79.747843","","11","0","0","0","0","0","0","0","1","","0","0","0","","","1","","0","","40 26:02.331","","2","79 44:52.235","4","0","0","0","2446","0","0","0","N","0","0","0","1","68T09","1","","2.0","","1","N","N","","1","","0","0","0","","0","","","1","1","0","0","0","0","0","2","0","1","","","","N","","","","","","","","","",""
"2010091878","","2","0","0","0","0","0","0","0","0","4","0","","02","9","2010","1","40.430057","-79.957786","","11","0","0","0","0","0","1","0","0","3","0","0","0","","","2","","2","","40 25:48.205","6","0","79 57:28.031","3","0","0","0","2301","0","0","0","N","0","0","0","3","02301","1","","1.0","","1","N","N","","0","","1","0","0","","2","N","","2","2","0","0","0","0","1","2","0","2","","","","N","","","","","","","","","",""
"2010091879","","1","0","0","0","0","0","0","0","0","7","0","","02","9","2010","2","40.535908","-80.0046","","11","1","0","0","0","0","0","0","0","","0","0","0","","","0","","2","","40 32:09.268","","0","80 00:16.560","0","0","0","0","2116","0","0","0","N","0","0","0","2","02116","0","","5.0","","1","","N","","0","","0","0","0","","3","","","1","0","0","0","0","0","0","2","0","1","","","","N","","","","","","","","","",""
"2010091880","","1","0","0","0","0","0","0","0","0","7","0","","02","9","2010","1","40.517005","-80.021966","","11","0","0","0","0","0","0","0","0","3","0","0","0","","","2","","0","","40 31:01.218","3","0","80 01:19.077","2","0","0","0","2474","0","0","0","N","0","0","0","3","02474","1","","5.0","","1","N","N","","0","","0","1","0","","0","Y","","1","2","0","0","0","0","1","2","0","1","","","","N","","","","","","","","","",""
"2010091887","","1","0","0","0","0","0","0","0","0","4","0","","02","9","2010","1","40.444202","-80.028173","","11","0","0","0","0","0","1","0","0","1","0","0","0","","","1","","10","","40 26:39.126","2","3","80 01:41.424","4","0","0","0","2301","0","0","0","N","0","0","0","4","02301","1","","1.0","","1","N","N","","0","","0","0","1","","2","N","","2","1","0","0","0","0","0","2","0","2","","","","N","","","","","","","","","",""
"2010091893","","0","0","0","0","0","0","0","0","0","5","0","","02","9","2010","5","40.464747","-79.979783","","11","0","0","0","0","0","1","0","0","2","0","0","0","","","1","","2","","40 27:53.088","5","0","79 58:47.220","4","0","0","0","2301","0","0","0","N","0","0","0","6","02301","1","","1.0","","1","N","N","","1","","0","0","1","","2","Y","","3","1","0","0","0","0","0","2","1","3","","","","N","","","","","","","","","",""
"2010091899","","0","0","0","0","0","0","0","0","0","2","0","","02","9","2010","7","40.654788","-79.8973","","11","0","0","0","0","0","0","0","0","1","0","0","0","","","0","","1","","40 39:17.238","2","0","79 53:50.281","0","0","0","0","2220","0","0","0","N","0","0","0","5","02220","0","","1.0","","1","N","N","","0","","0","0","2","","0","N","","2","0","0","0","0","0","0","1","0","2","","","","N","","","","","","","","","",""
"2010091903","","0","0","0","0","0","0","0","0","0","4","0","","02","9","2010","1","40.378389","-79.922345","","11","0","0","0","0","0","0","0","0","4","1","0","0","","","1","","0","","40 22:42.200","7","0","79 55:20.443","1","1","1","1","2301","0","0","0","N","0","0","0","3","02301","0","2","1.0","","1","N","N","","0","0","0","1","1","","0","Y","","2","1","0","0","0","0","0","2","0","2","","","","N","","","","","","","","","",""
"2010091907","","2","0","2","0","0","0","0","0","0","4","0","","02","9","2010","1","40.468672","-79.962301","","11","0","0","0","0","0","0","0","0","4","0","0","0","","","4","","1","","40 28:07.220","6","0","79 57:44.282","2","0","0","0","2301","0","0","0","N","0","0","0","4","02301","1","","1.0","","1","N","N","","0","","0","2","0","","2","Y","","2","4","2","0","0","1","0","2","0","2","","","","N","","","","","","","","","",""
"2010091909","","1","0","0","0","0","0","0","0","0","99","0","","02","9","2010","1","40.411014","-80.005933","","11","0","0","0","0","0","0","0","0","","0","0","0","","","0","","2","","40 24:39.651","","0","80 00:21.360","9","0","0","0","2301","0","0","0","N","0","0","0","1","02301","0","","5.0","","1","N","N","","0","","0","0","0","","0","","","1","0","0","0","0","0","1","2","0","1","","","","N","","","","","","","","","",""
"2010091912","","1","0","0","0","0","0","0","0","0","1","0","","02","9","2010","7","40.449819","-79.929656","","11","0","0","0","0","0","0","0","0","1","0","0","0","","","1","","1","","40 26:59.348","4","0","79 55:46.761","8","0","0","0","2301","0","0","0","N","0","0","0","2","02301","0","","1.0","","1","N","N","","0","","0","0","0","","2","N","","2","1","0","0","0","1","1","2","1","2","","","","N","","","","","","","","","",""
"2010091922","","1","0","0","0","0","0","0","0","0","7","0","","02","9","2010","7","40.323648","-79.838826","","11","0","0","0","0","0","0","0","0","2","0","0","0","","","1","","0","","40 19:25.132","2","0","79 50:19.775","3","0","0","0","2469","0","0","0","Y","0","0","0","1","02469","0","","2.0","","1","N","N","","0","","1","0","0","","0","Y","","1","1","1","0","0","0","0","2","0","1","","","","N","","","","","","","","","",""
"2010091925","","1","0","0","0","0","0","0","0","0","6","0","","02","9","2010","2","40.458145","-79.908464","","11","0","0","0","0","0","1","0","0","1","0","0","0","","","1","","1","","40 27:29.322","1","0","79 54:30.472","4","0","0","0","2301","0","0","0","N","0","0","0","2","02301","1","","1.0","","1","N","N","","1","","0","0","0","","3","N","","2","1","0","0","0","0","0","2","0","2","","","","N","","","","","","","","","",""
"2010091926","","1","0","0","0","0","0","0","0","0","6","0","","02","9","2010","2","40.44423","-79.993331","","11","0","0","0","0","0","0","0","0","","0","0","0","","","0","","0","","40 26:39.228","","0","79 59:35.991","0","0","0","0","2301","0","0","0","N","0","0","0","3","02301","0","","1.0","","1","N","N","","0","","0","0","1","","0","","","2","0","0","0","0","0","0","2","0","2","","","","N","","","","","","","","","",""
"2010091929","","2","0","0","0","0","0","0","0","0","2","0","","02","9","2010","1","40.620782","-79.731138","","11","0","0","0","0","0","0","1","0","","0","0","0","","","0","","0","","40 37:14.815","","0","79 43:52.096","0","0","0","0","2106","0","0","0","N","0","0","0","1","02106","0","","1.0","","1","N","N","","0","","0","0","0","","0","","","2","0","0","0","0","0","0","2","0","2","","","","N","","","","","","","","","",""
"2010091953","","1","0","0","0","0","0","0","0","0","99","0","","02","9","2010","1","40.663563","-79.718078","","11","0","0","0","0","0","0","0","0","","0","0","0","","","0","","0","","40 39:48.827","","0","79 43:05.079","0","0","0","0","2106","0","0","0","N","0","0","0","1","68D02","0","","1.0","","1","N","N","","0","","0","0","0","","0","","","1","0","0","0","0","0","0","2","0","1","","","","N","","","","","","","","","",""
"2010092030","","2","0","0","0","0","0","0","0","0","3","0","","02","9","2010","1","40.415641","-79.977231","","11","0","0","0","0","0","0","0","0","","0","0","0","","","0","","0","","40 24:56.307","","0","79 58:38.031","0","0","0","0","2301","0","0","0","N","0","0","0","1","02301","0","","1.0","","1","N","N","","1","","0","0","0","","0","","","3","0","0","0","0","0","0","2","0","3","","","","N","","","","","","","","","",""
"2010092032","","2","0","0","0","0","0","0","0","0","1","0","","02","8","2010","5","40.430419","-79.710978","","11","0","0","0","0","0","0","1","0","","0","0","0","","","0","","1","","40 25:49.509","","0","79 42:39.520","0","0","0","0","2446","0","0","0","N","0","0","0","2","02446","0","","1.0","","1","N","N","","0","","0","0","0","","2","","","2","0","1","0","0","0","0","2","0","2","","","","N","","","","","","","","","",""
"2010092033","","3","0","0","0","0","0","0","0","0","1","0","","02","9","2010","6","40.521232","-80.005119","","11","0","0","0","0","0","1","0","0","1","0","0","0","","","0","","0","","40 31:16.434","1","0","80 00:18.430","0","0","0","0","2116","0","0","0","N","0","0","0","4","02116","0","","1.0","","1","N","N","","0","","0","0","0","","0","N","","3","0","0","0","0","0","0","2","0","3","","","","N","","","","","","","","","",""
"2010092036","","0","0","0","0","0","0","0","0","0","7","0","","02","9","2010","1","40.426447","-79.725026","","11","0","0","0","0","0","0","1","0","","0","0","0","","","0","","10","","40 25:35.210","","0","79 43:30.092","0","0","0","0","2446","0","0","0","N","0","0","0","1","02446","0","","5.0","","1","N","N","","1","","0","0","0","","0","","","1","0","0","0","0","0","0","2","0","1","","","","N","","","","","","","","","",""
"2010092038","","1","0","0","0","0","0","0","0","0","6","0","","02","9","2010","5","40.45235","-79.761303","","11","0","0","0","0","0","2","0","0","","0","0","0","","","0","","10","","40 27:08.460","","0","79 45:40.690","0","0","0","0","2446","0","0","0","N","0","0","0","2","02446","0","","1.0","","1","N","N","","0","","0","0","1","","0","","","2","0","0","0","0","0","0","2","0","2","","","","N","","","","","","","","","",""
"2010092048","","2","0","0","0","0","0","0","0","0","2","0","","02","9","2010","2","40.495282","-79.781893","","11","0","2","0","0","0","0","0","0","","0","0","0","","","0","","2","","40 29:43.016","","0","79 46:54.814","0","0","0","0","2466","0","0","0","N","0","0","0","2","02466","0","","1.0","","1","N","N","","0","","0","0","0","","3","","","2","0","2","0","0","0","0","2","0","2","","","","N","","","","","","","","","",""
"2010092049","","0","0","0","0","0","0","0","0","0","7","0","","02","9","2010","1","40.427048","-80.011916","","11","0","0","0","0","0","0","0","0","1","0","0","0","","","0","","0","","40 25:37.374","4","0","80 00:42.896","0","0","0","0","2301","0","0","0","N","0","0","0","0","02301","0","","4.0","","1","N","N","","1","","0","0","0","","0","N","","1","0","0","0","0","0","0","2","0","1","","","","N","","","","","","","","","",""
"2010092053","","0","0","0","0","0","0","0","0","0","4","0","","02","9","2010","2","40.389526","-79.936299","","11","0","0","0","0","0","0","0","0","3","0","0","0","","","5","","2","","40 23:22.294","4","0","79 56:10.677","8","0","0","0","2301","0","0","0","N","0","0","0","5","02301","0","","1.0","","9","N","N","","1","","0","0","0","","0","N","","2","5","2","0","0","5","0","2","1","2","","","","N","","","","","","","","","",""
"2010092055","","2","0","0","0","0","0","0","0","0","1","0","","02","9","2010","5","40.514039","-80.004199","","11","0","0","1","0","0","0","0","0","","0","0","0","","","0","","0","","40 30:50.540","","0","80 00:15.115","0","0","0","0","2116","0","0","0","N","0","0","0","2","02116","0","","1.0","","1","N","N","","0","","0","0","0","","0","","","2","0","0","0","0","0","0","2","0","2","","","","N","","","","","","","","","",""