"CRN","ARRIVAL_TM","AUTOMOBILE_COUNT","BELTED_DEATH_COUNT","BELTED_SUSP_SERIOUS_INJ_COUNT","BICYCLE_COUNT","BICYCLE_DEATH_COUNT","BICYCLE_SUSP_SERIOUS_INJ_COUNT","BUS_COUNT","CHLDPAS_DEATH_COUNT","CHLDPAS_SUSP_SERIOUS_INJ_COUNT","COLLISION_TYPE","COMM_VEH_COUNT","CONS_ZONE_SPD_LIM","COUNTY","CRASH_MONTH","CRASH_YEAR","DAY_OF_WEEK","DEC_LATITUDE","DEC_LONGITUDE","DISPATCH_TM","DISTRICT","DRIVER_COUNT_16YR","DRIVER_COUNT_17YR","DRIVER_COUNT_18YR","DRIVER_COUNT_19YR","DRIVER_COUNT_20YR","DRIVER_COUNT_50_64YR","DRIVER_COUNT_65_74YR","DRIVER_COUNT_75PLUS","EST_HRS_CLOSED","FATAL_COUNT","HEAVY_TRUCK_COUNT","HORSE_BUGGY_COUNT","HOUR_OF_DAY","ILLUMINATION","INJURY_COUNT","INTERSECTION_RELATED","INTERSECT_TYPE","LANE_CLOSED","LATITUDE","LN_CLOSE_DIR","LOCATION_TYPE","LONGITUDE","MAX_SEVERITY_LEVEL","MCYCLE_DEATH_COUNT","MCYCLE_SUSP_SERIOUS_INJ_COUNT","MOTORCYCLE_COUNT","MUNICIPALITY","NONMOTR_COUNT","NONMOTR_DEATH_COUNT","NONMOTR_SUSP_SERIOUS_INJ_COUNT","NTFY_HIWY_MAINT","PED_COUNT","PED_DEATH_COUNT","PED_SUSP_SERIOUS_INJ_COUNT","PERSON_COUNT","POLICE_AGCY","POSSIBLE_INJ_COUNT","RDWY_SURF_TYPE_CD","RELATION_TO_ROAD","ROADWAY_CLEARED","ROAD_CONDITION","SCH_BUS_IND","SCH_ZONE_IND","SECONDARY_CRASH","SMALL_TRUCK_COUNT","SPEC_JURIS_CD","SUSP_MINOR_INJ_COUNT","SUSP_SERIOUS_INJ_COUNT","SUV_COUNT","TCD_FUNC_CD","TCD_TYPE","TFC_DETOUR_IND","TIME_OF_DAY","TOTAL_UNITS","TOT_INJ_COUNT","UNBELTED_OCC_COUNT","UNB_DEATH_COUNT","UNB_SUSP_SERIOUS_INJ_COUNT","UNK_INJ_DEG_COUNT","UNK_INJ_PER_COUNT","URBAN_RURAL","VAN_COUNT","VEHICLE_COUNT","WEATHER1","WEATHER2","WORKERS_PRES","WORK_ZONE_IND","WORK_ZONE_LOC","WORK_ZONE_TYPE","WZ_CLOSE_DETOUR","WZ_FLAGGER","WZ_LAW_OFFCR_IND","WZ_LN_CLOSURE","WZ_MOVING","WZ_OTHER","WZ_SHLDER_MDN","WZ_WORKERS_INJ_KILLED"
"2010094316","","1","0","0","0","0","0","0","0","0","7","0","","02","10","2010","7","40.49988","-79.796969","","11","0","0","0","0","0","0","0","0","2","0","0","0","","","0","","0","","40 29:59.568","2","0","79 47:49.088","0","0","0","0","2113","0","0","0","N","0","0","0","1","02113","0","","5.0","","1","N","N","","0","","0","0","0","","0","N","","1","0","1","0","0","0","0","2","0","1","","","","N","","","","","","","","","",""
"2010094329","","0","0","0","0","0","0","0","0","0","1","1","","02","10","2010","6","40.428","-79.719614","","11","0","0","0","0","0","0","1","0","","0","1","0","","","1","","0","","40 25:40.801","","0","79 43:10.611","4","0","0","0","2446","0","0","0","N","0","0","0","2","02446","1","","1.0","","1","N","N","","1","","0","0","0","","0","","","2","1","0","0","0","0","0","2","0","2","","","","N","","","","","","","","","",""
"2010094331","","2","0","0","0","0","0","0","0","0","4","0","","02","10","2010","6","40.421831","-80.049222","","11","0","0","0","0","0","0","0","0","","0","0","0","","","0","","0","","40 25:18.590","","0","80 02:57.199","0","0","0","0","2435","0","0","0","N","0","0","0","2","02435","0","","1.0","","1","N","N","","0","","0","0","0","","0","","","2","0","0","0","0","0","0","2","0","2","","","","N","","","","","","","","","",""
"2010094339","","3","0","0","0","0","0","0","0","0","0","0","","02","9","2010","3","40.438864","-79.762536","","11","0","0","0","0","0","0","0","0","","0","0","0","","","1","","0","","40 26:19.910","","7","79 45:45.128","8","0","0","0","2446","0","0","0","N","0","0","0","3","02446","0","","1.0","","1","N","N","","0","","0","0","0","","2","","","3","1","0","0","0","1","0","2","0","3","","","","N","","","","","","","","","",""
"2010094341","","1","0","0","0","0","0","0","0","0","7","0","","02","9","2010","5","40.450156","-79.732289","","11","0","0","0","0","0","1","0","0","2","0","0","0","","","1","","0","","40 27:00.560","5","0","79 43:56.240","4","0","0","0","2446","0","0","0","N","0","0","0","1","02446","1","","5.0","","9","N","N","","0","","0","0","0","","0","Y","","1","1","0","0","0","0","0","2","0","1","","","","N","","","","","","","","","",""
"2010094344","","1","0","0","0","0","0","0","0","0","1","0","","02","9","2010","1","40.407296","-80.033579","","11","0","0","0","0","0","1","0","0","1","0","0","0","","","0","","1","","40 24:26.264","1","0","80 02:00.884","0","0","0","0","2301","0","0","0","N","0","0","0","2","02301","0","","1.0","","1","N","N","","0","","0","0","1","","2","N","","2","0","1","0","0","0","0","2","0","2","","","","N","","","","","","","","","",""
"2010094356","","1","0","0","0","0","0","0","0","0","1","0","","02","10","2010","7","40.426477","-79.926779","","11","0","0","0","0","0","1","0","0","","0","0","0","","","2","","0","","40 25:35.317","","0","79 55:36.405","4","0","0","0","2301","0","0","0","N","0","0","0","3","02301","1","","1.0","","1","N","N","","0","","0","0","1","","0","","","2","2","0","0","0","1","0","2","0","2","","","","N","","","","","","","","","",""
"2010094358","","1","0","0","0","0","0","0","0","0","7","0","","02","10","2010","6","40.428583","-79.965423","","11","0","0","0","0","0","0","0","1","","0","0","0","","","0","","1","","40 25:42.898","","0","79 57:55.522","0","0","0","0","2301","0","0","0","N","0","0","0","1","02301","0","","5.0","","1","N","N","","0","","0","0","0","","3","","","1","0","0","0","0","0","0","2","0","1","","","","N","","","","","","","","","",""
"2010094360","","1","0","0","0","0","0","0","0","0","1","0","","02","9","2010","4","40.37866","-79.80496","","11","0","0","0","0","0","0","0","0","2","0","0","0","","","1","","2","","40 22:43.175","4","0","79 48:17.855","8","0","0","0","2111","0","0","0","N","0","0","0","2","02111","0","","1.0","","1","N","N","","1","","0","0","0","","0","Y","","2","1","0","0","0","1","0","2","0","2","","","","N","","","","","","","","","",""
"2010094365","","1","0","0","0","0","0","0","0","0","2","0","","02","10","2010","7","40.438835","-79.957146","","11","0","0","0","0","2","0","0","0","","0","0","0","","","0","","1","","40 26:19.806","","0","79 57:25.725","0","0","0","0","2301","0","0","0","N","0","0","0","2","02301","0","","1.0","","1","N","N","","0","","0","0","1","","3","","","2","0","0","0","0","0","0","2","0","2","","","","N","","","","","","","","","",""
"2010094384","","2","0","0","0","0","0","0","0","0","4","0","","02","9","2010","4","40.516311","-80.161239","","11","0","0","0","0","0","0","0","1","","0","0","0","","","0","","1","","40 30:58.718","","0","80 09:40.461","0","0","0","0","2420","0","0","0","N","0","0","0","2","02420","0","","1.0","","9","N","N","","0","","0","0","0","","2","","","2","0","0","0","0","0","0","2","0","2","","","","N","","","","","","","","","",""
"2010094389","","1","0","0","0","0","0","0","0","0","4","0","","02","9","2010","4","40.540365","-79.781278","","11","0","0","0","0","0","1","0","0","","0","0","0","","","0","","0","","40 32:25.314","","0","79 46:52.599","0","0","0","0","2445","0","0","0","N","0","0","0","1","02445","0","","6.0","","1","N","N","","2","","0","0","0","","2","","","3","0","0","0","0","0","0","2","0","3","","","","N","","","","","","","","","",""
"2010094396","","3","0","0","0","0","0","0","0","0","1","0","","02","10","2010","6","40.35835","-79.996479","","11","0","1","0","0","0","0","0","0","1","0","0","0","","","0","","0","","40 21:30.059","3","0","79 59:47.324","0","0","0","0","2476","0","0","0","N","0","0","0","3","02476","0","","1.0","","1","N","N","","0","","0","0","0","","0","N","","3","0","0","0","0","0","0","2","0","3","","","","N","","","","","","","","","",""
"2010094411","","2","0","0","0","0","0","0","0","0","1","0","","02","10","2010","6","40.352978","-79.91732","","11","0","0","0","0","0","0","0","0","","0","0","0","","","1","","2","","40 21:10.719","","0","79 55:02.352","4","0","0","0","2473","0","0","0","N","0","0","0","2","02473","1","","1.0","","1","N","N","","0","","0","0","0","","2","","","2","1","1","0","0","0","0","2","0","2","","","","N","","","","","","","","","",""
"2010094415","","1","0","0","0","0","0","0","0","0","4","0","","02","9","2010","5","40.378251","-80.064729","","11","0","0","0","0","0","1","0","0","1","0","0","0","","","1","","1","","40 22:41.703","2","0","80 03:53.023","4","0","0","0","2109","0","0","0","N","0","0","0","2","02109","1","","1.0","","1","N","N","","0","","0","0","1","","2","N","","2","1","0","0","0","0","0","2","0","2","","","","N","","","","","","","","","",""
"2010094425","","1","0","0","0","0","0","0","0","0","4","0","","02","10","2010","7","40.462519","-79.840714","","11","0","0","0","0","0","1","0","1","","0","0","0","","","1","","2","","40 27:45.067","","0","79 50:26.571","8","0","0","0","2113","0","0","0","N","0","0","0","3","02113","0","","1.0","","1","N","N","","0","","0","0","1","","3","","","2","1","1","0","0","1","0","2","0","2","","","","N","","","","","","","","","",""
"2010094476","","1","0","0","0","0","0","0","0","0","8","0","","02","10","2010","7","40.466512","-79.993941","","11","0","0","0","0","0","0","0","0","","0","0","0","","","1","","0","","40 27:59.443","","0","79 59:38.187","8","0","0","0","2301","1","0","0","N","1","0","0","2","02301","0","","1.0","","1","N","N","","0","","0","0","0","","0","","","2","1","0","0","0","1","0","2","0","1","","","","N","","","","","","","","","",""
"2010094481","","1","0","0","1","0","0","0","0","0","8","0","","02","10","2010","7","40.459346","-80.07769","","11","0","0","0","0","0","0","0","1","1","0","0","0","","","1","","1","","40 27:33.645","2","0","80 04:39.684","8","0","0","0","2301","1","0","0","Y","0","0","0","2","02301","0","","1.0","","1","N","N","","0","","0","0","0","","3","N","","2","1","0","0","0","1","0","2","0","1","","","","N","","","","","","","","","",""
"2010094485","","2","0","0","0","0","0","0","0","0","2","0","","02","10","2010","7","40.4384","-79.95775","","11","0","0","0","0","0","0","0","0","","0","0","0","","","0","","1","","40 26:18.240","","0","79 57:27.900","0","0","0","0","2301","0","0","0","N","0","0","0","2","02301","0","","1.0","","1","N","N","","0","","0","0","0","","0","","","2","0","0","0","0","0","0","2","0","2","","","","N","","","","","","","","","",""
"2010094488","","2","0","0","0","0","0","0","0","0","1","0","","02","9","2010","4","40.386698","-79.995284","","11","0","0","0","0","0","1","0","0","","0","0","0","","","0","","0","","40 23:12.114","","0","79 59:43.022","0","0","0","0","2301","0","0","0","N","0","0","0","2","02301","0","","1.0","","9","N","N","","0","","0","0","0","","0","","","2","0","0","0","0","0","0","2","0","2","","","","N","","","","","","","","","",""
"2010094495","","1","0","0","0","0","0","0","0","0","1","0","","02","10","2010","6","40.374203","-79.982389","","11","1","0","0","0","0","0","0","0","","0","0","0","","","1","","0","","40 22:27.130","","0","79 58:56.601","8","0","0","0","2413","0","0","0","N","0","0","0","3","02413","0","","1.0","","1","N","N","","0","","0","0","1","","2","","","2","1","1","0","0","1","0","2","0","2","","","","N","","","","","","","","","",""
"2010094506","","1","0","0","0","0","0","0","0","0","7","0","","02","10","2010","7","40.562758","-80.08716","","11","0","0","0","0","0","0","0","0","","0","0","0","","","1","","0","","40 33:45.929","","0","80 05:13.777","4","0","0","0","2481","0","0","0","Y","0","0","0","3","02481","1","","3.0","","1","N","N","","0","","0","0","0","","0","","","1","1","0","0","0","0","0","2","0","1","","","","N","","","","","","","","","",""
"2010094517","","1","0","0","0","0","0","0","0","0","0","0","","02","10","2010","1","40.352774","-79.83397","","11","0","0","0","0","0","0","0","0","2","0","0","0","","","2","","0","","40 21:09.986","5","0","79 50:02.292","4","0","0","0","2304","0","0","0","","0","0","0","2","02304","1","","5.0","","1","","","","0","","0","0","0","","0","Y","","1","2","2","0","0","1","0","2","0","1","","","","N","","","","","","","","","",""
"2010094556","","1","0","0","0","0","0","0","0","0","1","0","","02","9","2010","4","40.430529","-79.79243","","11","0","0","0","0","0","0","0","0","","0","0","0","","","1","","2","","40 25:49.904","","7","79 47:32.748","8","0","0","0","2446","0","0","0","N","0","0","0","2","02446","0","","1.0","","1","N","N","","0","","0","0","1","","4","","","2","1","0","0","0","1","0","2","0","2","","","","N","","","","","","","","","",""
"2010094561","","1","0","0","0","0","0","0","0","0","1","0","","02","10","2010","1","40.465326","-79.957116","","11","0","0","0","0","0","0","0","0","","0","0","0","","","1","","0","","40 27:55.173","","0","79 57:25.617","3","0","0","0","2301","0","0","0","N","0","0","0","1","02301","0","","4.0","","1","N","N","","1","","1","0","0","","0","","","2","1","0","0","0","0","0","2","0","2","","","","N","","","","","","","","","",""
"2010094566","","1","0","0","0","0","0","0","0","0","4","0","","02","10","2010","7","40.342341","-79.940549","","11","0","0","0","0","0","1","0","0","2","0","0","0","","","1","","0","","40 20:32.427","5","0","79 56:25.976","3","0","0","0","2473","0","0","0","N","0","0","0","3","02473","0","","1.0","","1","N","N","","1","","1","0","0","","0","Y","","2","1","1","0","0","0","0","2","0","2","","","","N","","","","","","","","","",""
"2010094570","","1","0","0","0","0","0","0","0","0","7","0","","02","10","2010","1","40.557153","-80.140007","","11","0","0","0","0","0","0","0","1","","0","0","0","","","0","","0","","40 33:25.749","","0","80 08:24.026","0","0","0","0","2459","0","0","0","N","0","0","0","1","02459","0","","2.0","","9","N","N","","0","","0","0","0","","0","","","1","0","0","0","0","0","0","1","0","1","","","","N","","","","","","","","","",""
"2010094574","","1","0","0","0","0","0","0","0","0","8","0","","02","10","2010","6","40.327222","-80.129126","","11","0","0","0","0","0","1","0","0","","0","0","0","","","1","","2","","40 19:37.999","","0","80 07:44.853","4","0","0","0","2119","1","0","0","N","1","0","0","2","02119","1","","1.0","","1","N","N","","0","","0","0","0","","0","","","2","1","0","0","0","0","0","2","0","1","","","","N","","","","","","","","","",""
"2010094579","","0","0","0","0","0","0","0","0","0","7","0","","02","10","2010","1","","","","11","0","0","1","0","0","0","0","0","","0","0","0","","","0","","0","","","","7","","0","0","0","0","2481","0","0","0","N","0","0","0","1","02481","0","","2.0","","9","N","N","","0","","0","0","1","","0","","","1","0","0","0","0","0","0","1","0","1","","","","N","","","","","","","","","",""
"2010094584","","0","0","0","0","0","0","0","0","0","8","0","","02","10","2010","1","40.448039","-80.017839","","11","0","0","0","0","0","0","0","0","","0","0","0","","","1","","1","","40 26:52.940","","0","80 01:04.220","8","0","0","0","2301","1","0","0","N","1","0","0","5","02301","0","","1.0","","1","N","N","","0","","0","0","0","","2","","","2","1","4","0","0","1","0","2","1","1","","","","N","","","","","","","","","",""
"2010094585","","1","0","0","0","0","0","0","0","0","1","0","","02","10","2010","1","40.352092","-79.851009","","11","0","0","0","0","0","0","0","0","","0","0","0","","","1","","1","","40 21:07.531","","0","79 51:03.632","8","0","0","0","2304","0","0","0","N","0","0","0","4","02304","0","","1.0","","1","N","N","","0","","0","0","1","","2","","","2","1","4","0","0","1","0","2","0","2","","","","N","","","","","","","","","",""
"2010094596","","1","0","0","0","0","0","0","0","0","7","0","","02","10","2010","1","40.455359","-79.884766","","11","0","0","0","0","0","0","0","0","","0","0","0","","","0","","2","","40 27:19.292","","0","79 53:05.157","0","0","0","0","2301","0","0","0","N","0","0","0","2","02301","0","","5.0","","1","N","N","","0","","0","0","0","","0","","","1","0","2","0","0","0","0","2","0","1","","","","N","","","","","","","","","",""
"2010094598","","1","0","0","0","0","0","0","0","0","1","0","","02","10","2010","1","40.416013","-79.925333","","11","0","0","0","0","1","0","0","0","","0","0","0","","","0","","0","","40 24:57.646","","0","79 55:31.198","0","0","0","0","2301","0","0","0","N","0","0","0","6","02301","0","","1.0","","1","N","N","","1","","0","0","0","","2","","","2","0","0","0","0","0","0","2","0","2","","","","N","","","","","","","","","",""
"2010094602","","1","0","0","0","0","0","0","0","0","7","0","","02","10","2010","1","40.374842","-80.094736","","11","0","0","0","0","0","0","0","0","","0","0","0","","","0","","2","","40 22:29.431","","0","80 05:41.049","0","0","0","0","2117","0","0","0","N","0","0","0","1","02117","0","","5.0","","9","N","N","","0","","0","0","0","","0","","","1","0","0","0","0","0","0","2","0","1","","","","N","","","","","","","","","",""
"2010094603","","1","0","0","0","0","0","0","0","0","7","0","","02","10","2010","7","40.665415","-79.928277","","11","0","0","0","0","0","0","0","0","2","0","0","0","","","0","","2","","40 39:55.494","4","0","79 55:41.797","0","0","0","0","2217","0","0","0","N","0","0","0","2","02505","0","","2.0","","1","N","N","","0","","0","0","0","","0","N","","1","0","0","0","0","0","0","1","0","1","","","","N","","","","","","","","","",""
"2010094606","","1","0","0","0","0","0","0","0","0","6","0","","02","10","2010","6","40.494594","-79.925917","","11","0","0","0","0","0","0","0","0","1","0","0","0","","","2","","0","","40 29:40.537","6","0","79 55:33.302","3","0","0","0","2461","0","0","0","N","0","0","0","4","02461","0","","1.0","","1","N","N","","0","","1","0","2","","0","Y","","3","2","0","0","0","1","0","2","0","3","","","","N","","","","","","","","","",""
"2010094609","","1","0","0","0","0","0","0","0","0","4","0","","02","10","2010","7","","","","11","0","0","0","0","0","1","1","0","1","0","0","0","","","0","","0","","","1","7","","0","0","0","0","2214","0","0","0","N","0","0","0","2","02214","0","","1.0","","1","N","N","","0","","0","0","1","","3","N","","2","0","0","0","0","0","0","1","0","2","","","","N","","","","","","","","","",""
"2010094612","","0","0","0","0","0","0","0","0","0","7","0","","02","9","2010","5","40.562165","-79.798859","","11","0","0","0","0","0","1","0","0","1","0","0","0","","","0","","0","","40 33:43.793","5","0","79 47:55.894","0","0","0","0","2121","0","0","0","N","0","0","0","1","02121","0","","5.0","","1","N","N","","0","","0","0","1","","0","N","","1","0","0","0","0","0","0","2","0","1","","","","N","","","","","","","","","",""
"2010094619","","1","0","0","0","0","0","0","0","0","8","0","","02","10","2010","1","40.353467","-80.007191","","11","0","0","0","0","0","0","0","0","2","0","0","0","","","1","","0","","40 21:12.480","6","0","80 00:25.888","3","0","0","0","2476","1","0","0","N","1","0","0","2","02476","0","","1.0","","1","N","N","","0","","1","0","0","","0","Y","","2","1","0","0","0","0","0","2","0","1","","","","N","","","","","","","","","",""
"2010094626","","1","0","0","0","0","0","0","0","0","7","0","","02","10","2010","1","40.468633","-79.954368","","11","0","0","0","0","0","0","0","0","","0","0","0","","","1","","0","","40 28:07.078","","0","79 57:15.724","3","0","0","0","2301","0","0","0","N","0","0","0","1","02301","0","","4.0","","9","N","N","","0","","1","0","0","","0","","","1","1","0","0","0","0","0","2","0","1","","","","N","","","","","","","","","",""
"2010094641","","0","0","0","0","0","0","0","0","0","8","0","","02","10","2010","1","40.4288","-79.9822","","11","0","0","0","0","0","0","0","0","","0","0","0","","","1","","1","","40 25:43.680","","0","79 58:55.920","3","0","0","0","2301","1","0","0","N","1","0","0","2","02301","0","","1.0","","9","N","N","","0","","1","0","1","","2","","","2","1","0","0","0","0","0","2","0","1","","","","N","","","","","","","","","",""
"2010094657","","1","0","0","0","0","0","0","0","0","7","0","","02","9","2010","4","40.491358","-79.889942","","11","0","0","0","0","0","0","0","0","2","0","0","0","","","0","","0","","40 29:28.890","1","0","79 53:23.790","0","0","0","0","2112","0","0","0","N","0","0","0","1","68D02","0","","4.0","","1","N","N","","0","","0","0","0","","0","N","","1","0","0","0","0","0","0","2","0","1","","","","N","","","","","","","","","",""
"2010094661","","1","0","0","0","0","0","0","0","0","7","0","","02","10","2010","1","40.429979","-79.957805","","11","0","0","0","0","0","0","0","0","","0","0","0","","","0","","2","","40 25:47.923","","0","79 57:28.097","0","0","0","0","2301","0","0","0","N","0","0","0","2","02301","0","","5.0","","9","N","N","","0","","0","0","0","","2","","","1","0","0","0","0","0","0","2","0","1","","","","N","","","","","","","","","",""
"2010094749","","1","0","0","0","0","0","0","0","0","7","1","","02","9","2010","5","40.669194","-80.099019","","11","0","0","0","0","1","1","0","0","2","0","1","0","","","1","","0","","40 40:09.098","4","0","80 05:56.470","4","0","0","0","2212","0","0","0","N","0","0","0","3","68T02","1","","3.0","","1","N","N","","0","","0","0","0","","0","N","","2","1","0","0","0","0","0","2","0","2","","","","N","","","","","","","","","",""
"2010094755","","0","0","0","0","0","0","0","0","0","7","0","","02","10","2010","6","40.508043","-80.058352","","11","0","0","0","0","0","1","0","0","1","0","0","0","","","0","","0","","40 30:28.953","1","3","80 03:30.067","0","0","0","0","2116","0","0","0","N","0","0","0","1","02116","0","","2.0","","1","N","N","","1","","0","0","0","","0","N","","1","0","0","0","0","0","0","2","0","1","","","","N","","","","","","","","","",""
"2010094758","","0","0","0","1","0","0","0","0","0","8","0","","02","10","2010","1","40.466188","-79.912216","","11","0","0","0","0","0","0","0","0","","0","0","0","","","1","","1","","40 27:58.276","","0","79 54:43.977","4","0","0","0","2301","1","0","0","N","0","0","0","2","02301","1","","1.0","","9","N","N","","0","","0","0","0","","3","","","2","1","1","0","0","0","0","2","1","1","","","","N","","","","","","","","","",""
"2010094761","","0","0","0","0","0","0","0","0","0","1","0","","02","10","2010","1","40.541533","-79.761523","","11","0","0","0","0","0","1","0","0","","0","0","0","","","0","","0","","40 32:29.519","","0","79 45:41.484","0","0","0","0","2466","0","0","0","N","0","0","0","3","02466","0","","1.0","","9","N","N","","1","","0","0","1","","0","","","2","0","0","0","0","0","0","1","0","2","","","","N","","","","","","","","","",""
"2010094768","","1","0","0","0","0","0","0","0","0","4","0","","02","10","2010","1","40.438629","-79.769007","","11","0","0","1","0","0","0","0","0","1","0","0","0","","","0","","1","","40 26:19.065","4","0","79 46:08.426","0","0","0","0","2446","0","0","0","N","0","0","0","2","02446","0","","1.0","","9","N","N","","0","","0","0","1","","2","N","","2","0","1","0","0","0","0","2","0","2","","","","N","","","","","","","","","",""
"2010094774","","1","0","0","0","0","0","0","0","0","5","0","","02","9","2010","6","40.384667","-79.82434","","11","0","0","0","0","0","1","0","0","","0","0","0","","","2","","1","","40 23:04.802","","0","79 49:27.623","4","0","0","0","2111","0","0","0","N","0","0","0","3","02111","2","","1.0","","1","N","N","","0","","0","0","0","","2","","","2","2","0","0","0","0","0","2","1","2","","","","N","","","","","","","","","",""
"2010094783","","2","0","0","0","0","0","0","0","0","5","0","","02","10","2010","1","40.337004","-79.881014","","11","0","0","0","0","0","1","0","0","2","0","0","0","","","1","","0","","40 20:13.216","2","0","79 52:51.650","4","0","0","0","2455","0","0","0","N","0","0","0","1","02455","1","","4.0","","9","N","N","","0","","0","0","1","","0","N","","4","1","1","0","0","0","0","2","1","4","","","","N","","","","","","","","","",""
"2010094795","","2","0","0","0","0","0","0","0","0","1","0","","02","10","2010","6","40.439163","-79.829722","","11","0","0","0","0","0","0","0","0","1","0","0","0","","","1","","2","","40 26:20.988","2","0","79 49:46.999","8","0","0","0","2419","0","0","0","N","0","0","0","3","02419","0","","1.0","","1","N","N","","0","","0","0","0","","0","N","","2","1","0","0","0","1","1","2","0","2","","","","N","","","","","","","","","",""
"2010094798","","1","0","0","0","0","0","0","0","0","1","0","","02","9","2010","3","40.573116","-80.091961","","11","0","0","0","0","0","1","0","0","","0","0","0","","","1","","0","","40 34:23.217","","0","80 05:31.059","8","0","0","0","2481","0","0","0","N","0","0","0","3","68B03","0","","1.0","","1","N","N","","0","","0","0","1","","0","","","2","1","0","0","0","1","0","2","0","2","","","","N","","","","","","","","","",""
"2010094799","","1","0","0","0","0","0","0","0","0","1","0","55","02","9","2010","1","40.424256","-80.111048","","11","0","0","0","0","0","2","0","0","1","0","0","0","","","1","","0","","40 25:27.321","3","0","80 06:39.774","8","0","0","0","2102","0","0","0","N","0","0","0","5","68B03","0","","1.0","","1","N","N","","1","","0","0","1","","0","N","","3","1","0","0","0","1","0","2","0","3","","","N","Y","8","1","N","N","Y","N","N","Y","N",""
"2010094800","","1","0","0","0","0","0","0","0","0","7","0","","02","9","2010","2","40.426028","-79.898216","","11","0","0","0","0","0","0","0","0","","0","0","0","","","0","","0","","40 25:33.702","","0","79 53:53.578","0","0","0","0","2301","0","0","0","N","0","0","0","2","68B03","0","","5.0","","9","N","N","","0","","0","0","0","","0","","","1","0","0","0","0","0","0","2","0","1","","","","N","","","","","","","","","",""
"2010094801","","4","0","0","0","0","0","0","0","0","1","0","","02","9","2010","3","40.42916","-79.888007","","11","0","0","0","0","0","0","1","0","1","0","0","0","","","0","","0","","40 25:44.975","4","0","79 53:16.825","0","0","0","0","2426","0","0","0","N","0","0","0","5","68B03","0","","1.0","","1","N","N","","1","","0","0","0","","0","N","","5","0","0","0","0","0","0","2","0","5","","","","N","","","","","","","","","",""
"2010094802","","0","0","0","0","0","0","0","0","0","1","0","","02","9","2010","5","40.434057","-79.995281","","11","0","0","0","0","0","1","0","0","","0","0","0","","","0","","0","","40 26:02.606","","0","79 59:43.011","0","0","0","0","2301","0","0","0","N","0","0","0","4","68B03","0","","1.0","","1","N","N","","0","","0","0","2","","4","","","2","0","0","0","0","0","0","2","0","2","","","","N","","","","","","","","","",""
"2010094803","","1","0","0","0","0","0","0","0","0","1","0","","02","10","2010","6","40.413993","-80.063341","","11","0","1","0","0","0","1","0","0","1","0","0","0","","","2","","0","","40 24:50.373","3","0","80 03:48.027","4","0","0","0","2435","0","0","0","N","0","0","0","2","68B03","2","","1.0","","1","N","N","","1","","0","0","0","","0","N","","2","2","0","0","0","0","0","2","0","2","","","","N","","","","","","","","","",""
"2010094863","","1","0","0","0","0","0","0","0","0","1","0","","02","10","2010","2","40.465466","-79.946427","","11","0","0","0","0","0","0","0","0","1","0","0","0","","","1","","1","","40 27:55.677","4","0","79 56:47.137","4","0","0","0","2301","0","0","0","N","0","0","0","2","02301","1","","1.0","","1","N","N","","0","","0","0","1","","2","N","","2","1","0","0","0","0","0","2","0","2","","","","N","","","","","","","","","",""
"2010094876","","1","0","0","0","0","0","0","0","0","8","0","","02","10","2010","2","40.463176","-79.922162","","11","0","0","0","0","0","0","1","0","","0","0","0","","","1","","1","","40 27:47.433","","0","79 55:19.783","8","0","0","0","2301","1","0","0","N","1","0","0","2","02301","0","","1.0","","1","N","N","","0","","0","0","0","","0","","","2","1","0","0","0","1","0","2","0","1","","","","N","","","","","","","","","",""
"2010094888","","1","0","0","0","0","0","0","0","0","4","0","","02","10","2010","2","40.584903","-79.938461","","11","0","1","0","0","0","0","0","0","1","0","0","0","","","0","","0","","40 35:05.650","2","0","79 56:18.460","0","0","0","0","2207","0","0","0","N","0","0","0","2","02207","0","","1.0","","9","N","Y","","0","","0","0","1","","3","N","","2","0","0","0","0","0","0","2","0","2","","","","N","","","","","","","","","",""
"2010094895","","1","0","0","0","0","0","0","0","0","8","0","","02","10","2010","2","40.425868","-79.861619","","11","0","0","0","0","1","0","0","0","2","0","0","0","","","1","","2","","40 25:33.124","6","0","79 51:41.829","4","0","0","0","2431","1","0","0","N","1","0","0","2","02431","1","","3.0","","1","N","N","","0","","0","0","0","","0","N","","2","1","0","0","0","0","0","2","0","1","","","","N","","","","","","","","","",""
"2010094898","","1","0","0","0","0","0","0","0","0","7","0","","02","10","2010","1","40.468622","-80.052162","","11","0","0","0","0","0","0","0","0","2","0","0","0","","","0","","0","","40 28:07.038","1","0","80 03:07.783","0","0","0","0","2444","0","0","0","N","0","0","0","1","02444","0","","5.0","","9","N","N","","0","","0","0","0","","0","N","","1","0","0","0","0","0","0","2","0","1","","","","N","","","","","","","","","",""
"2010094904","","2","0","0","0","0","0","0","0","0","4","0","","02","10","2010","2","40.389546","-79.93575","","11","0","0","0","0","0","0","0","0","2","0","0","0","","","2","","7","","40 23:22.366","4","2","79 56:08.699","4","0","0","0","2301","0","0","0","N","0","0","0","3","02301","2","","7.0","","1","N","N","","0","","0","0","0","","3","N","","2","2","0","0","0","0","0","2","0","2","","","","N","","","","","","","","","",""