"CRN","ARRIVAL_TM","AUTOMOBILE_COUNT","BELTED_DEATH_COUNT","BELTED_SUSP_SERIOUS_INJ_COUNT","BICYCLE_COUNT","BICYCLE_DEATH_COUNT","BICYCLE_SUSP_SERIOUS_INJ_COUNT","BUS_COUNT","CHLDPAS_DEATH_COUNT","CHLDPAS_SUSP_SERIOUS_INJ_COUNT","COLLISION_TYPE","COMM_VEH_COUNT","CONS_ZONE_SPD_LIM","COUNTY","CRASH_MONTH","CRASH_YEAR","DAY_OF_WEEK","DEC_LATITUDE","DEC_LONGITUDE","DISPATCH_TM","DISTRICT","DRIVER_COUNT_16YR","DRIVER_COUNT_17YR","DRIVER_COUNT_18YR","DRIVER_COUNT_19YR","DRIVER_COUNT_20YR","DRIVER_COUNT_50_64YR","DRIVER_COUNT_65_74YR","DRIVER_COUNT_75PLUS","EST_HRS_CLOSED","FATAL_COUNT","HEAVY_TRUCK_COUNT","HORSE_BUGGY_COUNT","HOUR_OF_DAY","ILLUMINATION","INJURY_COUNT","INTERSECTION_RELATED","INTERSECT_TYPE","LANE_CLOSED","LATITUDE","LN_CLOSE_DIR","LOCATION_TYPE","LONGITUDE","MAX_SEVERITY_LEVEL","MCYCLE_DEATH_COUNT","MCYCLE_SUSP_SERIOUS_INJ_COUNT","MOTORCYCLE_COUNT","MUNICIPALITY","NONMOTR_COUNT","NONMOTR_DEATH_COUNT","NONMOTR_SUSP_SERIOUS_INJ_COUNT","NTFY_HIWY_MAINT","PED_COUNT","PED_DEATH_COUNT","PED_SUSP_SERIOUS_INJ_COUNT","PERSON_COUNT","POLICE_AGCY","POSSIBLE_INJ_COUNT","RDWY_SURF_TYPE_CD","RELATION_TO_ROAD","ROADWAY_CLEARED","ROAD_CONDITION","SCH_BUS_IND","SCH_ZONE_IND","SECONDARY_CRASH","SMALL_TRUCK_COUNT","SPEC_JURIS_CD","SUSP_MINOR_INJ_COUNT","SUSP_SERIOUS_INJ_COUNT","SUV_COUNT","TCD_FUNC_CD","TCD_TYPE","TFC_DETOUR_IND","TIME_OF_DAY","TOTAL_UNITS","TOT_INJ_COUNT","UNBELTED_OCC_COUNT","UNB_DEATH_COUNT","UNB_SUSP_SERIOUS_INJ_COUNT","UNK_INJ_DEG_COUNT","UNK_INJ_PER_COUNT","URBAN_RURAL","VAN_COUNT","VEHICLE_COUNT","WEATHER1","WEATHER2","WORKERS_PRES","WORK_ZONE_IND","WORK_ZONE_LOC","WORK_ZONE_TYPE","WZ_CLOSE_DETOUR","WZ_FLAGGER","WZ_LAW_OFFCR_IND","WZ_LN_CLOSURE","WZ_MOVING","WZ_OTHER","WZ_SHLDER_MDN","WZ_WORKERS_INJ_KILLED"
"2010096446","","1","0","0","0","0","0","0","0","0","1","0","","02","10","2010","4","40.503255","-79.860851","","11","0","0","0","0","0","1","1","0","3","0","0","0","","","1","","0","","40 30:11.717","2","0","79 51:39.062","4","0","0","0","2112","0","0","0","N","0","0","0","4","68D02","1","","1.0","","9","N","N","","1","","0","0","0","","0","N","","3","1","0","0","0","0","0","2","1","3","","","","N","","","","","","","","","",""
"2010096505","","0","0","0","0","0","0","0","0","0","4","0","","02","10","2010","5","40.587423","-79.749682","","11","0","0","0","0","0","0","1","0","1","0","0","0","","","1","","1","","40 35:14.723","2","0","79 44:58.856","3","0","0","0","2464","0","0","0","N","0","0","0","2","64305","0","","1.0","","1","N","N","","1","","1","0","0","","0","N","","2","1","0","0","0","0","0","2","1","2","","","","N","","","","","","","","","",""
"2010096506","","1","0","0","0","0","0","0","0","0","0","0","","02","10","2010","5","40.413472","-80.042753","","11","0","0","0","0","0","1","0","0","","0","0","0","","","1","","1","","40 24:48.499","","0","80 02:33.910","4","0","0","1","2301","0","0","0","N","0","0","0","3","02301","1","","1.0","","1","N","N","","0","","0","0","0","","3","","","2","1","0","0","0","0","0","2","0","2","","","","N","","","","","","","","","",""
"2010096512","","2","0","0","0","0","0","0","0","0","4","0","","02","10","2010","4","40.340344","-79.938196","","11","0","0","0","0","0","1","0","0","","0","0","0","","","0","","2","","40 20:25.239","","7","79 56:17.507","0","0","0","0","2473","0","0","0","N","0","0","0","2","02473","0","","1.0","","9","N","N","","0","","0","0","0","","2","","","2","0","0","0","0","0","0","2","0","2","","","","N","","","","","","","","","",""
"2010096518","","1","0","0","0","0","0","0","0","0","1","0","","02","10","2010","5","40.415944","-79.925297","","11","0","0","0","0","0","0","0","0","","0","0","0","","","0","","0","","40 24:57.397","","0","79 55:31.068","0","0","0","0","2301","0","0","0","N","0","0","0","2","02301","0","","1.0","","1","N","N","","0","","0","0","1","","2","","","2","0","0","0","0","0","0","2","0","2","","","","N","","","","","","","","","",""
"2010096527","","1","0","0","0","0","0","0","0","0","4","0","","02","10","2010","5","40.398376","-80.026205","","11","0","0","0","0","0","0","0","0","1","0","0","0","","","0","","1","","40 23:54.152","4","0","80 01:34.337","0","0","0","0","2301","0","0","0","N","0","0","0","2","02301","0","","1.0","","1","N","N","","0","","0","0","0","","2","N","","2","0","0","0","0","0","0","2","1","2","","","","N","","","","","","","","","",""
"2010096529","","1","0","0","0","0","0","0","0","0","4","0","","02","10","2010","5","40.362592","-79.987459","","11","0","0","0","0","0","0","0","0","2","0","0","0","","","1","","0","","40 21:45.331","4","0","79 59:14.852","8","0","0","0","2413","0","0","0","N","0","0","0","3","02413","0","","1.0","","1","N","N","","0","","0","0","1","","0","N","","2","1","0","0","0","1","0","2","0","2","","","","N","","","","","","","","","",""
"2010096532","","1","0","0","0","0","0","0","0","0","5","0","","02","10","2010","5","40.421266","-79.93726","","11","0","0","0","0","0","1","0","0","","0","0","0","","","1","","1","","40 25:16.557","","0","79 56:14.136","2","0","1","1","2301","0","0","0","N","0","0","0","2","02301","0","","1.0","","1","N","N","","0","","0","1","0","","3","","","2","1","0","0","0","0","0","2","0","2","","","","N","","","","","","","","","",""
"2010096549","","1","0","0","0","0","0","0","0","0","7","0","","02","10","2010","5","40.439728","-80.077243","","11","0","0","0","0","0","0","0","0","","0","0","0","","","1","","2","","40 26:23.019","","0","80 04:38.076","8","0","0","0","2421","0","0","0","N","0","0","0","3","02421","0","","5.0","","1","N","N","","0","","0","0","0","","0","","","1","1","3","0","0","1","1","2","0","1","","","","N","","","","","","","","","",""
"2010096558","","3","0","0","0","0","0","0","0","0","99","0","","02","10","2010","5","40.445756","-79.990449","","11","0","0","0","0","0","1","0","0","2","0","0","0","","","0","","7","","40 26:44.720","2","2","79 59:25.615","0","0","0","0","2301","0","0","0","N","0","0","0","7","02301","0","","1.0","","1","N","N","","0","","0","0","1","","0","N","","4","0","0","0","0","0","0","2","0","4","","","","N","","","","","","","","","",""
"2010096563","","2","0","0","0","0","0","0","0","0","2","0","","02","10","2010","1","40.528407","-80.078625","","11","0","0","0","0","0","1","0","0","","0","0","0","","","0","","0","","40 31:42.265","","0","80 04:43.050","0","0","0","0","2215","0","0","0","N","0","0","0","1","02215","0","","1.0","","1","N","N","","0","","0","0","0","","0","","","2","0","0","0","0","0","0","2","0","2","","","","N","","","","","","","","","",""
"2010096564","","2","0","0","0","0","0","0","0","0","4","0","","02","9","2010","1","40.318481","-79.785533","","11","0","0","0","0","0","1","0","1","","0","0","0","","","1","","3","","40 19:06.531","","0","79 47:07.918","4","0","0","0","2477","0","0","0","N","0","0","0","3","02477","1","","1.0","","1","N","N","","1","","0","0","0","","3","","","3","1","0","0","0","0","0","2","0","3","","","","N","","","","","","","","","",""
"2010096566","","2","0","0","0","0","0","0","0","0","6","0","","02","10","2010","5","40.407007","-79.889248","","11","0","0","0","0","0","0","0","0","2","0","0","0","","","3","","0","","40 24:25.224","6","0","79 53:21.291","3","0","0","0","2448","0","0","0","N","0","0","0","4","02448","0","","1.0","","1","","N","","0","","3","0","0","","0","Y","","2","3","1","0","0","0","0","2","0","2","","","","N","","","","","","","","","",""
"2010096577","","0","0","0","0","0","0","0","0","0","7","0","","02","10","2010","7","40.466886","-80.056076","","11","0","0","0","0","0","0","0","0","","0","0","0","","","0","","2","","40 28:00.789","","0","80 03:21.873","0","0","0","0","2444","0","0","0","N","0","0","0","1","02444","0","","2.0","","1","N","N","","0","","0","0","1","","3","","","1","0","0","0","0","0","0","2","0","1","","","","N","","","","","","","","","",""
"2010096581","","1","0","0","0","0","0","0","0","0","7","0","","02","10","2010","6","40.437543","-79.998089","","11","0","0","0","0","0","0","0","0","","0","0","0","","","0","","1","","40 26:15.154","","0","79 59:53.120","0","0","0","0","2301","0","0","0","N","0","0","0","1","02301","0","","5.0","","1","N","N","","0","","0","0","0","","2","","","1","0","0","0","0","0","0","2","0","1","","","","N","","","","","","","","","",""
"2010096584","","0","0","0","0","0","0","0","0","0","7","0","","02","9","2010","7","40.509087","-80.00412","","11","0","0","0","0","0","0","0","0","3","0","0","0","","","0","","2","","40 30:32.714","1","0","80 00:14.833","0","0","0","0","2116","0","0","0","N","0","0","0","1","02116","0","","5.0","","1","N","N","","0","","0","0","0","","0","N","","1","0","1","0","0","0","0","2","1","1","","","","N","","","","","","","","","",""
"2010096586","","1","0","0","0","0","0","0","0","0","7","0","","02","10","2010","1","40.461526","-79.920435","","11","0","0","0","0","0","0","0","0","","0","0","0","","","0","","0","","40 27:41.493","","0","79 55:13.566","0","0","0","0","2301","0","0","0","N","0","0","0","1","02301","0","","5.0","","1","N","N","","0","","0","0","0","","0","","","1","0","0","0","0","0","0","2","0","1","","","","N","","","","","","","","","",""
"2010096591","","0","0","0","0","0","0","0","0","0","1","0","","02","10","2010","1","40.481691","-79.928033","","11","0","0","0","0","0","0","0","0","","0","0","0","","","0","","0","","40 28:54.087","","0","79 55:40.918","9","0","0","0","2301","0","0","0","N","0","0","0","1","02301","0","","4.0","","1","N","N","","2","","0","0","0","","0","","","2","0","0","0","0","0","1","2","0","2","","","","N","","","","","","","","","",""
"2010096599","","1","0","0","0","0","0","0","0","0","1","0","","02","10","2010","4","40.545938","-79.901328","","11","0","0","0","0","0","0","0","0","","0","0","0","","","1","","2","","40 32:45.375","","0","79 54:04.782","4","0","0","0","2209","0","0","0","N","0","0","0","3","02209","1","","1.0","","9","N","N","","1","","0","0","0","","3","","","2","1","0","0","0","0","0","2","0","2","","","","N","","","","","","","","","",""
"2010096614","","1","0","0","0","0","0","0","0","0","1","0","","02","9","2010","5","40.419571","-80.051879","","11","0","0","0","0","1","0","0","0","","0","0","0","","","1","","6","","40 25:10.454","","2","80 03:06.765","4","0","0","0","2435","0","0","0","N","0","0","0","2","68B03","1","","1.0","","1","N","N","","0","","0","0","1","","4","","","2","1","0","0","0","0","0","2","0","2","","","","N","","","","","","","","","",""
"2010096615","","2","0","0","0","0","0","0","0","0","1","0","","02","10","2010","6","40.428891","-79.932419","","11","0","0","0","0","0","1","0","0","","0","0","0","","","1","","0","","40 25:44.009","","0","79 55:56.707","4","0","0","0","2301","0","0","0","N","0","0","0","3","68B03","1","","1.0","","1","N","N","","0","","0","0","1","","0","","","3","1","0","0","0","0","0","2","0","3","","","","N","","","","","","","","","",""
"2010096616","","1","0","0","0","0","0","0","0","0","1","1","","02","10","2010","6","40.440228","-79.860026","","11","0","0","0","0","0","0","0","0","1","0","1","0","","","0","","0","","40 26:24.821","4","0","79 51:36.095","0","0","0","0","2419","0","0","0","N","0","0","0","2","68B03","0","","1.0","","1","N","N","","0","","0","0","0","","0","N","","2","0","0","0","0","0","0","2","0","2","","","","N","","","","","","","","","",""
"2010096617","","3","0","0","0","0","0","0","0","0","7","0","","02","10","2010","4","40.421984","-80.030663","","11","0","0","0","0","0","0","0","0","2","0","0","0","","","1","","0","","40 25:19.143","3","0","80 01:50.386","4","0","0","0","2301","0","0","0","N","0","0","0","3","68B03","1","","4.0","","9","N","N","","0","","0","0","0","","0","N","","3","1","0","0","0","0","0","2","0","3","","","","N","","","","","","","","","",""
"2010096872","","2","0","0","0","0","0","0","0","0","1","0","","02","9","2010","5","40.327346","-79.892508","","11","0","0","0","0","0","1","0","0","2","0","0","0","","","1","","0","","40 19:38.445","5","0","79 53:33.028","3","0","0","0","2433","0","0","0","N","0","0","0","1","02433","0","","1.0","","1","N","N","","0","","1","0","0","","0","Y","","2","1","0","0","0","0","0","2","0","2","","","","N","","","","","","","","","",""
"2010096873","","0","0","0","0","0","0","0","0","0","7","0","","02","9","2010","5","40.317118","-79.88957","","11","0","1","0","0","0","0","0","0","","0","0","0","","","0","","2","","40 19:01.626","","0","79 53:22.453","0","0","0","0","2433","0","0","0","N","0","0","0","1","02433","0","","4.0","","9","N","N","","1","","0","0","0","","2","","","1","0","0","0","0","0","0","2","0","1","","","","N","","","","","","","","","",""
"2010096874","","1","0","0","0","0","0","0","0","0","4","0","","02","9","2010","1","40.320754","-79.888374","","11","0","0","0","0","0","0","0","0","1","0","0","0","","","0","","0","","40 19:14.714","5","0","79 53:18.146","0","0","0","0","2433","0","0","0","","0","0","0","2","02433","0","","5.0","","1","N","N","","0","","0","0","1","","0","Y","","2","0","0","0","0","0","0","2","0","2","","","","N","","","","","","","","","",""
"2010096959","","2","0","0","0","0","0","0","0","0","4","0","","02","9","2010","5","40.579689","-80.03774","","11","0","0","0","0","0","0","0","0","1","0","0","0","","","1","","2","","40 34:46.882","2","0","80 02:15.863","4","0","0","0","2108","0","0","0","N","0","0","0","2","02108","1","","1.0","","1","N","N","","0","","0","0","0","","0","N","","2","1","0","0","0","0","0","2","0","2","","","","N","","","","","","","","","",""
"2010096960","","2","0","0","0","0","0","0","0","0","1","0","","02","9","2010","5","40.558199","-80.023334","","11","0","0","0","0","0","0","0","1","","0","0","0","","","1","","1","","40 33:29.515","","0","80 01:24.001","4","0","0","0","2108","0","0","0","N","0","0","0","2","02108","1","","1.0","","9","N","N","","0","","0","0","0","","2","","","2","1","0","0","0","0","0","2","0","2","","","","N","","","","","","","","","",""
"2010096961","","1","0","0","0","0","0","0","0","0","1","0","","02","9","2010","4","40.585611","-80.036054","","11","0","0","0","0","0","0","0","0","1","0","0","0","","","1","","1","","40 35:08.199","1","0","80 02:09.795","8","0","0","0","2108","0","0","0","N","0","0","0","6","02108","0","","1.0","","1","N","N","","1","","0","0","0","","2","N","","3","1","0","0","0","1","0","2","1","3","","","","N","","","","","","","","","",""
"2010096962","","0","0","0","0","0","0","0","0","0","1","0","","02","9","2010","5","40.614792","-80.054972","","11","0","2","1","0","0","0","0","0","","0","0","0","","","0","","0","","40 36:53.250","","0","80 03:17.899","0","0","0","0","2108","0","0","0","N","0","0","0","4","02108","0","","1.0","","9","N","N","","0","","0","0","2","","0","","","3","0","0","0","0","0","0","2","1","3","","","","N","","","","","","","","","",""
"2010096963","","2","0","0","0","0","0","0","0","0","1","0","","02","9","2010","6","40.566073","-80.001752","","11","0","0","0","0","0","1","0","0","","0","0","0","","","0","","0","","40 33:57.863","","7","80 00:06.307","0","0","0","0","2108","0","0","0","N","0","0","0","2","02108","0","","1.0","","1","N","N","","0","","0","0","0","","0","","","2","0","0","0","0","0","0","2","0","2","","","","N","","","","","","","","","",""
"2010096964","","1","0","0","0","0","0","0","0","0","8","0","","02","9","2010","7","40.563389","-80.051777","","11","0","0","0","0","0","0","0","0","","0","0","0","","","1","","0","","40 33:48.200","","0","80 03:06.397","8","0","0","0","2108","1","0","0","N","1","0","0","2","02108","0","","1.0","","1","N","N","","0","","0","0","0","","0","","","2","1","0","0","0","1","0","2","0","1","","","","N","","","","","","","","","",""
"2010096966","","2","0","0","0","0","0","0","0","0","1","0","","02","9","2010","2","40.576663","-80.037403","","11","0","1","0","0","0","0","0","0","1","0","0","0","","","2","","2","","40 34:35.987","2","0","80 02:14.652","4","0","0","0","2108","0","0","0","N","0","0","0","3","02108","1","","1.0","","1","N","N","","0","","0","0","0","","8","N","","2","2","0","0","0","1","0","2","0","2","","","","N","","","","","","","","","",""
"2010096967","","2","0","0","0","0","0","0","0","0","4","0","","02","9","2010","4","40.612421","-80.054358","","11","0","1","0","0","0","0","0","0","","0","0","0","","","2","","2","","40 36:44.716","","0","80 03:15.688","4","0","0","0","2108","0","0","0","N","0","0","0","2","02108","2","","1.0","","1","Y","N","","0","","0","0","0","","0","","","2","2","0","0","0","0","0","2","0","2","","","","N","","","","","","","","","",""
"2010096968","","2","0","0","0","0","0","1","0","0","1","1","","02","9","2010","4","40.608948","-80.052788","","11","0","0","0","0","0","1","1","0","2","0","0","0","","","3","","0","","40 36:32.214","5","0","80 03:10.035","3","0","0","0","2108","0","0","0","N","0","0","0","5","02108","0","","1.0","","1","Y","N","","0","","1","0","0","","0","N","","3","3","0","0","0","2","0","2","0","3","","","","N","","","","","","","","","",""
"2010096969","","0","0","0","0","0","0","0","0","0","2","0","","02","9","2010","5","40.567064","-80.04798","","11","0","0","0","0","0","1","0","0","2","0","0","0","","","3","","0","","40 34:01.430","6","0","80 02:52.728","8","0","0","0","2108","0","0","0","N","0","0","0","3","02108","0","","1.0","","1","N","N","","0","","0","0","2","","0","Y","","2","3","0","0","0","3","0","2","0","2","","","","N","","","","","","","","","",""
"2010096970","","1","0","0","0","0","0","0","0","0","4","0","","02","9","2010","5","40.585611","-80.036054","","11","0","0","0","0","0","0","0","1","1","0","0","0","","","1","","1","","40 35:08.199","1","0","80 02:09.795","8","0","0","0","2108","0","0","0","N","0","0","0","2","02108","0","","1.0","","1","N","N","","1","","0","0","0","","2","N","","2","1","0","0","0","1","0","2","0","2","","","","N","","","","","","","","","",""
"2010096971","","1","0","0","0","0","0","0","0","0","1","0","99","02","9","2010","6","40.582554","-80.002941","","11","1","1","0","0","0","0","0","0","1","0","0","0","","","1","","0","","40 34:57.194","1","0","80 00:10.586","8","0","0","0","2108","0","0","0","N","0","0","0","5","02108","0","","1.0","","1","N","N","","0","","0","0","1","","7","N","","2","1","0","0","0","1","0","2","0","2","","","Y","Y","3","3","U","Y","N","Y","U","U","Y",""
"2010096993","","0","0","0","0","0","0","0","0","0","4","0","","02","9","2010","4","40.413973","-79.987866","","11","0","0","0","0","0","0","0","0","","0","0","0","","","0","","2","","40 24:50.302","","0","79 59:16.317","0","0","0","0","2447","0","0","0","N","0","0","0","5","02447","0","","1.0","","1","Y","N","","0","","0","0","1","","0","","","2","0","0","0","0","0","0","2","1","2","","","","N","","","","","","","","","",""
"2010097113","","1","0","0","0","0","0","0","0","0","1","0","","02","9","2010","3","40.556302","-80.19698","","11","0","0","0","0","0","0","0","0","","0","0","0","","","1","","2","","40 33:22.687","","0","80 11:49.128","4","0","0","0","2427","0","0","0","N","0","0","0","3","02427","1","","1.0","","1","N","N","","0","","0","0","1","","3","","","2","1","1","0","0","0","0","2","0","2","","","","N","","","","","","","","","",""
"2010097114","","1","0","0","0","0","0","0","0","0","7","0","","02","9","2010","2","40.543014","-80.192071","","11","0","0","0","0","0","0","0","0","2","0","0","0","","","0","","0","","40 32:34.851","2","0","80 11:31.456","0","0","0","0","2427","0","0","0","N","0","0","0","1","02427","0","","2.0","","9","N","N","","0","","0","0","0","","0","N","","2","0","1","0","0","0","0","2","0","1","","","","N","","","","","","","","","",""
"2010097128","","2","0","0","0","0","0","0","0","0","1","0","","02","9","2010","4","40.551529","-80.199077","","11","0","0","0","0","0","1","0","0","","0","0","0","","","0","","2","","40 33:05.504","","0","80 11:56.678","0","0","0","0","2441","0","0","0","N","0","0","0","2","02441","0","","1.0","","1","N","N","","0","","0","0","0","","2","","","2","0","0","0","0","0","0","2","0","2","","","","N","","","","","","","","","",""
"2010097129","","2","0","0","0","0","0","0","0","0","4","0","","02","10","2010","5","40.438437","-79.780551","","11","0","0","0","0","0","0","0","1","1","0","0","0","","","3","","0","","40 26:18.374","3","0","79 46:49.984","8","0","0","0","2446","0","0","0","N","0","0","0","3","02446","0","","1.0","","1","N","N","","0","","0","0","0","","0","N","","2","3","0","0","0","3","0","2","0","2","","","","N","","","","","","","","","",""
"2010097136","","2","0","0","0","0","0","0","0","0","4","0","","02","10","2010","5","40.349896","-79.92702","","11","0","0","0","0","2","0","0","0","1","0","0","0","","","1","","0","","40 20:59.627","1","0","79 55:37.273","4","0","0","0","2473","0","0","0","N","0","0","0","2","02473","1","","1.0","","1","N","N","","0","","0","0","0","","0","N","","2","1","0","0","0","0","0","2","0","2","","","","N","","","","","","","","","",""
"2010097137","","2","0","0","0","0","0","0","0","0","2","0","","02","10","2010","5","40.273583","-79.885736","","11","0","0","0","0","0","0","0","0","","0","0","0","","","0","","0","","40 16:24.899","","3","79 53:08.648","0","0","0","0","2428","0","0","0","N","0","0","0","3","02428","0","","1.0","","9","N","N","","0","","0","0","0","","0","","","2","0","0","0","0","0","0","2","0","2","","05","","N","","","","","","","","","",""
"2010097139","","1","0","0","0","0","0","0","0","0","1","0","","02","10","2010","6","40.455012","-79.911239","","11","0","0","0","0","0","0","0","0","","0","0","0","","","0","","0","","40 27:18.043","","0","79 54:40.459","0","0","0","0","2301","0","0","0","N","0","0","0","3","02301","0","","1.0","","1","N","N","","1","","0","0","0","","0","","","2","0","0","0","0","0","0","2","0","2","","","","N","","","","","","","","","",""
"2010097141","","0","0","0","0","0","0","0","0","0","7","0","","02","10","2010","4","40.317754","-80.077185","","11","0","0","0","0","0","1","0","0","","0","0","0","","","0","","2","","40 19:03.914","","0","80 04:37.866","0","0","0","0","2123","0","0","0","N","0","0","0","1","02123","0","","2.0","","9","N","N","","0","","0","0","0","","0","","","1","0","0","0","0","0","0","2","1","1","","","","N","","","","","","","","","",""
"2010097143","","1","0","0","0","0","0","0","0","0","7","0","","02","10","2010","6","40.446975","-80.084314","","11","0","0","0","0","1","0","0","0","","0","0","0","","","0","","0","","40 26:49.109","","0","80 05:03.529","0","0","0","0","2301","0","0","0","N","0","0","0","1","02301","0","","5.0","","1","N","N","","0","","0","0","0","","0","","","1","0","0","0","0","0","0","2","0","1","","","","N","","","","","","","","","",""
"2010097150","","0","0","0","0","0","0","0","0","0","0","0","","02","10","2010","5","40.455076","-79.710801","","11","0","0","0","0","0","1","0","0","","0","0","0","","","1","","2","","40 27:18.272","","0","79 42:38.883","3","0","0","1","2466","0","0","0","N","0","0","0","1","02466","0","","1.0","","9","N","N","","0","","1","0","0","","2","","","1","1","0","0","0","0","0","2","0","1","","","","N","","","","","","","","","",""
"2010097158","","1","0","0","0","0","0","0","0","0","7","0","","02","9","2010","5","40.526455","-80.048405","","11","0","0","0","0","0","0","0","0","1","0","0","0","","","0","","3","","40 31:35.238","4","0","80 02:54.257","0","0","0","0","2116","0","0","0","N","0","0","0","1","02116","0","","4.0","","9","N","N","","0","","0","0","0","","0","N","","1","0","0","0","0","0","0","2","0","1","","","","N","","","","","","","","","",""
"2010097168","","0","0","0","0","0","0","0","0","0","4","1","","02","10","2010","6","40.355596","-80.131584","","11","0","0","0","0","0","1","0","0","","0","0","0","","","1","","2","","40 21:20.147","","0","80 07:53.702","4","0","0","0","2119","0","0","0","N","0","0","0","2","02119","1","","1.0","","1","N","N","","0","","0","0","1","","3","","","2","1","0","0","0","0","0","2","1","2","","","","N","","","","","","","","","",""
"2010097172","","1","0","0","0","0","0","0","0","0","4","0","","02","10","2010","6","40.449819","-79.929656","","11","0","0","0","0","0","1","0","0","","0","0","0","","","2","","1","","40 26:59.348","","0","79 55:46.761","8","0","0","0","2301","0","0","0","N","0","0","0","2","02301","0","","1.0","","1","N","N","","0","","0","0","0","","2","","","2","2","0","0","0","2","0","2","1","2","","","","N","","","","","","","","","",""
"2010097179","","1","0","0","0","0","0","0","0","0","7","0","","02","10","2010","5","40.659404","-79.976582","","11","0","0","0","0","0","0","0","1","3","0","0","0","","","1","","0","","40 39:33.855","6","0","79 58:35.696","8","0","0","0","2217","0","0","0","N","0","0","0","1","02505","0","","2.0","","1","N","N","","0","","0","0","0","","0","Y","","1","1","0","0","0","1","0","1","0","1","","","","N","","","","","","","","","",""
"2010097183","","1","0","0","0","0","0","0","0","0","1","0","","02","10","2010","6","40.427056","-79.723357","","11","0","0","0","0","0","0","1","0","","0","0","0","","","0","","2","","40 25:37.401","","0","79 43:24.085","0","0","0","0","2446","0","0","0","N","0","0","0","4","02446","0","","1.0","","1","N","N","","1","","0","0","0","","2","","","2","0","1","0","0","0","0","2","0","2","","","","N","","","","","","","","","",""
"2010097184","","2","0","0","0","0","0","0","0","0","4","0","","02","10","2010","6","40.453945","-79.979862","","11","0","0","0","0","0","1","0","0","","0","0","0","","","0","","1","","40 27:14.202","","0","79 58:47.503","0","0","0","0","2301","0","0","0","N","0","0","0","2","02301","0","","1.0","","1","N","N","","0","","0","0","0","","3","","","2","0","1","0","0","0","0","2","0","2","","","","N","","","","","","","","","",""
"2010097191","","1","0","0","0","0","0","1","0","0","4","1","","02","9","2010","7","40.496542","-80.014298","","11","0","0","0","0","0","1","0","0","","0","0","0","","","0","","1","","40 29:47.551","","0","80 00:51.472","0","0","0","0","2301","0","0","0","N","0","0","0","2","02503","0","","1.0","","1","N","N","","0","","0","0","0","","3","","","2","0","0","0","0","0","0","2","0","2","","","","N","","","","","","","","","",""
"2010097213","","2","0","0","0","0","0","0","0","0","5","0","","02","10","2010","6","40.439456","-79.90125","","11","0","0","0","0","0","0","0","0","2","0","0","0","","","0","","0","","40 26:22.040","3","0","79 54:04.500","0","0","0","0","2301","0","0","0","N","0","0","0","4","02301","0","","1.0","","1","N","N","","0","","0","0","1","","0","N","","3","0","0","0","0","0","0","2","0","3","","","","N","","","","","","","","","",""
"2010097215","","0","0","0","0","0","0","0","0","0","7","0","","02","10","2010","2","40.569334","-79.93071","","11","0","1","0","0","0","0","0","0","2","0","0","0","","","0","","0","","40 34:09.602","6","0","79 55:50.556","0","0","0","0","2207","0","0","0","N","0","0","0","1","02207","0","","2.0","","9","N","N","","0","","0","0","1","","0","Y","","1","0","0","0","0","0","0","2","0","1","","","","N","","","","","","","","","",""
"2010097225","","1","0","0","0","0","0","0","0","0","1","0","","02","10","2010","5","40.620793","-79.83353","","11","0","0","0","0","0","0","0","0","","0","0","0","","","1","","0","","40 37:14.854","","0","79 50:00.708","4","0","0","0","2220","0","0","0","N","0","0","0","3","02220","1","","1.0","","1","N","N","","1","","0","0","0","","0","","","2","1","0","0","0","0","0","2","0","2","","","","N","","","","","","","","","",""
"2010097302","","1","0","0","0","0","0","0","0","0","4","0","","02","10","2010","5","40.492134","-79.881436","","11","0","0","0","0","0","0","1","0","2","0","0","0","","","0","","1","","40 29:31.681","6","2","79 52:53.171","0","0","0","0","2112","0","0","0","N","0","0","0","2","02112","0","","1.0","","1","N","N","","0","","0","0","1","","2","N","","2","0","0","0","0","0","0","2","0","2","","","","N","","","","","","","","","",""
"2010097327","","2","0","0","0","0","0","0","0","0","1","0","","02","10","2010","6","40.446787","-79.95047","","11","0","0","0","0","0","1","0","0","1","0","0","0","","","0","","0","","40 26:48.432","4","0","79 57:01.692","0","0","0","0","2301","0","0","0","N","0","0","0","3","02301","0","","1.0","","1","N","N","","0","","0","0","0","","0","N","","3","0","0","0","0","0","0","2","1","3","","","","N","","","","","","","","","",""
"2010097333","","1","0","0","0","0","0","0","0","0","7","0","","02","10","2010","6","40.484679","-79.819716","","11","0","0","0","0","0","0","0","0","","0","0","0","","","1","","0","","40 29:04.843","","0","79 49:10.976","4","0","0","0","2113","0","0","0","N","0","0","0","1","02113","1","","2.0","","1","N","N","","0","","0","0","0","","0","","","1","1","0","0","0","0","0","2","0","1","","","","N","","","","","","","","","",""
"2010097336","","2","0","0","0","0","0","0","0","0","4","0","","02","10","2010","7","40.440863","-79.973978","","11","0","0","0","0","0","1","0","0","","0","0","0","","","0","","1","","40 26:27.106","","0","79 58:26.320","9","0","0","0","2301","0","0","0","N","0","0","0","2","02301","0","","1.0","","1","N","N","","0","","0","0","0","","3","","","2","0","0","0","0","0","1","2","0","2","","","","N","","","","","","","","","",""