"CRN","ARRIVAL_TM","AUTOMOBILE_COUNT","BELTED_DEATH_COUNT","BELTED_SUSP_SERIOUS_INJ_COUNT","BICYCLE_COUNT","BICYCLE_DEATH_COUNT","BICYCLE_SUSP_SERIOUS_INJ_COUNT","BUS_COUNT","CHLDPAS_DEATH_COUNT","CHLDPAS_SUSP_SERIOUS_INJ_COUNT","COLLISION_TYPE","COMM_VEH_COUNT","CONS_ZONE_SPD_LIM","COUNTY","CRASH_MONTH","CRASH_YEAR","DAY_OF_WEEK","DEC_LATITUDE","DEC_LONGITUDE","DISPATCH_TM","DISTRICT","DRIVER_COUNT_16YR","DRIVER_COUNT_17YR","DRIVER_COUNT_18YR","DRIVER_COUNT_19YR","DRIVER_COUNT_20YR","DRIVER_COUNT_50_64YR","DRIVER_COUNT_65_74YR","DRIVER_COUNT_75PLUS","EST_HRS_CLOSED","FATAL_COUNT","HEAVY_TRUCK_COUNT","HORSE_BUGGY_COUNT","HOUR_OF_DAY","ILLUMINATION","INJURY_COUNT","INTERSECTION_RELATED","INTERSECT_TYPE","LANE_CLOSED","LATITUDE","LN_CLOSE_DIR","LOCATION_TYPE","LONGITUDE","MAX_SEVERITY_LEVEL","MCYCLE_DEATH_COUNT","MCYCLE_SUSP_SERIOUS_INJ_COUNT","MOTORCYCLE_COUNT","MUNICIPALITY","NONMOTR_COUNT","NONMOTR_DEATH_COUNT","NONMOTR_SUSP_SERIOUS_INJ_COUNT","NTFY_HIWY_MAINT","PED_COUNT","PED_DEATH_COUNT","PED_SUSP_SERIOUS_INJ_COUNT","PERSON_COUNT","POLICE_AGCY","POSSIBLE_INJ_COUNT","RDWY_SURF_TYPE_CD","RELATION_TO_ROAD","ROADWAY_CLEARED","ROAD_CONDITION","SCH_BUS_IND","SCH_ZONE_IND","SECONDARY_CRASH","SMALL_TRUCK_COUNT","SPEC_JURIS_CD","SUSP_MINOR_INJ_COUNT","SUSP_SERIOUS_INJ_COUNT","SUV_COUNT","TCD_FUNC_CD","TCD_TYPE","TFC_DETOUR_IND","TIME_OF_DAY","TOTAL_UNITS","TOT_INJ_COUNT","UNBELTED_OCC_COUNT","UNB_DEATH_COUNT","UNB_SUSP_SERIOUS_INJ_COUNT","UNK_INJ_DEG_COUNT","UNK_INJ_PER_COUNT","URBAN_RURAL","VAN_COUNT","VEHICLE_COUNT","WEATHER1","WEATHER2","WORKERS_PRES","WORK_ZONE_IND","WORK_ZONE_LOC","WORK_ZONE_TYPE","WZ_CLOSE_DETOUR","WZ_FLAGGER","WZ_LAW_OFFCR_IND","WZ_LN_CLOSURE","WZ_MOVING","WZ_OTHER","WZ_SHLDER_MDN","WZ_WORKERS_INJ_KILLED"
"2010097339","","1","0","0","0","0","0","0","0","0","7","0","","02","10","2010","7","40.45824","-79.972156","","11","0","0","0","0","0","1","0","0","1","0","0","0","","","1","","2","","40 27:29.664","7","0","79 58:19.761","4","0","0","0","2301","0","0","0","N","0","0","0","1","02301","1","","5.0","","1","N","N","","0","","0","0","0","","0","N","","1","1","0","0","0","0","0","2","0","1","","","","N","","","","","","","","","",""
"2010097340","","2","0","0","0","0","0","0","0","0","1","0","","02","10","2010","7","40.441705","-79.919882","","11","0","0","0","0","0","0","0","0","1","0","0","0","","","0","","0","","40 26:30.138","1","0","79 55:11.575","0","0","0","0","2301","0","0","0","N","0","0","0","1","02301","0","","2.0","","1","N","N","","0","","0","0","0","","0","N","","2","0","0","0","0","0","0","2","0","2","","","","N","","","","","","","","","",""
"2010097432","","1","0","0","0","0","0","0","0","0","8","0","","02","10","2010","6","40.443936","-80.064878","","11","0","0","0","0","0","0","0","0","3","0","0","0","","","1","","2","","40 26:38.169","6","0","80 03:53.560","3","0","0","0","2439","1","0","0","N","1","0","0","2","02439","0","","1.0","","1","N","N","","0","","1","0","0","","3","Y","","2","1","0","0","0","0","0","2","0","1","","","","N","","","","","","","","","",""
"2010097434","","0","0","0","0","0","0","0","0","0","8","0","","02","10","2010","6","","","","11","0","0","0","0","0","0","1","0","","0","0","0","","","1","","0","","","","7","","3","0","0","0","2446","1","0","0","N","1","0","0","3","02446","0","","6.0","","1","N","N","","0","","1","0","1","","0","","","2","1","0","0","0","0","0","1","0","1","","","","N","","","","","","","","","",""
"2010097444","","2","0","0","0","0","0","0","0","0","4","0","","02","10","2010","6","40.545455","-80.016245","","11","0","0","0","0","0","0","0","1","1","0","0","0","","","0","","0","","40 32:43.638","1","7","80 00:58.482","0","0","0","0","2116","0","0","0","N","0","0","0","2","02116","0","","1.0","","1","N","N","","0","","0","0","0","","0","N","","2","0","0","0","0","0","0","2","0","2","","","","N","","","","","","","","","",""
"2010097451","","2","0","0","0","0","0","0","0","0","4","0","","02","10","2010","6","40.370974","-80.032613","","11","0","1","0","0","0","1","0","0","","0","0","0","","","1","","2","","40 22:15.506","","0","80 01:57.407","4","0","0","0","2109","0","0","0","N","0","0","0","3","02109","1","","1.0","","1","N","N","","0","","0","0","0","","2","","","2","1","0","0","0","0","0","2","0","2","","","","N","","","","","","","","","",""
"2010097452","","1","0","0","0","0","0","0","0","0","7","0","","02","10","2010","3","40.434139","-79.859345","","11","0","0","0","0","0","0","0","0","2","0","0","0","","","0","","0","","40 26:02.900","7","0","79 51:33.642","0","0","0","0","2431","0","0","0","N","0","0","0","0","02431","0","","5.0","","9","N","N","","0","","0","0","0","","0","Y","","1","0","0","0","0","0","0","2","0","1","","","","N","","","","","","","","","",""
"2010097454","","2","0","0","0","0","0","0","0","0","1","0","","02","10","2010","7","40.294511","-79.91787","","11","0","0","0","0","0","0","0","0","","0","0","0","","","0","","1","","40 17:40.239","","0","79 55:04.331","0","0","0","0","2440","0","0","0","N","0","0","0","2","02440","0","","1.0","","1","N","N","","0","","0","0","0","","2","","","2","0","0","0","0","0","0","2","0","2","","","","N","","","","","","","","","",""
"2010097460","","1","0","0","0","0","0","0","0","0","1","0","","02","10","2010","4","40.352173","-79.977658","","11","0","0","0","0","0","0","0","0","1","0","0","0","","","0","","1","","40 21:07.821","2","0","79 58:39.567","0","0","0","0","2476","0","0","0","N","0","0","0","6","02476","0","","1.0","","9","N","N","","1","","0","0","0","","2","N","","2","0","0","0","0","0","0","2","0","2","","","","N","","","","","","","","","",""
"2010097461","","1","0","0","0","0","0","0","0","0","1","0","","02","10","2010","5","40.629235","-79.933237","","11","0","2","0","0","0","1","0","0","1","0","0","0","","","0","","2","","40 37:45.246","6","0","79 55:59.652","0","0","0","0","2217","0","0","0","N","0","0","0","3","02505","0","","1.0","","1","N","N","","0","","0","0","2","","0","N","","3","0","0","0","0","0","0","2","0","3","","","","N","","","","","","","","","",""
"2010097462","","2","0","0","0","0","0","0","0","0","4","0","","02","10","2010","6","40.530126","-80.018093","","11","0","0","0","0","0","1","1","0","","0","0","0","","","0","","2","","40 31:48.454","","0","80 01:05.136","0","0","0","0","2116","0","0","0","N","0","0","0","4","02116","0","","1.0","","1","N","N","","0","","0","0","0","","3","","","2","0","0","0","0","0","0","2","0","2","","","","N","","","","","","","","","",""
"2010097472","","0","0","0","0","0","0","0","0","0","8","1","","02","10","2010","4","","","","11","0","0","0","0","0","1","0","0","","0","0","0","","","1","","0","","","","0","","4","0","0","0","2119","1","0","0","N","1","0","0","2","02119","1","","1.0","","9","N","N","","0","","0","0","0","","0","","","2","1","0","0","0","0","0","1","0","1","","","","N","","","","","","","","","",""
"2010097474","","0","0","0","0","0","0","0","0","0","1","0","","02","10","2010","6","40.62899","-80.056346","","11","0","0","0","0","0","2","0","0","","0","0","0","","","0","","1","","40 37:44.365","","0","80 03:22.847","0","0","0","0","2216","0","0","0","N","0","0","0","3","02505","0","","1.0","","1","N","N","","1","","0","0","2","","2","","","3","0","0","0","0","0","0","1","0","3","","","","N","","","","","","","","","",""
"2010097477","","1","0","0","0","0","0","0","0","0","7","0","","02","10","2010","7","40.435223","-79.968498","","11","0","0","0","0","0","0","0","0","1","0","0","0","","","1","","0","","40 26:06.802","4","0","79 58:06.592","4","0","0","0","2301","0","0","0","N","0","0","0","1","02301","1","","2.0","","1","N","N","","0","","0","0","0","","0","Y","","1","1","0","0","0","0","0","2","0","1","","","","N","","","","","","","","","",""
"2010097486","","1","0","0","0","0","0","0","0","0","1","0","","02","10","2010","6","40.649811","-79.936934","","11","0","0","0","0","0","0","0","0","1","0","0","0","","","1","","0","","40 38:59.319","2","7","79 56:12.964","8","0","0","0","2217","0","0","0","N","0","0","0","2","02505","0","","1.0","","1","N","N","","1","","0","0","0","","0","Y","","2","1","0","0","0","1","0","2","0","2","","","","N","","","","","","","","","",""
"2010097488","","1","0","0","0","0","0","0","0","0","4","0","","02","10","2010","6","40.655867","-80.082146","","11","0","0","0","0","0","1","0","0","1","0","0","0","","","0","","0","","40 39:21.121","5","0","80 04:55.725","0","0","0","1","2212","0","0","0","N","0","0","0","2","02505","0","","1.0","","1","N","N","","0","","0","0","0","","0","N","","2","0","0","0","0","0","0","2","0","2","","","","N","","","","","","","","","",""
"2010097493","","2","0","0","0","0","0","0","0","0","1","0","","02","10","2010","6","40.625476","-80.054285","","11","0","0","0","0","0","0","0","0","1","0","0","0","","","0","","2","","40 37:31.714","5","0","80 03:15.425","0","0","0","0","2216","0","0","0","N","0","0","0","6","02505","0","","1.0","","1","N","N","","0","","0","0","0","","0","N","","2","0","0","0","0","0","0","1","0","2","","","","N","","","","","","","","","",""
"2010097498","","1","0","0","0","0","0","0","0","0","2","0","","02","10","2010","7","40.441826","-79.919885","","11","0","1","0","0","0","0","0","0","1","0","0","0","","","0","","1","","40 26:30.573","4","0","79 55:11.586","0","0","0","0","2301","0","0","0","N","0","0","0","4","02301","0","","1.0","","1","N","N","","0","","0","0","0","","1","Y","","2","0","0","0","0","0","0","2","1","2","","","","N","","","","","","","","","",""
"2010097520","","1","0","0","0","0","0","0","0","0","7","0","","02","10","2010","1","40.543685","-79.99252","","11","0","0","0","0","0","0","0","0","","0","0","0","","","0","","0","","40 32:37.266","","0","79 59:33.072","0","0","0","0","2116","0","0","0","N","0","0","0","1","02116","0","","5.0","","9","N","N","","0","","0","0","0","","0","","","1","0","0","0","0","0","0","2","0","1","","","","N","","","","","","","","","",""
"2010097524","","1","0","0","0","0","0","0","0","0","8","0","","02","10","2010","6","40.497286","-80.054389","","11","0","0","0","0","0","0","0","0","2","0","0","0","","","1","","1","","40 29:50.229","1","0","80 03:15.800","4","0","0","0","2404","1","0","0","N","1","0","0","2","02404","1","","1.0","","1","N","N","","0","","0","0","0","","2","Y","","2","1","0","0","0","0","0","2","0","1","","","","N","","","","","","","","","",""
"2010097530","","1","0","0","0","0","0","0","0","0","7","0","","02","9","2010","4","40.425033","-80.117175","","11","0","0","1","0","0","0","0","0","1","0","0","0","","","0","","0","","40 25:30.120","4","0","80 07:01.831","0","0","0","0","2102","0","0","0","Y","0","0","0","2","68B03","0","","4.0","","1","N","N","","0","","0","0","0","","0","N","","1","0","0","0","0","0","0","2","0","1","","","","N","","","","","","","","","",""
"2010097533","","1","0","0","0","0","0","0","0","0","1","0","","02","10","2010","3","40.44197","-80.008826","","11","0","0","0","0","0","1","0","0","","0","0","0","","","1","","6","","40 26:31.092","","2","80 00:31.774","4","0","0","0","2301","0","0","0","N","0","0","0","2","68B03","1","","1.0","","1","N","N","","1","","0","0","0","","4","","","2","1","0","0","0","0","0","2","0","2","","","","N","","","","","","","","","",""
"2010097534","","1","0","0","0","0","0","0","0","0","7","0","","02","10","2010","4","40.438354","-79.86265","","11","0","0","0","0","0","0","0","0","1","0","0","0","","","0","","0","","40 26:18.074","3","0","79 51:45.541","0","0","0","0","2419","0","0","0","N","0","0","0","1","68B03","0","","4.0","","9","N","N","","0","","0","0","0","","0","N","","1","0","0","0","0","0","0","2","0","1","","","","N","","","","","","","","","",""
"2010097535","","1","0","0","0","0","0","0","0","0","1","0","","02","10","2010","5","40.434362","-79.86855","","11","0","0","0","0","0","1","0","0","","0","0","0","","","2","","0","","40 26:03.704","","0","79 52:06.779","4","0","0","0","2478","0","0","0","N","0","0","0","4","68B03","2","","1.0","","1","N","N","","0","","0","0","1","","0","","","2","2","0","0","0","0","0","2","0","2","","","","N","","","","","","","","","",""
"2010097564","","1","0","0","0","0","0","0","0","0","8","0","","02","10","2010","7","40.377779","-80.046187","","11","0","1","0","0","0","0","0","0","","0","0","0","","","1","","2","","40 22:40.004","","0","80 02:46.273","4","0","0","0","2109","1","0","0","N","1","0","0","6","02109","1","","1.0","","1","N","N","","0","","0","0","0","","2","","","2","1","0","0","0","0","0","2","0","1","","","","N","","","","","","","","","",""
"2010097569","","1","0","0","0","0","0","0","0","0","7","0","","02","10","2010","7","40.387706","-80.204891","","11","0","0","0","0","0","0","0","0","2","0","0","0","","","0","","0","","40 23:15.743","4","0","80 12:17.608","0","0","0","0","2214","0","0","0","N","0","0","0","1","02214","0","","5.0","","1","N","N","","0","","0","0","0","","0","N","","1","0","0","0","0","0","0","2","0","1","","","","N","","","","","","","","","",""
"2010097572","","1","0","0","0","0","0","0","0","0","7","0","","02","10","2010","6","40.499943","-79.747037","","11","0","0","0","0","0","0","0","0","1","0","0","0","","","2","","2","","40 29:59.795","6","0","79 44:49.332","8","0","0","0","2466","0","0","0","N","0","0","0","4","02466","0","","5.0","","1","N","N","","0","","0","0","0","","0","N","","1","2","1","0","0","2","0","2","0","1","","","","N","","","","","","","","","",""
"2010097573","","3","0","0","0","0","0","0","0","0","1","0","","02","10","2010","7","","","","11","0","0","0","0","0","0","0","0","2","0","0","0","","","1","","0","","","1","0","","4","0","0","0","2111","0","0","0","N","0","0","0","7","02111","1","","1.0","","1","N","N","","2","","0","0","0","","0","N","","5","1","0","0","0","0","1","1","0","5","","","","N","","","","","","","","","",""
"2010097574","","1","0","0","0","0","0","0","0","0","4","0","","02","10","2010","7","40.399975","-80.045122","","11","0","0","0","0","0","1","0","0","","0","0","0","","","1","","0","","40 23:59.910","","7","80 02:42.440","8","0","0","0","2301","0","0","0","N","0","0","0","5","02301","0","","1.0","","1","N","N","","0","","0","0","0","","0","","","2","1","0","0","0","1","0","2","1","2","","","","N","","","","","","","","","",""
"2010097580","","2","0","0","0","0","0","0","0","0","4","0","","02","10","2010","6","40.494175","-80.052649","","11","0","0","0","0","0","0","0","0","","0","0","0","","","1","","1","","40 29:39.030","","0","80 03:09.536","8","0","0","0","2404","0","0","0","N","0","0","0","2","02404","0","","1.0","","1","N","N","","0","","0","0","0","","2","","","2","1","0","0","0","1","0","2","0","2","","","","N","","","","","","","","","",""
"2010097581","","2","0","0","0","0","0","0","0","0","4","0","","02","10","2010","7","40.447425","-79.942471","","11","0","0","0","0","0","1","0","0","","0","0","0","","","0","","1","","40 26:50.730","","0","79 56:32.895","0","0","0","0","2301","0","0","0","N","0","0","0","6","02301","0","","1.0","","1","N","N","","0","","0","0","0","","2","","","2","0","0","0","0","0","0","2","0","2","","","","N","","","","","","","","","",""
"2010097587","","1","0","0","0","0","0","0","0","0","1","0","","02","10","2010","7","40.424955","-79.97662","","11","0","0","0","0","0","0","0","0","1","0","0","0","","","1","","2","","40 25:29.838","6","0","79 58:35.832","3","0","0","0","2301","0","0","0","N","0","0","0","1","02301","0","","1.0","","1","N","N","","0","","1","0","2","","0","Y","","4","1","0","0","0","0","0","2","1","4","","","","N","","","","","","","","","",""
"2010097588","","1","0","0","0","0","0","0","0","0","4","0","","02","10","2010","7","40.455746","-79.910475","","11","0","0","0","0","0","0","0","0","","0","0","0","","","1","","1","","40 27:20.686","","0","79 54:37.709","8","0","0","0","2301","0","0","0","N","0","0","0","3","02301","0","","1.0","","1","N","N","","1","","0","0","0","","2","","","2","1","0","0","0","1","2","2","0","2","","","","N","","","","","","","","","",""
"2010097596","","1","0","0","0","0","0","0","0","0","0","0","","02","10","2010","7","40.630146","-80.01072","","11","0","0","0","0","0","0","0","0","5","0","0","0","","","5","","2","","40 37:48.527","6","0","80 00:38.592","8","0","0","0","2216","0","0","0","N","0","0","0","5","02505","0","","1.0","","1","N","N","","0","","0","0","0","","0","Y","","1","5","5","0","0","5","0","1","0","1","","","","N","","","","","","","","","",""
"2010097599","","1","0","0","0","0","0","0","0","0","4","0","","02","10","2010","1","40.393704","-80.019936","","11","0","0","0","0","0","0","0","0","","0","0","0","","","2","","2","","40 23:37.334","","0","80 01:11.769","4","0","0","0","2301","0","0","0","N","0","0","0","3","02301","2","","1.0","","1","N","N","","1","","0","0","0","","1","","","2","2","1","0","0","0","0","2","0","2","","","","N","","","","","","","","","",""
"2010097602","","2","0","0","0","0","0","0","0","0","1","0","","02","10","2010","1","40.481787","-79.953071","","11","0","0","0","0","0","0","0","0","","0","0","0","","","0","","0","","40 28:54.433","","0","79 57:11.055","9","0","0","0","2301","0","0","0","N","0","0","0","2","02301","0","","4.0","","1","N","N","","1","","0","0","0","","0","","","3","0","0","0","0","0","1","2","0","3","","","","N","","","","","","","","","",""
"2010097604","","1","0","0","0","0","0","0","0","0","7","0","","02","10","2010","7","40.373339","-80.065086","","11","0","0","0","0","0","0","0","0","2","0","0","0","","","1","","2","","40 22:24.022","1","0","80 03:54.310","4","0","0","0","2109","0","0","0","N","0","0","0","2","02109","1","","5.0","","1","N","N","","0","","0","0","0","","3","N","","1","1","2","0","0","0","0","2","0","1","","","","N","","","","","","","","","",""
"2010097607","","1","0","0","0","0","0","0","0","0","1","0","","02","10","2010","7","40.343047","-79.964008","","11","0","0","0","1","0","0","0","0","1","0","0","0","","","0","","2","","40 20:34.970","3","0","79 57:50.430","0","0","0","0","2454","0","0","0","N","0","0","0","5","02454","0","","1.0","","1","N","N","","0","","0","0","1","","0","N","","2","0","1","0","0","0","0","2","0","2","","","","N","","","","","","","","","",""
"2010097610","","1","0","0","0","0","0","0","0","0","4","0","","02","10","2010","7","40.368078","-80.049253","","11","0","0","0","0","0","1","1","0","2","0","0","0","","","0","","2","","40 22:05.079","5","0","80 02:57.311","0","0","0","0","2109","0","0","0","N","0","0","0","3","02109","0","","1.0","","1","N","N","","1","","0","0","0","","3","N","","2","0","0","0","0","0","0","2","0","2","","","","N","","","","","","","","","",""
"2010097613","","0","0","0","0","0","0","0","0","0","4","0","","02","10","2010","7","40.270017","-79.847653","","11","0","0","0","0","0","0","0","0","3","0","0","0","","","1","","1","","40 16:12.060","5","0","79 50:51.551","3","0","0","0","2105","0","0","0","N","0","0","0","3","02105","0","","1.0","","1","N","N","","2","","1","0","0","","3","Y","","2","1","0","0","0","0","0","2","0","2","","","","N","","","","","","","","","",""
"2010097645","","1","0","0","0","0","0","0","0","0","4","1","","02","10","2010","2","40.314848","-79.896847","","11","0","0","0","0","1","1","0","0","1","0","1","0","","","1","","0","","40 18:53.451","5","1","79 53:48.648","3","0","0","0","2302","0","0","0","N","0","0","0","2","02302","0","","1.0","","9","N","N","","0","","1","0","0","","8","Y","","2","1","1","0","0","0","0","2","0","2","","","","N","","","","","","","","","",""
"2010097668","","1","0","0","0","0","0","0","0","0","4","0","","02","10","2010","1","40.48818","-80.016636","","11","0","0","0","0","0","0","0","0","","0","0","0","","","0","","0","","40 29:17.448","","0","80 00:59.888","0","0","0","0","2301","0","0","0","N","0","0","0","1","02301","0","","5.0","","1","N","N","","1","","0","0","0","","0","","","2","0","0","0","0","0","0","2","0","2","","","","N","","","","","","","","","",""
"2010097696","","1","0","0","0","0","0","0","0","0","4","0","","02","10","2010","3","40.51411","-80.004831","","11","0","0","0","0","0","1","0","0","1","0","0","0","","","0","","2","","40 30:50.797","1","2","80 00:17.392","0","0","0","0","2116","0","0","0","N","0","0","0","2","02116","0","","1.0","","1","N","N","","0","","0","0","1","","2","N","","2","0","0","0","0","0","0","2","0","2","","","","N","","","","","","","","","",""
"2010097698","","2","0","0","0","0","0","0","0","0","4","0","","02","10","2010","1","40.438078","-79.994416","","11","0","0","0","0","0","1","0","0","","0","0","0","","","1","","1","","40 26:17.079","","0","79 59:39.896","8","0","0","0","2301","0","0","0","N","0","0","0","3","02301","0","","1.0","","1","N","N","","0","","0","0","0","","2","","","2","1","0","0","0","1","0","2","0","2","","","","N","","","","","","","","","",""
"2010097699","","1","0","0","0","0","0","0","0","0","1","0","35","02","10","2010","1","40.490604","-79.951368","","11","0","0","0","0","0","0","0","0","1","0","0","0","","","0","","7","","40 29:26.176","1","2","79 57:04.924","0","0","0","0","2430","0","0","0","N","0","0","0","3","02118","0","","1.0","","1","N","N","","0","","0","0","1","","0","N","","2","0","0","0","0","0","0","2","0","2","","","N","Y","3","1","","","N","","Y","","",""
"2010097705","","2","0","0","0","0","0","0","0","0","4","0","","02","10","2010","1","40.489351","-79.820068","","11","0","0","0","0","0","0","0","0","","0","0","0","","","0","","5","","40 29:21.662","","0","79 49:12.244","0","0","0","0","2113","0","0","0","N","0","0","0","2","02113","0","","1.0","","1","N","N","","0","","0","0","0","","3","","","2","0","0","0","0","0","0","2","0","2","","","","N","","","","","","","","","",""
"2010097717","","2","0","0","0","0","0","0","0","0","4","0","","02","10","2010","2","40.653407","-80.067874","","11","0","0","0","0","1","0","0","1","1","0","0","0","","","2","","2","","40 39:12.266","7","0","80 04:04.348","4","0","0","0","2216","0","0","0","N","0","0","0","2","02505","2","","1.0","","1","N","N","","0","","0","0","0","","3","N","","2","2","0","0","0","0","0","2","0","2","","","","N","","","","","","","","","",""
"2010097726","","0","0","0","1","0","0","0","0","0","8","0","","02","10","2010","1","40.376135","-80.067933","","11","0","0","0","0","0","1","0","0","","0","0","0","","","1","","0","","40 22:34.086","","7","80 04:04.558","4","0","0","0","2109","1","0","0","N","0","0","0","2","02109","1","","6.0","","1","N","N","","0","","0","0","1","","0","","","2","1","0","0","0","0","0","2","0","1","","","","N","","","","","","","","","",""
"2010097749","","1","0","0","0","0","0","0","0","0","1","0","","02","10","2010","7","40.266626","-79.850319","","11","0","0","0","0","0","0","0","0","1","0","0","0","","","5","","2","","40 15:59.853","5","0","79 51:01.149","8","0","0","0","2105","0","0","0","N","0","0","0","5","02105","0","","1.0","","1","N","N","","0","","0","0","1","","0","Y","","2","5","0","0","0","5","0","2","0","2","","","","N","","","","","","","","","",""
"2010097759","","4","0","0","0","0","0","0","0","0","7","1","35","02","10","2010","3","40.486882","-79.957845","","11","0","0","0","0","0","1","0","0","1","0","1","0","","","1","","0","","40 29:12.774","2","0","79 57:28.241","8","0","0","0","2118","0","0","0","Y","0","0","0","6","02118","0","","1.0","","9","N","N","","0","","0","0","0","","0","Y","","6","1","0","0","0","1","0","2","1","6","","","N","Y","8","2","Y","","N","Y","","Y","Y",""
"2010097768","","1","0","0","0","0","0","0","0","0","2","0","","02","10","2010","1","40.57676","-79.9702","","11","1","0","0","0","0","0","0","0","1","0","0","0","","","1","","0","","40 34:36.335","6","0","79 58:12.720","4","0","0","1","2207","0","0","0","N","0","0","0","3","02207","1","","1.0","","1","N","N","","0","","0","0","0","","0","Y","","2","1","0","0","0","0","0","2","0","2","","","","N","","","","","","","","","",""
"2010097782","","2","0","0","0","0","0","0","0","0","1","0","","02","9","2010","3","40.447188","-80.166309","","11","0","0","0","0","0","0","0","1","","0","0","0","","","1","","7","","40 26:49.878","","2","80 09:58.712","4","0","0","0","2115","0","0","0","N","0","0","0","2","68B03","1","","1.0","","1","N","N","","0","","0","0","0","","3","","","2","1","0","0","0","0","0","2","0","2","","","","N","","","","","","","","","",""
"2010097824","","2","0","0","0","0","0","0","0","0","4","0","","02","10","2010","1","40.454076","-79.996814","","11","0","0","0","0","0","0","0","0","2","0","0","0","","","1","","1","","40 27:14.672","3","0","79 59:48.532","8","0","0","0","2301","0","0","0","N","0","0","0","7","02301","0","","1.0","","1","N","N","","0","","0","0","0","","2","N","","2","1","0","0","0","1","0","2","0","2","","","","N","","","","","","","","","",""
"2010097845","","2","0","0","0","0","0","0","0","0","2","0","","02","10","2010","1","40.338826","-80.065864","","11","0","0","0","0","0","1","0","0","1","0","0","0","","","1","","1","","40 20:19.775","6","0","80 03:57.111","4","0","0","0","2123","0","0","0","N","0","0","0","3","02123","1","","1.0","","1","N","N","","0","","0","0","0","","2","Y","","2","1","0","0","0","0","0","2","0","2","","","","N","","","","","","","","","",""
"2010097848","","0","0","0","0","0","0","0","0","0","4","0","","02","10","2010","1","40.394017","-79.785901","","11","0","0","0","0","0","0","0","0","2","0","0","0","","","0","","2","","40 23:38.461","3","0","79 47:09.243","0","0","0","0","2470","0","0","0","N","0","0","0","2","02424","0","","1.0","","1","N","N","","0","","0","0","1","","3","N","","2","0","0","0","0","0","0","2","0","2","","","","N","","","","","","","","","",""
"2010097853","","1","0","0","0","0","0","0","0","0","7","0","","02","10","2010","1","40.552722","-80.012758","","11","0","0","0","0","0","0","0","0","","0","0","0","","","0","","0","","40 33:09.800","","0","80 00:45.930","0","0","0","0","2116","0","0","0","N","0","0","0","2","02116","0","","5.0","","1","N","N","","0","","0","0","0","","0","","","1","0","0","0","0","0","0","2","0","1","","","","N","","","","","","","","","",""
"2010097860","","1","0","0","0","0","0","0","0","0","0","0","","02","9","2010","2","40.527246","-80.038573","","11","0","1","0","0","0","0","0","0","","0","0","0","","","0","","0","","40 31:38.085","","0","80 02:18.861","0","0","0","0","2116","0","0","0","N","0","0","0","2","02116","0","","5.0","","1","N","N","","0","","0","0","0","","0","","","1","0","0","0","0","0","0","2","0","1","","","","N","","","","","","","","","",""
"2010097865","","1","0","0","0","0","0","0","0","0","1","0","","02","10","2010","3","40.35238","-79.853273","","11","0","0","0","0","0","1","0","0","","0","0","0","","","1","","1","","40 21:08.569","","0","79 51:11.784","4","0","0","0","2304","0","0","0","N","0","0","0","4","02304","1","","1.0","","1","N","N","","1","","0","0","0","","2","","","2","1","1","0","0","0","0","2","0","2","","","","N","","","","","","","","","",""
"2010097882","","1","0","0","0","0","0","0","0","0","7","0","","02","10","2010","1","40.479914","-80.011941","","11","0","0","0","0","0","0","0","0","1","0","0","0","","","1","","2","","40 28:47.690","4","0","80 00:42.986","4","0","0","0","2301","0","0","0","N","0","0","0","1","02301","1","","2.0","","1","N","N","","0","","0","0","0","","0","N","","1","1","1","0","0","0","0","2","0","1","","","","N","","","","","","","","","",""
"2010097899","","0","0","0","0","0","0","0","0","0","0","0","","02","9","2010","7","40.392609","-79.968362","","11","0","1","0","0","0","0","0","0","2","0","0","0","","","1","","0","","40 23:33.392","2","0","79 58:06.104","3","0","0","1","2403","0","0","0","N","0","0","0","1","02403","0","","1.0","","1","N","N","","0","","1","0","0","","0","N","","1","1","0","0","0","0","0","2","0","1","","","","N","","","","","","","","","",""
"2010097923","","1","0","0","0","0","0","0","0","0","7","0","","02","10","2010","6","40.629893","-79.714148","","11","0","0","0","0","0","1","0","0","","0","0","0","","","0","","0","","40 37:47.614","","0","79 42:50.932","0","0","0","0","2106","0","0","0","N","0","0","0","1","02106","0","","5.0","","1","N","N","","0","","0","0","0","","0","","","1","0","0","0","0","0","0","2","0","1","","","","N","","","","","","","","","",""
"2010097934","","2","0","0","0","0","0","0","0","0","5","0","","02","9","2010","1","40.447881","-80.010701","","11","0","0","0","1","0","0","0","0","","0","0","0","","","0","","0","","40 26:52.373","","0","80 00:38.525","0","0","0","0","2301","0","0","0","N","0","0","0","4","68B03","0","","1.0","","1","N","N","","0","","0","0","0","","0","","","2","0","0","0","0","0","0","2","0","2","","","","N","","","","","","","","","",""
"2010097935","","1","0","0","0","0","0","0","0","0","1","0","","02","9","2010","4","40.428891","-79.932419","","11","0","0","0","1","0","0","0","0","","0","0","0","","","1","","0","","40 25:44.009","","0","79 55:56.707","4","0","0","0","2301","0","0","0","N","0","0","0","2","68B03","1","","1.0","","1","N","N","","1","","0","0","0","","0","","","2","1","0","0","0","0","0","2","0","2","","","","N","","","","","","","","","",""
"2010097936","","1","0","0","0","0","0","0","0","0","99","0","","02","10","2010","7","40.581918","-80.110236","","11","0","0","0","0","0","1","0","0","","0","0","0","","","0","","0","","40 34:54.906","","0","80 06:36.849","0","0","0","0","2481","0","0","0","Y","0","0","0","2","68B03","0","","1.0","","1","N","N","","0","","0","0","0","","0","","","1","0","0","0","0","0","0","1","0","1","","","","N","","","","","","","","","",""