"CRN","ARRIVAL_TM","AUTOMOBILE_COUNT","BELTED_DEATH_COUNT","BELTED_SUSP_SERIOUS_INJ_COUNT","BICYCLE_COUNT","BICYCLE_DEATH_COUNT","BICYCLE_SUSP_SERIOUS_INJ_COUNT","BUS_COUNT","CHLDPAS_DEATH_COUNT","CHLDPAS_SUSP_SERIOUS_INJ_COUNT","COLLISION_TYPE","COMM_VEH_COUNT","CONS_ZONE_SPD_LIM","COUNTY","CRASH_MONTH","CRASH_YEAR","DAY_OF_WEEK","DEC_LATITUDE","DEC_LONGITUDE","DISPATCH_TM","DISTRICT","DRIVER_COUNT_16YR","DRIVER_COUNT_17YR","DRIVER_COUNT_18YR","DRIVER_COUNT_19YR","DRIVER_COUNT_20YR","DRIVER_COUNT_50_64YR","DRIVER_COUNT_65_74YR","DRIVER_COUNT_75PLUS","EST_HRS_CLOSED","FATAL_COUNT","HEAVY_TRUCK_COUNT","HORSE_BUGGY_COUNT","HOUR_OF_DAY","ILLUMINATION","INJURY_COUNT","INTERSECTION_RELATED","INTERSECT_TYPE","LANE_CLOSED","LATITUDE","LN_CLOSE_DIR","LOCATION_TYPE","LONGITUDE","MAX_SEVERITY_LEVEL","MCYCLE_DEATH_COUNT","MCYCLE_SUSP_SERIOUS_INJ_COUNT","MOTORCYCLE_COUNT","MUNICIPALITY","NONMOTR_COUNT","NONMOTR_DEATH_COUNT","NONMOTR_SUSP_SERIOUS_INJ_COUNT","NTFY_HIWY_MAINT","PED_COUNT","PED_DEATH_COUNT","PED_SUSP_SERIOUS_INJ_COUNT","PERSON_COUNT","POLICE_AGCY","POSSIBLE_INJ_COUNT","RDWY_SURF_TYPE_CD","RELATION_TO_ROAD","ROADWAY_CLEARED","ROAD_CONDITION","SCH_BUS_IND","SCH_ZONE_IND","SECONDARY_CRASH","SMALL_TRUCK_COUNT","SPEC_JURIS_CD","SUSP_MINOR_INJ_COUNT","SUSP_SERIOUS_INJ_COUNT","SUV_COUNT","TCD_FUNC_CD","TCD_TYPE","TFC_DETOUR_IND","TIME_OF_DAY","TOTAL_UNITS","TOT_INJ_COUNT","UNBELTED_OCC_COUNT","UNB_DEATH_COUNT","UNB_SUSP_SERIOUS_INJ_COUNT","UNK_INJ_DEG_COUNT","UNK_INJ_PER_COUNT","URBAN_RURAL","VAN_COUNT","VEHICLE_COUNT","WEATHER1","WEATHER2","WORKERS_PRES","WORK_ZONE_IND","WORK_ZONE_LOC","WORK_ZONE_TYPE","WZ_CLOSE_DETOUR","WZ_FLAGGER","WZ_LAW_OFFCR_IND","WZ_LN_CLOSURE","WZ_MOVING","WZ_OTHER","WZ_SHLDER_MDN","WZ_WORKERS_INJ_KILLED"
"2010097981","","0","0","0","0","0","0","0","0","0","99","0","","02","10","2010","6","40.584326","-79.873815","","11","0","0","0","0","0","1","0","0","","0","0","0","","","0","","0","","40 35:03.573","","0","79 52:25.734","0","0","0","0","2209","0","0","0","N","0","0","0","3","68T02","0","","1.0","","1","N","N","","0","","0","0","1","","0","","","1","0","0","0","0","0","0","2","0","1","","","","N","","","","","","","","","",""
"2010098015","","1","0","0","0","0","0","0","0","0","1","0","","02","10","2010","2","40.470333","-79.90867","","11","0","0","0","0","0","1","0","0","","0","0","0","","","0","","2","","40 28:13.197","","0","79 54:31.211","0","0","0","0","2301","0","0","0","N","0","0","0","5","02301","0","","1.0","","1","N","N","","0","","0","0","1","","2","","","2","0","0","0","0","0","0","2","0","2","","","","N","","","","","","","","","",""
"2010098017","","2","0","0","0","0","0","0","0","0","1","0","","02","10","2010","2","40.430668","-80.02619","","11","0","0","0","0","0","0","0","0","","0","0","0","","","0","","3","","40 25:50.406","","0","80 01:34.283","0","0","0","0","2301","0","0","0","N","0","0","0","2","02301","0","","1.0","","1","N","N","","0","","0","0","0","","4","","","2","0","0","0","0","0","0","2","0","2","","","","N","","","","","","","","","",""
"2010098024","","1","0","0","0","0","0","0","0","0","99","0","","02","10","2010","2","40.416682","-80.029834","","11","0","0","0","0","0","0","0","0","","0","0","0","","","0","","0","","40 25:00.054","","0","80 01:47.403","0","0","0","0","2301","0","0","0","N","0","0","0","1","02301","0","","1.0","","1","N","N","","0","","0","0","0","","0","","","1","0","0","0","0","0","0","2","0","1","","","","N","","","","","","","","","",""
"2010098027","","1","0","0","0","0","0","0","0","0","0","0","","02","9","2010","2","40.369002","-79.815763","","11","0","0","0","1","0","0","0","0","2","0","0","0","","","1","","0","","40 22:08.407","1","0","79 48:56.747","8","0","0","0","2111","0","0","0","N","0","0","0","3","02111","0","","1.0","","1","N","N","","0","","0","0","0","","0","Y","","2","1","0","0","0","1","0","2","1","2","","","","N","","","","","","","","","",""
"2010098034","","1","0","0","0","0","0","0","0","0","1","0","","02","10","2010","2","40.44558","-79.95323","","11","0","0","0","0","0","0","0","0","1","0","0","0","","","0","","2","","40 26:44.088","4","0","79 57:11.628","0","0","0","0","2301","0","0","0","N","0","0","0","2","02301","0","","1.0","","1","N","N","","0","","0","0","1","","2","N","","2","0","0","0","0","0","0","2","0","2","","","","N","","","","","","","","","",""
"2010098050","","1","0","0","0","0","0","0","0","0","1","0","","02","10","2010","1","40.36354","-79.773461","","11","0","0","0","0","0","2","0","0","","0","0","0","","","2","","2","","40 21:48.744","","0","79 46:24.459","8","0","0","0","2111","0","0","0","N","0","0","0","2","02111","0","","1.0","","1","N","N","","0","","0","0","1","","0","","","2","2","0","0","0","2","0","2","0","2","","","","N","","","","","","","","","",""
"2010098101","","2","0","0","0","0","0","0","0","0","1","0","","02","10","2010","2","40.46052","-79.968817","","11","0","0","0","0","1","0","0","0","","0","0","0","","","0","","0","","40 27:37.872","","0","79 58:07.741","0","0","0","0","2301","0","0","0","N","0","0","0","2","02301","0","","1.0","","1","N","N","","0","","0","0","0","","0","","","2","0","0","0","0","0","0","2","0","2","","","","N","","","","","","","","","",""
"2010098105","","1","0","0","0","0","0","0","0","0","4","0","","02","10","2010","7","40.461632","-80.151993","","11","0","0","0","0","1","0","0","0","","0","0","0","","","0","","2","","40 27:41.874","","0","80 09:07.176","0","0","0","0","2115","0","0","0","N","0","0","0","2","02115","0","","1.0","","1","N","N","","0","","0","0","1","","3","","","2","0","0","0","0","0","0","2","0","2","","","","N","","","","","","","","","",""
"2010098106","","2","0","0","0","0","0","0","0","0","1","0","","02","10","2010","2","40.533061","-80.187822","","11","0","0","0","0","0","1","0","0","","0","0","0","","","2","","0","","40 31:59.018","","3","80 11:16.159","8","0","0","0","2458","0","0","0","N","0","0","0","3","02458","0","","1.0","","1","N","N","","0","","0","0","0","","2","","","2","2","0","0","0","2","0","2","0","2","","","","N","","","","","","","","","",""
"2010098149","","1","0","0","0","0","0","0","0","0","99","0","","02","10","2010","1","40.494398","-79.904342","","11","0","0","0","0","0","0","0","1","","0","0","0","","","0","","0","","40 29:39.832","","0","79 54:15.632","0","0","0","0","2112","0","0","0","N","0","0","0","1","68D02","0","","1.0","","1","N","N","","0","","0","0","0","","0","","","1","0","0","0","0","0","0","2","0","1","","","","N","","","","","","","","","",""
"2010098187","","0","0","0","0","0","0","0","0","0","4","1","","02","10","2010","6","40.590289","-79.947977","","11","0","0","0","0","0","1","1","0","","0","0","0","","","0","","0","","40 35:25.039","","0","79 56:52.718","0","0","0","0","2207","0","0","0","N","0","0","0","6","02207","0","","1.0","","1","Y","N","","0","","0","0","1","","0","","","2","0","0","0","0","0","0","2","1","2","","","","N","","","","","","","","","",""
"2010098202","","2","0","0","0","0","0","0","0","0","4","0","","02","10","2010","2","40.425189","-79.964182","","11","0","0","0","0","0","0","0","0","","0","0","0","","","1","","1","","40 25:30.679","","0","79 57:51.055","8","0","0","0","2301","0","0","0","N","0","0","0","3","02301","0","","1.0","","1","N","N","","0","","0","0","0","","3","","","2","1","0","0","0","1","0","2","0","2","","","","N","","","","","","","","","",""
"2010098216","","2","0","0","0","0","0","0","0","0","4","0","","02","10","2010","2","40.419328","-79.972611","","11","0","0","0","0","0","1","0","0","2","0","0","0","","","0","","1","","40 25:09.580","5","0","79 58:21.399","0","0","0","0","2301","0","0","0","N","0","0","0","3","02301","0","","1.0","","1","N","N","","0","","0","0","1","","3","Y","","3","0","0","0","0","0","0","2","0","3","","","","N","","","","","","","","","",""
"2010098218","","1","0","0","0","0","0","0","0","0","7","0","","02","10","2010","2","40.474656","-79.971391","","11","0","0","0","0","0","0","0","0","3","0","0","0","","","0","","0","","40 28:28.762","5","0","79 58:17.007","0","0","0","0","2445","0","0","0","N","0","0","0","2","02445","0","","3.0","","1","N","N","","0","","0","0","0","","0","N","","1","0","0","0","0","0","0","2","0","1","","","","N","","","","","","","","","",""
"2010098228","","1","0","0","0","0","0","0","0","0","0","0","","02","10","2010","2","40.445679","-79.994173","","11","0","0","0","0","0","0","0","0","","0","0","0","","","0","","2","","40 26:44.444","","0","79 59:39.022","0","0","0","0","2301","0","0","0","N","0","0","0","1","02301","0","","1.0","","1","N","N","","0","","0","0","0","","2","","","1","0","0","0","0","0","0","2","0","1","","","","N","","","","","","","","","",""
"2010098235","","3","0","0","0","0","0","0","0","0","4","0","","02","10","2010","2","40.427873","-79.973121","","11","0","0","0","0","0","0","0","0","","0","0","0","","","0","","1","","40 25:40.342","","0","79 58:23.235","0","0","0","0","2301","0","0","0","N","0","0","0","2","02301","0","","1.0","","9","N","N","","0","","0","0","0","","3","","","3","0","1","0","0","0","0","2","0","3","","","","N","","","","","","","","","",""
"2010098238","","2","0","0","0","0","0","0","0","0","4","0","","02","10","2010","1","40.474536","-79.971494","","11","0","0","0","0","0","0","0","0","","0","0","0","","","7","","2","","40 28:28.330","","3","79 58:17.378","4","0","0","0","2445","0","0","0","N","0","0","0","7","02445","7","","1.0","","1","N","N","","0","","0","0","0","","2","","","2","7","0","0","0","0","0","2","0","2","","","","N","","","","","","","","","",""
"2010098241","","1","0","0","0","0","0","0","0","0","1","0","","02","10","2010","2","40.469814","-80.060255","","11","0","0","0","0","0","1","0","0","","0","0","0","","","1","","0","","40 28:11.330","","0","80 03:36.918","4","0","0","0","2444","0","0","0","N","0","0","0","4","02444","1","","1.0","","1","N","N","","0","","0","0","1","","0","","","2","1","1","0","0","0","0","2","0","2","","","","N","","","","","","","","","",""
"2010098248","","2","0","0","0","0","0","0","0","0","4","0","","02","10","2010","7","40.442244","-79.760124","","11","0","0","0","0","0","0","0","0","3","0","0","0","","","1","","0","","40 26:32.077","1","0","79 45:36.446","8","0","0","0","2446","0","0","0","N","0","0","0","5","02446","0","","1.0","","1","N","N","","0","","0","0","0","","0","N","","2","1","3","0","0","1","1","2","0","2","","","","N","","","","","","","","","",""
"2010098250","","1","0","0","0","0","0","0","0","0","8","0","","02","10","2010","3","","","","11","0","0","0","0","0","0","0","0","","0","0","0","","","1","","0","","","","1","","3","0","0","0","2301","1","0","0","N","1","0","0","1","02301","0","","1.0","","9","N","N","","0","","1","0","0","","0","","","2","1","0","0","0","0","0","1","0","1","","","","N","","","","","","","","","",""
"2010098281","","1","0","0","0","0","0","0","0","0","7","0","","02","10","2010","6","40.490737","-79.882778","","11","0","0","0","0","0","0","0","0","","0","0","0","","","0","","7","","40 29:26.653","","2","79 52:58.000","0","0","0","0","2112","0","0","0","Y","0","0","0","1","68D02","0","","4.0","","1","N","N","","0","","0","0","0","","0","","","1","0","0","0","0","0","0","2","0","1","","","","N","","","","","","","","","",""
"2010098363","","0","0","0","0","0","0","0","0","0","8","0","","02","10","2010","3","40.406827","-79.943197","","11","0","0","0","0","0","0","0","0","","0","0","0","","","1","","2","","40 24:24.578","","0","79 56:35.510","4","0","0","0","2301","1","0","0","N","1","0","0","2","02301","1","","1.0","","1","N","N","","0","","0","0","1","","8","","","2","1","0","0","0","0","1","2","0","1","","","","N","","","","","","","","","",""
"2010098366","","0","0","0","0","0","0","0","0","0","6","0","","02","10","2010","3","40.412083","-79.85622","","11","0","0","0","1","0","0","0","0","1","0","0","0","","","0","","0","","40 24:43.500","2","0","79 51:22.393","0","0","0","0","2411","0","0","0","N","0","0","0","3","02411","0","","1.0","","1","N","N","","0","","0","0","2","","0","Y","","2","0","0","0","0","0","0","2","0","2","","","","N","","","","","","","","","",""
"2010098372","","2","0","0","0","0","0","0","0","0","1","0","","02","10","2010","4","40.507735","-80.088713","","11","0","0","0","0","0","0","0","0","1","0","0","0","","","1","","2","","40 30:27.847","2","0","80 05:19.367","4","0","0","0","2429","0","0","0","N","0","0","0","2","02215","1","","1.0","","9","N","N","","0","","0","0","0","","0","N","","2","1","0","0","0","0","0","2","0","2","","","","N","","","","","","","","","",""
"2010098390","","1","0","0","0","0","0","0","0","0","6","0","","02","10","2010","3","40.377387","-80.055556","","11","0","0","0","0","0","1","0","0","3","0","0","0","","","2","","0","","40 22:38.594","7","0","80 03:20.000","3","0","0","0","2109","0","0","0","N","0","0","0","3","02109","0","","1.0","","1","N","N","","0","","1","0","1","","0","Y","","2","2","1","0","0","1","1","2","0","2","","","","N","","","","","","","","","",""
"2010098391","","0","0","0","0","0","0","0","0","0","1","0","","02","10","2010","3","40.432519","-79.958506","","11","0","0","0","0","0","0","0","1","","0","0","0","","","0","","6","","40 25:57.067","","2","79 57:30.620","0","0","0","0","2301","0","0","0","N","0","0","0","4","02301","0","","7.0","","1","N","N","","0","","0","0","2","","3","","","2","0","0","0","0","0","0","2","0","2","","","","N","","","","","","","","","",""
"2010098403","","2","0","0","0","0","0","0","0","0","1","0","","02","10","2010","3","40.428724","-79.980159","","11","0","0","0","0","0","1","0","0","1","0","0","0","","","1","","0","","40 25:43.408","3","7","79 58:48.571","4","0","0","0","2301","0","0","0","N","0","0","0","4","02301","1","","1.0","","1","N","N","","0","","0","0","0","","0","N","","3","1","2","0","0","0","0","2","1","3","","","","N","","","","","","","","","",""
"2010098409","","2","0","0","0","0","0","0","0","0","1","0","","02","10","2010","7","40.388585","-80.081771","","11","0","2","1","0","0","0","0","0","1","0","0","0","","","0","","0","","40 23:18.905","4","0","80 04:54.375","0","0","0","0","2117","0","0","0","N","0","0","0","7","02117","0","","1.0","","1","N","N","","0","","0","0","2","","0","N","","4","0","0","0","0","0","0","2","0","4","","","","N","","","","","","","","","",""
"2010098417","","1","0","0","0","0","0","0","0","0","4","0","","02","10","2010","3","40.434959","-79.955789","","11","0","0","0","0","0","0","1","0","1","0","0","0","","","0","","0","","40 26:05.852","4","0","79 57:20.840","0","0","0","0","2301","0","0","0","N","0","0","0","2","02301","0","","1.0","","1","N","N","","0","","0","0","1","","0","N","","2","0","0","0","0","0","0","2","0","2","","","","N","","","","","","","","","",""
"2010098422","","0","0","0","0","0","0","0","0","0","4","0","","02","10","2010","3","","","","11","0","0","0","0","0","0","0","0","","0","0","0","","","0","","0","","","","7","","0","0","0","0","2116","0","0","0","N","0","0","0","3","02116","0","","1.0","","9","N","N","","0","","0","0","0","","3","","","2","0","0","0","0","0","0","1","2","2","","","","N","","","","","","","","","",""
"2010098423","","1","0","0","0","0","0","0","0","0","4","0","","02","10","2010","3","40.454125","-79.906268","","11","0","0","0","0","0","0","0","1","","0","0","0","","","0","","1","","40 27:14.851","","0","79 54:22.563","0","0","0","0","2301","0","0","0","N","0","0","0","2","02301","0","","1.0","","1","N","N","","0","","0","0","0","","3","","","2","0","0","0","0","0","0","2","1","2","","","","N","","","","","","","","","",""
"2010098434","","1","0","0","0","0","0","0","0","0","4","0","","02","10","2010","3","40.447791","-79.937289","","11","0","1","0","0","0","1","0","0","2","0","0","0","","","2","","2","","40 26:52.047","3","0","79 56:14.240","4","0","0","0","2301","0","0","0","N","0","0","0","3","02301","2","","1.0","","1","N","N","","0","","0","0","1","","2","N","","2","2","0","0","0","0","0","2","0","2","","","","N","","","","","","","","","",""
"2010098438","","0","0","0","0","0","0","0","0","0","1","0","","02","10","2010","3","40.354451","-79.842377","","11","0","0","0","0","0","3","0","0","2","0","0","0","","","1","","6","","40 21:16.023","5","8","79 50:32.558","8","0","0","0","2304","0","0","0","","0","0","0","4","02304","0","","1.0","","1","","","","3","","0","0","1","","0","Y","","4","1","4","0","0","1","0","2","0","4","","","","N","","","","","","","","","",""
"2010098445","","1","0","0","0","0","0","0","0","0","4","0","","02","10","2010","6","40.439808","-80.152447","","11","0","0","0","0","0","0","0","0","1","0","0","0","","","1","","1","","40 26:23.308","2","0","80 09:08.810","8","0","0","0","2115","0","0","0","N","0","0","0","2","02115","0","","1.0","","1","N","N","","0","","0","0","1","","2","N","","2","1","1","0","0","1","0","2","0","2","","","","N","","","","","","","","","",""
"2010098495","","2","0","0","0","0","0","0","0","0","1","0","","02","10","2010","3","40.51596","-80.052794","","11","0","0","0","0","0","0","0","0","","0","0","0","","","0","","0","","40 30:57.457","","0","80 03:10.057","0","0","0","0","2116","0","0","0","N","0","0","0","2","68B03","0","","1.0","","1","N","N","","0","","0","0","0","","0","","","2","0","0","0","0","0","0","2","0","2","","","","N","","","","","","","","","",""
"2010098496","","0","0","0","0","0","0","0","0","0","8","0","","02","10","2010","3","40.428085","-79.955189","","11","0","0","0","0","0","0","0","0","2","0","0","0","","","2","","0","","40 25:41.107","3","0","79 57:18.680","2","0","0","0","2301","1","0","1","N","1","0","1","4","68B03","1","","1.0","","9","N","N","","1","","0","1","1","","0","N","","3","2","0","0","0","0","0","2","0","2","","","","N","","","","","","","","","",""
"2010098497","","2","0","0","0","0","0","0","0","0","1","0","55","02","10","2010","7","40.428699","-79.938664","","11","0","0","0","0","0","0","0","0","","0","0","0","","","0","","0","","40 25:43.318","","0","79 56:19.191","0","0","0","0","2301","0","0","0","N","0","0","0","4","68B03","0","","1.0","","1","N","N","","0","","0","0","0","","0","","","2","0","0","0","0","0","0","2","0","2","","","Y","Y","2","2","N","N","Y","Y","N","N","N",""
"2010098620","","1","0","0","0","0","0","0","0","0","1","0","","02","10","2010","3","40.308437","-79.976128","","11","1","0","0","0","0","1","0","0","2","0","0","0","","","1","","0","","40 18:30.374","1","0","79 58:34.061","8","0","0","0","2440","0","0","0","N","0","0","0","3","02440","0","","1.0","","1","N","N","","1","","0","0","0","","0","N","","2","1","0","0","0","1","0","2","0","2","","","","N","","","","","","","","","",""
"2010098621","","1","0","0","0","0","0","1","0","0","2","1","","02","10","2010","3","40.446059","-79.851945","","11","0","0","0","0","0","1","0","0","3","0","0","0","","","7","","0","","40 26:45.812","6","0","79 51:07.002","2","0","0","0","2419","0","0","0","N","0","0","0","17","02503","1","","1.0","","1","N","N","","0","","0","1","0","","0","N","","2","7","0","0","0","5","0","2","0","2","","","","N","","","","","","","","","",""
"2010098622","","3","0","0","0","0","0","0","0","0","2","0","","02","10","2010","3","40.372425","-79.850098","","11","0","0","0","0","0","1","0","0","","0","0","0","","","1","","1","","40 22:20.730","","0","79 51:00.352","8","0","0","0","2303","0","0","0","N","0","0","0","4","02303","0","","1.0","","1","N","N","","0","","0","0","0","","3","","","3","1","0","0","0","1","1","2","0","3","","","","N","","","","","","","","","",""
"2010098628","","0","0","0","0","0","0","0","0","0","6","0","","02","10","2010","2","40.499378","-79.977666","","11","0","0","0","0","1","0","0","0","","0","0","0","","","0","","0","","40 29:57.760","","0","79 58:39.597","0","0","0","0","2118","0","0","0","N","0","0","0","3","02118","0","","1.0","","9","N","N","","0","","0","0","2","","0","","","2","0","0","0","0","0","0","2","0","2","","","","N","","","","","","","","","",""
"2010098630","","1","0","0","0","0","0","0","0","0","4","0","","02","10","2010","3","40.391725","-80.049267","","11","0","0","0","0","0","1","0","1","","0","0","0","","","0","","1","","40 23:30.210","","0","80 02:57.361","9","0","0","0","2109","0","0","0","N","0","0","0","2","02109","0","","1.0","","1","N","N","","0","","0","0","1","","3","","","2","0","0","0","0","0","1","2","0","2","","","","N","","","","","","","","","",""
"2010098631","","3","0","0","0","0","0","0","0","0","1","0","","02","10","2010","3","40.406947","-79.860135","","11","0","0","0","0","0","1","0","1","","0","0","0","","","0","","0","","40 24:25.008","","0","79 51:36.486","0","0","0","0","2449","0","0","0","N","0","0","0","2","02449","0","","9.0","","1","N","N","","0","","0","0","0","","0","","","3","0","0","0","0","0","0","2","0","3","","","","N","","","","","","","","","",""
"2010098649","","2","0","0","0","0","0","0","0","0","4","0","","02","10","2010","3","40.534521","-79.969619","","11","0","0","0","0","0","0","1","1","1","0","0","0","","","0","","2","","40 32:04.277","2","0","79 58:10.630","0","0","0","0","2118","0","0","0","N","0","0","0","2","02118","0","","1.0","","1","N","N","","0","","0","0","0","","3","N","","2","0","0","0","0","0","0","2","0","2","","","","N","","","","","","","","","",""
"2010098657","","2","0","0","0","0","0","0","0","0","1","0","","02","10","2010","6","40.600501","-80.098729","","11","1","1","0","0","0","0","0","0","1","0","0","0","","","1","","0","","40 36:01.803","1","0","80 05:55.424","8","0","0","0","2481","0","0","0","N","0","0","0","3","02481","0","","1.0","","1","N","N","","0","","0","0","0","","0","N","","2","1","1","0","0","1","0","2","0","2","","","","N","","","","","","","","","",""
"2010098662","","0","0","0","0","0","0","0","0","0","4","0","","02","10","2010","3","40.543287","-79.760767","","11","0","0","0","0","0","1","0","0","2","0","0","0","","","2","","2","","40 32:35.832","5","0","79 45:38.761","3","0","0","0","2466","0","0","0","N","0","0","0","3","02466","1","","1.0","","9","N","N","","1","","1","0","1","","0","N","","2","2","0","0","0","0","0","2","0","2","","","","N","","","","","","","","","",""
"2010098670","","2","0","0","0","0","0","0","0","0","6","0","","02","10","2010","3","40.458138","-79.957021","","11","0","0","0","0","0","0","0","0","","0","0","0","","","0","","2","","40 27:29.296","","0","79 57:25.275","0","0","0","0","2301","0","0","0","N","0","0","0","1","02301","0","","4.0","","1","N","N","","0","","0","0","0","","0","","","2","0","0","0","0","0","0","2","0","2","","","","N","","","","","","","","","",""
"2010098676","","3","0","0","0","0","0","0","0","0","4","0","","02","10","2010","7","40.454483","-80.011604","","11","0","0","0","0","0","0","0","0","","0","0","0","","","0","","2","","40 27:16.138","","0","80 00:41.774","0","0","0","0","2301","0","0","0","N","0","0","0","1","02301","0","","1.0","","1","N","N","","0","","0","0","0","","3","","","3","0","0","0","0","0","0","2","0","3","","","","N","","","","","","","","","",""
"2010098680","","1","0","0","0","0","0","0","0","0","7","0","","02","10","2010","1","40.526049","-80.036986","","11","0","0","0","0","1","0","0","0","","0","0","0","","","0","","0","","40 31:33.778","","0","80 02:13.148","0","0","0","0","2474","0","0","0","N","0","0","0","2","02474","0","","5.0","","1","N","N","","0","","0","0","0","","0","","","1","0","0","0","0","0","0","2","0","1","","","","N","","","","","","","","","",""
"2010098693","","1","0","0","0","0","0","0","0","0","7","0","","02","8","2010","7","40.425643","-80.124517","","11","0","0","0","0","0","0","0","0","1","0","0","0","","","0","","0","","40 25:32.313","3","0","80 07:28.262","9","0","0","0","2115","0","0","0","N","0","0","0","1","68B03","0","","4.0","","9","N","N","","0","","0","0","0","","0","N","","1","0","0","0","0","0","1","2","0","1","","","","N","","","","","","","","","",""
"2010098694","","1","0","0","0","0","0","0","0","0","7","0","","02","10","2010","7","40.600234","-80.093723","","11","0","0","0","0","0","0","0","0","","0","0","0","","","0","","0","","40 36:00.842","","0","80 05:37.404","0","0","0","0","2481","0","0","0","Y","0","0","0","1","68B03","0","","4.0","","1","N","N","","0","","0","0","0","","0","","","1","0","0","0","0","0","0","2","0","1","","","","N","","","","","","","","","",""
"2010098777","","0","0","0","1","0","0","0","0","0","4","0","","02","10","2010","4","40.430028","-79.998803","","11","0","0","0","0","0","0","0","0","","0","0","0","","","1","","2","","40 25:48.102","","0","79 59:55.690","8","0","0","0","2301","1","0","0","N","0","0","0","2","02301","0","","1.0","","1","N","N","","1","","0","0","0","","0","","","2","1","0","0","0","1","0","2","0","1","","","","N","","","","","","","","","",""
"2010098819","","0","0","0","0","0","0","0","0","0","0","0","","02","10","2010","3","40.591696","-80.108648","","11","0","0","0","0","0","0","0","0","","0","0","0","","","1","","0","","40 35:30.104","","0","80 06:31.132","8","0","0","1","2481","0","0","0","N","0","0","0","1","02481","0","","1.0","","1","N","N","","0","","0","0","0","","0","","","1","1","0","0","0","1","0","1","0","1","","","","N","","","","","","","","","",""
"2010098836","","1","0","0","0","0","0","0","0","0","1","0","","02","10","2010","4","40.462348","-79.705767","","11","0","0","0","0","1","0","0","0","","0","0","0","","","0","","0","","40 27:44.454","","0","79 42:20.760","0","0","0","0","2466","0","0","0","N","0","0","0","2","02466","0","","1.0","","1","N","N","","1","","0","0","0","","0","","","2","0","0","0","0","0","0","2","0","2","","","","N","","","","","","","","","",""
"2010098842","","1","0","1","0","0","0","0","0","0","5","1","","02","10","2010","4","40.349839","-79.893527","","11","0","0","0","0","0","2","0","0","","0","1","0","","","2","","2","","40 20:59.422","","0","79 53:36.697","2","0","0","0","2423","0","0","0","N","0","0","0","4","02304","1","","1.0","","1","N","N","","0","","0","1","0","","0","","","2","2","2","0","0","0","0","2","0","2","","","","N","","","","","","","","","",""
"2010098862","","2","0","0","0","0","0","0","0","0","4","0","","02","10","2010","3","40.345859","-79.874551","","11","0","0","0","0","0","0","0","0","2","0","0","0","","","1","","0","","40 20:45.092","5","0","79 52:28.382","4","0","0","0","2455","0","0","0","N","0","0","0","3","02455","1","","1.0","","9","N","N","","0","","0","0","0","","0","Y","","2","1","0","0","0","0","1","2","0","2","","","","N","","","","","","","","","",""
"2010098873","","2","0","0","0","0","0","0","0","0","4","0","","02","10","2010","4","40.457174","-79.937893","","11","0","0","0","0","0","0","0","0","","0","0","0","","","2","","2","","40 27:25.828","","0","79 56:16.416","8","0","0","0","2301","0","0","0","N","0","0","0","4","02301","0","","1.0","","1","N","N","","0","","0","0","0","","0","","","2","2","2","0","0","2","2","2","0","2","","","","N","","","","","","","","","",""
"2010098879","","1","0","0","0","0","0","0","0","0","1","0","","02","10","2010","4","40.350066","-79.894216","","11","0","0","0","0","0","1","0","0","","0","0","0","","","2","","2","","40 21:00.236","","0","79 53:39.176","4","0","0","0","2423","0","0","0","N","0","0","0","3","02304","2","","1.0","","1","N","N","","0","","0","0","0","","0","","","2","2","0","0","0","0","0","2","1","2","","","","N","","","","","","","","","",""
"2010098888","","1","0","0","0","0","0","0","0","0","4","0","","02","10","2010","2","40.364011","-79.984207","","11","0","0","0","0","0","0","0","0","1","0","0","0","","","0","","0","","40 21:50.439","1","0","79 59:03.144","0","0","0","0","2413","0","0","0","N","0","0","0","2","02413","0","","1.0","","1","N","N","","0","","0","0","1","","0","N","","2","0","0","0","0","0","0","2","0","2","","","","N","","","","","","","","","",""
"2010098891","","2","0","0","0","0","0","0","0","0","1","0","","02","10","2010","4","40.34358","-79.799294","","11","0","0","0","0","0","1","0","0","2","0","0","0","","","0","","0","","40 20:36.887","5","7","79 47:57.457","0","0","0","0","2477","0","0","0","N","0","0","0","5","02477","0","","1.0","","1","N","N","","1","","0","0","0","","0","N","","3","0","1","0","0","0","0","2","0","3","","","","N","","","","","","","","","",""
"2010098892","","2","0","0","0","0","0","0","0","0","1","0","","02","10","2010","4","40.452833","-79.995957","","11","0","0","1","0","0","0","0","0","","0","0","0","","","1","","7","","40 27:10.200","","2","79 59:45.445","8","0","0","0","2301","0","0","0","N","0","0","0","5","02301","0","","1.0","","1","N","N","","0","","0","0","1","","0","","","3","1","1","0","0","1","0","2","0","3","","","","N","","","","","","","","","",""
"2010098895","","2","0","0","0","0","0","0","0","0","4","0","","02","10","2010","4","40.450672","-80.023482","","11","0","0","0","0","0","1","0","0","","0","0","0","","","0","","1","","40 27:02.419","","0","80 01:24.535","0","0","0","0","2301","0","0","0","N","0","0","0","2","02301","0","","1.0","","1","N","N","","0","","0","0","0","","2","","","2","0","0","0","0","0","0","2","0","2","","","","N","","","","","","","","","",""