"CRN","ARRIVAL_TM","AUTOMOBILE_COUNT","BELTED_DEATH_COUNT","BELTED_SUSP_SERIOUS_INJ_COUNT","BICYCLE_COUNT","BICYCLE_DEATH_COUNT","BICYCLE_SUSP_SERIOUS_INJ_COUNT","BUS_COUNT","CHLDPAS_DEATH_COUNT","CHLDPAS_SUSP_SERIOUS_INJ_COUNT","COLLISION_TYPE","COMM_VEH_COUNT","CONS_ZONE_SPD_LIM","COUNTY","CRASH_MONTH","CRASH_YEAR","DAY_OF_WEEK","DEC_LATITUDE","DEC_LONGITUDE","DISPATCH_TM","DISTRICT","DRIVER_COUNT_16YR","DRIVER_COUNT_17YR","DRIVER_COUNT_18YR","DRIVER_COUNT_19YR","DRIVER_COUNT_20YR","DRIVER_COUNT_50_64YR","DRIVER_COUNT_65_74YR","DRIVER_COUNT_75PLUS","EST_HRS_CLOSED","FATAL_COUNT","HEAVY_TRUCK_COUNT","HORSE_BUGGY_COUNT","HOUR_OF_DAY","ILLUMINATION","INJURY_COUNT","INTERSECTION_RELATED","INTERSECT_TYPE","LANE_CLOSED","LATITUDE","LN_CLOSE_DIR","LOCATION_TYPE","LONGITUDE","MAX_SEVERITY_LEVEL","MCYCLE_DEATH_COUNT","MCYCLE_SUSP_SERIOUS_INJ_COUNT","MOTORCYCLE_COUNT","MUNICIPALITY","NONMOTR_COUNT","NONMOTR_DEATH_COUNT","NONMOTR_SUSP_SERIOUS_INJ_COUNT","NTFY_HIWY_MAINT","PED_COUNT","PED_DEATH_COUNT","PED_SUSP_SERIOUS_INJ_COUNT","PERSON_COUNT","POLICE_AGCY","POSSIBLE_INJ_COUNT","RDWY_SURF_TYPE_CD","RELATION_TO_ROAD","ROADWAY_CLEARED","ROAD_CONDITION","SCH_BUS_IND","SCH_ZONE_IND","SECONDARY_CRASH","SMALL_TRUCK_COUNT","SPEC_JURIS_CD","SUSP_MINOR_INJ_COUNT","SUSP_SERIOUS_INJ_COUNT","SUV_COUNT","TCD_FUNC_CD","TCD_TYPE","TFC_DETOUR_IND","TIME_OF_DAY","TOTAL_UNITS","TOT_INJ_COUNT","UNBELTED_OCC_COUNT","UNB_DEATH_COUNT","UNB_SUSP_SERIOUS_INJ_COUNT","UNK_INJ_DEG_COUNT","UNK_INJ_PER_COUNT","URBAN_RURAL","VAN_COUNT","VEHICLE_COUNT","WEATHER1","WEATHER2","WORKERS_PRES","WORK_ZONE_IND","WORK_ZONE_LOC","WORK_ZONE_TYPE","WZ_CLOSE_DETOUR","WZ_FLAGGER","WZ_LAW_OFFCR_IND","WZ_LN_CLOSURE","WZ_MOVING","WZ_OTHER","WZ_SHLDER_MDN","WZ_WORKERS_INJ_KILLED"
"2010098896","","2","0","0","0","0","0","0","0","0","1","0","","02","10","2010","3","40.461632","-80.151993","","11","0","0","1","0","0","0","0","0","1","0","0","0","","","0","","2","","40 27:41.874","3","0","80 09:07.176","0","0","0","0","2115","0","0","0","N","0","0","0","2","02115","0","","1.0","","1","N","N","","0","","0","0","0","","0","N","","2","0","0","0","0","0","0","2","0","2","","","","N","","","","","","","","","",""
"2010098951","","1","0","0","0","0","0","0","0","0","99","1","45","02","9","2010","3","40.43945","-80.010298","","11","0","0","0","0","0","1","0","0","2","0","1","0","","","0","","3","","40 26:22.021","2","0","80 00:37.074","0","0","0","0","2301","0","0","0","N","0","0","0","2","68B03","0","","1.0","","1","N","N","","1","","0","0","0","","1","N","","3","0","0","0","0","0","0","2","0","3","","","Y","Y","4","1","N","N","N","Y","N","N","N",""
"2010098952","","2","0","0","0","0","0","0","0","0","4","1","","02","9","2010","4","40.435858","-79.999792","","11","0","0","0","0","0","1","0","0","2","0","1","0","","","0","","0","","40 26:09.089","3","2","79 59:59.252","0","0","0","0","2301","0","0","0","N","0","0","0","5","68B03","0","","1.0","","1","N","N","","0","","0","0","0","","2","Y","","3","0","0","0","0","0","0","2","0","3","","","","N","","","","","","","","","",""
"2010098953","","1","0","0","0","0","0","0","0","0","4","0","","02","10","2010","7","40.517439","-80.128101","","11","0","0","0","0","0","1","0","0","","0","0","0","","","0","","0","","40 31:02.781","","0","80 07:41.164","0","0","0","0","2434","0","0","0","N","0","0","0","4","68B03","0","","1.0","","1","N","N","","0","","0","0","1","","0","","","2","0","0","0","0","0","0","2","0","2","","","","N","","","","","","","","","",""
"2010098954","","1","0","0","0","0","0","0","0","0","99","0","","02","10","2010","2","40.581166","-80.111901","","11","0","0","0","0","0","0","0","0","","0","0","0","","","0","","0","","40 34:52.199","","0","80 06:42.845","0","0","0","0","2481","0","0","0","N","0","0","0","1","68B03","0","","1.0","","1","N","N","","0","","0","0","0","","0","","","1","0","0","0","0","0","0","2","0","1","","","","N","","","","","","","","","",""
"2010098955","","1","0","0","0","0","0","0","0","0","99","0","","02","10","2010","2","40.420764","-80.041027","","11","0","0","0","0","0","0","0","0","","0","0","0","","","0","","0","","40 25:14.752","","0","80 02:27.697","0","0","0","0","2301","0","0","0","N","0","0","0","1","68B03","0","","1.0","","1","N","N","","0","","0","0","0","","0","","","1","0","0","0","0","0","0","2","0","1","","","","N","","","","","","","","","",""
"2010099020","","0","0","0","0","0","0","0","0","0","99","0","","02","10","2010","3","40.46742","-79.763121","","11","0","0","0","0","0","1","0","0","","0","0","0","","","0","","0","","40 28:02.711","","0","79 45:47.236","0","0","0","0","2466","0","0","0","N","0","0","0","1","68T02","0","","1.0","","1","N","N","","0","","0","0","1","","0","","","1","0","0","0","0","0","0","2","0","1","","","","N","","","","","","","","","",""
"2010099031","","1","0","0","0","0","0","0","0","0","1","0","","02","10","2010","4","40.456198","-79.964621","","11","0","0","0","0","0","0","0","0","2","0","0","0","","","3","","0","","40 27:22.313","3","0","79 57:52.637","3","0","0","0","2301","0","0","0","N","0","0","0","4","02301","1","","1.0","","1","N","N","","0","","2","0","1","","0","N","","2","3","2","0","0","0","0","2","0","2","","","","N","","","","","","","","","",""
"2010099042","","1","0","0","0","0","0","0","0","0","4","0","","02","9","2010","6","40.371538","-79.828259","","11","0","0","0","0","0","0","0","0","4","0","0","0","","","2","","2","","40 22:17.535","5","0","79 49:41.734","2","0","1","1","2111","0","0","0","N","0","0","0","2","02111","0","","1.0","","1","N","N","","0","","0","1","0","","0","Y","","2","2","0","0","0","1","0","2","0","2","","","","N","","","","","","","","","",""
"2010099047","","1","0","0","0","0","0","0","0","0","4","1","","02","10","2010","3","40.430024","-79.98866","","11","0","0","0","0","0","2","0","0","2","0","1","0","","","0","","2","","40 25:48.086","2","0","79 59:19.176","0","0","0","0","2301","0","0","0","N","0","0","0","2","02301","0","","1.0","","1","N","N","","0","","0","0","0","","2","N","","2","0","0","0","0","0","0","2","0","2","","","","N","","","","","","","","","",""
"2010099051","","2","0","0","0","0","0","0","0","0","4","0","","02","10","2010","4","40.41824","-80.049211","","11","0","0","0","0","0","1","0","1","1","0","0","0","","","0","","1","","40 25:05.664","1","0","80 02:57.159","0","0","0","0","2435","0","0","0","N","0","0","0","3","02435","0","","1.0","","1","N","N","","0","","0","0","0","","3","N","","2","0","0","0","0","0","0","2","0","2","","","","N","","","","","","","","","",""
"2010099069","","1","0","0","0","0","0","0","0","0","7","0","","02","10","2010","7","40.336802","-79.948974","","11","0","1","0","0","0","0","0","0","2","0","0","0","","","1","","0","","40 20:12.486","1","7","79 56:56.306","3","0","0","0","2473","0","0","0","Y","0","0","0","1","02473","0","","2.0","","1","N","N","","0","","1","0","0","","2","N","","1","1","0","0","0","0","0","2","0","1","","","","N","","","","","","","","","",""
"2010099075","","0","0","0","0","0","0","0","0","0","7","0","","02","10","2010","5","40.544411","-80.032337","","11","0","0","0","0","1","0","0","0","6","0","0","0","","","1","","0","","40 32:39.879","5","0","80 01:56.413","4","0","0","0","2116","0","0","0","N","0","0","0","1","02116","1","","5.0","","1","N","N","","1","","0","0","0","","0","Y","","1","1","0","0","0","0","0","2","0","1","","","","N","","","","","","","","","",""
"2010099076","","1","0","0","0","0","0","0","0","0","4","0","","02","10","2010","2","40.457293","-79.909091","","11","0","0","0","0","0","2","0","0","1","0","0","0","","","1","","1","","40 27:26.254","2","0","79 54:32.729","3","0","0","1","2301","0","0","0","N","0","0","0","2","02301","0","","1.0","","1","N","N","","0","","1","0","0","","2","Y","","2","1","0","0","0","0","0","2","0","2","","","","N","","","","","","","","","",""
"2010099102","","0","0","0","0","0","0","0","0","0","0","0","","02","10","2010","5","40.434725","-79.916238","","11","0","0","0","0","0","0","0","0","","0","0","0","","","0","","0","","40 26:05.010","","0","79 54:58.456","0","0","0","0","2301","0","0","0","N","0","0","0","2","02301","0","","1.0","","9","N","N","","0","","0","0","1","","0","","","1","0","0","0","0","0","0","2","0","1","","","","N","","","","","","","","","",""
"2010099106","","2","0","0","0","0","0","0","0","0","2","0","","02","10","2010","4","40.36565","-79.908531","","11","0","0","0","0","0","0","0","0","1","0","0","0","","","0","","0","","40 21:56.340","2","0","79 54:30.710","0","0","0","0","2301","0","0","0","N","0","0","0","2","02301","0","","1.0","","1","N","N","","0","","0","0","0","","0","Y","","2","0","0","0","0","0","0","2","0","2","","","","N","","","","","","","","","",""
"2010099123","","1","0","0","0","0","0","0","0","0","1","0","","02","10","2010","5","40.430668","-80.02619","","11","0","0","0","0","0","0","0","0","","0","0","0","","","1","","3","","40 25:50.406","","0","80 01:34.283","8","0","0","0","2301","0","0","0","N","0","0","0","2","02301","0","","1.0","","1","N","N","","0","","0","0","1","","4","","","2","1","0","0","0","1","0","2","0","2","","","","N","","","","","","","","","",""
"2010099135","","1","0","0","0","0","0","0","0","0","6","0","","02","10","2010","1","40.374842","-80.094736","","11","0","0","0","1","0","0","0","0","","0","0","0","","","1","","10","","40 22:29.431","","4","80 05:41.049","4","0","0","0","2117","0","0","0","N","0","0","0","3","02117","1","","1.0","","1","N","N","","1","","0","0","0","","0","","","2","1","0","0","0","0","0","2","0","2","","","","N","","","","","","","","","",""
"2010099137","","2","0","0","0","0","0","0","0","0","2","0","","02","10","2010","7","40.480553","-79.988643","","11","0","0","0","0","0","0","2","0","1","0","0","0","","","2","","0","","40 28:49.990","5","0","79 59:19.114","3","0","0","0","2114","0","0","0","N","0","0","0","2","02114","0","","1.0","","1","N","N","","0","","1","0","0","","0","Y","","2","2","1","0","0","1","0","2","0","2","","","","N","","","","","","","","","",""
"2010099150","","1","0","0","0","0","0","0","0","0","8","0","","02","10","2010","5","40.44558","-79.95323","","11","0","0","0","0","0","0","1","0","","0","0","0","","","1","","2","","40 26:44.088","","0","79 57:11.628","8","0","0","0","2301","1","0","0","","1","0","0","2","02506","0","","1.0","","9","","","","0","","0","0","0","","2","","","2","1","0","0","0","1","0","2","0","1","","","","N","","","","","","","","","",""
"2010099152","","1","0","0","0","0","0","0","0","0","8","0","","02","10","2010","5","40.425072","-79.980876","","11","0","0","0","0","0","1","0","0","","0","0","0","","","1","","0","","40 25:30.258","","1","79 58:51.153","8","0","0","0","2301","1","0","0","N","1","0","0","3","02301","0","","1.0","","1","N","N","","0","","0","0","0","","0","","","2","1","0","0","0","1","0","2","0","1","","","","N","","","","","","","","","",""
"2010099157","","1","0","0","0","0","0","0","0","0","5","0","","02","10","2010","2","40.552848","-80.115683","","11","0","0","0","0","0","1","0","0","","0","0","0","","","0","","2","","40 33:10.254","","0","80 06:56.459","0","0","0","0","2215","0","0","0","N","0","0","0","1","02215","0","","1.0","","1","N","N","","0","","0","0","0","","3","","","2","0","0","0","0","0","0","2","0","2","","","","N","","","","","","","","","",""
"2010099159","","1","0","0","0","0","0","0","0","0","7","0","","02","10","2010","5","40.354168","-80.137859","","11","0","0","1","0","0","0","0","0","","0","0","0","","","0","","0","","40 21:15.004","","0","80 08:16.293","0","0","0","0","2119","0","0","0","N","0","0","0","1","02119","0","","2.0","","9","N","N","","0","","0","0","0","","0","","","1","0","0","0","0","0","0","2","0","1","","","","N","","","","","","","","","",""
"2010099161","","1","0","0","0","0","0","0","0","0","8","0","","02","10","2010","4","","","","11","0","0","0","0","0","0","0","0","1","0","0","0","","","1","","0","","","6","0","","8","0","0","0","2446","1","0","0","N","1","0","0","2","02446","0","","6.0","","1","N","N","","0","","0","0","0","","0","Y","","2","1","0","0","0","1","0","1","0","1","","","","N","","","","","","","","","",""
"2010099180","","2","0","0","0","0","0","0","0","0","4","0","","02","10","2010","5","40.460089","-79.843672","","11","0","0","0","0","0","0","0","2","","0","0","0","","","0","","0","","40 27:36.319","","0","79 50:37.219","0","0","0","0","2113","0","0","0","N","0","0","0","2","02113","0","","1.0","","1","N","N","","0","","0","0","0","","0","","","2","0","0","0","0","0","0","2","0","2","","","","N","","","","","","","","","",""
"2010099183","","0","0","0","0","0","0","0","0","0","8","0","","02","10","2010","5","40.465651","-79.955184","","11","0","0","0","0","0","1","0","0","","0","0","0","","","1","","1","","40 27:56.342","","0","79 57:18.662","3","0","0","0","2301","1","0","0","N","1","0","0","2","02301","0","","1.0","","1","N","N","","0","","1","0","1","","2","","","2","1","0","0","0","0","0","2","0","1","","","","N","","","","","","","","","",""
"2010099200","","1","0","0","0","0","0","0","0","0","7","0","","02","10","2010","5","40.609113","-79.907113","","11","0","0","0","0","0","0","0","0","1","0","0","0","","","0","","0","","40 36:32.808","5","0","79 54:25.608","0","0","0","0","2220","0","0","0","N","0","0","0","1","02220","0","","5.0","","9","N","N","","0","","0","0","0","","0","N","","1","0","0","0","0","0","0","2","0","1","","","","N","","","","","","","","","",""
"2010099211","","1","0","0","0","0","0","0","0","0","4","0","","02","10","2010","5","40.429165","-79.9791","","11","0","0","0","0","0","1","0","0","1","0","0","0","","","1","","1","","40 25:44.994","5","0","79 58:44.760","8","0","0","0","2301","0","0","0","N","0","0","0","3","02301","0","","1.0","","9","N","N","","0","","0","0","0","","0","Y","","2","1","0","0","0","1","0","2","1","2","","","","N","","","","","","","","","",""
"2010099213","","1","0","0","0","0","0","0","0","0","4","0","","02","10","2010","7","40.432502","-79.790364","","11","0","0","0","1","0","1","0","0","2","0","0","0","","","1","","2","","40 25:57.007","3","0","79 47:25.310","8","0","0","0","2446","0","0","0","N","0","0","0","2","02446","0","","1.0","","1","N","N","","0","","0","0","1","","2","N","","2","1","0","0","0","1","0","2","0","2","","","","N","","","","","","","","","",""
"2010099214","","0","0","0","0","0","0","0","0","0","4","0","","02","10","2010","5","40.379334","-80.029616","","11","0","1","0","0","0","1","0","0","2","0","0","0","","","2","","1","","40 22:45.602","5","0","80 01:46.617","3","0","0","0","2109","0","0","0","N","0","0","0","4","02109","1","","1.0","","9","N","N","","1","","1","0","1","","3","Y","","3","2","0","0","0","0","0","2","1","3","","","","N","","","","","","","","","",""
"2010099215","","1","0","0","0","0","0","0","0","0","3","0","","02","10","2010","5","40.487903","-80.056526","","11","0","0","0","0","0","1","0","0","1","0","0","0","","","0","","2","","40 29:16.452","2","0","80 03:23.494","0","0","0","0","2404","0","0","0","N","0","0","0","3","02404","0","","1.0","","1","N","N","","1","","0","0","0","","3","N","","2","0","0","0","0","0","0","2","0","2","","","","N","","","","","","","","","",""
"2010099217","","3","0","0","0","0","0","0","0","0","5","0","","02","10","2010","5","40.394229","-79.997367","","11","0","0","0","0","0","0","0","0","","0","0","0","","","0","","0","","40 23:39.223","","0","79 59:50.521","0","0","0","0","2301","0","0","0","N","0","0","0","3","02301","0","","1.0","","1","N","N","","0","","0","0","0","","0","","","3","0","0","0","0","0","0","2","0","3","","","","N","","","","","","","","","",""
"2010099222","","2","0","0","0","0","0","0","0","0","7","0","","02","10","2010","5","40.470192","-79.931605","","11","0","0","0","0","0","1","0","0","","0","0","0","","","1","","0","","40 28:12.691","","0","79 55:53.778","4","0","0","0","2301","0","0","0","N","0","0","0","1","02301","1","","6.0","","1","N","N","","0","","0","0","0","","0","","","2","1","0","0","0","0","0","2","0","2","","","","N","","","","","","","","","",""
"2010099226","","1","0","0","0","0","0","0","0","0","1","0","","02","10","2010","5","","","","11","0","0","0","0","0","0","0","0","","0","0","0","","","1","","6","","","","2","","8","0","0","0","2301","0","0","0","N","0","0","0","4","02301","0","","1.0","","9","N","N","","0","","0","0","1","","4","","","2","1","0","0","0","1","0","1","0","2","","","","N","","","","","","","","","",""
"2010099233","","1","0","0","0","0","0","1","0","0","1","1","","02","10","2010","3","40.447927","-80.162433","","11","0","0","0","0","0","1","0","0","1","0","0","0","","","1","","1","","40 26:52.538","4","0","80 09:44.759","3","0","0","0","2115","0","0","0","N","0","0","0","2","02115","0","","1.0","","1","N","N","","0","","1","0","0","","2","N","","2","1","0","0","0","0","0","2","0","2","","","","N","","","","","","","","","",""
"2010099234","","1","0","0","0","0","0","0","0","0","7","0","","02","9","2010","4","40.354939","-80.015903","","11","0","0","1","0","0","0","0","0","4","0","0","0","","","1","","0","","40 21:17.779","5","0","80 00:57.252","4","0","0","0","2407","0","0","0","N","0","0","0","2","02407","1","","5.0","","1","N","N","","0","","0","0","0","","0","N","","1","1","0","0","0","0","0","2","0","1","","","","N","","","","","","","","","",""
"2010099300","","2","0","0","0","0","0","0","0","0","1","0","","02","9","2010","7","40.452104","-80.11093","","11","1","0","0","0","0","0","0","0","","0","0","0","","","1","","0","","40 27:07.573","","0","80 06:39.349","4","0","0","0","2115","0","0","0","N","0","0","0","2","68B03","1","","1.0","","1","N","N","","0","","0","0","0","","0","","","2","1","0","0","0","0","0","2","0","2","","","","N","","","","","","","","","",""
"2010099301","","0","0","0","0","0","0","1","0","0","7","1","","02","10","2010","6","40.442069","-79.800543","","11","0","0","0","0","0","1","0","0","","0","0","0","","","1","","0","","40 26:31.448","","0","79 48:01.955","4","0","0","0","2113","0","0","0","N","0","0","0","11","68B03","1","","3.0","","1","N","N","","0","","0","0","0","","0","","","1","1","0","0","0","0","0","2","0","1","","","","N","","","","","","","","","",""
"2010099302","","0","0","0","0","0","0","0","0","0","1","0","","02","10","2010","4","40.42621","-79.914672","","11","0","0","0","0","0","0","0","0","","0","0","0","","","0","","0","","40 25:34.356","","4","79 54:52.818","0","0","0","0","2301","0","0","0","Y","0","0","0","3","68B03","0","","1.0","","9","N","N","","0","","0","0","3","","0","","","3","0","0","0","0","0","0","2","0","3","","","","N","","","","","","","","","",""
"2010099304","","1","0","0","0","0","0","0","0","0","1","0","","02","10","2010","4","40.447683","-80.110317","","11","0","0","0","0","0","0","0","0","2","0","0","0","","","0","","0","","40 26:51.659","1","2","80 06:37.142","0","0","0","0","2115","0","0","0","N","0","0","0","3","68B03","0","","1.0","","1","N","N","","2","","0","0","0","","0","N","","3","0","0","0","0","0","0","2","0","3","","","","N","","","","","","","","","",""
"2010099305","","1","0","0","0","0","0","0","0","0","1","0","","02","10","2010","4","40.40566","-80.107437","","11","0","0","0","0","0","0","0","0","1","0","0","0","","","0","","0","","40 24:20.376","2","3","80 06:26.774","9","0","0","0","2102","0","0","0","N","0","0","0","2","68B03","0","","1.0","","1","N","N","","0","","0","0","0","","0","N","","2","0","0","0","0","0","1","2","0","2","","","","N","","","","","","","","","",""
"2010099320","","1","0","0","0","0","0","0","0","0","7","0","","02","9","2010","5","40.49512","-79.908608","","11","0","0","1","0","0","0","0","0","","0","0","0","","","0","","0","","40 29:42.431","","8","79 54:30.988","0","0","0","0","2401","0","0","0","N","0","0","0","1","68D02","0","","2.0","","1","N","N","","0","","0","0","0","","0","","","1","0","0","0","0","0","0","2","0","1","","","","N","","","","","","","","","",""
"2010099323","","1","0","0","0","0","0","0","0","0","7","0","","02","10","2010","1","40.491178","-79.876018","","11","0","0","0","0","0","0","0","0","","0","0","0","","","0","","0","","40 29:28.240","","0","79 52:33.666","0","0","0","0","2112","0","0","0","N","0","0","0","1","68D02","0","","2.0","","1","N","N","","0","","0","0","0","","0","","","1","0","0","0","0","0","0","2","0","1","","","","N","","","","","","","","","",""
"2010099449","","1","0","0","0","0","0","0","0","0","4","0","","02","10","2010","5","40.380244","-80.052551","","11","0","0","0","0","0","1","0","0","","0","0","0","","","0","","0","","40 22:48.877","","0","80 03:09.183","0","0","0","0","2109","0","0","0","N","0","0","0","4","02109","0","","1.0","","1","N","N","","1","","0","0","0","","0","","","2","0","0","0","0","0","0","2","0","2","","","","N","","","","","","","","","",""
"2010099451","","1","0","0","0","0","0","0","0","0","4","0","","02","10","2010","5","40.453233","-79.906897","","11","0","0","0","0","0","0","0","0","","0","1","0","","","0","","1","","40 27:11.640","","0","79 54:24.828","0","0","0","0","2301","0","0","0","N","0","0","0","4","02301","0","","1.0","","1","N","N","","0","","0","0","0","","2","","","2","0","0","0","0","0","0","2","0","2","","","","N","","","","","","","","","",""
"2010099461","","1","0","0","0","0","0","0","0","0","7","0","","02","10","2010","5","40.4798","-80.001644","","11","0","0","0","0","0","0","0","0","","0","0","0","","","0","","0","","40 28:47.280","","0","80 00:05.920","0","0","0","0","2114","0","0","0","N","0","0","0","1","02114","0","","2.0","","9","N","N","","0","","0","0","0","","0","","","1","0","1","0","0","0","0","2","0","1","","","","N","","","","","","","","","",""
"2010099466","","1","0","0","0","0","0","0","0","0","1","0","","02","10","2010","5","40.315041","-80.099488","","11","0","0","0","1","0","1","0","0","","0","0","0","","","0","","2","","40 18:54.147","","0","80 05:58.157","0","0","0","0","2123","0","0","0","N","0","0","0","3","02123","0","","1.0","","1","N","N","","0","","0","0","1","","3","","","2","0","0","0","0","0","0","2","0","2","","","","N","","","","","","","","","",""
"2010099467","","2","0","0","0","0","0","0","0","0","4","0","","02","10","2010","5","40.489479","-79.819853","","11","0","0","0","0","0","0","0","0","1","0","0","0","","","0","","1","","40 29:22.124","7","0","79 49:11.470","0","0","0","0","2113","0","0","0","N","0","0","0","4","02113","0","","1.0","","1","N","N","","0","","0","0","0","","3","N","","2","0","1","0","0","0","0","2","0","2","","","","N","","","","","","","","","",""
"2010099468","","2","0","0","0","0","0","0","0","0","2","0","","02","10","2010","5","40.427819","-79.969772","","11","0","0","0","0","0","0","0","0","","0","0","0","","","0","","1","","40 25:40.148","","0","79 58:11.179","0","0","0","0","2301","0","0","0","N","0","0","0","2","02301","0","","1.0","","1","N","N","","0","","0","0","0","","0","","","2","0","0","0","0","0","0","2","0","2","","","","N","","","","","","","","","",""
"2010099471","","1","0","0","0","0","0","0","0","0","4","0","","02","10","2010","5","40.433037","-80.029231","","11","0","0","0","0","0","1","0","0","2","0","0","0","","","1","","1","","40 25:58.933","1","0","80 01:45.231","8","0","0","0","2301","0","0","0","N","0","0","0","2","02301","0","","1.0","","1","N","N","","0","","0","0","1","","3","N","","2","1","0","0","0","1","0","2","0","2","","","","N","","","","","","","","","",""
"2010099479","","2","0","0","0","0","0","0","0","0","6","0","","02","10","2010","7","","","","11","0","0","0","0","0","0","0","0","2","0","0","0","","","0","","0","","","6","0","","9","0","0","0","2301","0","0","0","N","0","0","0","3","02301","0","","1.0","","1","N","N","","0","","0","0","0","","0","N","","2","0","0","0","0","0","1","1","0","2","","","","N","","","","","","","","","",""
"2010099482","","1","0","0","0","0","0","0","0","0","7","0","35","02","10","2010","5","40.511701","-79.763564","","11","0","0","0","0","0","0","0","0","1","0","0","0","","","0","","0","","40 30:42.125","4","0","79 45:48.830","0","0","0","0","2466","0","0","0","Y","0","0","0","1","02466","0","","1.0","","1","N","N","","0","","0","0","0","","3","N","","1","0","0","0","0","0","0","1","0","1","","","N","Y","4","1","","","N","Y","","","",""
"2010099488","","0","0","0","0","0","0","0","0","0","7","0","","02","10","2010","6","40.438239","-79.978804","","11","0","0","0","0","0","0","0","0","","0","0","0","","","0","","0","","40 26:17.660","","0","79 58:43.694","9","0","0","0","2301","0","0","0","N","0","0","0","2","02301","0","","4.0","","9","N","N","","0","","0","0","1","","0","","","1","0","1","0","0","0","1","2","0","1","","","","N","","","","","","","","","",""
"2010099494","","2","0","0","0","0","0","0","0","0","5","0","","02","10","2010","2","40.456482","-79.901183","","11","0","0","0","0","1","1","0","0","","0","0","0","","","1","","0","","40 27:23.335","","0","79 54:04.258","4","0","0","0","2301","0","0","0","N","0","0","0","2","02301","1","","1.0","","1","N","N","","0","","0","0","1","","0","","","3","1","0","0","0","0","0","2","0","3","","","","N","","","","","","","","","",""
"2010099629","","2","0","0","0","0","0","0","0","0","2","0","","02","10","2010","6","40.603477","-80.063131","","11","0","0","0","0","0","0","0","0","","0","0","0","","","0","","2","","40 36:12.517","","0","80 03:47.271","0","0","0","0","2108","0","0","0","N","0","0","0","1","02108","0","","2.0","","1","N","N","","0","","0","0","0","","3","","","2","0","0","0","0","0","0","2","0","2","","","","N","","","","","","","","","",""
"2010099630","","2","0","0","0","0","0","0","0","0","2","0","","02","10","2010","6","40.572128","-80.023504","","11","0","0","0","0","0","1","1","0","2","0","0","0","","","4","","1","","40 34:19.660","4","0","80 01:24.616","4","0","0","0","2108","0","0","0","N","0","0","0","6","02108","1","","1.0","","1","N","N","","0","","0","0","1","","2","N","","3","4","1","0","0","3","0","2","0","3","","","","N","","","","","","","","","",""
"2010099860","","1","0","0","0","0","0","0","0","0","7","0","","02","10","2010","5","40.475753","-79.764601","","11","0","0","1","0","0","0","0","0","2","0","0","0","","","0","","0","","40 28:32.709","6","0","79 45:52.564","0","0","0","0","2466","0","0","0","N","0","0","0","1","02466","0","","4.0","","9","N","N","","0","","0","0","0","","0","N","","1","0","0","0","0","0","0","2","0","1","","","","N","","","","","","","","","",""
"2010099877","","2","0","0","0","0","0","0","0","0","1","0","","02","10","2010","6","40.292313","-79.915367","","11","0","0","1","0","0","1","0","0","1","0","0","0","","","1","","0","","40 17:32.327","1","0","79 54:55.320","4","0","0","0","2440","0","0","0","N","0","0","0","2","02440","1","","1.0","","9","N","N","","0","","0","0","0","","2","N","","2","1","1","0","0","0","0","2","0","2","","","","N","","","","","","","","","",""
"2010099889","","0","0","0","0","0","0","0","0","0","5","1","","02","10","2010","5","40.443141","-79.981069","","11","0","0","0","0","0","1","0","0","","0","1","0","","","0","","0","","40 26:35.307","","0","79 58:51.848","0","0","0","0","2301","0","0","0","N","0","0","0","2","02301","0","","6.0","","9","N","N","","0","","0","0","0","","0","","","2","0","0","0","0","0","0","2","1","2","","05","","N","","","","","","","","","",""
"2010099890","","1","0","0","0","0","0","0","0","0","1","0","","02","10","2010","3","40.628914","-79.941725","","11","0","0","0","0","0","1","0","0","1","0","0","0","","","2","","0","","40 37:44.092","2","0","79 56:30.210","8","0","0","0","2217","0","0","0","N","0","0","0","3","02505","0","","1.0","","1","N","N","","0","","0","0","1","","0","Y","","2","2","0","0","0","2","0","2","0","2","","","","N","","","","","","","","","",""
"2010099894","","2","0","0","0","0","0","0","0","0","4","0","","02","10","2010","5","40.647837","-79.937408","","11","0","0","0","0","0","0","0","0","","0","0","0","","","0","","0","","40 38:52.213","","7","79 56:14.667","0","0","0","0","2217","0","0","0","N","0","0","0","2","02505","0","","1.0","","1","N","N","","0","","0","0","0","","0","","","2","0","0","0","0","0","0","2","0","2","","","","N","","","","","","","","","",""
"2010099896","","1","0","0","0","0","0","0","0","0","2","0","","02","10","2010","7","40.608737","-80.006966","","11","0","0","0","0","0","0","0","0","","0","0","0","","","1","","0","","40 36:31.454","","0","80 00:25.079","3","0","0","1","2216","0","0","0","N","0","0","0","2","02501","0","","1.0","","1","N","N","","0","","1","0","0","","0","","","2","1","0","0","0","0","0","1","0","2","","","","N","","","","","","","","","",""
"2010099903","","2","0","0","0","0","0","0","0","0","1","0","","02","10","2010","4","40.429854","-79.751251","","11","0","0","0","0","0","0","1","0","","0","0","0","","","0","","3","","40 25:47.476","","0","79 45:04.504","0","0","0","0","2446","0","0","0","N","0","0","0","3","02446","0","","1.0","","1","N","N","","0","","0","0","1","","2","","","3","0","0","0","0","0","0","2","0","3","","","","N","","","","","","","","","",""
"2010099905","","1","0","0","0","0","0","0","0","0","2","0","","02","10","2010","6","40.466162","-79.952248","","11","0","0","0","0","0","1","1","0","","0","0","0","","","2","","1","","40 27:58.183","","0","79 57:08.092","3","0","0","0","2301","0","0","0","N","0","0","0","2","02301","0","","1.0","","9","N","N","","0","","1","0","1","","2","","","2","2","0","0","0","1","0","2","0","2","","","","N","","","","","","","","","",""