"CRN","ARRIVAL_TM","AUTOMOBILE_COUNT","BELTED_DEATH_COUNT","BELTED_SUSP_SERIOUS_INJ_COUNT","BICYCLE_COUNT","BICYCLE_DEATH_COUNT","BICYCLE_SUSP_SERIOUS_INJ_COUNT","BUS_COUNT","CHLDPAS_DEATH_COUNT","CHLDPAS_SUSP_SERIOUS_INJ_COUNT","COLLISION_TYPE","COMM_VEH_COUNT","CONS_ZONE_SPD_LIM","COUNTY","CRASH_MONTH","CRASH_YEAR","DAY_OF_WEEK","DEC_LATITUDE","DEC_LONGITUDE","DISPATCH_TM","DISTRICT","DRIVER_COUNT_16YR","DRIVER_COUNT_17YR","DRIVER_COUNT_18YR","DRIVER_COUNT_19YR","DRIVER_COUNT_20YR","DRIVER_COUNT_50_64YR","DRIVER_COUNT_65_74YR","DRIVER_COUNT_75PLUS","EST_HRS_CLOSED","FATAL_COUNT","HEAVY_TRUCK_COUNT","HORSE_BUGGY_COUNT","HOUR_OF_DAY","ILLUMINATION","INJURY_COUNT","INTERSECTION_RELATED","INTERSECT_TYPE","LANE_CLOSED","LATITUDE","LN_CLOSE_DIR","LOCATION_TYPE","LONGITUDE","MAX_SEVERITY_LEVEL","MCYCLE_DEATH_COUNT","MCYCLE_SUSP_SERIOUS_INJ_COUNT","MOTORCYCLE_COUNT","MUNICIPALITY","NONMOTR_COUNT","NONMOTR_DEATH_COUNT","NONMOTR_SUSP_SERIOUS_INJ_COUNT","NTFY_HIWY_MAINT","PED_COUNT","PED_DEATH_COUNT","PED_SUSP_SERIOUS_INJ_COUNT","PERSON_COUNT","POLICE_AGCY","POSSIBLE_INJ_COUNT","RDWY_SURF_TYPE_CD","RELATION_TO_ROAD","ROADWAY_CLEARED","ROAD_CONDITION","SCH_BUS_IND","SCH_ZONE_IND","SECONDARY_CRASH","SMALL_TRUCK_COUNT","SPEC_JURIS_CD","SUSP_MINOR_INJ_COUNT","SUSP_SERIOUS_INJ_COUNT","SUV_COUNT","TCD_FUNC_CD","TCD_TYPE","TFC_DETOUR_IND","TIME_OF_DAY","TOTAL_UNITS","TOT_INJ_COUNT","UNBELTED_OCC_COUNT","UNB_DEATH_COUNT","UNB_SUSP_SERIOUS_INJ_COUNT","UNK_INJ_DEG_COUNT","UNK_INJ_PER_COUNT","URBAN_RURAL","VAN_COUNT","VEHICLE_COUNT","WEATHER1","WEATHER2","WORKERS_PRES","WORK_ZONE_IND","WORK_ZONE_LOC","WORK_ZONE_TYPE","WZ_CLOSE_DETOUR","WZ_FLAGGER","WZ_LAW_OFFCR_IND","WZ_LN_CLOSURE","WZ_MOVING","WZ_OTHER","WZ_SHLDER_MDN","WZ_WORKERS_INJ_KILLED"
"2010100438","","1","0","0","0","0","0","0","0","0","4","0","","02","10","2010","7","40.497431","-80.069481","","11","0","0","1","0","0","1","0","0","1","0","0","0","","","0","","0","","40 29:50.753","2","7","80 04:10.130","0","0","0","0","2402","0","0","0","N","0","0","0","4","02402","0","","1.0","","1","N","N","","0","","0","0","0","","0","N","","2","0","0","0","0","0","0","2","1","2","","","","N","","","","","","","","","",""
"2010100444","","1","0","0","0","0","0","0","0","0","99","0","","02","10","2010","1","40.382429","-80.201891","","11","0","0","0","0","0","0","0","0","","0","0","0","","","0","","2","","40 22:56.745","","0","80 12:06.809","0","0","0","0","2119","0","0","0","N","0","0","0","1","02119","0","","1.0","","1","N","N","","0","","0","0","0","","0","","","1","0","0","0","0","0","0","1","0","1","","","","N","","","","","","","","","",""
"2010100445","","2","0","0","0","0","0","0","0","0","4","0","","02","10","2010","5","40.664701","-79.934306","","11","0","0","0","0","0","1","0","0","","0","0","0","","","0","","0","","40 39:52.924","","0","79 56:03.500","0","0","0","0","2217","0","0","0","N","0","0","0","2","02505","0","","1.0","","1","N","N","","0","","0","0","0","","0","","","2","0","0","0","0","0","0","1","0","2","","","","N","","","","","","","","","",""
"2010100454","","0","0","0","0","0","0","0","0","0","6","0","","02","10","2010","7","40.469901","-79.788718","","11","0","0","0","0","0","0","0","0","1","0","0","0","","","0","","0","","40 28:11.642","3","0","79 47:19.385","0","0","0","0","2113","0","0","0","N","0","0","0","2","02113","0","","1.0","","1","N","N","","2","","0","0","1","","0","N","","3","0","0","0","0","0","0","2","0","3","","","","N","","","","","","","","","",""
"2010100463","","1","0","0","0","0","0","0","0","0","7","0","","02","10","2010","1","40.436394","-79.757523","","11","0","0","0","0","0","1","0","0","","0","0","0","","","1","","0","","40 26:11.018","","0","79 45:27.083","8","0","0","0","2446","0","0","0","Y","0","0","0","1","02446","0","","5.0","","1","N","N","","0","","0","0","0","","0","","","1","1","0","0","0","1","0","2","0","1","","","","N","","","","","","","","","",""
"2010100467","","2","0","0","0","0","0","0","0","0","1","0","","02","10","2010","1","40.510328","-80.095467","","11","0","0","1","0","0","0","0","1","1","0","0","0","","","0","","2","","40 30:37.179","2","0","80 05:43.682","0","0","0","0","2429","0","0","0","N","0","0","0","3","02215","0","","1.0","","1","N","N","","0","","0","0","1","","2","N","","3","0","0","0","0","0","0","2","0","3","","","","N","","","","","","","","","",""
"2010100487","","1","0","0","0","0","0","0","0","0","7","0","","02","10","2010","6","40.471331","-79.974145","","11","0","0","0","0","0","0","0","0","2","0","0","0","","","1","","0","","40 28:16.793","2","0","79 58:26.923","8","0","0","0","2118","0","0","0","N","0","0","0","1","02118","0","","4.0","","1","N","N","","0","","0","0","0","","0","N","","1","1","1","0","0","1","0","2","0","1","","","","N","","","","","","","","","",""
"2010100507","","2","0","0","0","0","0","0","0","0","1","0","","02","10","2010","1","40.373682","-80.102273","","11","0","0","0","0","0","0","0","0","1","0","0","0","","","1","","3","","40 22:25.256","3","2","80 06:08.182","8","0","0","0","2102","0","0","0","N","0","0","0","5","02102","0","","1.0","","1","N","N","","0","","0","0","0","","4","N","","2","1","0","0","0","1","0","2","0","2","","","","N","","","","","","","","","",""
"2010100508","","2","0","0","0","0","0","0","0","0","5","0","","02","10","2010","7","40.408924","-79.866356","","11","0","0","0","0","0","0","0","0","","0","0","0","","","1","","0","","40 24:32.126","","0","79 51:58.880","8","0","0","0","2449","0","0","0","N","0","0","0","1","02449","0","","4.0","","1","N","N","","0","","0","0","0","","0","","","2","1","1","0","0","1","0","2","0","2","","","","N","","","","","","","","","",""
"2010100509","","2","0","0","0","0","0","0","0","0","4","0","","02","10","2010","7","40.425826","-79.976525","","11","0","0","0","0","0","0","0","0","","0","0","0","","","0","","1","","40 25:32.973","","0","79 58:35.490","0","0","0","0","2301","0","0","0","N","0","0","0","1","02301","0","","1.0","","1","N","N","","0","","0","0","0","","0","","","2","0","0","0","0","0","0","2","0","2","","","","N","","","","","","","","","",""
"2010100519","","2","0","0","0","0","0","0","0","0","5","0","","02","10","2010","1","40.444202","-80.028173","","11","0","0","0","0","0","0","0","0","1","0","0","0","","","0","","10","","40 26:39.126","4","3","80 01:41.424","0","0","0","0","2301","0","0","0","N","0","0","0","2","02301","0","","1.0","","1","N","N","","0","","0","0","0","","0","N","","2","0","1","0","0","0","0","2","0","2","","","","N","","","","","","","","","",""
"2010100521","","1","0","0","0","0","0","0","0","0","7","0","","02","10","2010","7","40.381271","-80.154916","","11","0","0","1","0","0","0","0","0","3","0","0","0","","","0","","0","","40 22:52.575","6","0","80 09:17.697","0","0","0","0","2119","0","0","0","N","0","0","0","1","02119","0","","1.0","","1","N","N","","0","","0","0","0","","0","Y","","1","0","0","0","0","0","0","2","0","1","","","","N","","","","","","","","","",""
"2010100553","","2","0","0","0","0","0","0","0","0","4","0","","02","10","2010","6","40.478389","-79.840057","","11","0","0","0","0","1","0","0","0","","0","0","0","","","1","","0","","40 28:42.201","","0","79 50:24.206","8","0","0","0","2113","0","0","0","N","0","0","0","5","02113","0","","1.0","","1","N","N","","0","","0","0","0","","0","","","2","1","0","0","0","1","0","2","0","2","","","","N","","","","","","","","","",""
"2010100590","","2","0","0","0","0","0","0","0","0","1","0","","02","10","2010","1","40.433333","-80.02866","","11","0","0","0","0","0","1","0","0","","0","0","0","","","0","","1","","40 25:59.998","","0","80 01:43.175","0","0","0","0","2301","0","0","0","N","0","0","0","10","02301","0","","1.0","","1","N","N","","0","","0","0","2","","0","","","4","0","0","0","0","0","0","2","0","4","","","","N","","","","","","","","","",""
"2010100591","","2","0","0","0","0","0","0","0","0","4","0","","02","10","2010","1","40.445681","-79.981853","","11","0","0","0","1","0","0","0","0","1","0","0","0","","","2","","1","","40 26:44.451","4","99","79 58:54.670","4","0","0","0","2301","0","0","0","N","0","0","0","5","02301","2","","1.0","","1","N","N","","0","","0","0","0","","3","N","","2","2","0","0","0","0","0","2","0","2","","","","N","","","","","","","","","",""
"2010100594","","1","0","0","0","0","0","0","0","0","8","0","","02","10","2010","1","40.439969","-79.957612","","11","0","0","0","0","0","1","0","0","1","0","0","0","","","1","","1","","40 26:23.888","2","0","79 57:27.403","3","0","0","0","2301","1","0","0","N","1","0","0","2","02301","0","","1.0","","1","N","N","","0","","1","0","0","","0","Y","","2","1","0","0","0","0","0","2","0","1","","","","N","","","","","","","","","",""
"2010100605","","1","0","0","0","0","0","0","0","0","6","0","","02","10","2010","1","40.39581","-79.999997","","11","0","0","0","0","0","1","0","0","2","0","0","0","","","1","","1","","40 23:44.916","7","0","79 59:59.989","8","0","0","0","2301","0","0","0","N","0","0","0","2","02301","0","","1.0","","1","N","N","","1","","0","0","0","","0","Y","","2","1","0","0","0","1","0","2","0","2","","","","N","","","","","","","","","",""
"2010100608","","0","0","0","1","0","0","0","0","0","8","0","","02","10","2010","5","40.445142","-79.950349","","11","0","0","0","0","0","0","0","1","1","0","0","0","","","1","","1","","40 26:42.511","1","0","79 57:01.256","4","0","0","0","2301","1","0","0","N","0","0","0","2","02301","1","","1.0","","1","N","N","","0","","0","0","1","","3","N","","2","1","0","0","0","0","0","2","0","1","","","","N","","","","","","","","","",""
"2010100614","","2","0","0","0","0","0","0","0","0","4","0","","02","10","2010","1","40.459905","-79.907156","","11","0","0","0","0","0","0","0","1","","0","0","0","","","0","","2","","40 27:35.657","","0","79 54:25.763","9","0","0","0","2301","0","0","0","N","0","0","0","2","02301","0","","1.0","","1","N","N","","0","","0","0","0","","3","","","2","0","0","0","0","0","1","2","0","2","","","","N","","","","","","","","","",""
"2010100626","","2","0","0","0","0","0","0","0","0","1","0","","02","10","2010","6","40.319267","-79.899744","","11","0","0","0","1","0","1","0","0","","0","0","0","","","0","","0","","40 19:09.360","","0","79 53:59.079","0","0","0","0","2440","0","0","0","N","0","0","0","3","02440","0","","1.0","","1","N","N","","0","","0","0","0","","0","","","3","0","0","0","0","0","0","2","1","3","","","","N","","","","","","","","","",""
"2010100636","","0","0","0","0","0","0","0","0","0","6","0","","02","10","2010","7","40.391111","-79.888944","","11","0","0","0","0","0","1","0","0","4","0","0","0","","","2","","0","","40 23:28.000","6","0","79 53:20.200","2","0","2","1","2473","0","0","0","N","0","0","0","3","02473","0","","1.0","","1","N","N","","0","","0","2","1","","0","Y","","2","2","0","0","0","0","0","2","0","2","","","","N","","","","","","","","","",""
"2010100639","","1","0","0","0","0","0","0","0","0","7","0","","02","10","2010","1","40.426879","-80.282122","","11","0","0","1","0","0","0","0","0","2","0","0","0","","","0","","0","","40 25:36.766","2","0","80 16:55.639","0","0","0","0","2214","0","0","0","Y","0","0","0","1","02214","0","","2.0","","1","N","N","","0","","0","0","0","","0","N","","1","0","0","0","0","0","0","1","0","1","","","","N","","","","","","","","","",""
"2010100651","","0","0","0","0","0","0","0","0","0","7","0","","02","10","2010","7","40.420833","-79.792222","","11","0","0","0","0","0","0","0","0","3","0","0","0","","","2","","0","","40 25:15.000","5","0","79 47:32.000","8","0","0","0","2446","0","0","0","N","0","0","0","2","02446","0","","5.0","","1","N","N","","0","","0","0","1","","0","Y","","1","2","0","0","0","2","0","2","0","1","","","","N","","","","","","","","","",""
"2010100710","","0","0","0","0","0","0","0","0","0","4","0","","02","10","2010","1","40.536939","-79.83918","","11","0","0","0","0","0","1","0","0","","0","0","0","","","0","","1","","40 32:12.979","","0","79 50:21.047","0","0","0","0","2208","0","0","0","N","0","0","0","2","02208","0","","1.0","","1","N","N","","1","","0","0","1","","2","","","2","0","0","0","0","0","0","2","0","2","","","","N","","","","","","","","","",""
"2010100714","","2","0","0","0","0","0","0","0","0","4","0","","02","10","2010","2","40.507343","-79.851647","","11","0","1","0","0","0","1","0","0","2","0","0","0","","","3","","2","","40 30:26.433","7","0","79 51:05.929","8","0","0","0","2112","0","0","0","N","0","0","0","5","02112","0","","1.0","","1","N","N","","0","","0","0","0","","2","N","","2","3","0","0","0","3","0","2","0","2","","","","N","","","","","","","","","",""
"2010100715","","0","0","0","0","0","0","0","0","0","7","0","","02","10","2010","6","40.548073","-80.142715","","11","0","0","0","0","0","1","0","0","","0","0","0","","","0","","0","","40 32:53.062","","0","80 08:33.775","0","0","0","0","2459","0","0","0","N","0","0","0","1","02459","0","","5.0","","1","N","N","","0","","0","0","0","","0","","","1","0","0","0","0","0","0","1","1","1","","","","N","","","","","","","","","",""
"2010100720","","0","0","0","0","0","0","0","0","0","7","0","","02","10","2010","7","40.653851","-79.838511","","11","0","0","0","0","0","1","0","0","1","0","0","0","","","1","","0","","40 39:13.863","6","3","79 50:18.641","4","0","0","0","2220","0","0","0","N","0","0","0","1","02220","1","","5.0","","1","N","N","","1","","0","0","0","","3","Y","","1","1","0","0","0","0","0","1","0","1","","","","N","","","","","","","","","",""
"2010100734","","1","0","0","0","0","0","0","0","0","2","0","","02","10","2010","2","40.46393","-79.955348","","11","0","0","0","0","0","1","0","0","","0","0","0","","","0","","1","","40 27:50.148","","0","79 57:19.252","0","0","0","0","2301","0","0","0","N","0","0","0","2","02301","0","","1.0","","1","N","N","","0","","0","0","1","","3","","","2","0","0","0","0","0","0","2","0","2","","","","N","","","","","","","","","",""
"2010100737","","2","0","0","0","0","0","0","0","0","4","0","","02","10","2010","2","40.453987","-79.997852","","11","0","0","0","0","0","1","1","0","","0","0","0","","","0","","1","","40 27:14.353","","0","79 59:52.267","0","0","0","0","2301","0","0","0","N","0","0","0","3","02301","0","","1.0","","1","N","N","","0","","0","0","0","","2","","","2","0","1","0","0","0","0","2","0","2","","","","N","","","","","","","","","",""
"2010100761","","1","0","0","0","0","0","0","0","0","1","0","","02","10","2010","2","40.557687","-79.958999","","11","0","0","0","0","0","0","0","0","","0","0","0","","","0","","0","","40 33:27.674","","0","79 57:32.396","0","0","0","0","2207","0","0","0","N","0","0","0","2","02207","0","","1.0","","9","N","N","","0","","0","0","1","","0","","","2","0","0","0","0","0","0","2","0","2","","","","N","","","","","","","","","",""
"2010100767","","0","0","0","0","0","0","0","0","0","0","0","","02","10","2010","2","","","","11","0","0","0","0","0","0","0","0","","0","0","0","","","1","","0","","","","0","","3","0","0","1","2214","0","0","0","N","0","0","0","1","02214","0","","1.0","","1","N","N","","0","","1","0","0","","0","","","1","1","0","0","0","0","0","1","0","1","","","","N","","","","","","","","","",""
"2010100783","","2","0","0","0","0","0","0","0","0","5","0","","02","10","2010","7","40.439583","-80.073047","","11","0","0","1","0","0","0","0","0","","0","0","0","","","2","","0","","40 26:22.500","","0","80 04:22.970","8","0","0","0","2421","0","0","0","N","0","0","0","2","02421","0","","1.0","","1","N","N","","0","","0","0","1","","0","","","3","2","1","0","0","2","0","2","0","3","","","","N","","","","","","","","","",""
"2010100784","","2","0","0","0","0","0","0","0","0","4","0","","02","10","2010","3","40.533896","-79.844881","","11","0","0","0","0","0","1","0","0","1","0","0","0","","","0","","2","","40 32:02.027","2","0","79 50:41.571","0","0","0","0","2208","0","0","0","N","0","0","0","2","02208","0","","1.0","","1","N","N","","0","","0","0","0","","2","Y","","2","0","0","0","0","0","0","2","0","2","","","","N","","","","","","","","","",""
"2010100785","","1","0","0","0","0","0","0","0","0","4","0","","02","6","2010","1","40.667634","-79.716306","","11","0","0","0","0","0","1","0","0","","0","0","0","","","1","","1","","40 40:03.482","","0","79 42:58.701","8","0","0","0","2106","0","0","0","N","0","0","0","3","02106","0","","1.0","","1","N","N","","0","","0","0","1","","3","","","2","1","0","0","0","1","0","2","0","2","","","","N","","","","","","","","","",""
"2010100786","","1","0","0","0","0","0","0","0","0","4","0","","02","6","2010","3","40.627893","-79.719262","","11","0","0","0","0","0","0","0","1","","0","0","0","","","0","","2","","40 37:40.413","","0","79 43:09.343","9","0","0","0","2106","0","0","0","N","0","0","0","5","02106","0","","1.0","","1","N","N","","1","","0","0","1","","3","","","3","0","1","0","0","0","4","2","0","3","","","","N","","","","","","","","","",""
"2010100787","","1","0","0","0","0","0","0","0","0","4","0","","02","8","2010","2","40.629572","-79.718353","","11","0","0","0","0","0","1","0","0","","0","0","0","","","1","","1","","40 37:46.459","","0","79 43:06.072","4","0","0","0","2106","0","0","0","N","0","0","0","2","02106","1","","1.0","","1","N","N","","1","","0","0","0","","2","","","2","1","0","0","0","0","0","2","0","2","","","","N","","","","","","","","","",""
"2010100788","","1","0","1","0","0","0","0","0","0","4","0","","02","8","2010","6","40.623989","-79.724299","","11","0","0","0","0","2","0","0","0","","0","0","0","","","2","","0","","40 37:26.360","","0","79 43:27.475","2","0","0","0","2106","0","0","0","N","0","0","0","3","02106","0","","1.0","","1","N","N","","0","","1","1","1","","0","","","2","2","0","0","0","0","0","2","0","2","","","","N","","","","","","","","","",""
"2010100789","","1","0","0","0","0","0","0","0","0","7","0","","02","10","2010","6","40.439754","-80.152473","","11","0","0","0","0","0","0","0","1","2","0","0","0","","","2","","0","","40 26:23.115","3","0","80 09:08.903","3","0","0","0","2115","0","0","0","N","0","0","0","2","02115","1","","4.0","","9","N","N","","0","","1","0","0","","0","Y","","1","2","0","0","0","0","0","2","0","1","","","","N","","","","","","","","","",""
"2010100790","","1","0","0","0","0","0","0","0","0","7","0","","02","10","2010","1","40.479298","-80.13032","","11","0","0","0","0","0","0","0","0","2","0","0","0","","","1","","2","","40 28:45.472","1","0","80 07:49.152","8","0","0","0","2115","0","0","0","N","0","0","0","1","02115","0","","4.0","","1","N","N","","0","","0","0","0","","0","N","","1","1","0","0","0","1","0","2","0","1","","","","N","","","","","","","","","",""
"2010100791","","1","0","0","0","0","0","0","0","0","8","0","","02","7","2010","1","40.393686","-80.036217","","11","0","0","0","0","0","0","0","0","","0","0","0","","","1","","2","","40 23:37.268","","0","80 02:10.380","4","0","0","0","2422","1","0","0","N","1","0","0","2","02422","1","","1.0","","1","N","N","","0","","0","0","0","","2","","","2","1","0","0","0","0","0","2","0","1","","","","N","","","","","","","","","",""
"2010100792","","1","0","0","0","0","0","0","0","0","1","0","","02","7","2010","2","40.39661","-80.031021","","11","0","0","0","0","0","0","0","0","","0","0","0","","","1","","2","","40 23:47.795","","0","80 01:51.674","4","0","0","0","2422","0","0","0","N","0","0","0","2","02422","1","","1.0","","1","N","N","","0","","0","0","1","","0","","","2","1","0","0","0","0","0","2","0","2","","","","N","","","","","","","","","",""
"2010100793","","2","0","0","0","0","0","0","0","0","4","0","","02","7","2010","4","40.393481","-80.04119","","11","0","0","0","0","0","1","0","1","","0","0","0","","","0","","1","","40 23:36.531","","0","80 02:28.284","0","0","0","0","2422","0","0","0","N","0","0","0","2","02422","0","","1.0","","1","N","N","","0","","0","0","0","","3","","","2","0","0","0","0","0","0","2","0","2","","","","N","","","","","","","","","",""
"2010100794","","2","0","0","0","0","0","0","0","0","4","0","","02","7","2010","5","40.39661","-80.031021","","11","0","0","0","0","0","0","0","1","","0","0","0","","","0","","2","","40 23:47.795","","0","80 01:51.674","0","0","0","0","2422","0","0","0","N","0","0","0","3","02422","0","","1.0","","1","N","N","","0","","0","0","0","","2","","","2","0","0","0","0","0","0","2","0","2","","","","N","","","","","","","","","",""
"2010100802","","1","0","0","0","0","0","0","0","0","4","1","","02","10","2010","6","40.491537","-80.084758","","11","0","0","0","1","0","0","0","0","1","0","1","0","","","0","","1","","40 29:29.534","5","0","80 05:05.130","0","0","0","0","2122","0","0","0","N","0","0","0","2","02122","0","","1.0","","1","N","N","","0","","0","0","0","","0","N","","2","0","0","0","0","0","0","2","0","2","","","","N","","","","","","","","","",""
"2010100835","","0","0","0","0","0","0","0","0","0","1","0","","02","9","2010","6","40.419715","-80.051558","","11","0","0","0","0","0","1","0","0","","0","0","0","","","0","","0","","40 25:10.973","","0","80 03:05.608","0","0","0","0","2435","0","0","0","N","0","0","0","4","68B03","0","","1.0","","1","N","N","","1","","0","0","2","","0","","","3","0","0","0","0","0","0","2","0","3","","","","N","","","","","","","","","",""
"2010100836","","1","0","0","0","0","0","0","0","0","1","0","","02","10","2010","6","40.582274","-80.107843","","11","0","0","0","0","0","0","0","0","","0","0","0","","","1","","0","","40 34:56.187","","0","80 06:28.234","4","0","0","0","2481","0","0","0","N","0","0","0","2","68B03","1","","1.0","","1","N","N","","1","","0","0","0","","0","","","2","1","0","0","0","0","0","2","0","2","","","","N","","","","","","","","","",""
"2010100837","","1","0","0","0","0","0","0","0","0","99","0","","02","10","2010","4","40.433274","-79.869928","","11","0","0","0","0","0","0","0","0","","0","0","0","","","0","","0","","40 25:59.788","","0","79 52:11.740","0","0","0","0","2478","0","0","0","N","0","0","0","2","68B03","0","","1.0","","1","N","N","","0","","0","0","0","","0","","","1","0","0","0","0","0","0","2","0","1","","","","N","","","","","","","","","",""
"2010100838","","0","0","0","0","0","0","0","0","0","1","0","","02","10","2010","5","40.33596","-80.135172","","11","0","0","0","0","0","1","0","0","1","0","0","0","","","1","","0","","40 20:09.455","2","0","80 08:06.618","4","0","0","0","2119","0","0","0","N","0","0","0","5","68B03","1","","1.0","","9","N","N","","0","","0","0","1","","0","N","","3","1","0","0","0","0","0","2","2","3","","","","N","","","","","","","","","",""
"2010100839","","3","0","0","0","0","0","0","0","0","1","0","","02","10","2010","6","40.420522","-80.049257","","11","0","0","0","0","0","1","0","0","","0","0","0","","","0","","0","","40 25:13.880","","0","80 02:57.326","0","0","0","0","2435","0","0","0","N","0","0","0","4","68B03","0","","1.0","","1","N","N","","0","","0","0","1","","0","","","4","0","0","0","0","0","0","2","0","4","","","","N","","","","","","","","","",""
"2010100840","","2","0","0","0","0","0","0","0","0","1","0","","02","10","2010","6","40.430344","-80.027521","","11","0","0","0","0","0","2","0","0","1","0","0","0","","","2","","0","","40 25:49.237","4","0","80 01:39.074","4","0","0","0","2301","0","0","0","N","0","0","0","4","68B03","2","","1.0","","9","N","N","","0","","0","0","0","","0","N","","2","2","0","0","0","0","0","2","0","2","","","","N","","","","","","","","","",""
"2010100875","","0","0","0","0","0","0","0","0","0","1","0","","02","10","2010","6","40.672195","-80.100593","","11","0","0","0","0","0","1","1","0","","0","0","0","","","0","","0","","40 40:19.901","","0","80 06:02.133","0","0","0","0","2212","0","0","0","N","0","0","0","3","68T02","0","","1.0","","1","N","N","","1","","0","0","1","","0","","","2","0","0","0","0","0","0","2","0","2","","","","N","","","","","","","","","",""
"2010100919","","1","0","0","0","0","0","0","0","0","1","0","","02","10","2010","2","40.350059","-79.871938","","11","0","0","0","0","0","1","0","0","1","0","0","0","","","0","","1","","40 21:00.213","3","0","79 52:18.978","0","0","0","0","2304","0","0","0","N","0","0","0","2","02304","0","","1.0","","9","N","N","","1","","0","0","0","","2","N","","2","0","0","0","0","0","0","2","0","2","","","","N","","","","","","","","","",""
"2010100921","","0","0","0","0","0","0","0","0","0","8","0","","02","10","2010","1","40.423446","-80.052796","","11","0","0","0","0","0","0","0","0","2","0","0","0","","","1","","0","","40 25:24.405","4","0","80 03:10.065","3","0","0","0","2435","1","0","0","N","1","0","0","1","02435","0","","9.0","","1","N","N","","0","","1","0","0","","0","N","","2","1","0","0","0","0","0","2","0","1","","","","N","","","","","","","","","",""
"2010100928","","1","0","0","0","0","0","0","0","0","7","0","","02","10","2010","7","40.670021","-79.834821","","11","0","0","0","0","0","0","0","0","2","0","0","0","","","2","","0","","40 40:12.074","4","0","79 50:05.357","3","0","0","0","2220","0","0","0","N","0","0","0","2","02220","0","","4.0","","1","N","N","","0","","2","0","0","","0","Y","","1","2","2","0","0","0","0","1","0","1","","","","N","","","","","","","","","",""
"2010100931","","0","0","0","0","0","0","1","0","0","0","1","","02","10","2010","2","40.441918","-80.001868","","11","0","0","0","0","0","1","0","0","","0","0","0","","","5","","1","","40 26:30.904","","0","80 00:06.724","3","0","0","0","2301","0","0","0","N","0","0","0","7","02503","4","","1.0","","9","N","N","","0","","1","0","0","","2","","","2","5","0","0","0","0","0","2","1","2","","","","N","","","","","","","","","",""
"2010100933","","0","0","0","0","0","0","1","0","0","8","1","","02","10","2010","2","40.438395","-80.001987","","11","0","0","0","0","0","0","1","0","3","1","0","0","","","0","","1","","40 26:18.222","5","0","80 00:07.153","1","0","0","0","2301","1","1","0","","1","1","0","4","02503","0","2","1.0","","9","","","","0","0","0","0","0","","2","Y","","2","0","0","0","0","0","0","2","0","1","","","","N","","","","","","","","","",""
"2010100938","","0","0","0","0","0","0","0","0","0","7","0","","02","10","2010","2","40.374842","-80.094736","","11","0","0","0","0","0","1","0","0","1","0","0","0","","","0","","2","","40 22:29.431","7","0","80 05:41.049","0","0","0","0","2117","0","0","0","N","0","0","0","1","02117","0","","5.0","","9","N","N","","0","","0","0","1","","0","N","","1","0","0","0","0","0","0","2","0","1","","","","N","","","","","","","","","",""
"2010100944","","2","0","0","0","0","0","0","0","0","4","0","","02","10","2010","2","40.436004","-79.785298","","11","0","0","0","0","0","2","0","0","","0","0","0","","","0","","0","","40 26:09.616","","7","79 47:07.074","0","0","0","0","2446","0","0","0","N","0","0","0","2","02446","0","","4.0","","9","N","N","","0","","0","0","1","","0","","","3","0","0","0","0","0","0","2","0","3","","","","N","","","","","","","","","",""
"2010100946","","0","0","0","0","0","0","0","0","0","4","0","","02","10","2010","2","40.487502","-79.882923","","11","0","0","0","0","0","1","1","0","","0","0","0","","","0","","1","","40 29:15.007","","0","79 52:58.523","9","0","0","0","2112","0","0","0","Y","0","0","0","2","02112","0","","1.0","","9","N","N","","0","","0","0","1","","3","","","2","0","0","0","0","0","2","2","1","2","","","","N","","","","","","","","","",""
"2010100949","","2","0","0","0","0","0","0","0","0","4","0","","02","10","2010","2","40.449156","-79.762252","","11","0","0","0","0","0","0","0","1","1","0","0","0","","","2","","3","","40 26:56.961","4","0","79 45:44.107","8","0","0","0","2446","0","0","0","N","0","0","0","3","02446","0","","1.0","","9","N","N","","0","","0","0","0","","0","N","","2","2","0","0","0","2","0","2","0","2","","","","N","","","","","","","","","",""
"2010100959","","1","0","0","0","0","0","0","0","0","4","0","","02","10","2010","2","40.442439","-79.995878","","11","0","0","0","0","1","0","0","0","","0","0","0","","","2","","1","","40 26:32.780","","0","79 59:45.160","4","0","0","0","2301","0","0","0","N","0","0","0","6","02301","2","","1.0","","9","N","N","","0","","0","0","1","","0","","","2","2","3","0","0","0","0","2","0","2","","","","N","","","","","","","","","",""
"2010100965","","0","0","0","0","0","0","0","0","0","7","0","","02","10","2010","7","40.407302","-79.859343","","11","0","0","0","0","0","1","0","0","5","0","0","0","","","1","","0","","40 24:26.287","5","0","79 51:33.634","8","0","0","0","2449","0","0","0","N","0","0","0","1","02449","0","","5.0","","1","N","N","","0","","0","0","0","","8","Y","","1","1","0","0","0","1","0","2","1","1","","","","N","","","","","","","","","",""
"2010100967","","2","0","1","0","0","0","0","0","0","4","0","","02","10","2010","1","40.39067","-79.869136","","11","0","0","0","1","0","0","0","0","1","0","0","0","","","3","","1","","40 23:26.412","2","0","79 52:08.889","2","0","0","0","2473","0","0","0","N","0","0","0","6","02473","0","","1.0","","1","N","N","","0","","0","1","0","","2","N","","2","3","0","0","0","2","1","2","0","2","","","","N","","","","","","","","","",""