"CRN","ARRIVAL_TM","AUTOMOBILE_COUNT","BELTED_DEATH_COUNT","BELTED_SUSP_SERIOUS_INJ_COUNT","BICYCLE_COUNT","BICYCLE_DEATH_COUNT","BICYCLE_SUSP_SERIOUS_INJ_COUNT","BUS_COUNT","CHLDPAS_DEATH_COUNT","CHLDPAS_SUSP_SERIOUS_INJ_COUNT","COLLISION_TYPE","COMM_VEH_COUNT","CONS_ZONE_SPD_LIM","COUNTY","CRASH_MONTH","CRASH_YEAR","DAY_OF_WEEK","DEC_LATITUDE","DEC_LONGITUDE","DISPATCH_TM","DISTRICT","DRIVER_COUNT_16YR","DRIVER_COUNT_17YR","DRIVER_COUNT_18YR","DRIVER_COUNT_19YR","DRIVER_COUNT_20YR","DRIVER_COUNT_50_64YR","DRIVER_COUNT_65_74YR","DRIVER_COUNT_75PLUS","EST_HRS_CLOSED","FATAL_COUNT","HEAVY_TRUCK_COUNT","HORSE_BUGGY_COUNT","HOUR_OF_DAY","ILLUMINATION","INJURY_COUNT","INTERSECTION_RELATED","INTERSECT_TYPE","LANE_CLOSED","LATITUDE","LN_CLOSE_DIR","LOCATION_TYPE","LONGITUDE","MAX_SEVERITY_LEVEL","MCYCLE_DEATH_COUNT","MCYCLE_SUSP_SERIOUS_INJ_COUNT","MOTORCYCLE_COUNT","MUNICIPALITY","NONMOTR_COUNT","NONMOTR_DEATH_COUNT","NONMOTR_SUSP_SERIOUS_INJ_COUNT","NTFY_HIWY_MAINT","PED_COUNT","PED_DEATH_COUNT","PED_SUSP_SERIOUS_INJ_COUNT","PERSON_COUNT","POLICE_AGCY","POSSIBLE_INJ_COUNT","RDWY_SURF_TYPE_CD","RELATION_TO_ROAD","ROADWAY_CLEARED","ROAD_CONDITION","SCH_BUS_IND","SCH_ZONE_IND","SECONDARY_CRASH","SMALL_TRUCK_COUNT","SPEC_JURIS_CD","SUSP_MINOR_INJ_COUNT","SUSP_SERIOUS_INJ_COUNT","SUV_COUNT","TCD_FUNC_CD","TCD_TYPE","TFC_DETOUR_IND","TIME_OF_DAY","TOTAL_UNITS","TOT_INJ_COUNT","UNBELTED_OCC_COUNT","UNB_DEATH_COUNT","UNB_SUSP_SERIOUS_INJ_COUNT","UNK_INJ_DEG_COUNT","UNK_INJ_PER_COUNT","URBAN_RURAL","VAN_COUNT","VEHICLE_COUNT","WEATHER1","WEATHER2","WORKERS_PRES","WORK_ZONE_IND","WORK_ZONE_LOC","WORK_ZONE_TYPE","WZ_CLOSE_DETOUR","WZ_FLAGGER","WZ_LAW_OFFCR_IND","WZ_LN_CLOSURE","WZ_MOVING","WZ_OTHER","WZ_SHLDER_MDN","WZ_WORKERS_INJ_KILLED"
"2010100972","","2","0","0","0","0","0","0","0","0","5","0","","02","10","2010","4","40.294511","-79.91787","","11","0","0","0","0","0","1","0","0","1","0","0","0","","","1","","1","","40 17:40.239","5","0","79 55:04.331","8","0","0","0","2440","0","0","0","N","0","0","0","2","02440","0","","1.0","","1","N","N","","0","","0","0","0","","2","Y","","2","1","0","0","0","1","0","2","0","2","","","","N","","","","","","","","","",""
"2010100991","","1","0","0","0","0","0","0","0","0","7","0","","02","10","2010","2","40.344527","-79.884126","","11","0","0","0","0","0","0","0","0","1","0","0","0","","","1","","3","","40 20:40.297","3","0","79 53:02.853","3","0","0","0","2304","0","0","0","N","0","0","0","2","02304","0","","5.0","","9","N","N","","0","","1","0","0","","0","N","","1","1","2","0","0","0","0","2","0","1","","","","N","","","","","","","","","",""
"2010100998","","1","0","0","0","0","0","0","0","0","8","0","","02","10","2010","1","40.418824","-79.972704","","11","0","0","0","1","0","0","0","0","","0","0","0","","","1","","1","","40 25:07.766","","0","79 58:21.734","4","0","0","0","2301","1","0","0","N","1","0","0","2","02301","1","","1.0","","1","N","N","","0","","0","0","0","","0","","","2","1","0","0","0","0","0","2","0","1","","","","N","","","","","","","","","",""
"2010101000","","1","0","0","0","0","0","0","0","0","7","0","","02","10","2010","7","40.621056","-79.927241","","11","0","0","1","0","0","0","0","0","","0","0","0","","","1","","0","","40 37:15.801","","0","79 55:38.067","4","0","0","0","2217","0","0","0","N","0","0","0","1","02505","1","","5.0","","1","N","N","","0","","0","0","0","","0","","","1","1","0","0","0","0","0","2","0","1","","","","N","","","","","","","","","",""
"2010101004","","0","0","0","0","0","0","0","0","0","7","1","","02","10","2010","2","40.458656","-79.998494","","11","0","0","0","0","0","0","0","0","4","0","1","0","","","0","","2","","40 27:31.163","1","0","79 59:54.577","0","0","0","0","2301","0","0","0","N","0","0","0","1","02301","0","","2.0","","1","N","N","","0","","0","0","0","","0","Y","","1","0","0","0","0","0","0","2","0","1","","","","N","","","","","","","","","",""
"2010101008","","2","0","0","0","0","0","0","0","0","2","1","","02","10","2010","1","40.448652","-80.002304","","11","0","0","0","0","0","0","0","0","","0","0","0","","","0","","1","","40 26:55.147","","0","80 00:08.294","0","0","0","0","2301","0","0","0","N","0","0","0","3","02301","0","","7.0","","1","N","N","","0","","0","0","0","","2","","","2","0","1","0","0","0","0","2","0","2","","","","N","","","","","","","","","",""
"2010101012","","1","0","0","0","0","0","0","0","0","8","0","","02","8","2010","3","40.370557","-80.002201","","11","0","0","0","0","0","0","1","0","","0","0","0","","","1","","2","","40 22:14.005","","0","80 00:07.923","4","0","0","0","2416","1","0","0","N","1","0","0","2","02416","1","","1.0","","1","N","N","","0","","0","0","0","","3","","","2","1","0","0","0","0","0","2","0","1","","","","N","","","","","","","","","",""
"2010101013","","2","0","0","0","0","0","0","0","0","1","0","","02","8","2010","6","40.36912","-80.035134","","11","0","0","0","0","0","1","1","0","1","0","0","0","","","0","","0","","40 22:08.832","2","0","80 02:06.483","0","0","0","0","2416","0","0","0","N","0","0","0","3","02416","0","","1.0","","1","N","N","","0","","0","0","0","","0","N","","2","0","0","0","0","0","0","2","0","2","","","","N","","","","","","","","","",""
"2010101014","","2","0","0","0","0","0","0","0","0","1","0","25","02","8","2010","7","40.365174","-80.018123","","11","0","0","0","0","0","1","0","0","","0","0","0","","","1","","0","","40 21:54.625","","0","80 01:05.244","8","0","0","0","2416","0","0","0","N","0","0","0","8","02416","0","","1.0","","1","N","N","","0","","0","0","1","","0","","","4","1","0","0","0","1","1","2","1","4","","","N","Y","4","1","N","N","N","N","N","N","Y",""
"2010101015","","0","0","0","0","0","0","0","0","0","4","0","","02","8","2010","4","40.357626","-80.028581","","11","0","0","0","0","0","1","0","0","","0","0","0","","","0","","0","","40 21:27.453","","0","80 01:42.892","0","0","0","0","2416","0","0","0","N","0","0","0","2","02416","0","","1.0","","1","N","N","","1","","0","0","0","","0","","","2","0","0","0","0","0","0","2","1","2","","","","N","","","","","","","","","",""
"2010101016","","1","0","0","0","0","0","0","0","0","7","0","","02","8","2010","6","40.359415","-80.030544","","11","0","0","0","0","0","1","0","0","1","0","0","0","","","0","","2","","40 21:33.894","5","0","80 01:49.958","0","0","0","0","2416","0","0","0","N","0","0","0","1","02416","0","","2.0","","1","N","N","","0","","0","0","0","","3","N","","1","0","0","0","0","0","0","2","0","1","","","","N","","","","","","","","","",""
"2010101026","","1","0","0","0","0","0","0","0","0","1","0","","02","10","2010","2","40.435322","-79.824272","","11","0","0","0","0","1","0","0","0","2","0","0","0","","","1","","3","","40 26:07.158","2","0","79 49:27.379","8","0","0","0","2419","0","0","0","N","0","0","0","2","02419","0","","1.0","","1","N","N","","0","","0","0","1","","3","N","","2","1","0","0","0","1","0","2","0","2","","","","N","","","","","","","","","",""
"2010101108","","1","0","0","0","0","0","0","0","0","1","0","","02","10","2010","7","40.576459","-80.025834","","11","0","0","0","0","0","0","0","0","","0","0","0","","","0","","1","","40 34:35.251","","0","80 01:33.002","0","0","0","0","2108","0","0","0","N","0","0","0","4","02108","0","","1.0","","1","N","N","","1","","0","0","1","","2","","","3","0","1","0","0","0","0","2","0","3","","","","N","","","","","","","","","",""
"2010101119","","1","0","0","0","0","0","0","0","0","7","0","","02","10","2010","2","40.401821","-80.172104","","11","0","0","0","0","0","0","0","0","2","0","0","0","","","0","","0","","40 24:06.554","6","0","80 10:19.574","0","0","0","0","2102","0","0","0","N","0","0","0","1","02102","0","","5.0","","9","N","N","","0","","0","0","0","","0","Y","","1","0","0","0","0","0","0","1","0","1","","","","N","","","","","","","","","",""
"2010101129","","1","0","0","0","0","0","0","0","0","4","0","","02","10","2010","2","40.448105","-80.181274","","11","0","0","1","0","0","0","0","0","","0","0","0","","","1","","1","","40 26:53.178","","0","80 10:52.586","4","0","0","0","2214","0","0","0","N","0","0","0","2","02214","1","","1.0","","1","N","N","","1","","0","0","0","","2","","","2","1","0","0","0","0","0","2","0","2","","","","N","","","","","","","","","",""
"2010101144","","1","0","0","0","0","0","0","0","0","7","0","","02","10","2010","6","40.474536","-79.971494","","11","0","0","0","0","0","0","1","0","1","0","0","0","","","1","","2","","40 28:28.330","2","0","79 58:17.378","4","0","0","0","2445","0","0","0","N","0","0","0","1","02445","1","","2.0","","1","N","N","","0","","0","0","0","","0","Y","","1","1","0","0","0","0","0","2","0","1","","","","N","","","","","","","","","",""
"2010101167","","3","0","0","0","0","0","0","0","0","1","0","","02","10","2010","3","40.522706","-80.175153","","11","0","0","0","0","0","0","2","1","","0","0","0","","","3","","1","","40 31:21.741","","0","80 10:30.549","8","0","0","0","2420","0","0","0","N","0","0","0","3","02420","0","","1.0","","1","N","N","","0","","0","0","0","","2","","","3","3","0","0","0","3","0","2","0","3","","","","N","","","","","","","","","",""
"2010101178","","1","0","0","0","0","0","0","0","0","8","0","","02","10","2010","3","40.448413","-79.934205","","11","0","0","0","0","0","0","0","1","","0","0","0","","","1","","2","","40 26:54.286","","0","79 56:03.138","8","0","0","0","2301","1","0","0","N","1","0","0","2","02301","0","","1.0","","1","N","N","","0","","0","0","0","","2","","","2","1","0","0","0","1","0","2","0","1","","","","N","","","","","","","","","",""
"2010101183","","2","0","0","0","0","0","0","0","0","1","0","","02","10","2010","5","40.683506","-80.029612","","11","1","0","0","0","0","0","0","0","","0","0","0","","","1","","0","","40 41:00.621","","0","80 01:46.603","4","0","0","0","2216","0","0","0","N","0","0","0","4","02505","1","","1.0","","1","N","N","","0","","0","0","0","","0","","","2","1","0","0","0","0","0","2","0","2","","","","N","","","","","","","","","",""
"2010101187","","1","0","0","0","0","0","0","0","0","7","0","","02","10","2010","3","40.436012","-79.922904","","11","0","0","0","0","0","0","0","1","","0","0","0","","","1","","1","","40 26:09.643","","7","79 55:22.454","3","0","0","0","2301","0","0","0","N","0","0","0","1","02301","0","","4.0","","1","N","N","","0","","1","0","0","","0","","","1","1","0","0","0","0","0","2","0","1","","","","N","","","","","","","","","",""
"2010101188","","2","0","0","0","0","0","0","0","0","5","0","","02","10","2010","3","40.444023","-79.925974","","11","0","0","0","0","0","0","0","1","","0","0","0","","","0","","0","","40 26:38.484","","0","79 55:33.508","0","0","0","0","2301","0","0","0","N","0","0","0","1","02301","0","","1.0","","1","N","N","","0","","0","0","0","","0","","","2","0","0","0","0","0","0","2","0","2","","","","N","","","","","","","","","",""
"2010101191","","1","0","0","0","0","0","0","0","0","1","1","","02","10","2010","3","40.356506","-79.994699","","11","0","0","0","0","0","0","0","1","1","0","1","0","","","0","","0","","40 21:23.421","6","0","79 59:40.916","0","0","0","0","2476","0","0","0","N","0","0","0","1","02476","0","","2.0","","1","N","N","","0","","0","0","0","","0","Y","","2","0","0","0","0","0","0","2","0","2","","","","N","","","","","","","","","",""
"2010101195","","0","0","0","0","0","0","0","0","0","0","0","","02","10","2010","6","40.639729","-80.064896","","11","0","0","0","0","0","0","0","0","1","0","0","0","","","1","","1","","40 38:23.024","4","0","80 03:53.626","3","0","0","1","2216","0","0","0","N","0","0","0","1","02505","0","","1.0","","1","N","N","","0","","1","0","0","","2","N","","1","1","0","0","0","0","0","2","0","1","","","","N","","","","","","","","","",""
"2010101197","","2","0","0","0","0","0","0","0","0","1","0","","02","10","2010","1","40.352555","-79.833914","","11","0","0","0","0","1","0","0","0","","0","0","0","","","1","","0","","40 21:09.198","","0","79 50:02.090","8","0","0","0","2304","0","0","0","N","0","0","0","2","02304","0","","1.0","","1","N","N","","0","","0","0","0","","0","","","2","1","2","0","0","1","0","2","0","2","","","","N","","","","","","","","","",""
"2010101202","","1","0","0","0","0","0","0","0","0","7","0","","02","10","2010","2","40.247847","-79.875834","","11","0","0","0","0","0","1","0","0","3","0","0","0","","","0","","0","","40 14:52.249","1","0","79 52:33.001","0","0","0","0","2204","0","0","0","N","0","0","0","1","02204","0","","3.0","","1","N","N","","0","","0","0","0","","0","N","","1","0","0","0","0","0","0","1","0","1","","","","N","","","","","","","","","",""
"2010101207","","0","0","0","0","0","0","0","0","0","7","0","","02","10","2010","2","40.653253","-80.010629","","11","0","0","0","0","0","1","0","0","2","0","0","0","","","0","","0","","40 39:11.710","5","0","80 00:38.266","0","0","0","0","2216","0","0","0","N","0","0","0","1","02505","0","","5.0","","9","N","N","","0","","0","0","1","","0","Y","","1","0","0","0","0","0","0","1","0","1","","","","N","","","","","","","","","",""
"2010101209","","2","0","0","0","0","0","0","0","0","4","0","","02","10","2010","3","40.356586","-79.980388","","11","0","0","0","0","0","0","0","0","1","0","0","0","","","0","","2","","40 21:23.711","1","0","79 58:49.397","0","0","0","0","2476","0","0","0","N","0","0","0","3","02476","0","","1.0","","1","N","N","","0","","0","0","0","","2","N","","2","0","0","0","0","0","0","2","0","2","","","","N","","","","","","","","","",""
"2010101218","","1","0","0","0","0","0","0","0","0","7","0","","02","10","2010","2","40.653253","-80.010629","","11","0","0","0","0","0","0","0","0","2","0","0","0","","","0","","0","","40 39:11.710","5","0","80 00:38.266","0","0","0","0","2216","0","0","0","N","0","0","0","1","02505","0","","5.0","","9","N","N","","0","","0","0","0","","0","Y","","1","0","0","0","0","0","0","1","0","1","","","","N","","","","","","","","","",""
"2010101221","","2","0","0","0","0","0","0","0","0","4","0","","02","10","2010","3","40.518978","-79.862726","","11","0","0","0","0","0","0","0","0","1","0","0","0","","","1","","1","","40 31:08.321","1","0","79 51:45.815","4","0","0","0","2112","0","0","0","N","0","0","0","3","02112","1","","1.0","","1","N","N","","0","","0","0","0","","3","N","","2","1","0","0","0","0","0","2","0","2","","","","N","","","","","","","","","",""
"2010101233","","1","0","0","0","0","0","0","0","0","7","0","","02","10","2010","6","40.510799","-79.913381","","11","0","1","0","0","0","0","0","0","2","0","0","0","","","0","","0","","40 30:38.876","5","0","79 54:48.171","0","0","0","0","2432","0","0","0","N","0","0","0","1","02432","0","","4.0","","9","N","N","","0","","0","0","0","","0","Y","","1","0","0","0","0","0","0","2","0","1","","","","N","","","","","","","","","",""
"2010101234","","1","0","0","0","0","0","0","0","0","1","0","35","02","9","2010","2","40.50012","-80.22013","","11","0","0","1","0","0","0","0","0","","0","0","0","","","0","","0","","40 30:00.432","","0","80 13:12.469","0","0","0","0","2213","0","0","0","N","0","0","0","4","02213","0","","1.0","","1","N","N","","1","","0","0","0","","0","","","2","0","1","0","0","0","0","2","0","2","","","Y","Y","4","1","N","N","N","Y","N","N","N",""
"2010101235","","2","0","0","0","0","0","0","0","0","4","0","","02","10","2010","1","40.543025","-80.217738","","11","0","0","1","0","0","0","0","1","2","0","0","0","","","0","","2","","40 32:34.890","2","0","80 13:03.856","0","0","0","0","2213","0","0","0","N","0","0","0","2","02213","0","","1.0","","1","N","N","","0","","0","0","0","","3","N","","2","0","0","0","0","0","0","2","0","2","","","","N","","","","","","","","","",""
"2010101236","","2","0","0","0","0","0","0","0","0","1","0","","02","10","2010","3","40.335282","-80.051276","","11","0","0","0","0","0","1","0","0","","0","0","0","","","1","","2","","40 20:07.015","","0","80 03:04.593","4","0","0","0","2407","0","0","0","N","0","0","0","2","02407","1","","1.0","","1","N","N","","0","","0","0","0","","2","","","2","1","0","0","0","0","0","2","0","2","","","","N","","","","","","","","","",""
"2010101237","","1","0","0","0","0","0","0","0","0","7","0","","02","10","2010","7","40.330946","-80.033746","","11","0","0","0","0","0","0","0","0","","0","0","0","","","0","","2","","40 19:51.405","","0","80 02:01.485","0","0","0","0","2407","0","0","0","N","0","0","0","2","02407","0","","4.0","","1","N","N","","0","","0","0","1","","3","","","2","0","0","0","0","0","0","2","0","2","","","","N","","","","","","","","","",""
"2010101307","","1","0","0","0","0","0","0","0","0","7","0","","02","10","2010","3","40.52139","-80.075972","","11","0","0","0","0","0","0","0","0","1","0","0","0","","","1","","2","","40 31:17.004","2","0","80 04:33.499","4","0","0","0","2215","0","0","0","N","0","0","0","1","02215","1","","2.0","","1","N","N","","0","","0","0","0","","3","N","","1","1","1","0","0","0","0","2","0","1","","","","N","","","","","","","","","",""
"2010101326","","0","0","0","0","0","0","0","0","0","7","0","","02","10","2010","4","40.507952","-79.889785","","11","0","0","1","0","0","0","0","0","3","0","0","0","","","1","","0","","40 30:28.627","3","0","79 53:23.226","4","0","0","0","2432","0","0","0","N","0","0","0","1","02432","1","","5.0","","1","N","N","","1","","0","0","0","","0","N","","1","1","0","0","0","0","0","2","0","1","","","","N","","","","","","","","","",""
"2010101336","","2","0","0","0","0","0","0","0","0","1","0","","02","10","2010","3","40.46315","-80.052223","","11","0","0","0","0","1","0","0","0","","0","0","0","","","0","","0","","40 27:47.339","","7","80 03:08.002","0","0","0","0","2301","0","0","0","N","0","0","0","2","02301","0","","1.0","","1","N","N","","0","","0","0","0","","0","","","2","0","0","0","0","0","0","2","0","2","","","","N","","","","","","","","","",""
"2010101353","","1","0","0","0","0","0","0","0","0","7","0","","02","10","2010","4","40.439513","-80.032694","","11","0","0","0","0","0","0","0","0","","0","0","0","","","0","","0","","40 26:22.247","","0","80 01:57.698","0","0","0","0","2301","0","0","0","Y","0","0","0","1","02301","0","","4.0","","1","N","N","","0","","0","0","0","","0","","","2","0","0","0","0","0","0","2","0","1","","","","N","","","","","","","","","",""
"2010101358","","1","0","0","0","0","0","0","0","0","7","0","","02","10","2010","4","40.447266","-79.986209","","11","0","0","0","0","0","0","0","0","2","0","0","0","","","2","","0","","40 26:50.157","4","0","79 59:10.354","3","0","0","0","2301","0","0","0","N","0","0","0","2","02301","1","","5.0","","1","N","N","","0","","1","0","0","","0","Y","","1","2","0","0","0","0","0","2","0","1","","","","N","","","","","","","","","",""
"2010101397","","1","0","0","0","0","0","0","0","0","1","0","55","02","9","2010","7","40.417974","-80.087971","","11","0","0","0","0","0","1","0","0","","0","0","0","","","0","","0","","40 25:04.706","","0","80 05:16.694","0","0","0","0","2415","0","0","0","N","0","0","0","2","68B05","0","","1.0","","1","N","N","","0","","0","0","1","","0","","","2","0","0","0","0","0","0","2","0","2","","","Y","Y","2","2","N","N","Y","Y","N","N","N",""
"2010101398","","2","0","0","0","0","0","0","0","0","1","0","55","02","9","2010","1","40.424723","-80.11357","","11","0","0","0","0","0","0","1","0","2","0","0","0","","","1","","0","","40 25:29.003","3","0","80 06:48.852","4","0","0","0","2102","0","0","0","N","0","0","0","2","68B03","1","","1.0","","1","N","N","","0","","0","0","0","","0","N","","2","1","0","0","0","0","0","2","0","2","","","Y","Y","2","1","N","N","Y","Y","N","N","N",""
"2010101399","","1","0","0","0","0","0","0","0","0","1","0","","02","9","2010","2","40.438068","-79.863638","","11","0","0","0","0","0","0","0","0","2","0","0","0","","","1","","0","","40 26:17.043","4","0","79 51:49.095","4","0","0","0","2419","0","0","0","N","0","0","0","5","68B03","1","","1.0","","9","N","N","","1","","0","0","1","","0","N","","3","1","0","0","0","0","0","2","0","3","","","","N","","","","","","","","","",""
"2010101400","","1","0","0","0","0","0","0","0","0","1","0","","02","10","2010","1","40.425941","-79.899894","","11","0","0","0","0","0","0","0","0","2","0","0","0","","","1","","0","","40 25:33.387","4","4","79 53:59.617","3","0","0","0","2301","0","0","0","N","0","0","0","3","68B03","0","","1.0","","1","N","N","","0","","1","0","1","","0","N","","2","1","0","0","0","0","0","2","0","2","","","","N","","","","","","","","","",""
"2010101401","","1","0","0","0","0","0","0","0","0","1","0","","02","10","2010","3","40.429079","-79.888252","","11","0","0","0","0","0","1","0","0","","0","0","0","","","2","","0","","40 25:44.686","","0","79 53:17.707","4","0","0","0","2426","0","0","0","N","0","0","0","2","68B03","2","","1.0","","1","N","N","","0","","0","0","0","","0","","","2","2","0","0","0","0","0","2","1","2","","","","N","","","","","","","","","",""
"2010101428","","1","0","0","0","0","0","0","0","0","99","0","","02","10","2010","2","40.653991","-79.724731","","11","0","0","0","0","0","0","0","0","","0","0","0","","","1","","0","","40 39:14.368","","0","79 43:29.032","4","0","0","0","2106","0","0","0","N","0","0","0","2","68D02","1","","1.0","","1","N","N","","0","","0","0","0","","0","","","1","1","0","0","0","0","0","2","0","1","","","","N","","","","","","","","","",""
"2010101429","","1","0","0","0","0","0","0","0","0","99","0","","02","10","2010","2","40.617054","-79.751903","","11","0","0","0","0","0","1","0","0","","0","0","0","","","0","","0","","40 37:01.395","","0","79 45:06.850","0","0","0","0","2202","0","0","0","N","0","0","0","3","68D02","0","","1.0","","9","N","N","","0","","0","0","0","","0","","","1","0","0","0","0","0","0","2","0","1","","","","N","","","","","","","","","",""
"2010101430","","1","0","0","0","0","0","0","0","0","1","0","","02","10","2010","3","40.504086","-79.860133","","11","0","0","0","0","0","0","0","0","","0","0","0","","","0","","0","","40 30:14.710","","0","79 51:36.480","0","0","0","0","2112","0","0","0","N","0","0","0","3","68D02","0","","1.0","","1","N","N","","1","","0","0","0","","0","","","2","0","0","0","0","0","0","2","0","2","","","","N","","","","","","","","","",""
"2010101598","","1","0","0","0","0","0","0","0","0","4","0","","02","10","2010","6","40.381041","-79.811733","","11","0","0","0","0","0","1","0","0","","0","0","0","","","1","","0","","40 22:51.747","","0","79 48:42.239","8","0","0","0","2424","0","0","0","N","0","0","0","2","02424","0","","1.0","","1","N","N","","0","","0","0","0","","0","","","2","1","0","0","0","1","0","2","1","2","","","","N","","","","","","","","","",""
"2010101610","","2","0","0","0","0","0","0","0","0","1","0","","02","10","2010","4","40.653898","-80.08229","","11","0","0","0","0","0","0","0","0","","0","0","0","","","0","","0","","40 39:14.033","","0","80 04:56.245","0","0","0","0","2212","0","0","0","N","0","0","0","3","02505","0","","1.0","","1","N","N","","1","","0","0","0","","0","","","3","0","0","0","0","0","0","2","0","3","","","","N","","","","","","","","","",""
"2010101624","","2","0","0","0","0","0","0","0","0","4","0","","02","10","2010","4","40.451677","-80.041923","","11","0","0","0","0","0","0","0","0","","0","0","0","","","0","","2","","40 27:06.037","","0","80 02:30.924","0","0","0","0","2301","0","0","0","N","0","0","0","2","02301","0","","1.0","","1","N","N","","0","","0","0","0","","0","","","2","0","0","0","0","0","0","2","0","2","","","","N","","","","","","","","","",""
"2010101629","","2","0","0","0","0","0","0","0","0","4","0","","02","10","2010","6","40.642542","-80.067338","","11","0","0","0","0","0","1","0","0","","0","0","0","","","0","","1","","40 38:33.152","","0","80 04:02.418","0","0","0","0","2216","0","0","0","N","0","0","0","3","02505","0","","1.0","","9","N","N","","0","","0","0","0","","2","","","2","0","0","0","0","0","0","2","0","2","","","","N","","","","","","","","","",""
"2010101637","","1","0","0","0","0","0","0","0","0","7","0","","02","10","2010","4","40.507111","-80.155457","","11","0","0","0","0","0","0","0","0","","0","0","0","","","0","","3","","40 30:25.601","","0","80 09:19.644","0","0","0","0","2420","0","0","0","N","0","0","0","1","02420","0","","4.0","","9","N","N","","0","","0","0","0","","0","","","1","0","0","0","0","0","0","2","0","1","","","","N","","","","","","","","","",""
"2010101643","","0","0","0","0","0","0","0","0","0","0","1","","02","10","2010","4","40.41575","-80.011109","","11","0","0","0","0","0","0","0","0","1","0","1","0","","","0","","0","","40 24:56.700","3","0","80 00:39.992","0","0","0","0","2301","0","0","0","N","0","0","0","4","02301","0","","1.0","","1","N","N","","0","","0","0","1","","0","N","","2","0","2","0","0","0","0","2","0","2","","","","N","","","","","","","","","",""
"2010101644","","2","0","0","0","0","0","0","0","0","1","0","","02","10","2010","2","40.530577","-80.009757","","11","0","0","0","0","0","0","1","1","1","0","0","0","","","0","","1","","40 31:50.078","1","0","80 00:35.126","0","0","0","0","2116","0","0","0","N","0","0","0","3","02116","0","","1.0","","1","N","N","","0","","0","0","1","","2","N","","3","0","0","0","0","0","0","2","0","3","","","","N","","","","","","","","","",""
"2010101656","","2","0","0","0","0","0","0","0","0","1","0","","02","10","2010","4","40.436154","-79.785065","","11","0","0","0","0","0","0","0","0","","0","0","0","","","1","","0","","40 26:10.153","","0","79 47:06.235","8","0","0","0","2446","0","0","0","N","0","0","0","2","02446","0","","1.0","","1","N","N","","0","","0","0","0","","0","","","2","1","1","0","0","1","0","2","0","2","","","","N","","","","","","","","","",""
"2010101661","","2","0","0","0","0","0","0","0","0","4","0","","02","10","2010","4","40.435534","-79.788095","","11","0","0","0","0","0","1","0","1","1","0","0","0","","","1","","0","","40 26:07.924","4","7","79 47:17.141","8","0","0","0","2446","0","0","0","N","0","0","0","3","02446","0","","1.0","","1","N","N","","0","","0","0","0","","0","N","","2","1","0","0","0","1","0","2","0","2","","","","N","","","","","","","","","",""
"2010101665","","1","0","0","0","0","0","0","0","0","7","0","","02","10","2010","3","40.344621","-79.884007","","11","0","0","0","0","0","0","0","0","1","0","0","0","","","0","","6","","40 20:40.634","1","3","79 53:02.424","0","0","0","0","2304","0","0","0","N","0","0","0","1","02304","0","","4.0","","1","N","N","","0","","0","0","0","","3","Y","","1","0","1","0","0","0","0","2","0","1","","","","N","","","","","","","","","",""
"2010101676","","1","0","0","0","0","0","0","0","0","4","0","","02","10","2010","4","40.441717","-80.239486","","11","0","0","0","0","1","1","0","0","","0","0","0","","","0","","1","","40 26:30.180","","0","80 14:22.150","0","0","0","0","2214","0","0","0","N","0","0","0","2","02214","0","","1.0","","1","N","N","","1","","0","0","0","","2","","","2","0","0","0","0","0","0","2","0","2","","","","N","","","","","","","","","",""
"2010101678","","1","0","0","0","0","0","0","0","0","4","0","","02","10","2010","4","40.615957","-80.093195","","11","0","0","0","0","0","1","0","0","","0","1","0","","","0","","1","","40 36:57.446","","0","80 05:35.502","0","0","0","0","2481","0","0","0","N","0","0","0","2","02481","0","","1.0","","1","N","N","","0","","0","0","0","","2","","","2","0","0","0","0","0","0","2","0","2","","","","N","","","","","","","","","",""
"2010101681","","0","0","0","0","0","0","0","0","0","1","0","","02","9","2010","2","40.489124","-79.851344","","11","0","0","0","0","0","1","0","0","1","0","0","0","","","2","","0","","40 29:20.845","1","0","79 51:04.839","3","0","0","0","2113","0","0","0","N","0","0","0","2","02113","0","","1.0","","1","N","N","","1","","1","0","1","","0","N","","2","2","2","0","0","1","0","2","0","2","","","","N","","","","","","","","","",""
"2010101685","","3","0","0","0","0","0","0","0","0","1","0","","02","10","2010","3","40.420951","-79.852137","","11","0","0","0","0","1","0","0","0","1","0","0","0","","","0","","0","","40 25:15.425","3","0","79 51:07.693","0","0","0","0","2431","0","0","0","N","0","0","0","3","02431","0","","1.0","","1","N","N","","0","","0","0","0","","0","N","","3","0","0","0","0","0","0","2","0","3","","","","N","","","","","","","","","",""
"2010101692","","2","0","0","0","0","0","0","0","0","4","0","","02","10","2010","4","40.459515","-80.017708","","11","0","0","0","1","0","0","0","0","","0","0","0","","","1","","1","","40 27:34.254","","0","80 01:03.748","4","0","0","0","2301","0","0","0","N","0","0","0","3","02301","1","","1.0","","1","N","N","","0","","0","0","0","","3","","","3","1","2","0","0","0","0","2","1","3","","","","N","","","","","","","","","",""
"2010101702","","1","0","0","0","0","0","0","0","0","4","0","","02","10","2010","5","40.552691","-80.116589","","11","0","0","0","0","0","0","0","0","","0","0","0","","","0","","1","","40 33:09.686","","2","80 06:59.722","0","0","0","0","2460","0","0","0","N","0","0","0","2","02215","0","","1.0","","1","N","N","","0","","0","0","1","","0","","","2","0","0","0","0","0","0","2","0","2","","","","N","","","","","","","","","",""