"CRN","ARRIVAL_TM","AUTOMOBILE_COUNT","BELTED_DEATH_COUNT","BELTED_SUSP_SERIOUS_INJ_COUNT","BICYCLE_COUNT","BICYCLE_DEATH_COUNT","BICYCLE_SUSP_SERIOUS_INJ_COUNT","BUS_COUNT","CHLDPAS_DEATH_COUNT","CHLDPAS_SUSP_SERIOUS_INJ_COUNT","COLLISION_TYPE","COMM_VEH_COUNT","CONS_ZONE_SPD_LIM","COUNTY","CRASH_MONTH","CRASH_YEAR","DAY_OF_WEEK","DEC_LATITUDE","DEC_LONGITUDE","DISPATCH_TM","DISTRICT","DRIVER_COUNT_16YR","DRIVER_COUNT_17YR","DRIVER_COUNT_18YR","DRIVER_COUNT_19YR","DRIVER_COUNT_20YR","DRIVER_COUNT_50_64YR","DRIVER_COUNT_65_74YR","DRIVER_COUNT_75PLUS","EST_HRS_CLOSED","FATAL_COUNT","HEAVY_TRUCK_COUNT","HORSE_BUGGY_COUNT","HOUR_OF_DAY","ILLUMINATION","INJURY_COUNT","INTERSECTION_RELATED","INTERSECT_TYPE","LANE_CLOSED","LATITUDE","LN_CLOSE_DIR","LOCATION_TYPE","LONGITUDE","MAX_SEVERITY_LEVEL","MCYCLE_DEATH_COUNT","MCYCLE_SUSP_SERIOUS_INJ_COUNT","MOTORCYCLE_COUNT","MUNICIPALITY","NONMOTR_COUNT","NONMOTR_DEATH_COUNT","NONMOTR_SUSP_SERIOUS_INJ_COUNT","NTFY_HIWY_MAINT","PED_COUNT","PED_DEATH_COUNT","PED_SUSP_SERIOUS_INJ_COUNT","PERSON_COUNT","POLICE_AGCY","POSSIBLE_INJ_COUNT","RDWY_SURF_TYPE_CD","RELATION_TO_ROAD","ROADWAY_CLEARED","ROAD_CONDITION","SCH_BUS_IND","SCH_ZONE_IND","SECONDARY_CRASH","SMALL_TRUCK_COUNT","SPEC_JURIS_CD","SUSP_MINOR_INJ_COUNT","SUSP_SERIOUS_INJ_COUNT","SUV_COUNT","TCD_FUNC_CD","TCD_TYPE","TFC_DETOUR_IND","TIME_OF_DAY","TOTAL_UNITS","TOT_INJ_COUNT","UNBELTED_OCC_COUNT","UNB_DEATH_COUNT","UNB_SUSP_SERIOUS_INJ_COUNT","UNK_INJ_DEG_COUNT","UNK_INJ_PER_COUNT","URBAN_RURAL","VAN_COUNT","VEHICLE_COUNT","WEATHER1","WEATHER2","WORKERS_PRES","WORK_ZONE_IND","WORK_ZONE_LOC","WORK_ZONE_TYPE","WZ_CLOSE_DETOUR","WZ_FLAGGER","WZ_LAW_OFFCR_IND","WZ_LN_CLOSURE","WZ_MOVING","WZ_OTHER","WZ_SHLDER_MDN","WZ_WORKERS_INJ_KILLED"
"2010101706","","1","0","0","0","0","0","0","0","0","4","0","","02","10","2010","4","40.510353","-80.094612","","11","0","0","0","0","0","0","0","0","","0","0","0","","","0","","0","","40 30:37.270","","0","80 05:40.602","0","0","0","0","2429","0","0","0","N","0","0","0","2","02215","0","","1.0","","1","N","N","","1","","0","0","0","","0","","","2","0","0","0","0","0","0","2","0","2","","","","N","","","","","","","","","",""
"2010101715","","1","0","0","0","0","0","0","0","0","1","0","","02","10","2010","3","40.217529","-79.842992","","11","0","0","0","0","0","0","0","0","","0","0","0","","","0","","0","","40 13:03.103","","2","79 50:34.772","0","0","0","0","2204","0","0","0","N","0","0","0","2","02204","0","","1.0","","1","N","N","","0","","0","0","0","","3","","","2","0","0","0","0","0","0","2","1","2","","","","N","","","","","","","","","",""
"2010101717","","1","0","0","0","0","0","0","0","0","5","0","","02","10","2010","4","40.420188","-79.99073","","11","0","0","0","0","0","1","0","0","","0","0","0","","","1","","0","","40 25:12.677","","0","79 59:26.627","3","0","0","0","2301","0","0","0","N","0","0","0","1","02301","0","","6.0","","1","N","N","","0","","1","0","1","","0","","","2","1","0","0","0","0","0","2","0","2","","","","N","","","","","","","","","",""
"2010101847","","0","0","0","0","0","0","0","0","0","7","1","","02","10","2010","4","40.426149","-80.294767","","11","0","0","0","0","0","0","0","0","3","0","1","0","","","1","","1","","40 25:34.136","7","2","80 17:41.162","3","0","0","0","2214","0","0","0","Y","0","0","0","1","68B03","0","","4.0","","1","N","N","","0","","1","0","0","","0","Y","","1","1","0","0","0","0","0","1","0","1","","","","N","","","","","","","","","",""
"2010101848","","0","0","0","0","0","0","0","0","0","99","0","","02","10","2010","2","40.508967","-80.04706","","11","0","0","0","0","0","1","0","0","","0","0","0","","","0","","0","","40 30:32.282","","0","80 02:49.417","0","0","0","0","2116","0","0","0","N","0","0","0","1","68B03","0","","1.0","","1","N","N","","1","","0","0","0","","0","","","1","0","0","0","0","0","0","2","0","1","","","","N","","","","","","","","","",""
"2010101912","","1","0","0","0","0","0","0","0","0","4","0","","02","10","2010","4","40.451178","-79.86831","","11","0","0","0","0","0","0","0","0","","0","0","0","","","1","","2","","40 27:04.242","","0","79 52:05.916","8","0","0","0","2301","0","0","0","N","0","0","0","5","02301","0","","1.0","","1","N","N","","0","","0","0","1","","3","","","2","1","0","0","0","1","0","2","0","2","","","","N","","","","","","","","","",""
"2010101923","","2","0","0","0","0","0","0","0","0","99","0","","02","10","2010","4","40.491325","-80.292117","","11","0","0","0","0","0","0","0","0","","0","0","0","","","0","","0","","40 29:28.770","","0","80 17:31.620","0","0","0","0","2203","0","0","0","N","0","0","0","3","02501","0","","1.0","","1","N","N","","0","","0","0","1","","0","","","3","0","0","0","0","0","0","2","0","3","","","","N","","","","","","","","","",""
"2010101929","","1","0","0","0","0","0","0","0","0","4","0","","02","10","2010","4","40.50729","-80.029771","","11","0","0","1","0","0","0","0","0","1","0","0","0","","","1","","0","","40 30:26.244","5","7","80 01:47.177","4","0","0","0","2116","0","0","0","N","0","0","0","2","02116","1","","1.0","","1","N","N","","0","","0","0","1","","2","Y","","2","1","1","0","0","0","0","2","0","2","","","","N","","","","","","","","","",""
"2010101935","","2","0","0","0","0","0","0","0","0","4","0","","02","10","2010","3","40.555492","-80.250344","","11","0","0","0","0","0","0","0","2","","0","0","0","","","0","","2","","40 33:19.770","","0","80 15:01.239","0","0","0","0","2103","0","0","0","N","0","0","0","2","02103","0","","1.0","","1","N","N","","0","","0","0","0","","3","","","2","0","0","0","0","0","0","2","0","2","","","","N","","","","","","","","","",""
"2010101937","","1","0","0","0","0","0","0","0","0","7","0","","02","10","2010","4","40.46558","-79.838913","","11","0","0","1","0","0","0","0","0","1","0","0","0","","","1","","0","","40 27:56.089","5","0","79 50:20.088","4","0","0","0","2113","0","0","0","N","0","0","0","1","02113","1","","5.0","","1","N","N","","0","","0","0","0","","0","Y","","1","1","0","0","0","0","0","2","0","1","","","","N","","","","","","","","","",""
"2010101943","","1","0","0","0","0","0","0","0","0","7","0","","02","10","2010","3","40.65792","-79.99326","","11","0","0","0","0","0","0","0","0","2","0","0","0","","","0","","0","","40 39:28.513","3","0","79 59:35.736","0","0","0","0","2216","0","0","0","N","0","0","0","1","02505","0","","5.0","","9","N","N","","0","","0","0","0","","0","N","","1","0","0","0","0","0","0","1","0","1","","","","N","","","","","","","","","",""
"2010101956","","0","0","0","0","0","0","0","0","0","7","0","","02","10","2010","5","40.399586","-80.020707","","11","0","0","0","0","0","0","0","0","","0","0","0","","","1","","0","","40 23:58.509","","0","80 01:14.545","4","0","0","0","2301","0","0","0","N","0","0","0","1","02301","1","","5.0","","1","N","N","","0","","0","0","1","","0","","","1","1","0","0","0","0","0","2","0","1","","","","N","","","","","","","","","",""
"2010101960","","0","0","0","0","0","0","0","0","0","7","0","","02","10","2010","2","40.562291","-79.966375","","11","0","0","0","0","0","0","0","0","2","0","0","0","","","0","","0","","40 33:44.249","1","0","79 57:58.950","0","0","0","0","2207","0","0","0","Y","0","0","0","1","02207","0","","5.0","","9","N","N","","1","","0","0","0","","0","N","","1","0","0","0","0","0","0","2","0","1","","","","N","","","","","","","","","",""
"2010101973","","2","0","0","0","0","0","0","0","0","1","0","","02","10","2010","4","40.446621","-79.893602","","11","0","0","0","0","0","1","1","0","2","0","0","0","","","2","","2","","40 26:47.835","3","0","79 53:36.967","3","0","0","0","2301","0","0","0","","0","0","0","4","02301","1","","1.0","","1","N","N","","0","","1","0","0","","3","N","","2","2","0","0","0","0","0","2","0","2","","","","N","","","","","","","","","",""
"2010101974","","1","0","0","0","0","0","0","0","0","4","0","","02","10","2010","4","40.363246","-80.085504","","11","0","0","0","0","0","0","1","0","1","0","0","0","","","0","","0","","40 21:47.685","1","0","80 05:07.814","0","0","0","0","2117","0","0","0","N","0","0","0","2","02117","0","","1.0","","1","N","N","","0","","0","0","0","","0","N","","2","0","0","0","0","0","0","2","1","2","","","","N","","","","","","","","","",""
"2010101975","","1","0","0","0","0","0","0","0","0","8","0","","02","10","2010","5","40.427694","-79.985858","","11","0","0","0","0","0","0","0","0","","0","0","0","","","1","","2","","40 25:39.698","","0","79 59:09.088","4","0","0","0","2301","1","0","0","N","1","0","0","2","02301","1","","1.0","","1","N","N","","0","","0","0","0","","0","","","2","1","0","0","0","0","0","2","0","1","","","","N","","","","","","","","","",""
"2010101976","","2","0","0","0","0","0","0","0","0","1","0","","02","10","2010","6","40.415553","-79.966594","","11","0","0","0","0","0","0","0","0","","0","0","0","","","0","","0","","40 24:55.990","","0","79 57:59.738","9","0","0","0","2301","0","0","0","N","0","0","0","2","02301","0","","1.0","","1","N","N","","0","","0","0","1","","0","","","3","0","0","0","0","0","2","2","0","3","","","","N","","","","","","","","","",""
"2010101977","","1","0","0","0","0","0","0","0","0","1","1","","02","10","2010","7","40.228529","-79.855042","","11","0","0","0","0","0","0","0","1","","0","1","0","","","0","","1","","40 13:42.706","","0","79 51:18.150","0","0","0","0","2204","0","0","0","N","0","0","0","2","02204","0","","1.0","","1","N","N","","0","","0","0","0","","3","","","2","0","0","0","0","0","0","2","0","2","","","","N","","","","","","","","","",""
"2010101985","","1","0","0","0","0","0","0","0","0","2","0","","02","10","2010","7","40.436837","-79.998483","","11","0","0","0","0","0","2","0","0","1","0","0","0","","","2","","0","","40 26:12.612","6","0","79 59:54.537","8","0","0","0","2303","0","0","0","N","0","0","0","3","02303","0","","1.0","","1","N","N","","0","","0","0","1","","0","N","","2","2","0","0","0","2","0","2","0","2","","","","N","","","","","","","","","",""
"2010102001","","2","0","0","0","0","0","0","0","0","4","0","","02","10","2010","5","40.464978","-79.942836","","11","0","0","0","0","0","0","0","0","","0","0","0","","","0","","2","","40 27:53.920","","0","79 56:34.209","0","0","0","0","2301","0","0","0","N","0","0","0","2","02301","0","","1.0","","1","N","N","","0","","0","0","0","","3","","","2","0","0","0","0","0","0","2","0","2","","","","N","","","","","","","","","",""
"2010102004","","2","0","0","0","0","0","0","0","0","2","0","","02","10","2010","4","40.415417","-79.876818","","11","0","1","0","0","0","0","0","0","","0","0","0","","","0","","1","","40 24:55.501","","0","79 52:36.544","0","0","0","0","2463","0","0","0","N","0","0","0","2","02463","0","","1.0","","1","N","N","","0","","0","0","0","","2","","","2","0","0","0","0","0","0","2","0","2","","","","N","","","","","","","","","",""
"2010102005","","2","0","0","0","0","0","0","0","0","5","0","","02","10","2010","5","40.423383","-79.870513","","11","0","0","0","0","0","0","0","1","","0","0","0","","","0","","0","","40 25:24.178","","0","79 52:13.846","0","0","0","0","2411","0","0","0","N","0","0","0","1","02411","0","","1.0","","1","N","N","","0","","0","0","0","","0","","","2","0","0","0","0","0","0","2","0","2","","","","N","","","","","","","","","",""
"2010102013","","0","0","0","0","0","0","0","0","0","4","0","","02","10","2010","5","40.454175","-79.996854","","11","0","0","0","0","0","1","0","0","","0","0","0","","","0","","1","","40 27:15.029","","0","79 59:48.676","0","0","0","0","2301","0","0","0","N","0","0","0","3","02301","0","","1.0","","1","N","N","","0","","0","0","1","","2","","","2","0","0","0","0","0","0","2","1","2","","","","N","","","","","","","","","",""
"2010102037","","2","0","0","0","0","0","0","0","0","1","0","","02","10","2010","5","40.425799","-80.019809","","11","0","0","0","0","0","0","0","0","","0","0","0","","","1","","1","","40 25:32.876","","0","80 01:11.311","4","0","0","0","2301","0","0","0","N","0","0","0","4","02301","1","","1.0","","1","N","N","","0","","0","0","1","","2","","","3","1","0","0","0","0","0","2","0","3","","","","N","","","","","","","","","",""
"2010102046","","0","0","0","0","0","0","0","0","0","1","0","","02","10","2010","4","40.433959","-79.869057","","11","0","0","0","0","0","0","1","0","1","0","0","0","","","1","","0","","40 26:02.251","4","0","79 52:08.606","4","0","0","0","2478","0","0","0","N","0","0","0","2","68B03","1","","1.0","","1","N","N","","0","","0","0","1","","0","N","","2","1","0","0","0","0","0","2","1","2","","","","N","","","","","","","","","",""
"2010102047","","3","0","0","0","0","0","0","0","0","1","0","","02","10","2010","4","40.465843","-80.195961","","11","0","0","0","0","0","0","0","0","","0","0","0","","","2","","7","","40 27:57.035","","0","80 11:45.461","4","0","0","0","2213","0","0","0","N","0","0","0","3","68B03","2","","1.0","","1","N","N","","0","","0","0","0","","0","","","3","2","0","0","0","0","0","2","0","3","","","","N","","","","","","","","","",""
"2010102110","","1","0","0","0","0","0","0","0","0","7","0","","02","10","2010","1","40.383388","-79.89487","","11","0","0","0","0","0","0","0","0","","0","0","0","","","0","","0","","40 23:00.196","","0","79 53:41.532","0","0","0","0","2448","0","0","0","N","0","0","0","1","02448","0","","5.0","","98","N","N","","0","","0","0","0","","0","","","1","0","0","0","0","0","0","2","0","1","","","","N","","","","","","","","","",""
"2010102113","","0","0","0","0","0","0","0","0","0","7","0","","02","10","2010","4","40.36054","-79.982054","","11","0","0","0","0","0","1","0","0","","0","0","0","","","0","","0","","40 21:37.945","","7","79 58:55.395","0","0","0","0","2454","0","0","0","N","0","0","0","3","02454","0","","5.0","","1","N","N","","0","","0","0","1","","0","","","1","0","0","0","0","0","0","2","0","1","","","","N","","","","","","","","","",""
"2010102121","","1","0","0","0","0","0","0","0","0","1","0","","02","10","2010","4","40.444431","-79.954831","","11","0","0","0","0","0","0","0","0","2","0","0","0","","","1","","1","","40 26:39.951","3","0","79 57:17.391","4","0","0","0","2301","0","0","0","N","0","0","0","2","02301","1","","1.0","","1","N","N","","1","","0","0","0","","2","N","","2","1","1","0","0","0","0","2","0","2","","","","N","","","","","","","","","",""
"2010102129","","1","0","0","0","0","0","0","0","0","0","0","","02","10","2010","5","40.388106","-80.0213","","11","0","0","0","0","0","1","0","0","","0","0","0","","","1","","2","","40 23:17.181","","0","80 01:16.680","4","0","0","1","2301","0","0","0","N","0","0","0","3","02301","1","","1.0","","1","N","N","","0","","0","0","0","","0","","","2","1","0","0","0","0","0","2","0","2","","","","N","","","","","","","","","",""
"2010102132","","0","0","0","0","0","0","0","0","0","4","0","","02","10","2010","5","40.667634","-79.716306","","11","0","0","0","0","0","0","0","0","","0","0","0","","","3","","1","","40 40:03.482","","0","79 42:58.701","3","0","0","0","2106","0","0","0","N","0","0","0","3","02106","1","","1.0","","1","N","N","","2","","2","0","0","","0","","","2","3","0","0","0","0","0","1","0","2","","","","N","","","","","","","","","",""
"2010102174","","1","0","0","0","0","0","0","0","0","1","0","","02","10","2010","5","40.266626","-79.850319","","11","0","0","0","0","0","0","0","0","","0","0","0","","","1","","2","","40 15:59.853","","0","79 51:01.149","8","0","0","0","2105","0","0","0","N","0","0","0","3","02105","0","","1.0","","1","N","N","","0","","0","0","1","","0","","","2","1","0","0","0","1","0","2","0","2","","","","N","","","","","","","","","",""
"2010102176","","2","0","0","0","0","0","0","0","0","1","0","","02","10","2010","5","40.516311","-80.161239","","11","0","0","0","0","0","1","0","0","","0","0","0","","","0","","1","","40 30:58.718","","0","80 09:40.461","0","0","0","0","2420","0","0","0","N","0","0","0","2","02420","0","","1.0","","1","N","N","","0","","0","0","0","","2","","","2","0","1","0","0","0","0","2","0","2","","","","N","","","","","","","","","",""
"2010102187","","2","0","0","0","0","0","0","0","0","2","0","","02","10","2010","5","40.447425","-79.942471","","11","0","0","0","0","0","0","0","0","2","0","0","0","","","1","","1","","40 26:50.730","6","0","79 56:32.895","4","0","0","0","2301","0","0","0","N","0","0","0","2","02301","1","","1.0","","1","N","N","","0","","0","0","0","","2","N","","2","1","0","0","0","0","0","2","0","2","","","","N","","","","","","","","","",""
"2010102191","","1","0","0","0","0","0","0","0","0","1","0","","02","10","2010","5","40.430959","-79.998076","","11","0","0","0","0","0","0","0","0","1","0","0","0","","","0","","0","","40 25:51.453","5","3","79 59:53.072","0","0","0","0","2301","0","0","0","N","0","0","0","3","02301","0","","1.0","","1","N","N","","0","","0","0","1","","0","N","","2","0","0","0","0","0","0","2","0","2","","","","N","","","","","","","","","",""
"2010102197","","2","0","0","0","0","0","0","0","0","4","0","","02","10","2010","5","40.470295","-80.220373","","11","0","0","0","0","0","0","0","1","2","0","0","0","","","1","","5","","40 28:13.061","6","0","80 13:13.344","4","0","0","0","2203","0","0","0","N","0","0","0","3","02203","1","","1.0","","1","N","N","","0","","0","0","0","","2","N","","2","1","0","0","0","0","0","2","0","2","","","","N","","","","","","","","","",""
"2010102198","","1","0","0","0","0","0","0","0","0","7","0","","02","10","2010","5","40.355883","-79.979773","","11","0","0","0","0","0","0","0","0","1","0","0","0","","","0","","0","","40 21:21.178","1","0","79 58:47.183","0","0","0","0","2476","0","0","0","N","0","0","0","1","02476","0","","5.0","","1","N","N","","0","","0","0","0","","0","N","","1","0","1","0","0","0","0","2","0","1","","","","N","","","","","","","","","",""
"2010102208","","1","0","0","0","0","0","0","0","0","4","0","","02","10","2010","3","40.454368","-79.947672","","11","0","0","0","0","0","1","1","0","","0","0","0","","","0","","1","","40 27:15.724","","0","79 56:51.620","0","0","0","0","2301","0","0","0","N","0","0","0","2","02301","0","","1.0","","1","N","N","","0","","0","0","1","","2","","","2","0","0","0","0","0","0","2","0","2","","","","N","","","","","","","","","",""
"2010102236","","1","0","0","0","0","0","0","0","0","1","0","45","02","9","2010","7","40.420444","-80.092933","","11","0","0","0","0","0","0","0","1","2","0","0","0","","","1","","0","","40 25:13.600","3","0","80 05:34.558","4","0","0","0","2457","0","0","0","N","0","0","0","4","68B03","1","","1.0","","1","N","N","","2","","0","0","0","","0","N","","3","1","0","0","0","0","0","2","0","3","","","Y","Y","2","1","N","N","Y","Y","N","N","N",""
"2010102237","","2","0","0","0","0","0","0","0","0","1","0","","02","10","2010","3","40.449429","-80.024913","","11","0","0","0","0","0","0","0","0","","0","0","0","","","0","","0","","40 26:57.944","","0","80 01:29.687","0","0","0","0","2301","0","0","0","N","0","0","0","2","68B03","0","","1.0","","1","N","N","","0","","0","0","0","","0","","","2","0","0","0","0","0","0","2","0","2","","","","N","","","","","","","","","",""
"2010102238","","2","0","0","0","0","0","0","0","0","1","0","","02","10","2010","3","40.510489","-80.04923","","11","0","0","0","0","0","0","0","0","","0","0","0","","","0","","0","","40 30:37.762","","0","80 02:57.228","0","0","0","0","2116","0","0","0","N","0","0","0","2","68B03","0","","1.0","","1","N","N","","0","","0","0","0","","0","","","2","0","0","0","0","0","0","2","0","2","","","","N","","","","","","","","","",""
"2010102239","","1","0","0","0","0","0","0","0","0","1","0","","02","10","2010","4","40.608822","-80.094799","","11","0","0","0","0","0","0","0","0","","0","0","0","","","0","","0","","40 36:31.758","","0","80 05:41.276","0","0","0","0","2481","0","0","0","N","0","0","0","3","68B03","0","","1.0","","1","N","N","","0","","0","0","2","","0","","","3","0","0","0","0","0","0","2","0","3","","","","N","","","","","","","","","",""
"2010102362","","0","0","0","0","0","0","0","0","0","7","0","","02","10","2010","5","40.325709","-79.888983","","11","0","0","0","0","0","1","0","0","","0","0","0","","","0","","0","","40 19:32.554","","0","79 53:20.340","0","0","0","0","2433","0","0","0","N","0","0","0","1","02433","0","","2.0","","1","N","N","","1","","0","0","0","","0","","","1","0","0","0","0","0","0","2","0","1","","","","N","","","","","","","","","",""
"2010102373","","0","0","0","0","0","0","0","0","0","4","0","","02","10","2010","4","40.543929","-80.192773","","11","0","0","0","0","0","1","0","0","1","0","0","0","","","1","","0","","40 32:38.143","2","7","80 11:33.984","8","0","0","0","2427","0","0","0","N","0","0","0","3","02427","0","","1.0","","9","N","N","","0","","0","0","1","","2","N","","2","1","0","0","0","1","0","2","1","2","","","","N","","","","","","","","","",""
"2010102409","","0","0","0","0","0","0","0","0","0","0","0","","02","10","2010","6","40.55622","-80.035483","","11","0","0","0","0","1","0","0","0","3","0","0","0","","","1","","0","","40 33:22.391","6","0","80 02:07.737","4","0","0","0","2108","0","0","0","Y","0","0","0","1","02108","1","","1.0","","1","N","N","","0","","0","0","1","","0","Y","","1","1","1","0","0","0","0","2","0","1","","","","N","","","","","","","","","",""
"2010102410","","1","0","0","0","0","0","0","0","0","6","0","","02","10","2010","6","40.613501","-80.054647","","11","0","0","0","0","0","0","0","0","","0","0","0","","","0","","2","","40 36:48.603","","0","80 03:16.729","0","0","0","0","2108","0","0","0","N","0","0","0","5","02108","0","","1.0","","1","N","N","","0","","0","0","1","","0","","","2","0","1","0","0","0","0","2","0","2","","","","N","","","","","","","","","",""
"2010102411","","1","0","0","0","0","0","0","0","0","4","0","","02","10","2010","3","40.558072","-80.016145","","11","0","0","0","0","0","2","0","0","1","0","0","0","","","2","","2","","40 33:29.058","5","0","80 00:58.123","3","0","0","0","2108","0","0","0","N","0","0","0","2","02108","0","","1.0","","1","N","N","","0","","2","0","1","","3","Y","","2","2","0","0","0","0","0","2","0","2","","","","N","","","","","","","","","",""
"2010102559","","1","0","0","0","0","0","0","0","0","4","0","","02","10","2010","3","40.382588","-79.810436","","11","0","0","1","0","0","0","0","0","1","0","0","0","","","0","","2","","40 22:57.316","1","0","79 48:37.569","0","0","0","0","2424","0","0","0","N","0","0","0","2","02424","0","","1.0","","1","N","N","","0","","0","0","1","","0","N","","2","0","0","0","0","0","0","2","0","2","","","","N","","","","","","","","","",""
"2010102562","","0","0","0","0","0","0","0","0","0","1","0","30","02","10","2010","6","40.467805","-79.977315","","11","0","0","0","0","0","1","1","0","1","0","0","0","","","0","","0","","40 28:04.098","2","0","79 58:38.333","0","0","0","0","2301","0","0","0","N","0","0","0","2","02301","0","","1.0","","1","N","N","","1","","0","0","0","","0","Y","","2","0","2","0","0","0","0","2","1","2","","","Y","Y","2","1","","","Y","","","","Y",""
"2010102573","","2","0","0","0","0","0","0","0","0","4","0","","02","10","2010","3","40.65096","-80.118527","","11","0","0","0","0","0","0","0","0","","0","0","0","","","0","","1","","40 39:03.456","","0","80 07:06.697","0","0","0","0","2212","0","0","0","N","0","0","0","4","02505","0","","1.0","","1","N","N","","0","","0","0","0","","0","","","2","0","0","0","0","0","0","1","0","2","","","","N","","","","","","","","","",""
"2010102574","","0","0","0","0","0","0","0","0","0","4","0","","02","10","2010","3","40.453611","-79.978802","","11","0","0","0","0","0","0","0","0","","0","0","0","","","0","","0","","40 27:12.999","","0","79 58:43.687","0","0","0","0","2301","0","0","0","N","0","0","0","2","02301","0","","1.0","","1","N","N","","0","","0","0","2","","0","","","2","0","0","0","0","0","0","2","0","2","","","","N","","","","","","","","","",""
"2010102579","","1","0","0","0","0","0","0","0","0","1","0","","02","10","2010","4","40.657763","-80.090242","","11","0","0","0","0","0","1","0","0","2","0","0","0","","","0","","0","","40 39:27.945","1","0","80 05:24.871","0","0","0","0","2212","0","0","0","N","0","0","0","2","02505","0","","1.0","","1","N","N","","0","","0","0","1","","0","N","","2","0","0","0","0","0","0","2","0","2","","","","N","","","","","","","","","",""
"2010102581","","1","0","0","0","0","0","0","0","0","4","0","","02","10","2010","5","40.379122","-80.151029","","11","0","0","0","0","0","0","1","0","","0","0","0","","","1","","3","","40 22:44.838","","0","80 09:03.705","4","0","0","0","2119","0","0","0","N","0","0","0","2","02119","1","","1.0","","1","N","N","","0","","0","0","1","","3","","","2","1","0","0","0","0","0","1","0","2","","","","N","","","","","","","","","",""
"2010102586","","1","0","0","0","0","0","0","0","0","4","0","","02","10","2010","5","40.5034","-80.025118","","11","0","0","0","0","0","2","0","0","2","0","0","0","","","2","","1","","40 30:12.241","2","0","80 01:30.426","4","0","0","0","2116","0","0","0","N","0","0","0","2","02116","2","","1.0","","1","N","N","","0","","0","0","1","","2","N","","2","2","0","0","0","0","0","2","0","2","","","","N","","","","","","","","","",""
"2010102589","","0","0","0","0","0","0","0","0","0","8","0","","02","10","2010","6","40.466162","-79.952248","","11","0","0","0","0","0","0","0","0","","0","0","0","","","1","","1","","40 27:58.183","","0","79 57:08.092","3","0","0","0","2301","1","0","0","N","1","0","0","2","02301","0","","1.0","","1","N","N","","0","","1","0","0","","2","","","2","1","0","0","0","0","1","2","0","1","","","","N","","","","","","","","","",""
"2010102590","","2","0","0","0","0","0","0","0","0","4","0","","02","10","2010","1","40.454076","-79.996814","","11","0","0","0","0","0","0","0","0","1","0","0","0","","","0","","1","","40 27:14.672","1","0","79 59:48.532","0","0","0","0","2301","0","0","0","N","0","0","0","2","02301","0","","1.0","","1","N","N","","0","","0","0","0","","2","N","","2","0","0","0","0","0","0","2","0","2","","","","N","","","","","","","","","",""
"2010102592","","2","0","0","0","0","0","0","0","0","5","0","","02","10","2010","6","40.432765","-80.028215","","11","0","0","0","0","0","1","0","0","","0","0","0","","","0","","2","","40 25:57.954","","0","80 01:41.575","0","0","0","0","2301","0","0","0","N","0","0","0","2","02301","0","","1.0","","1","N","N","","0","","0","0","0","","4","","","2","0","0","0","0","0","0","2","0","2","","","","N","","","","","","","","","",""
"2010102593","","1","0","0","0","0","0","0","0","0","1","0","","02","10","2010","6","40.385001","-79.862741","","11","0","0","0","0","0","2","0","0","","0","0","0","","","1","","1","","40 23:06.005","","0","79 51:45.866","4","0","0","0","2303","0","0","0","N","0","0","0","2","02303","1","","1.0","","1","N","N","","0","","0","0","1","","2","","","2","1","0","0","0","0","0","2","0","2","","","","N","","","","","","","","","",""
"2010102594","","1","0","0","0","0","0","0","0","0","7","0","","02","10","2010","5","40.605526","-79.947104","","11","0","0","0","0","0","0","0","0","1","0","0","0","","","1","","2","","40 36:19.892","1","0","79 56:49.575","4","0","0","0","2207","0","0","0","N","0","0","0","1","02207","1","","5.0","","1","N","N","","0","","0","0","0","","2","N","","1","1","0","0","0","0","0","2","0","1","","","","N","","","","","","","","","",""
"2010102595","","0","0","0","0","0","0","0","0","0","4","0","","02","10","2010","6","40.451142","-79.868211","","11","0","0","0","0","0","1","0","0","","0","0","0","","","0","","2","","40 27:04.112","","0","79 52:05.558","0","0","0","0","2301","0","0","0","N","0","0","0","3","02301","0","","1.0","","1","N","N","","1","","0","0","1","","3","","","2","0","0","0","0","0","0","2","0","2","","","","N","","","","","","","","","",""
"2010102602","","1","0","0","0","0","0","0","0","0","1","0","","02","10","2010","5","40.460262","-79.969139","","11","0","0","0","0","0","0","0","0","","0","0","0","","","0","","0","","40 27:36.943","","0","79 58:08.900","0","0","0","0","2301","0","0","0","N","0","0","0","2","02301","0","","1.0","","1","N","N","","1","","0","0","0","","0","","","2","0","0","0","0","0","0","2","0","2","","","","N","","","","","","","","","",""
"2010102605","","1","0","0","0","0","0","0","0","0","4","0","","02","10","2010","5","40.460619","-79.989097","","11","0","0","0","0","0","2","0","0","3","0","0","0","","","0","","0","","40 27:38.228","6","0","79 59:20.749","0","0","0","0","2301","0","0","0","N","0","0","0","2","02301","0","","1.0","","1","N","N","","0","","0","0","0","","0","Y","","2","0","0","0","0","0","0","2","0","2","","","","N","","","","","","","","","",""
"2010102620","","1","0","0","0","0","0","0","0","0","4","0","","02","10","2010","6","40.459193","-79.970767","","11","0","0","0","0","0","0","0","0","","0","0","0","","","0","","1","","40 27:33.094","","0","79 58:14.761","0","0","0","0","2301","0","0","0","N","0","0","0","3","02301","0","","1.0","","1","N","N","","0","","0","0","1","","2","","","2","0","0","0","0","0","0","2","0","2","","","","N","","","","","","","","","",""