"CRN","ARRIVAL_TM","AUTOMOBILE_COUNT","BELTED_DEATH_COUNT","BELTED_SUSP_SERIOUS_INJ_COUNT","BICYCLE_COUNT","BICYCLE_DEATH_COUNT","BICYCLE_SUSP_SERIOUS_INJ_COUNT","BUS_COUNT","CHLDPAS_DEATH_COUNT","CHLDPAS_SUSP_SERIOUS_INJ_COUNT","COLLISION_TYPE","COMM_VEH_COUNT","CONS_ZONE_SPD_LIM","COUNTY","CRASH_MONTH","CRASH_YEAR","DAY_OF_WEEK","DEC_LATITUDE","DEC_LONGITUDE","DISPATCH_TM","DISTRICT","DRIVER_COUNT_16YR","DRIVER_COUNT_17YR","DRIVER_COUNT_18YR","DRIVER_COUNT_19YR","DRIVER_COUNT_20YR","DRIVER_COUNT_50_64YR","DRIVER_COUNT_65_74YR","DRIVER_COUNT_75PLUS","EST_HRS_CLOSED","FATAL_COUNT","HEAVY_TRUCK_COUNT","HORSE_BUGGY_COUNT","HOUR_OF_DAY","ILLUMINATION","INJURY_COUNT","INTERSECTION_RELATED","INTERSECT_TYPE","LANE_CLOSED","LATITUDE","LN_CLOSE_DIR","LOCATION_TYPE","LONGITUDE","MAX_SEVERITY_LEVEL","MCYCLE_DEATH_COUNT","MCYCLE_SUSP_SERIOUS_INJ_COUNT","MOTORCYCLE_COUNT","MUNICIPALITY","NONMOTR_COUNT","NONMOTR_DEATH_COUNT","NONMOTR_SUSP_SERIOUS_INJ_COUNT","NTFY_HIWY_MAINT","PED_COUNT","PED_DEATH_COUNT","PED_SUSP_SERIOUS_INJ_COUNT","PERSON_COUNT","POLICE_AGCY","POSSIBLE_INJ_COUNT","RDWY_SURF_TYPE_CD","RELATION_TO_ROAD","ROADWAY_CLEARED","ROAD_CONDITION","SCH_BUS_IND","SCH_ZONE_IND","SECONDARY_CRASH","SMALL_TRUCK_COUNT","SPEC_JURIS_CD","SUSP_MINOR_INJ_COUNT","SUSP_SERIOUS_INJ_COUNT","SUV_COUNT","TCD_FUNC_CD","TCD_TYPE","TFC_DETOUR_IND","TIME_OF_DAY","TOTAL_UNITS","TOT_INJ_COUNT","UNBELTED_OCC_COUNT","UNB_DEATH_COUNT","UNB_SUSP_SERIOUS_INJ_COUNT","UNK_INJ_DEG_COUNT","UNK_INJ_PER_COUNT","URBAN_RURAL","VAN_COUNT","VEHICLE_COUNT","WEATHER1","WEATHER2","WORKERS_PRES","WORK_ZONE_IND","WORK_ZONE_LOC","WORK_ZONE_TYPE","WZ_CLOSE_DETOUR","WZ_FLAGGER","WZ_LAW_OFFCR_IND","WZ_LN_CLOSURE","WZ_MOVING","WZ_OTHER","WZ_SHLDER_MDN","WZ_WORKERS_INJ_KILLED"
"2010107474","","1","0","0","0","0","0","0","0","0","1","0","","02","11","2010","4","40.458656","-79.919199","","11","0","0","0","0","0","1","0","0","","0","0","0","","","0","","0","","40 27:31.162","","0","79 55:09.118","0","0","0","0","2301","0","0","0","N","0","0","0","2","02301","0","","1.0","","1","N","N","","1","","0","0","0","","2","","","2","0","0","0","0","0","0","2","0","2","","","","N","","","","","","","","","",""
"2010107475","","1","0","0","0","0","0","0","0","0","2","0","90","02","11","2010","4","40.46061","-79.919164","","11","0","0","0","0","0","0","0","1","","0","0","0","","","0","","0","","40 27:38.196","","0","79 55:08.990","0","0","0","0","2301","0","0","0","N","0","0","0","1","02301","0","","1.0","","1","N","N","","0","","0","0","0","","0","","","2","0","0","0","0","0","0","2","0","2","","","N","Y","2","1","","","N","","","","",""
"2010107481","","1","0","0","0","0","0","0","0","0","7","0","","02","10","2010","7","40.658726","-79.883281","","11","0","0","1","0","0","0","0","0","6","0","0","0","","","0","","0","","40 39:31.414","6","0","79 52:59.813","0","0","0","0","2220","0","0","0","N","0","0","0","1","02220","0","","2.0","","1","N","N","","0","","0","0","0","","0","Y","","1","0","0","0","0","0","0","1","0","1","","","","N","","","","","","","","","",""
"2010107506","","1","0","0","0","0","0","0","0","0","7","0","","02","10","2010","6","40.391122","-79.775816","","11","0","0","0","0","0","0","1","0","1","0","0","0","","","1","","2","","40 23:28.040","5","0","79 46:32.936","2","0","0","0","2470","0","0","0","N","0","0","0","1","02424","0","","2.0","","1","N","N","","0","","0","1","0","","0","N","","1","1","1","0","1","0","0","2","0","1","","","","N","","","","","","","","","",""
"2010107510","","2","0","0","0","0","0","0","0","0","2","0","","02","11","2010","3","40.480261","-79.835372","","11","0","0","0","0","0","0","0","0","2","0","0","0","","","2","","2","","40 28:48.941","6","0","79 50:07.338","3","0","0","0","2113","0","0","0","N","0","0","0","2","02113","1","","1.0","","1","N","N","","0","","1","0","0","","0","Y","","2","2","0","0","0","0","0","2","0","2","","","","N","","","","","","","","","",""
"2010107517","","1","0","0","0","0","0","0","0","0","4","0","","02","11","2010","4","40.455243","-79.977991","","11","0","0","0","0","0","0","0","0","","0","0","0","","","0","","0","","40 27:18.874","","0","79 58:40.767","0","0","0","0","2301","0","0","0","N","0","0","0","1","02301","0","","1.0","","1","N","N","","1","","0","0","0","","0","","","2","0","0","0","0","0","0","2","0","2","","","","N","","","","","","","","","",""
"2010107533","","2","0","0","0","0","0","0","0","0","4","0","","02","10","2010","6","40.458876","-80.17216","","11","0","1","0","0","0","0","0","0","","0","0","0","","","0","","1","","40 27:31.955","","0","80 10:19.776","0","0","0","0","2213","0","0","0","N","0","0","0","2","02213","0","","1.0","","1","N","N","","0","","0","0","0","","2","","","2","0","0","0","0","0","0","2","0","2","","","","N","","","","","","","","","",""
"2010107534","","2","0","0","0","0","0","0","0","0","1","0","","02","10","2010","2","40.518093","-80.219321","","11","0","0","0","0","1","0","0","0","","0","0","0","","","0","","2","","40 31:05.136","","0","80 13:09.555","9","0","0","0","2213","0","0","0","N","0","0","0","4","02213","0","","1.0","","9","N","N","","0","","0","0","0","","0","","","2","0","2","0","0","0","2","2","0","2","","","","N","","","","","","","","","",""
"2010107535","","3","0","0","0","0","0","0","0","0","1","0","35","02","10","2010","6","40.475084","-80.199685","","11","0","0","0","1","0","1","0","0","","0","0","0","","","1","","6","","40 28:30.303","","2","80 11:58.865","4","0","0","0","2213","0","0","0","N","0","0","0","3","02213","1","","7.0","","1","N","N","","0","","0","0","0","","3","","","3","1","0","0","0","0","0","2","0","3","","","Y","Y","4","1","N","N","N","Y","Y","N","Y",""
"2010107536","","1","0","0","0","0","0","0","0","0","1","0","","02","10","2010","7","","","","11","0","0","0","0","0","1","0","0","","0","0","0","","","1","","0","","","","0","","8","0","0","0","2213","0","0","0","N","0","0","0","2","02213","0","","1.0","","1","N","N","","1","","0","0","0","","0","","","2","1","0","0","0","1","0","1","0","2","","","","N","","","","","","","","","",""
"2010107537","","2","0","0","0","0","0","0","0","0","4","0","","02","11","2010","2","40.501996","-80.204806","","11","0","1","0","0","0","0","0","0","2","0","0","0","","","2","","1","","40 30:07.184","7","0","80 12:17.303","4","0","0","0","2213","0","0","0","N","0","0","0","2","02213","2","","1.0","","1","N","N","","0","","0","0","0","","2","N","","2","2","1","0","0","0","0","2","0","2","","","","N","","","","","","","","","",""
"2010107538","","2","0","0","0","0","0","0","0","0","1","0","","02","11","2010","2","40.34058","-80.041809","","11","0","0","0","0","0","0","0","0","1","0","0","0","","","0","","2","","40 20:26.088","3","0","80 02:30.512","0","0","0","0","2407","0","0","0","N","0","0","0","3","02407","0","","1.0","","1","N","N","","1","","0","0","0","","3","Y","","3","0","0","0","0","0","0","2","0","3","","","","N","","","","","","","","","",""
"2010107539","","1","0","0","0","0","0","0","0","0","4","0","","02","11","2010","2","40.355356","-80.114196","","11","0","0","0","0","0","1","0","0","","0","0","0","","","2","","1","","40 21:19.280","","0","80 06:51.106","4","0","0","0","2414","0","0","0","N","0","0","0","4","02414","1","","1.0","","1","N","N","","1","","0","0","0","","2","","","2","2","1","0","0","1","0","2","0","2","","","","N","","","","","","","","","",""
"2010107650","","1","0","0","0","0","0","0","0","0","8","0","","02","11","2010","4","40.415821","-79.974195","","11","0","0","0","0","0","0","0","0","","0","0","0","","","1","","2","","40 24:56.955","","0","79 58:27.102","4","0","0","0","2301","1","0","0","N","1","0","0","2","02301","1","","1.0","","1","N","N","","0","","0","0","0","","3","","","2","1","0","0","0","0","0","2","0","1","","","","N","","","","","","","","","",""
"2010107651","","0","0","0","0","0","0","0","0","0","1","0","55","02","10","2010","7","40.416736","-80.057836","","11","0","1","1","0","0","0","0","0","2","0","0","0","","","3","","0","","40 25:00.248","2","0","80 03:28.208","4","0","0","0","2435","0","0","0","N","0","0","0","7","68B03","3","","1.0","","1","N","N","","2","","0","0","0","","0","N","","2","3","2","0","0","0","0","2","0","2","","","Y","Y","2","1","N","N","Y","Y","N","N","N",""
"2010107652","","2","0","0","0","0","0","0","0","0","1","0","","02","10","2010","7","40.43191","-80.024567","","11","0","0","0","0","0","0","0","0","","0","0","0","","","0","","0","","40 25:54.876","","0","80 01:28.440","0","0","0","0","2301","0","0","0","N","0","0","0","6","68B03","0","","1.0","","1","N","N","","0","","0","0","0","","7","","","2","0","0","0","0","0","0","2","0","2","","","","N","","","","","","","","","",""
"2010107653","","1","0","0","0","0","0","0","0","0","1","0","55","02","10","2010","4","40.428585","-79.935233","","11","0","0","0","0","0","1","0","0","1","0","0","0","","","0","","0","","40 25:42.907","3","0","79 56:06.839","0","0","0","0","2301","0","0","0","Y","0","0","0","2","68B03","0","","1.0","","1","N","N","","0","","0","0","1","","0","N","","2","0","0","0","0","0","0","2","0","2","","","Y","Y","3","2","N","N","Y","Y","N","N","N",""
"2010107654","","1","0","0","0","0","0","0","0","0","7","0","","02","11","2010","2","40.438676","-79.862361","","11","0","0","0","0","0","0","0","0","","0","0","0","","","0","","0","","40 26:19.233","","0","79 51:44.499","0","0","0","0","2419","0","0","0","N","0","0","0","2","68B03","0","","2.0","","1","N","N","","0","","0","0","0","","0","","","1","0","0","0","0","0","0","2","0","1","","","","N","","","","","","","","","",""
"2010107747","","0","0","0","0","0","0","0","0","0","5","0","","02","11","2010","4","40.429286","-79.999241","","11","0","0","0","0","0","0","0","0","","0","0","0","","","0","","10","","40 25:45.428","","4","79 59:57.266","0","0","0","0","2301","0","0","0","N","0","0","0","3","02301","0","","1.0","","1","N","N","","0","","0","0","2","","0","","","2","0","0","0","0","0","0","2","0","2","","","","N","","","","","","","","","",""
"2010107749","","1","0","0","0","0","0","0","0","0","2","0","","02","11","2010","4","40.476181","-80.011556","","11","0","0","0","0","0","0","0","0","1","0","0","0","","","1","","2","","40 28:34.251","1","0","80 00:41.601","3","0","0","0","2301","0","0","0","N","0","0","0","2","02301","0","","1.0","","1","N","N","","1","","1","0","0","","3","Y","","2","1","1","0","0","0","0","2","0","2","","","","N","","","","","","","","","",""
"2010107754","","1","0","0","0","0","0","0","0","0","4","0","","02","11","2010","2","40.435412","-80.143928","","11","0","0","0","0","0","2","0","0","","0","0","0","","","1","","1","","40 26:07.484","","0","80 08:38.141","4","0","0","0","2115","0","0","0","N","0","0","0","2","02115","1","","1.0","","1","N","N","","1","","0","0","0","","2","","","2","1","0","0","0","0","0","2","0","2","","","","N","","","","","","","","","",""
"2010107759","","1","0","0","0","0","0","0","0","0","4","0","","02","11","2010","4","40.42906","-80.040116","","11","0","0","0","0","1","0","0","0","","0","0","0","","","1","","2","","40 25:44.617","","0","80 02:24.416","8","0","0","0","2301","0","0","0","N","0","0","0","3","02301","0","","1.0","","1","N","N","","0","","0","0","1","","3","","","2","1","1","0","0","1","0","2","0","2","","","","N","","","","","","","","","",""
"2010107763","","1","0","0","0","0","0","0","0","0","2","0","","02","11","2010","4","40.410135","-80.082507","","11","0","0","0","0","0","0","0","0","","0","0","0","","","2","","1","","40 24:36.487","","0","80 04:57.026","3","0","0","0","2415","0","0","0","N","0","0","0","4","02415","1","","1.0","","1","N","N","","0","","1","0","1","","2","","","2","2","3","0","0","0","0","2","0","2","","","","N","","","","","","","","","",""
"2010107768","","1","0","0","0","0","0","0","0","0","1","0","","02","11","2010","4","40.321639","-79.942479","","11","0","0","0","0","0","0","0","1","1","0","0","0","","","2","","0","","40 19:17.899","2","0","79 56:32.926","8","0","0","0","2454","0","0","0","N","0","0","0","3","02454","0","","1.0","","1","N","N","","1","","0","0","1","","0","N","","3","2","0","0","0","2","0","2","0","3","","","","N","","","","","","","","","",""
"2010107771","","2","0","0","0","0","0","0","0","0","5","0","","02","11","2010","4","40.428343","-79.973261","","11","0","0","0","0","0","1","0","0","","0","0","0","","","0","","0","","40 25:42.033","","0","79 58:23.740","0","0","0","0","2301","0","0","0","N","0","0","0","3","02301","0","","6.0","","1","N","N","","0","","0","0","0","","0","","","2","0","0","0","0","0","0","2","0","2","","","","N","","","","","","","","","",""
"2010107774","","1","0","0","0","0","0","0","0","0","7","0","","02","11","2010","4","40.506805","-79.776161","","11","0","1","0","0","0","0","0","0","1","0","0","0","","","0","","0","","40 30:24.497","2","0","79 46:34.180","0","0","0","0","2466","0","0","0","N","0","0","0","2","02466","0","","2.0","","1","N","N","","0","","0","0","0","","0","N","","1","0","2","0","0","0","0","2","0","1","","","","N","","","","","","","","","",""
"2010107781","","2","0","0","0","0","0","0","0","0","1","0","","02","11","2010","4","40.432987","-80.191271","","11","0","0","1","0","0","0","1","0","2","0","0","0","","","1","","2","","40 25:58.753","5","0","80 11:28.577","4","0","0","0","2214","0","0","0","N","0","0","0","2","02214","1","","1.0","","1","N","N","","0","","0","0","0","","0","N","","2","1","0","0","0","0","0","1","0","2","","","","N","","","","","","","","","",""
"2010107929","","1","0","0","0","0","0","0","0","0","7","0","35","02","10","2010","5","40.490604","-79.951368","","11","0","0","0","0","0","0","0","0","2","0","0","0","","","0","","7","","40 29:26.176","3","2","79 57:04.924","0","0","0","0","2118","0","0","0","Y","0","0","0","1","02118","0","","1.0","","1","N","N","","0","","0","0","0","","0","N","","1","0","0","0","0","0","0","2","0","1","","","N","Y","4","1","","","N","","","","",""
"2010107943","","1","0","0","0","0","0","0","0","0","6","0","","02","11","2010","4","40.439888","-80.221713","","11","0","0","0","0","0","1","0","0","","0","0","0","","","0","","0","","40 26:23.595","","0","80 13:18.165","0","0","0","0","2214","0","0","0","N","0","0","0","2","02214","0","","1.0","","1","N","N","","0","","0","0","0","","0","","","2","0","0","0","0","0","0","2","1","2","","","","N","","","","","","","","","",""
"2010107950","","2","0","0","0","0","0","0","0","0","1","0","","02","11","2010","5","40.486524","-79.837318","","11","0","0","0","0","0","0","0","0","","0","0","0","","","1","","1","","40 29:11.486","","0","79 50:14.344","8","0","0","0","2113","0","0","0","N","0","0","0","2","02113","0","","1.0","","9","N","N","","0","","0","0","0","","2","","","2","1","0","0","0","1","0","2","0","2","","","","N","","","","","","","","","",""
"2010107955","","1","0","0","0","0","0","0","0","0","1","0","","02","10","2010","5","40.51846","-79.83495","","11","0","0","0","0","1","0","0","0","","0","0","0","","","0","","0","","40 31:06.456","","0","79 50:05.820","0","0","0","0","2451","0","0","0","N","0","0","0","2","02451","0","","1.0","","1","N","N","","0","","0","0","1","","0","","","2","0","0","0","0","0","0","2","0","2","","","","N","","","","","","","","","",""
"2010107980","","2","0","0","0","0","0","0","0","0","4","0","","02","11","2010","5","40.318803","-79.899198","","11","0","0","0","0","0","1","0","0","2","0","0","0","","","1","","0","","40 19:07.689","5","0","79 53:57.113","4","0","0","0","2440","0","0","0","Y","0","0","0","2","02440","1","","1.0","","9","N","N","","0","","0","0","0","","0","Y","","2","1","1","0","0","0","0","2","0","2","","","","N","","","","","","","","","",""
"2010107984","","2","0","0","0","0","0","0","0","0","4","0","","02","11","2010","5","40.43778","-79.972856","","11","0","0","0","0","1","0","0","0","","0","0","0","","","0","","1","","40 26:16.008","","0","79 58:22.281","0","0","0","0","2301","0","0","0","N","0","0","0","2","02301","0","","1.0","","1","N","N","","0","","0","0","0","","2","","","2","0","0","0","0","0","0","2","0","2","","","","N","","","","","","","","","",""
"2010108012","","1","0","0","0","0","0","0","0","0","8","0","","02","11","2010","5","40.443114","-79.98105","","11","0","0","0","0","0","1","0","0","1","0","0","0","","","1","","0","","40 26:35.210","3","0","79 58:51.780","8","0","0","0","2301","1","0","0","N","1","0","0","2","02301","0","","1.0","","1","N","N","","0","","0","0","0","","0","Y","","2","1","0","0","0","1","0","2","0","1","","","","N","","","","","","","","","",""
"2010108066","","1","0","0","0","0","0","0","0","0","4","0","","02","11","2010","5","40.445916","-80.174344","","11","0","0","0","0","0","0","0","0","","0","0","0","","","0","","2","","40 26:45.299","","0","80 10:27.640","0","0","0","0","2214","0","0","0","Y","0","0","0","2","02214","0","","1.0","","9","N","N","","0","","0","0","1","","3","","","2","0","0","0","0","0","0","2","0","2","","","","N","","","","","","","","","",""
"2010108070","","1","0","0","0","0","0","0","0","0","4","0","","02","11","2010","5","40.450672","-80.023482","","11","0","0","0","0","1","0","0","0","1","0","0","0","","","0","","1","","40 27:02.419","4","0","80 01:24.535","0","0","0","0","2301","0","0","0","N","0","0","0","2","02301","0","","1.0","","9","N","N","","0","","0","0","1","","2","N","","2","0","0","0","0","0","0","2","0","2","","","","N","","","","","","","","","",""
"2010108072","","2","0","0","0","0","0","0","0","0","1","0","","02","11","2010","5","40.436088","-79.995977","","11","0","0","0","0","0","0","0","0","","0","0","0","","","1","","0","","40 26:09.916","","0","79 59:45.518","4","0","0","0","2301","0","0","0","N","0","0","0","2","02301","1","","1.0","","9","N","N","","0","","0","0","0","","2","","","2","1","0","0","0","0","0","2","0","2","","","","N","","","","","","","","","",""
"2010108086","","0","0","0","0","0","0","0","0","0","8","0","","02","11","2010","5","40.458318","-79.918711","","11","0","0","0","0","0","0","1","0","","0","0","0","","","1","","0","","40 27:29.944","","7","79 55:07.358","4","0","0","0","2301","1","0","0","N","1","0","0","3","02301","1","","1.0","","9","N","N","","0","","0","0","0","","0","","","2","1","2","0","0","0","0","2","1","1","","","","N","","","","","","","","","",""
"2010108092","","1","0","0","0","0","0","0","0","0","1","0","","02","11","2010","5","40.447898","-80.026172","","11","0","0","0","0","0","1","0","0","1","0","0","0","","","1","","6","","40 26:52.431","3","2","80 01:34.219","8","0","0","0","2301","0","0","0","N","0","0","0","2","02301","0","","1.0","","9","N","N","","0","","0","0","1","","4","Y","","2","1","0","0","0","1","0","2","0","2","","","","N","","","","","","","","","",""
"2010108100","","3","0","0","0","0","0","0","0","0","5","0","","02","10","2010","4","40.43608","-80.000527","","11","0","0","0","0","0","1","0","0","2","0","0","0","","","0","","7","","40 26:09.888","3","2","80 00:01.898","0","0","0","0","2301","0","0","0","N","0","0","0","4","68B03","0","","1.0","","1","N","N","","1","","0","0","0","","0","N","","4","0","0","0","0","0","0","2","0","4","","","","N","","","","","","","","","",""
"2010108101","","1","0","0","0","0","0","0","0","0","7","0","","02","11","2010","3","40.465705","-79.865401","","11","0","0","0","0","0","0","0","0","","0","0","0","","","0","","2","","40 27:56.539","","0","79 51:55.443","9","0","0","0","2113","0","0","0","N","0","0","0","1","02113","0","","5.0","","1","N","N","","0","","0","0","0","","0","","","1","0","0","0","0","0","1","2","0","1","","","","N","","","","","","","","","",""
"2010108107","","2","0","0","0","0","0","0","0","0","2","0","","02","11","2010","5","40.611807","-79.90264","","11","0","0","0","0","0","0","1","0","2","0","0","0","","","0","","0","","40 36:42.505","5","0","79 54:09.505","0","0","0","0","2220","0","0","0","N","0","0","0","2","02220","0","","1.0","","9","N","N","","0","","0","0","0","","0","Y","","2","0","0","0","0","0","0","2","0","2","","","","N","","","","","","","","","",""
"2010108110","","3","0","0","0","0","0","0","0","0","1","0","","02","11","2010","5","40.619056","-80.084258","","11","0","1","0","0","0","1","0","0","","0","0","0","","","0","","0","","40 37:08.600","","7","80 05:03.329","0","0","0","0","2212","0","0","0","N","0","0","0","3","02505","0","","1.0","","9","N","N","","0","","0","0","0","","0","","","3","0","0","0","0","0","0","2","0","3","","","","N","","","","","","","","","",""
"2010108113","","1","0","0","0","0","0","0","0","0","1","0","","02","11","2010","5","40.456474","-80.043178","","11","0","0","0","0","0","0","0","0","1","0","0","0","","","0","","1","","40 27:23.305","1","4","80 02:35.442","0","0","0","0","2301","0","0","0","N","0","0","0","2","02301","0","","1.0","","9","N","N","","1","","0","0","0","","0","N","","2","0","0","0","0","0","0","2","0","2","","","","N","","","","","","","","","",""
"2010108118","","2","0","0","0","0","0","0","0","0","1","0","","02","11","2010","5","40.453118","-79.919465","","11","0","0","0","0","0","1","1","0","","0","0","0","","","2","","0","","40 27:11.224","","0","79 55:10.074","4","0","0","0","2301","0","0","0","N","0","0","0","4","02301","2","","1.0","","9","N","N","","1","","0","0","0","","0","","","3","2","1","0","0","0","0","2","0","3","","","","N","","","","","","","","","",""
"2010108120","","1","0","0","0","0","0","0","0","0","1","0","","02","11","2010","5","40.453809","-79.9543","","11","0","0","0","0","0","0","0","0","","0","0","0","","","0","","2","","40 27:13.712","","0","79 57:15.480","0","0","0","0","2301","0","0","0","N","0","0","0","2","02301","0","","1.0","","9","N","N","","0","","0","0","1","","2","","","2","0","0","0","0","0","0","2","0","2","","","","N","","","","","","","","","",""
"2010108126","","1","0","0","0","0","0","0","0","0","7","0","","02","11","2010","4","40.539694","-80.240597","","11","0","0","0","0","0","0","0","0","2","0","0","0","","","0","","0","","40 32:22.900","6","0","80 14:26.150","0","0","0","0","2213","0","0","0","N","0","0","0","1","02213","0","","2.0","","1","N","N","","0","","0","0","0","","0","Y","","1","0","0","0","0","0","0","2","0","1","","","","N","","","","","","","","","",""
"2010108175","","1","0","0","0","0","0","0","0","0","1","0","","02","10","2010","6","40.448744","-80.166991","","11","0","0","0","0","1","0","0","0","","0","0","0","","","0","","6","","40 26:55.478","","2","80 10:01.168","0","0","0","0","2115","0","0","0","N","0","0","0","2","68B03","0","","1.0","","1","N","N","","1","","0","0","0","","4","","","2","0","0","0","0","0","0","2","0","2","","","","N","","","","","","","","","",""
"2010108182","","1","0","0","0","0","0","0","0","0","1","0","","02","10","2010","3","40.495787","-79.868983","","11","0","0","0","0","0","1","0","0","","0","0","0","","","0","","0","","40 29:44.834","","0","79 52:08.337","0","0","0","0","2112","0","0","0","N","0","0","0","2","68D02","0","","1.0","","1","N","N","","1","","0","0","0","","0","","","2","0","0","0","0","0","0","2","0","2","","","","N","","","","","","","","","",""
"2010108235","","2","0","0","0","0","0","0","0","0","4","0","","02","11","2010","3","40.368219","-80.103286","","11","0","0","0","0","0","0","0","1","","0","0","0","","","0","","0","","40 22:05.588","","7","80 06:11.830","0","0","0","0","2102","0","0","0","N","0","0","0","2","02102","0","","1.0","","1","N","N","","0","","0","0","0","","2","","","2","0","0","0","0","0","0","2","0","2","","","","N","","","","","","","","","",""
"2010108237","","2","0","0","0","0","0","0","0","0","4","0","","02","11","2010","5","40.453945","-79.979862","","11","0","0","0","0","0","0","0","0","","0","0","0","","","0","","1","","40 27:14.202","","0","79 58:47.503","0","0","0","0","2301","0","0","0","N","0","0","0","3","02301","0","","1.0","","9","N","N","","0","","0","0","1","","3","","","3","0","0","0","0","0","0","2","0","3","","","","N","","","","","","","","","",""
"2010108247","","1","0","0","0","0","0","0","0","0","99","0","","02","11","2010","5","40.474215","-79.90821","","11","0","0","0","0","0","0","0","0","","0","0","0","","","0","","2","","40 28:27.175","","0","79 54:29.557","0","0","0","0","2301","0","0","0","N","0","0","0","1","02301","0","","1.0","","9","N","N","","0","","0","0","0","","2","","","1","0","0","0","0","0","0","2","0","1","","","","N","","","","","","","","","",""
"2010108255","","2","0","0","0","0","0","0","0","0","1","0","","02","11","2010","5","40.615681","-80.094185","","11","0","0","0","1","0","0","0","0","2","0","0","0","","","0","","1","","40 36:56.450","3","8","80 05:39.065","0","0","0","0","2481","0","0","0","N","0","0","0","3","02481","0","","1.0","","1","N","N","","0","","0","0","0","","2","N","","2","0","0","0","0","0","0","2","0","2","","","","N","","","","","","","","","",""
"2010108265","","2","0","0","0","0","0","0","0","0","5","0","","02","11","2010","5","40.461539","-79.922185","","11","0","0","0","0","0","1","0","0","","0","0","0","","","0","","1","","40 27:41.539","","0","79 55:19.866","0","0","0","0","2301","0","0","0","N","0","0","0","2","02301","0","","1.0","","9","N","N","","0","","0","0","0","","0","","","2","0","0","0","0","0","0","2","0","2","","","","N","","","","","","","","","",""
"2010108266","","0","0","0","0","0","0","0","0","0","7","0","","02","11","2010","5","40.525908","-79.769195","","11","0","0","0","0","0","0","0","0","","0","0","0","","","1","","0","","40 31:33.268","","0","79 46:09.102","8","0","0","0","2466","0","0","0","N","0","0","0","1","02466","0","","5.0","","9","N","N","","0","","0","0","1","","0","","","1","1","0","0","0","1","0","2","0","1","","","","N","","","","","","","","","",""
"2010108270","","2","0","0","0","0","0","1","0","0","5","1","","02","11","2010","5","40.416644","-80.045011","","11","0","0","0","0","0","0","0","0","1","0","0","0","","","0","","2","","40 24:59.920","4","0","80 02:42.039","0","0","0","0","2435","0","0","0","N","0","0","0","10","02503","0","","1.0","","9","N","N","","0","","0","0","0","","0","N","","3","0","2","0","0","0","0","2","0","3","","","","N","","","","","","","","","",""
"2010108272","","2","0","0","0","0","0","0","0","0","1","0","","02","11","2010","5","40.435126","-79.956406","","11","0","0","0","0","0","1","0","0","","0","0","0","","","3","","1","","40 26:06.452","","0","79 57:23.060","8","0","0","0","2301","0","0","0","N","0","0","0","3","02301","0","","1.0","","9","N","N","","0","","0","0","0","","2","","","2","3","0","0","0","3","0","2","0","2","","","","N","","","","","","","","","",""
"2010108275","","1","0","0","0","0","0","0","0","0","4","0","","02","11","2010","5","40.460001","-79.758712","","11","0","0","0","0","0","1","0","0","1","0","0","0","","","1","","2","","40 27:36.002","3","0","79 45:31.362","3","0","0","0","2466","0","0","0","N","0","0","0","2","02466","0","","1.0","","9","N","N","","0","","1","0","1","","0","N","","2","1","0","0","0","0","0","2","0","2","","","","N","","","","","","","","","",""
"2010108277","","2","0","0","0","0","0","0","0","0","4","0","","02","11","2010","5","40.374842","-80.094736","","11","0","0","0","0","0","0","0","1","","0","0","0","","","1","","2","","40 22:29.431","","1","80 05:41.049","4","0","0","0","2117","0","0","0","N","0","0","0","2","02117","1","","1.0","","9","N","N","","0","","0","0","0","","0","","","2","1","0","0","0","0","0","2","0","2","","","","N","","","","","","","","","",""
"2010108279","","1","0","0","0","0","0","0","0","0","6","0","","02","11","2010","5","40.437839","-79.998873","","11","0","0","0","0","0","0","0","0","1","0","0","0","","","0","","1","","40 26:16.220","7","0","79 59:55.942","0","0","0","0","2301","0","0","0","N","0","0","0","3","02301","0","","1.0","","9","N","N","","0","","0","0","1","","3","N","","2","0","0","0","0","0","0","2","0","2","","","","N","","","","","","","","","",""
"2010108283","","1","0","0","0","0","0","0","0","0","7","0","","02","11","2010","5","40.374775","-80.094667","","11","0","0","0","0","1","0","0","0","","0","0","0","","","0","","0","","40 22:29.190","","0","80 05:40.800","0","0","0","0","2117","0","0","0","N","0","0","0","1","02117","0","","4.0","","9","N","N","","0","","0","0","0","","0","","","1","0","0","0","0","0","0","2","0","1","","","","N","","","","","","","","","",""
"2010108288","","2","0","0","0","0","0","0","0","0","4","0","","02","1","2010","2","40.539843","-80.046599","","11","0","1","0","0","0","1","0","0","2","0","0","0","","","0","","0","","40 32:23.434","3","0","80 02:47.758","0","0","0","0","2116","0","0","0","N","0","0","0","3","02116","0","","1.0","","9","N","N","","0","","0","0","0","","0","N","","2","0","0","0","0","0","0","2","0","2","","","","N","","","","","","","","","",""
"2010108290","","2","0","0","0","0","0","0","0","0","2","0","","02","11","2010","5","40.374842","-80.094736","","11","0","0","0","0","0","1","0","0","","0","0","0","","","0","","2","","40 22:29.431","","0","80 05:41.049","0","0","0","0","2117","0","0","0","N","0","0","0","2","02117","0","","1.0","","9","N","N","","0","","0","0","0","","0","","","2","0","0","0","0","0","0","2","0","2","","","","N","","","","","","","","","",""