"CRN","ARRIVAL_TM","AUTOMOBILE_COUNT","BELTED_DEATH_COUNT","BELTED_SUSP_SERIOUS_INJ_COUNT","BICYCLE_COUNT","BICYCLE_DEATH_COUNT","BICYCLE_SUSP_SERIOUS_INJ_COUNT","BUS_COUNT","CHLDPAS_DEATH_COUNT","CHLDPAS_SUSP_SERIOUS_INJ_COUNT","COLLISION_TYPE","COMM_VEH_COUNT","CONS_ZONE_SPD_LIM","COUNTY","CRASH_MONTH","CRASH_YEAR","DAY_OF_WEEK","DEC_LATITUDE","DEC_LONGITUDE","DISPATCH_TM","DISTRICT","DRIVER_COUNT_16YR","DRIVER_COUNT_17YR","DRIVER_COUNT_18YR","DRIVER_COUNT_19YR","DRIVER_COUNT_20YR","DRIVER_COUNT_50_64YR","DRIVER_COUNT_65_74YR","DRIVER_COUNT_75PLUS","EST_HRS_CLOSED","FATAL_COUNT","HEAVY_TRUCK_COUNT","HORSE_BUGGY_COUNT","HOUR_OF_DAY","ILLUMINATION","INJURY_COUNT","INTERSECTION_RELATED","INTERSECT_TYPE","LANE_CLOSED","LATITUDE","LN_CLOSE_DIR","LOCATION_TYPE","LONGITUDE","MAX_SEVERITY_LEVEL","MCYCLE_DEATH_COUNT","MCYCLE_SUSP_SERIOUS_INJ_COUNT","MOTORCYCLE_COUNT","MUNICIPALITY","NONMOTR_COUNT","NONMOTR_DEATH_COUNT","NONMOTR_SUSP_SERIOUS_INJ_COUNT","NTFY_HIWY_MAINT","PED_COUNT","PED_DEATH_COUNT","PED_SUSP_SERIOUS_INJ_COUNT","PERSON_COUNT","POLICE_AGCY","POSSIBLE_INJ_COUNT","RDWY_SURF_TYPE_CD","RELATION_TO_ROAD","ROADWAY_CLEARED","ROAD_CONDITION","SCH_BUS_IND","SCH_ZONE_IND","SECONDARY_CRASH","SMALL_TRUCK_COUNT","SPEC_JURIS_CD","SUSP_MINOR_INJ_COUNT","SUSP_SERIOUS_INJ_COUNT","SUV_COUNT","TCD_FUNC_CD","TCD_TYPE","TFC_DETOUR_IND","TIME_OF_DAY","TOTAL_UNITS","TOT_INJ_COUNT","UNBELTED_OCC_COUNT","UNB_DEATH_COUNT","UNB_SUSP_SERIOUS_INJ_COUNT","UNK_INJ_DEG_COUNT","UNK_INJ_PER_COUNT","URBAN_RURAL","VAN_COUNT","VEHICLE_COUNT","WEATHER1","WEATHER2","WORKERS_PRES","WORK_ZONE_IND","WORK_ZONE_LOC","WORK_ZONE_TYPE","WZ_CLOSE_DETOUR","WZ_FLAGGER","WZ_LAW_OFFCR_IND","WZ_LN_CLOSURE","WZ_MOVING","WZ_OTHER","WZ_SHLDER_MDN","WZ_WORKERS_INJ_KILLED"
"2010108292","","1","0","0","0","0","0","0","0","0","7","0","","02","10","2010","7","40.599687","-80.118822","","11","0","0","0","0","0","1","0","0","2","0","0","0","","","1","","0","","40 35:58.873","4","0","80 07:07.758","8","0","0","0","2481","0","0","0","N","0","0","0","1","02481","0","","5.0","","1","N","N","","0","","0","0","0","","0","Y","","1","1","0","0","0","1","0","1","0","1","","","","N","","","","","","","","","",""
"2010108310","","3","0","0","0","0","0","0","0","0","4","0","","02","10","2010","1","40.465534","-79.935385","","11","0","0","0","0","0","0","0","0","","0","0","0","","","0","","0","","40 27:55.922","","0","79 56:07.386","0","0","0","0","2301","0","0","0","N","0","0","0","1","02301","0","","4.0","","1","N","N","","0","","0","0","0","","0","","","3","0","0","0","0","0","0","2","0","3","","","","N","","","","","","","","","",""
"2010108312","","1","0","0","0","0","0","0","0","0","5","0","","02","10","2010","1","40.394353","-79.986448","","11","0","0","0","0","0","0","0","0","1","0","0","0","","","0","","0","","40 23:39.672","1","0","79 59:11.214","0","0","0","0","2413","0","0","0","N","0","0","0","0","02413","0","","6.0","","1","N","N","","1","","0","0","0","","0","N","","2","0","0","0","0","0","0","2","0","2","","","","N","","","","","","","","","",""
"2010108313","","1","0","0","0","0","0","0","0","0","4","0","","02","11","2010","6","40.513615","-79.945579","","11","0","0","0","0","0","0","0","0","","0","0","0","","","1","","0","","40 30:49.015","","0","79 56:44.085","4","0","0","0","2118","0","0","0","N","0","0","0","2","02118","1","","5.0","","1","N","N","","0","","0","0","1","","0","","","2","1","0","0","0","0","0","2","0","2","","","","N","","","","","","","","","",""
"2010108316","","1","0","0","0","0","0","0","0","0","7","0","","02","11","2010","5","40.49609","-79.781753","","11","1","0","0","0","0","0","0","0","","0","0","0","","","1","","0","","40 29:45.924","","0","79 46:54.312","4","0","0","0","2466","0","0","0","N","0","0","0","3","02466","1","","5.0","","9","N","N","","0","","0","0","0","","0","","","1","1","3","0","0","0","0","2","0","1","","","","N","","","","","","","","","",""
"2010108319","","1","0","0","0","0","0","0","0","0","5","0","","02","11","2010","3","40.532381","-79.7138","","11","0","0","0","0","0","0","0","1","","0","0","0","","","0","","0","","40 31:56.573","","0","79 42:49.679","0","0","0","0","2466","0","0","0","N","0","0","0","2","02466","0","","1.0","","1","N","N","","0","","0","0","1","","0","","","2","0","0","0","0","0","0","1","0","2","","","","N","","","","","","","","","",""
"2010108411","","2","0","0","0","0","0","0","0","0","1","0","","02","11","2010","5","40.384124","-80.052913","","11","0","0","0","0","0","2","0","0","","0","0","0","","","1","","2","","40 23:02.848","","0","80 03:10.487","8","0","0","0","2109","0","0","0","N","0","0","0","3","02109","0","","1.0","","9","N","N","","0","","0","0","1","","0","","","3","1","0","0","0","1","0","2","0","3","","","","N","","","","","","","","","",""
"2010108422","","2","0","0","0","0","0","0","0","0","1","0","","02","11","2010","5","40.52779","-79.769953","","11","0","0","0","0","0","0","0","0","","0","0","0","","","0","","0","","40 31:40.044","","0","79 46:11.830","0","0","0","0","2466","0","0","0","N","0","0","0","2","02466","0","","1.0","","9","N","N","","0","","0","0","0","","0","","","2","0","0","0","0","0","0","2","0","2","","","","N","","","","","","","","","",""
"2010108425","","0","0","0","0","0","0","0","0","0","7","0","","02","11","2010","6","40.446898","-79.989136","","11","0","0","0","0","0","0","0","1","9","1","0","0","","","2","","0","","40 26:48.831","7","0","79 59:20.889","1","0","0","0","2301","0","0","0","N","0","0","0","3","02301","0","2","5.0","","9","Y","N","","1","0","2","0","0","","0","Y","","2","2","1","1","0","0","0","2","1","2","","","","N","","","","","","","","","",""
"2010108426","","1","0","0","0","0","0","0","0","0","4","0","","02","11","2010","5","40.482854","-80.036514","","11","0","0","0","0","0","0","0","1","2","0","0","0","","","0","","1","","40 28:58.274","2","0","80 02:11.450","0","0","0","0","2301","0","0","0","N","0","0","0","3","02301","0","","1.0","","9","N","N","","0","","0","0","0","","3","N","","2","0","0","0","0","0","0","2","1","2","","","","N","","","","","","","","","",""
"2010108429","","1","0","0","0","0","0","0","0","0","4","0","","02","11","2010","6","40.366931","-79.890349","","11","0","0","0","0","0","1","0","0","","0","0","0","","","0","","2","","40 22:00.953","","0","79 53:25.255","0","0","0","0","2473","0","0","0","N","0","0","0","3","02473","0","","1.0","","9","N","N","","0","","0","0","1","","3","","","2","0","0","0","0","0","0","2","0","2","","","","N","","","","","","","","","",""
"2010108432","","1","0","0","0","0","0","0","0","0","7","0","","02","11","2010","5","40.348251","-79.945946","","11","0","0","0","0","0","0","0","0","1","0","0","0","","","2","","0","","40 20:53.704","4","0","79 56:45.405","4","0","0","0","2473","0","0","0","Y","0","0","0","2","02473","2","","3.0","","9","N","N","","0","","0","0","0","","0","N","","1","2","0","0","0","0","0","2","0","1","","","","N","","","","","","","","","",""
"2010108438","","0","0","0","0","0","0","0","0","0","7","0","","02","11","2010","4","40.249689","-79.891617","","11","0","0","0","0","0","0","0","0","2","0","0","0","","","0","","0","","40 14:58.881","2","0","79 53:29.821","0","0","0","0","2204","0","0","0","N","0","0","0","5","02204","0","","2.0","","1","N","N","","0","","0","0","0","","0","N","","1","0","2","0","0","0","0","1","1","1","","","","N","","","","","","","","","",""
"2010108442","","2","0","0","0","0","0","0","0","0","4","0","","02","11","2010","6","40.347008","-79.864094","","11","0","0","0","0","0","1","0","1","1","0","0","0","","","2","","1","","40 20:49.229","2","0","79 51:50.737","4","0","0","0","2304","0","0","0","N","0","0","0","3","02304","2","","1.0","","9","N","N","","0","","0","0","0","","2","N","","2","2","0","0","0","0","0","2","0","2","","","","N","","","","","","","","","",""
"2010108449","","1","0","0","0","0","0","0","0","0","1","0","","02","11","2010","6","40.356058","-79.899436","","11","0","0","0","0","0","1","0","0","1","0","0","0","","","1","","3","","40 21:21.810","4","0","79 53:57.969","4","0","0","0","2423","0","0","0","N","0","0","0","3","02304","1","","1.0","","9","N","N","","0","","0","0","0","","2","N","","2","1","0","0","0","0","0","2","1","2","","","","N","","","","","","","","","",""
"2010108453","","0","0","0","0","0","0","0","0","0","8","1","","02","11","2010","6","40.351601","-79.86509","","11","0","0","0","0","0","1","0","0","1","0","0","0","","","1","","1","","40 21:05.762","4","0","79 51:54.325","8","0","0","0","2304","1","0","0","N","1","0","0","2","02304","0","","1.0","","1","Y","N","","0","","0","0","0","","2","N","","2","1","0","0","0","1","0","2","1","1","","","","N","","","","","","","","","",""
"2010108454","","0","0","0","0","0","0","0","0","0","7","0","","02","11","2010","5","40.654488","-80.01061","","11","0","0","0","0","0","0","0","0","1","0","0","0","","","1","","0","","40 39:16.158","5","0","80 00:38.197","8","0","0","0","2216","0","0","0","N","0","0","0","1","02505","0","","5.0","","9","N","N","","0","","0","0","1","","0","N","","1","1","0","0","0","1","0","1","0","1","","","","N","","","","","","","","","",""
"2010108456","","2","0","0","0","0","0","0","0","0","1","0","","02","10","2010","5","40.519476","-80.014382","","11","0","1","0","0","0","0","0","0","","0","0","0","","","0","","0","","40 31:10.113","","0","80 00:51.776","0","0","0","0","2116","0","0","0","N","0","0","0","3","02116","0","","1.0","","1","N","N","","0","","0","0","0","","0","","","2","0","1","0","0","0","0","2","0","2","","","","N","","","","","","","","","",""
"2010108458","","1","0","0","0","0","0","0","0","0","7","0","","02","11","2010","7","40.624561","-79.956698","","11","0","1","0","0","0","0","0","0","1","0","0","0","","","0","","0","","40 37:28.419","5","0","79 57:24.112","0","0","0","0","2217","0","0","0","N","0","0","0","2","02505","0","","5.0","","1","N","N","","0","","0","0","0","","0","N","","1","0","0","0","0","0","0","2","0","1","","","","N","","","","","","","","","",""
"2010108460","","0","0","0","0","0","0","0","0","0","8","0","","02","11","2010","6","40.448054","-79.988728","","11","0","0","0","0","0","0","0","0","","0","0","0","","","1","","2","","40 26:52.994","","0","79 59:19.420","3","0","0","0","2301","1","0","0","N","1","0","0","2","02301","0","","1.0","","9","N","N","","1","","1","0","0","","0","","","2","1","0","0","0","0","0","2","0","1","","","","N","","","","","","","","","",""
"2010108463","","0","0","0","0","0","0","0","0","0","4","0","","02","11","2010","6","40.44437","-80.028206","","11","0","0","0","0","0","1","0","0","","0","0","0","","","0","","1","","40 26:39.731","","0","80 01:41.543","0","0","0","0","2301","0","0","0","N","0","0","0","5","02301","0","","1.0","","9","N","N","","0","","0","0","2","","2","","","2","0","0","0","0","0","0","2","0","2","","","","N","","","","","","","","","",""
"2010108464","","1","0","0","0","0","0","0","0","0","7","0","","02","11","2010","6","40.408707","-79.89278","","11","0","0","1","0","0","0","0","0","","0","0","0","","","0","","0","","40 24:31.346","","0","79 53:34.009","0","0","0","0","2448","0","0","0","N","0","0","0","1","02448","0","","2.0","","9","N","N","","0","","0","0","0","","0","","","1","0","0","0","0","0","0","2","0","1","","","","N","","","","","","","","","",""
"2010108465","","1","0","0","0","0","0","0","0","0","4","0","","02","11","2010","6","40.456934","-79.998833","","11","0","0","0","0","0","1","0","0","","0","0","0","","","1","","5","","40 27:24.964","","0","79 59:55.797","8","0","0","0","2301","0","0","0","N","0","0","0","3","02301","0","","1.0","","9","N","N","","1","","0","0","0","","2","","","2","1","0","0","0","1","0","2","0","2","","","","N","","","","","","","","","",""
"2010108466","","0","0","0","0","0","0","0","0","0","7","0","30","02","11","2010","6","40.494205","-80.064201","","11","0","0","0","0","0","0","0","0","2","0","0","0","","","1","","0","","40 29:39.138","1","0","80 03:51.122","3","0","0","0","2402","0","0","0","Y","0","0","0","1","02402","0","","4.0","","1","N","N","","1","","1","0","0","","0","N","","1","1","1","0","0","0","0","2","0","1","","","Y","Y","4","1","","","N","","Y","","Y",""
"2010108479","","0","0","0","0","0","0","0","0","0","4","0","","02","11","2010","6","40.440369","-80.008056","","11","0","0","0","0","0","0","0","0","","0","0","0","","","0","","5","","40 26:25.329","","0","80 00:29.001","0","0","0","0","2301","0","0","0","N","0","0","0","3","02301","0","","1.0","","9","N","N","","0","","0","0","2","","2","","","2","0","0","0","0","0","0","2","0","2","","","","N","","","","","","","","","",""
"2010108486","","2","0","0","0","0","0","0","0","0","8","0","","02","11","2010","6","40.474465","-79.982316","","11","0","0","0","0","0","0","0","1","","0","0","0","","","0","","0","","40 28:28.075","","0","79 58:56.338","0","0","0","0","2301","0","0","0","N","0","0","0","1","02301","0","","1.0","","1","N","N","","0","","0","0","0","","0","","","2","0","0","0","0","0","0","2","0","2","","","","N","","","","","","","","","",""
"2010108493","","0","0","0","0","0","0","0","0","0","7","0","","02","11","2010","6","40.431969","-79.933038","","11","0","0","0","0","0","1","0","0","","0","0","0","","","0","","2","","40 25:55.088","","0","79 55:58.936","0","0","0","0","2301","0","0","0","","0","0","0","1","02301","0","","5.0","","1","","","","0","","0","0","0","","0","","","1","0","0","0","0","0","0","2","1","1","","","","N","","","","","","","","","",""
"2010108510","","0","0","0","0","0","0","0","0","0","4","0","","02","11","2010","6","40.468651","-80.002018","","11","0","0","0","0","0","0","0","0","","0","0","0","","","1","","0","","40 28:07.142","","1","80 00:07.264","4","0","0","0","2301","0","0","0","N","0","0","0","1","02301","1","","1.0","","9","N","N","","0","","0","0","0","","0","","","2","1","0","0","0","0","0","2","1","1","","","","N","","","","","","","","","",""
"2010108512","","2","0","0","0","0","0","0","0","0","1","0","","02","11","2010","6","40.447672","-80.04402","","11","0","0","0","0","0","0","0","0","","0","0","0","","","0","","0","","40 26:51.619","","0","80 02:38.472","0","0","0","0","2301","0","0","0","N","0","0","0","2","02301","0","","1.0","","1","N","N","","0","","0","0","0","","0","","","2","0","0","0","0","0","0","2","0","2","","","","N","","","","","","","","","",""
"2010108515","","0","0","0","0","0","0","0","0","0","7","0","","02","11","2010","5","40.494299","-79.995384","","11","0","0","0","0","0","0","0","0","2","0","0","0","","","1","","2","","40 29:39.476","5","0","79 59:43.382","8","0","0","0","2116","0","0","0","N","0","0","0","1","02116","0","","5.0","","9","N","N","","0","","0","0","1","","0","Y","","1","1","0","0","0","1","0","2","0","1","","","","N","","","","","","","","","",""
"2010108518","","3","0","0","0","0","0","0","0","0","1","0","","02","10","2010","7","40.526064","-80.005653","","11","0","0","1","0","0","0","0","0","1","0","0","0","","","0","","0","","40 31:33.829","2","0","80 00:20.350","0","0","0","0","2116","0","0","0","N","0","0","0","5","02116","0","","1.0","","9","N","N","","0","","0","0","0","","0","N","","3","0","0","0","0","0","0","2","0","3","","","","N","","","","","","","","","",""
"2010108520","","0","0","0","0","0","0","0","0","0","1","0","","02","11","2010","3","40.616804","-80.090285","","11","0","0","0","0","0","1","0","0","2","0","0","0","","","0","","0","","40 37:00.494","3","0","80 05:25.026","0","0","0","0","2212","0","0","0","N","0","0","0","2","02505","0","","1.0","","1","N","N","","1","","0","0","1","","0","N","","2","0","0","0","0","0","0","2","0","2","","","","N","","","","","","","","","",""
"2010108523","","1","0","0","0","0","0","0","0","0","7","0","","02","11","2010","5","40.500423","-80.009988","","11","0","0","0","1","0","0","0","0","1","0","0","0","","","1","","1","","40 30:01.522","6","0","80 00:35.957","4","0","0","0","2301","0","0","0","N","0","0","0","1","02116","1","","5.0","","9","N","N","","0","","0","0","0","","3","Y","","1","1","1","0","0","0","0","2","0","1","","","","N","","","","","","","","","",""
"2010108525","","1","0","0","0","0","0","0","0","0","1","0","","02","11","2010","6","40.434103","-80.191341","","11","0","0","0","0","1","0","0","0","2","0","0","0","","","0","","0","","40 26:02.770","1","0","80 11:28.828","0","0","0","0","2214","0","0","0","N","0","0","0","2","02214","0","","1.0","","9","N","N","","1","","0","0","0","","0","N","","2","0","0","0","0","0","0","2","0","2","","","","N","","","","","","","","","",""
"2010108532","","1","0","0","0","0","0","0","0","0","4","0","","02","11","2010","3","40.283433","-79.837209","","11","0","0","0","0","0","0","0","0","","0","0","0","","","0","","2","","40 17:00.360","","0","79 50:13.954","0","0","0","0","2105","0","0","0","N","0","0","0","2","02105","0","","1.0","","1","N","N","","1","","0","0","0","","3","","","2","0","0","0","0","0","0","1","0","2","","","","N","","","","","","","","","",""
"2010108536","","2","0","0","0","0","0","0","0","0","1","0","","02","11","2010","5","40.475688","-80.132085","","11","0","0","0","0","0","2","0","0","","0","0","0","","","1","","0","","40 28:32.476","","0","80 07:55.506","4","0","0","0","2115","0","0","0","N","0","0","0","2","02115","1","","1.0","","9","N","N","","0","","0","0","0","","0","","","2","1","0","0","0","0","0","2","0","2","","","","N","","","","","","","","","",""
"2010108537","","1","0","0","0","0","0","0","0","0","1","0","","02","11","2010","4","40.503871","-80.139423","","11","0","0","0","0","0","2","0","0","2","0","0","0","","","0","","2","","40 30:13.937","2","0","80 08:21.922","0","0","0","0","2115","0","0","0","N","0","0","0","2","02115","0","","1.0","","1","N","N","","1","","0","0","0","","0","Y","","2","0","0","0","0","0","0","2","0","2","","","","N","","","","","","","","","",""
"2010108538","","1","0","0","0","0","0","0","0","0","1","0","","02","11","2010","5","40.430349","-80.133228","","11","0","0","0","0","0","0","1","0","","0","0","0","","","1","","6","","40 25:49.257","","2","80 07:59.621","4","0","0","0","2115","0","0","0","N","0","0","0","3","02115","1","","1.0","","1","N","N","","0","","0","0","1","","4","","","2","1","0","0","0","0","0","2","0","2","","","","N","","","","","","","","","",""
"2010108539","","1","0","0","0","0","0","0","0","0","7","0","","02","11","2010","5","40.592587","-79.888703","","11","0","0","0","0","0","1","0","0","","0","0","0","","","0","","2","","40 35:33.313","","0","79 53:19.331","0","0","0","0","2209","0","0","0","N","0","0","0","2","02209","0","","5.0","","9","N","N","","0","","0","0","0","","0","","","1","0","0","0","0","0","0","1","0","1","","","","N","","","","","","","","","",""
"2010108540","","1","0","0","0","0","0","0","0","0","4","0","","02","10","2010","3","40.484788","-80.185477","","11","0","0","1","0","0","0","0","0","","0","0","0","","","0","","0","","40 29:05.237","","0","80 11:07.716","0","0","0","0","2213","0","0","0","N","0","0","0","2","02213","0","","1.0","","9","N","N","","0","","0","0","1","","0","","","2","0","0","0","0","0","0","2","0","2","","","","N","","","","","","","","","",""
"2010108561","","1","0","0","0","0","0","0","0","0","4","0","","02","11","2010","6","40.352131","-79.850586","","11","0","0","0","0","0","1","0","0","","0","0","0","","","1","","0","","40 21:07.672","","7","79 51:02.110","8","0","0","1","2304","0","0","0","N","0","0","0","2","02304","0","","1.0","","1","N","N","","0","","0","0","0","","2","","","2","1","1","0","0","1","0","2","0","2","","","","N","","","","","","","","","",""
"2010108562","","2","0","0","0","0","0","0","0","0","5","0","","02","11","2010","6","40.456701","-79.974372","","11","0","0","0","0","0","0","0","0","1","0","0","0","","","0","","0","","40 27:24.123","4","0","79 58:27.739","0","0","0","0","2301","0","0","0","N","0","0","0","2","02301","0","","1.0","","1","N","N","","0","","0","0","0","","0","N","","2","0","0","0","0","0","0","2","0","2","","","","N","","","","","","","","","",""
"2010108571","","1","0","0","0","0","0","0","0","0","4","0","","02","11","2010","5","40.5248","-79.826821","","11","0","0","0","0","0","0","0","0","2","0","0","0","","","3","","2","","40 31:29.281","3","0","79 49:36.556","8","0","0","0","2466","0","0","0","N","0","0","0","3","02466","0","","1.0","","9","N","N","","0","","0","0","0","","3","N","","2","3","0","0","0","3","0","1","1","2","","","","N","","","","","","","","","",""
"2010108575","","0","0","0","0","0","0","0","0","0","7","0","","02","11","2010","5","40.386474","-80.088745","","11","0","0","0","0","0","0","0","0","","0","0","0","","","1","","2","","40 23:11.305","","0","80 05:19.481","8","0","0","0","2117","0","0","0","N","0","0","0","1","02117","0","","2.0","","9","N","N","","1","","0","0","0","","2","","","1","1","0","0","0","1","0","2","0","1","","","","N","","","","","","","","","",""
"2010108578","","0","0","0","0","0","0","0","0","0","7","0","","02","11","2010","5","40.654488","-80.01061","","11","0","0","0","0","0","0","0","0","4","0","0","0","","","1","","0","","40 39:16.158","2","0","80 00:38.197","4","0","0","0","2216","0","0","0","N","0","0","0","2","02505","1","","5.0","","9","N","N","","1","","0","0","0","","0","Y","","1","1","0","0","0","0","0","1","0","1","","","","N","","","","","","","","","",""
"2010108584","","0","0","0","0","0","0","0","0","0","2","0","","02","11","2010","6","40.243847","-79.812773","","11","0","0","0","0","0","0","0","0","3","0","0","0","","","1","","0","","40 14:37.848","5","0","79 48:45.982","8","0","0","0","2105","0","0","0","N","0","0","0","2","02105","0","","1.0","","1","N","N","","2","","0","0","0","","0","Y","","2","1","1","0","0","1","0","1","0","2","","","","N","","","","","","","","","",""
"2010108596","","2","0","0","0","0","0","0","0","0","4","0","","02","10","2010","7","40.513331","-80.153336","","11","0","0","0","0","0","0","0","0","","0","0","0","","","0","","2","","40 30:47.993","","0","80 09:12.010","9","0","0","0","2420","0","0","0","N","0","0","0","1","02420","0","","2.0","","1","N","N","","0","","0","0","0","","0","","","2","0","0","0","0","0","1","2","0","2","","","","N","","","","","","","","","",""
"2010108598","","2","0","0","0","0","0","0","0","0","1","0","","02","11","2010","3","40.340675","-79.964437","","11","0","0","0","0","0","0","0","0","","0","0","0","","","0","","1","","40 20:26.431","","0","79 57:51.974","0","0","0","0","2454","0","0","0","N","0","0","0","3","02454","0","","1.0","","1","N","N","","0","","0","0","0","","2","","","2","0","0","0","0","0","0","2","0","2","","","","N","","","","","","","","","",""
"2010108610","","0","0","0","1","0","0","0","0","0","8","0","","02","11","2010","7","40.453629","-79.915307","","11","0","0","0","0","0","1","0","0","","0","0","0","","","1","","0","","40 27:13.064","","0","79 54:55.105","3","0","0","0","2301","1","0","0","N","0","0","0","2","02301","0","","1.0","","1","N","N","","0","","1","0","1","","0","","","2","1","0","0","0","0","0","2","0","1","","","","N","","","","","","","","","",""
"2010108615","","1","0","0","0","0","0","0","0","0","7","0","","02","11","2010","7","40.456701","-79.974372","","11","0","0","0","0","0","0","0","0","","0","0","0","","","0","","0","","40 27:24.123","","0","79 58:27.739","0","0","0","0","2301","0","0","0","N","0","0","0","0","02301","0","","4.0","","1","N","N","","0","","0","0","0","","0","","","1","0","0","0","0","0","0","2","0","1","","","","N","","","","","","","","","",""
"2010108738","","1","0","0","0","0","0","0","0","0","4","0","","02","10","2010","7","40.547572","-80.036756","","11","0","0","0","0","0","0","1","1","1","0","0","0","","","2","","2","","40 32:51.259","1","7","80 02:12.321","8","0","0","0","2116","0","0","0","N","0","0","0","3","02116","0","","1.0","","1","N","N","","0","","0","0","1","","2","N","","2","2","0","0","0","2","0","2","0","2","","","","N","","","","","","","","","",""
"2010108739","","0","0","0","0","0","0","0","0","0","7","1","","02","11","2010","3","40.474536","-79.971494","","11","0","0","0","0","0","1","0","0","","0","1","0","","","0","","2","","40 28:28.330","","0","79 58:17.378","0","0","0","0","2445","0","0","0","N","0","0","0","1","02445","0","","2.0","","1","N","N","","0","","0","0","0","","0","","","1","0","0","0","0","0","0","2","0","1","","","","N","","","","","","","","","",""
"2010108741","","1","0","0","0","0","0","0","0","0","4","0","","02","11","2010","6","40.460936","-79.968217","","11","0","0","0","0","0","1","0","0","","0","0","0","","","2","","2","","40 27:39.369","","0","79 58:05.581","8","0","0","0","2301","0","0","0","N","0","0","0","4","02301","0","","1.0","","1","N","N","","0","","0","0","1","","0","","","2","2","0","0","0","2","0","2","0","2","","","","N","","","","","","","","","",""
"2010108742","","1","0","0","0","0","0","0","0","0","7","0","","02","11","2010","7","","","","11","0","0","0","0","0","0","0","0","2","0","0","0","","","0","","0","","","4","0","","0","0","0","0","2214","0","0","0","N","0","0","0","2","02214","0","","4.0","","9","N","N","","0","","0","0","0","","0","N","","1","0","0","0","0","0","0","1","0","1","","","","N","","","","","","","","","",""
"2010108757","","1","0","0","0","0","0","0","0","0","4","0","","02","11","2010","7","40.437343","-80.00282","","11","0","0","0","0","0","0","0","0","","0","0","0","","","1","","1","","40 26:14.433","","0","80 00:10.153","4","0","0","0","2301","0","0","0","N","0","0","0","2","02301","1","","1.0","","1","N","N","","0","","0","0","1","","2","","","2","1","0","0","0","0","0","2","0","2","","","","N","","","","","","","","","",""
"2010108779","","0","0","0","0","0","0","0","0","0","7","0","","02","11","2010","2","40.362276","-79.82613","","11","0","0","0","0","0","0","0","0","","0","0","0","","","0","","1","","40 21:44.194","","0","79 49:34.068","0","0","0","0","2111","0","0","0","N","0","0","0","2","02111","0","","4.0","","1","N","N","","1","","0","0","1","","2","","","2","0","0","0","0","0","0","2","0","2","","","","N","","","","","","","","","",""
"2010108789","","2","0","0","0","0","0","0","0","0","2","0","","02","11","2010","7","40.488738","-79.923974","","11","0","0","0","0","0","1","0","0","2","0","0","0","","","0","","0","","40 29:19.458","4","0","79 55:26.308","0","0","0","0","2301","0","0","0","N","0","0","0","1","02301","0","","6.0","","1","N","N","","0","","0","0","0","","0","N","","2","0","0","0","0","0","0","2","0","2","","","","N","","","","","","","","","",""
"2010108803","","1","0","0","0","0","0","0","0","0","4","0","","02","11","2010","7","40.440466","-79.991536","","11","0","0","0","1","0","1","0","0","","0","0","0","","","3","","10","","40 26:25.678","","0","79 59:29.530","3","0","0","0","2301","0","0","0","N","0","0","0","3","02301","2","","1.0","","1","N","N","","0","","1","0","1","","2","","","2","3","1","0","0","0","0","2","0","2","","","","N","","","","","","","","","",""
"2010108806","","1","0","0","0","0","0","0","0","0","2","0","","02","11","2010","2","40.436843","-80.066166","","11","0","0","0","0","0","0","0","0","1","0","0","0","","","1","","0","","40 26:12.634","6","0","80 03:58.197","4","0","0","0","2421","0","0","0","N","0","0","0","1","02421","1","","1.0","","1","N","N","","0","","0","0","0","","0","N","","2","1","0","0","0","0","0","2","1","2","","","","N","","","","","","","","","",""
"2010108817","","1","0","0","0","0","0","0","0","0","7","0","","02","11","2010","7","40.456567","-80.029179","","11","0","0","0","0","0","0","0","0","2","0","0","0","","","0","","7","","40 27:23.641","2","1","80 01:45.045","0","0","0","0","2301","0","0","0","N","0","0","0","1","02301","0","","2.0","","1","N","N","","0","","0","0","0","","0","N","","1","0","0","0","0","0","0","2","0","1","","","","N","","","","","","","","","",""
"2010108837","","1","0","0","0","0","0","1","0","0","4","1","","02","11","2010","7","","","","11","0","0","0","0","0","0","0","1","1","0","0","0","","","0","","0","","","1","7","","0","0","0","0","2438","0","0","0","N","0","0","0","24","02503","0","","1.0","","1","N","N","","0","","0","0","0","","2","N","","2","0","1","0","0","0","0","1","0","2","","","","N","","","","","","","","","",""
"2010108838","","1","0","0","0","0","0","0","0","0","1","0","","02","11","2010","7","40.60451","-79.757235","","11","0","0","0","0","0","1","0","0","1","0","0","0","","","1","","3","","40 36:16.235","2","0","79 45:26.047","4","0","0","0","2464","0","0","0","N","0","0","0","3","02464","1","","1.0","","1","N","N","","1","","0","0","0","","2","N","","2","1","0","0","0","0","0","2","0","2","","","","N","","","","","","","","","",""
"2010108846","","1","0","0","0","0","0","0","0","0","8","0","","02","11","2010","7","40.348026","-79.974366","","11","0","0","0","0","0","0","0","0","2","1","0","0","","","0","","0","","40 20:52.895","1","0","79 58:27.719","1","0","0","0","2403","1","1","0","N","1","1","0","2","02403","0","2","1.0","","1","N","N","","0","0","0","0","0","","0","N","","2","0","0","0","0","0","0","2","0","1","","","","N","","","","","","","","","",""