"CRN","ARRIVAL_TM","AUTOMOBILE_COUNT","BELTED_DEATH_COUNT","BELTED_SUSP_SERIOUS_INJ_COUNT","BICYCLE_COUNT","BICYCLE_DEATH_COUNT","BICYCLE_SUSP_SERIOUS_INJ_COUNT","BUS_COUNT","CHLDPAS_DEATH_COUNT","CHLDPAS_SUSP_SERIOUS_INJ_COUNT","COLLISION_TYPE","COMM_VEH_COUNT","CONS_ZONE_SPD_LIM","COUNTY","CRASH_MONTH","CRASH_YEAR","DAY_OF_WEEK","DEC_LATITUDE","DEC_LONGITUDE","DISPATCH_TM","DISTRICT","DRIVER_COUNT_16YR","DRIVER_COUNT_17YR","DRIVER_COUNT_18YR","DRIVER_COUNT_19YR","DRIVER_COUNT_20YR","DRIVER_COUNT_50_64YR","DRIVER_COUNT_65_74YR","DRIVER_COUNT_75PLUS","EST_HRS_CLOSED","FATAL_COUNT","HEAVY_TRUCK_COUNT","HORSE_BUGGY_COUNT","HOUR_OF_DAY","ILLUMINATION","INJURY_COUNT","INTERSECTION_RELATED","INTERSECT_TYPE","LANE_CLOSED","LATITUDE","LN_CLOSE_DIR","LOCATION_TYPE","LONGITUDE","MAX_SEVERITY_LEVEL","MCYCLE_DEATH_COUNT","MCYCLE_SUSP_SERIOUS_INJ_COUNT","MOTORCYCLE_COUNT","MUNICIPALITY","NONMOTR_COUNT","NONMOTR_DEATH_COUNT","NONMOTR_SUSP_SERIOUS_INJ_COUNT","NTFY_HIWY_MAINT","PED_COUNT","PED_DEATH_COUNT","PED_SUSP_SERIOUS_INJ_COUNT","PERSON_COUNT","POLICE_AGCY","POSSIBLE_INJ_COUNT","RDWY_SURF_TYPE_CD","RELATION_TO_ROAD","ROADWAY_CLEARED","ROAD_CONDITION","SCH_BUS_IND","SCH_ZONE_IND","SECONDARY_CRASH","SMALL_TRUCK_COUNT","SPEC_JURIS_CD","SUSP_MINOR_INJ_COUNT","SUSP_SERIOUS_INJ_COUNT","SUV_COUNT","TCD_FUNC_CD","TCD_TYPE","TFC_DETOUR_IND","TIME_OF_DAY","TOTAL_UNITS","TOT_INJ_COUNT","UNBELTED_OCC_COUNT","UNB_DEATH_COUNT","UNB_SUSP_SERIOUS_INJ_COUNT","UNK_INJ_DEG_COUNT","UNK_INJ_PER_COUNT","URBAN_RURAL","VAN_COUNT","VEHICLE_COUNT","WEATHER1","WEATHER2","WORKERS_PRES","WORK_ZONE_IND","WORK_ZONE_LOC","WORK_ZONE_TYPE","WZ_CLOSE_DETOUR","WZ_FLAGGER","WZ_LAW_OFFCR_IND","WZ_LN_CLOSURE","WZ_MOVING","WZ_OTHER","WZ_SHLDER_MDN","WZ_WORKERS_INJ_KILLED"
"2010109453","","1","0","0","0","0","0","0","0","0","8","0","","02","11","2010","2","40.443678","-79.995113","","11","0","0","0","0","0","0","0","0","","0","0","0","","","1","","1","","40 26:37.240","","0","79 59:42.406","3","0","0","0","2301","1","0","0","N","1","0","0","2","02301","0","","1.0","","1","N","N","","0","","1","0","0","","2","","","2","1","0","0","0","0","1","2","0","1","","","","N","","","","","","","","","",""
"2010109455","","1","0","0","0","0","0","0","0","0","1","0","","02","10","2010","6","40.446539","-79.987187","","11","0","0","0","0","0","0","0","0","","0","0","0","","","0","","0","","40 26:47.539","","0","79 59:13.873","0","0","0","0","2301","0","0","0","N","0","0","0","2","02301","0","","1.0","","1","N","N","","0","","0","0","1","","0","","","2","0","0","0","0","0","0","2","0","2","","","","N","","","","","","","","","",""
"2010109462","","1","0","0","0","0","0","0","0","0","2","0","","02","11","2010","2","40.605977","-79.754614","","11","0","0","0","0","0","0","1","0","1","0","0","0","","","0","","2","","40 36:21.517","1","0","79 45:16.610","0","0","0","0","2464","0","0","0","N","0","0","0","2","02464","0","","1.0","","1","N","N","","1","","0","0","0","","2","N","","2","0","0","0","0","0","0","2","0","2","","","","N","","","","","","","","","",""
"2010109464","","0","0","0","0","0","0","0","0","0","99","0","","02","11","2010","2","40.417135","-79.925867","","11","0","0","0","0","0","0","1","0","","0","0","0","","","0","","0","","40 25:01.686","","0","79 55:33.122","0","0","0","0","2301","0","0","0","N","0","0","0","1","02301","0","","1.0","","1","N","N","","0","","0","0","1","","0","","","1","0","0","0","0","0","0","2","0","1","","","","N","","","","","","","","","",""
"2010109465","","0","0","0","0","0","0","0","0","0","7","0","","02","11","2010","2","40.465018","-79.920004","","11","0","0","0","0","0","1","0","0","","0","0","0","","","0","","1","","40 27:54.064","","0","79 55:12.014","9","0","0","0","2301","0","0","0","Y","0","0","0","1","02301","0","","3.0","","1","N","N","","0","","0","0","1","","2","","","1","0","0","0","0","0","1","2","0","1","","","","N","","","","","","","","","",""
"2010109482","","1","0","0","0","0","0","0","0","0","7","0","","02","11","2010","6","40.499702","-80.030816","","11","0","1","0","0","0","0","0","0","","0","0","0","","","0","","0","","40 29:58.927","","0","80 01:50.937","0","0","0","0","2116","0","0","0","N","0","0","0","2","02116","0","","2.0","","1","N","N","","0","","0","0","0","","0","","","1","0","0","0","0","0","0","2","0","1","","","","N","","","","","","","","","",""
"2010109488","","2","0","0","0","0","0","0","0","0","4","0","","02","11","2010","2","40.314619","-79.939368","","11","0","0","0","0","0","0","0","0","2","0","0","0","","","2","","0","","40 18:52.630","5","0","79 56:21.725","8","0","0","0","2454","0","0","0","N","0","0","0","3","02454","0","","1.0","","1","N","N","","0","","0","0","0","","0","Y","","2","2","0","0","0","2","0","2","0","2","","","","N","","","","","","","","","",""
"2010109494","","1","0","0","0","0","0","0","0","0","8","0","","02","11","2010","2","40.388434","-80.057114","","11","0","0","0","0","0","0","0","0","","0","0","0","","","1","","1","","40 23:18.363","","0","80 03:25.611","8","0","0","0","2109","1","0","0","N","1","0","0","2","02109","0","","1.0","","1","N","N","","0","","0","0","0","","2","","","2","1","0","0","0","1","0","2","0","1","","","","N","","","","","","","","","",""
"2010109498","","0","0","0","0","0","0","1","0","0","8","1","","02","9","2010","6","40.43476","-79.922837","","11","0","0","0","0","0","0","0","0","","0","0","0","","","1","","1","","40 26:05.136","","0","79 55:22.213","4","0","0","0","2301","1","0","0","N","1","0","0","2","02503","1","","1.0","","1","N","N","","0","","0","0","0","","0","","","2","1","0","0","0","0","0","2","0","1","","","","N","","","","","","","","","",""
"2010109507","","1","0","0","0","0","0","0","0","0","4","0","","02","11","2010","2","40.476937","-80.066063","","11","0","0","0","0","0","0","1","0","","0","0","0","","","0","","0","","40 28:36.972","","0","80 03:57.827","0","0","0","0","2444","0","0","0","N","0","0","0","2","02444","0","","1.0","","1","N","N","","1","","0","0","0","","0","","","2","0","0","0","0","0","0","2","0","2","","","","N","","","","","","","","","",""
"2010109509","","2","0","0","0","0","0","0","0","0","1","0","","02","11","2010","1","40.6676","-79.933411","","11","0","0","0","0","0","1","0","0","1","0","0","0","","","0","","0","","40 40:03.359","1","0","79 56:00.278","0","0","0","0","2217","0","0","0","N","0","0","0","5","02505","0","","1.0","","1","N","N","","0","","0","0","0","","0","N","","2","0","0","0","0","0","0","1","0","2","","","","N","","","","","","","","","",""
"2010109521","","2","0","0","0","0","0","0","0","0","1","0","","02","11","2010","2","40.407744","-80.083693","","11","0","0","1","0","0","0","1","0","1","0","0","0","","","0","","2","","40 24:27.877","2","0","80 05:01.293","0","0","0","0","2415","0","0","0","N","0","0","0","4","02415","0","","1.0","","1","N","N","","0","","0","0","0","","0","N","","2","0","1","0","0","0","0","2","0","2","","","","N","","","","","","","","","",""
"2010109543","","1","0","0","0","0","0","0","0","0","1","0","","02","11","2010","2","40.356009","-79.898208","","11","0","0","0","0","0","1","1","0","1","0","0","0","","","1","","2","","40 21:21.632","4","0","79 53:53.547","8","0","0","0","2423","0","0","0","N","0","0","0","3","02304","0","","1.0","","1","N","N","","0","","0","0","1","","2","N","","3","1","0","0","0","1","0","2","1","3","","","","N","","","","","","","","","",""
"2010109546","","2","0","0","0","0","0","0","0","0","1","0","","02","11","2010","2","40.344893","-79.795561","","11","0","0","0","0","0","1","0","0","1","0","0","0","","","4","","0","","40 20:41.615","5","0","79 47:44.018","4","0","0","0","2477","0","0","0","N","0","0","0","6","02477","3","","1.0","","1","N","N","","1","","0","0","1","","0","N","","4","4","2","0","0","1","0","2","0","4","","","","N","","","","","","","","","",""
"2010109549","","2","0","0","0","0","0","0","0","0","4","0","","02","11","2010","2","40.454368","-79.947669","","11","0","0","0","0","0","0","0","0","","0","0","0","","","0","","1","","40 27:15.726","","0","79 56:51.608","0","0","0","0","2301","0","0","0","N","0","0","0","2","02301","0","","1.0","","1","N","N","","0","","0","0","0","","2","","","2","0","0","0","0","0","0","2","0","2","","","","N","","","","","","","","","",""
"2010109555","","1","0","0","0","0","0","0","0","0","1","0","","02","11","2010","6","40.448002","-80.162085","","11","0","0","0","1","0","0","0","0","1","0","0","0","","","0","","0","","40 26:52.808","2","0","80 09:43.505","0","0","0","0","2115","0","0","0","N","0","0","0","6","02115","0","","1.0","","1","N","N","","0","","0","0","1","","0","N","","2","0","0","0","0","0","0","2","0","2","","","","N","","","","","","","","","",""
"2010109556","","2","0","0","0","0","0","0","0","0","4","0","","02","11","2010","7","40.311086","-80.03299","","11","0","0","0","0","0","0","0","0","","0","0","0","","","1","","2","","40 18:39.908","","0","80 01:58.763","4","0","0","0","2407","0","0","0","N","0","0","0","3","02407","1","","1.0","","1","N","N","","0","","0","0","0","","2","","","2","1","0","0","0","0","0","2","0","2","","","","N","","","","","","","","","",""
"2010109557","","1","0","0","0","0","0","0","0","0","1","0","","02","11","2010","3","40.327942","-80.030716","","11","0","1","0","0","0","0","0","0","","0","0","0","","","2","","2","","40 19:40.590","","0","80 01:50.578","4","0","0","0","2407","0","0","0","N","0","0","0","3","02407","2","","1.0","","1","N","N","","0","","0","0","1","","2","","","2","2","0","0","0","0","0","2","0","2","","","","N","","","","","","","","","",""
"2010109558","","0","0","0","0","0","0","0","0","0","4","0","","02","11","2010","5","40.334386","-80.002991","","11","1","1","0","0","0","1","0","0","","0","0","0","","","2","","1","","40 20:03.789","","0","80 00:10.768","4","0","0","0","2407","0","0","0","N","0","0","0","4","02407","2","","1.0","","1","N","N","","0","","0","0","3","","3","","","3","2","0","0","0","0","0","2","0","3","","","","N","","","","","","","","","",""
"2010109559","","0","0","0","0","0","0","0","0","0","7","0","","02","11","2010","5","40.29989","-80.030019","","11","0","0","1","0","0","0","0","0","1","0","0","0","","","1","","0","","40 17:59.605","1","0","80 01:48.068","8","0","0","0","2407","0","0","0","N","0","0","0","1","02407","0","","4.0","","9","N","N","","1","","0","0","0","","0","N","","1","1","0","0","0","1","0","2","0","1","","","","N","","","","","","","","","",""
"2010109560","","2","0","0","0","0","0","0","0","0","1","0","","02","10","2010","5","40.355663","-80.02926","","11","0","2","0","0","0","0","0","0","","0","0","0","","","0","","0","","40 21:20.386","","0","80 01:45.336","0","0","0","0","2407","0","0","0","N","0","0","0","15","02407","0","","1.0","","1","N","N","","0","","0","0","1","","0","","","3","0","4","0","0","0","0","2","0","3","","","","N","","","","","","","","","",""
"2010109561","","2","0","0","0","0","0","0","0","0","1","0","","02","11","2010","7","40.341701","-80.039622","","11","0","0","0","0","0","0","0","0","","0","0","0","","","0","","2","","40 20:30.123","","0","80 02:22.639","0","0","0","0","2407","0","0","0","N","0","0","0","5","02407","0","","1.0","","1","N","N","","0","","0","0","0","","3","","","2","0","0","0","0","0","0","2","0","2","","","","N","","","","","","","","","",""
"2010109562","","1","0","0","0","0","0","0","0","0","7","0","","02","11","2010","1","40.318561","-80.062476","","11","0","0","0","0","0","0","0","1","","0","0","0","","","1","","0","","40 19:06.818","","0","80 03:44.914","4","0","0","0","2407","0","0","0","N","0","0","0","1","02407","1","","2.0","","1","N","N","","0","","0","0","0","","0","","","1","1","0","0","0","0","0","2","0","1","","","","N","","","","","","","","","",""
"2010109570","","2","0","0","0","0","0","0","0","0","1","0","","02","11","2010","2","40.523029","-80.034699","","11","1","0","0","0","0","0","0","0","","0","0","0","","","0","","0","","40 31:22.905","","0","80 02:04.916","0","0","0","0","2474","0","0","0","N","0","0","0","2","02474","0","","1.0","","1","N","N","","0","","0","0","0","","0","","","2","0","0","0","0","0","0","2","0","2","","","","N","","","","","","","","","",""
"2010109656","","0","0","0","0","0","0","0","0","0","1","0","55","02","10","2010","7","40.436763","-79.865055","","11","0","0","0","0","0","1","0","0","","0","0","0","","","0","","3","","40 26:12.348","","0","79 51:54.198","0","0","0","0","2478","0","0","0","N","0","0","0","4","68B03","0","","1.0","","1","N","N","","0","","0","0","2","","4","","","2","0","0","0","0","0","0","2","0","2","","","Y","Y","2","2","N","N","Y","Y","N","Y","Y",""
"2010109657","","1","0","0","0","0","0","0","0","0","7","0","","02","10","2010","1","40.492954","-80.268413","","11","0","0","0","0","0","0","0","0","","0","0","0","","","0","","6","","40 29:34.633","","8","80 16:06.287","0","0","0","0","2203","0","0","0","N","0","0","0","1","68B03","0","","2.0","","1","N","N","","0","","0","0","0","","0","","","1","0","0","0","0","0","0","2","0","1","","","","N","","","","","","","","","",""
"2010109658","","1","0","0","0","0","0","0","0","0","1","0","35","02","11","2010","4","40.517763","-80.129753","","11","0","0","0","0","0","0","0","0","","0","0","0","","","0","","0","","40 31:03.945","","0","80 07:47.111","0","0","0","0","2436","0","0","0","N","0","0","0","3","68B01","0","","1.0","","1","N","N","","0","","0","0","2","","0","","","3","0","1","0","0","0","0","2","0","3","","","N","Y","8","1","N","N","N","N","Y","N","N",""
"2010109659","","0","0","0","0","0","0","0","0","0","1","0","","02","11","2010","4","40.431073","-80.02615","","11","0","0","0","0","0","1","0","0","","0","0","0","","","0","","0","","40 25:51.862","","0","80 01:34.139","0","0","0","0","2301","0","0","0","N","0","0","0","3","68B03","0","","1.0","","1","N","N","","1","","0","0","2","","0","","","3","0","0","0","0","0","0","2","0","3","","","","N","","","","","","","","","",""
"2010109660","","0","0","0","0","0","0","0","0","0","99","0","","02","11","2010","1","40.593538","-80.095353","","11","0","0","0","0","0","0","0","0","","0","0","0","","","0","","0","","40 35:36.735","","0","80 05:43.272","0","0","0","0","2481","0","0","0","N","0","0","0","1","68B03","0","","1.0","","1","N","N","","0","","0","0","1","","0","","","1","0","0","0","0","0","0","2","0","1","","","","N","","","","","","","","","",""
"2010109757","","1","0","0","0","0","0","0","0","0","99","0","","02","11","2010","1","40.430928","-79.744323","","11","0","0","0","1","0","0","0","0","","0","0","0","","","0","","0","","40 25:51.342","","0","79 44:39.562","0","0","0","0","2446","0","0","0","N","0","0","0","4","68T09","0","","1.0","","1","N","N","","0","","0","0","0","","0","","","1","0","0","0","0","0","0","2","0","1","","","","N","","","","","","","","","",""
"2010109761","","1","0","0","0","0","0","1","0","0","1","1","","02","11","2010","2","40.332453","-79.985196","","11","0","0","0","0","0","0","2","1","1","0","0","0","","","0","","2","","40 19:56.832","4","0","79 59:06.704","0","0","0","0","2454","0","0","0","N","0","0","0","6","02454","0","","1.0","","1","Y","N","","0","","0","0","1","","3","N","","3","0","0","0","0","0","0","2","0","3","","","","N","","","","","","","","","",""
"2010109765","","1","0","0","0","0","0","0","0","0","8","0","","02","11","2010","2","40.290932","-79.883944","","11","0","0","0","0","0","0","1","0","1","0","0","0","","","1","","1","","40 17:27.355","1","0","79 53:02.198","3","0","0","0","2302","1","0","0","N","1","0","0","2","02302","0","","1.0","","1","N","N","","0","","1","0","0","","0","N","","2","1","0","0","0","0","0","2","0","1","","","","N","","","","","","","","","",""
"2010109768","","1","0","0","0","0","0","0","0","0","1","0","","02","11","2010","2","40.429688","-79.957001","","11","0","0","0","0","0","0","0","0","","0","0","0","","","0","","6","","40 25:46.875","","2","79 57:25.204","0","0","0","0","2301","0","0","0","N","0","0","0","2","02301","0","","7.0","","1","N","N","","0","","0","0","1","","0","","","2","0","0","0","0","0","0","2","0","2","","","","N","","","","","","","","","",""
"2010109773","","2","0","0","0","0","0","0","0","0","4","0","","02","11","2010","2","40.384957","-79.994879","","11","0","0","0","0","0","1","0","0","","0","0","0","","","0","","2","","40 23:05.844","","0","79 59:41.566","0","0","0","0","2301","0","0","0","N","0","0","0","4","02301","0","","1.0","","1","N","N","","0","","0","0","1","","2","","","3","0","0","0","0","0","0","2","0","3","","","","N","","","","","","","","","",""
"2010109776","","1","0","0","0","0","0","0","0","0","1","0","","02","11","2010","5","40.634199","-80.004818","","11","0","0","0","0","0","0","0","0","","0","0","0","","","1","","0","","40 38:03.118","","0","80 00:17.344","4","0","0","0","2216","0","0","0","Y","0","0","0","2","02505","1","","1.0","","9","N","N","","1","","0","0","0","","0","","","2","1","0","0","0","0","0","2","0","2","","","","N","","","","","","","","","",""
"2010109778","","1","0","0","0","0","0","0","0","0","4","0","","02","11","2010","4","40.456904","-79.758798","","11","0","0","0","0","0","1","0","0","1","0","0","0","","","0","","2","","40 27:24.855","1","0","79 45:31.673","0","0","0","0","2446","0","0","0","N","0","0","0","2","02446","0","","1.0","","1","N","N","","0","","0","0","1","","3","N","","2","0","0","0","0","0","0","2","0","2","","","","N","","","","","","","","","",""
"2010109786","","3","0","0","0","0","0","0","0","0","4","0","","02","11","2010","2","40.642709","-80.067505","","11","0","0","0","0","0","1","0","1","","0","0","0","","","0","","1","","40 38:33.753","","0","80 04:03.018","0","0","0","0","2216","0","0","0","N","0","0","0","3","02505","0","","1.0","","1","N","N","","0","","0","0","0","","2","","","3","0","0","0","0","0","0","2","0","3","","","","N","","","","","","","","","",""
"2010109791","","1","0","0","0","0","0","0","0","0","7","0","","02","11","2010","2","40.367634","-79.780234","","11","0","0","0","0","0","0","0","1","","0","0","0","","","1","","0","","40 22:03.483","","0","79 46:48.844","4","0","0","0","2111","0","0","0","N","0","0","0","1","02111","1","","2.0","","1","N","N","","0","","0","0","0","","0","","","1","1","1","0","0","0","0","2","0","1","","","","N","","","","","","","","","",""
"2010109794","","0","0","0","0","0","0","0","0","0","4","0","","02","11","2010","2","40.426467","-80.057021","","11","0","0","0","0","1","0","0","0","1","0","0","0","","","2","","1","","40 25:35.282","3","0","80 03:25.277","4","0","0","0","2301","0","0","0","N","0","0","0","3","02301","1","","1.0","","1","N","N","","0","","0","0","2","","2","N","","2","2","0","0","0","1","0","2","0","2","","","","N","","","","","","","","","",""
"2010109803","","2","0","0","0","0","0","0","0","0","7","0","","02","11","2010","3","40.464869","-79.9264","","11","0","0","0","0","0","0","0","0","","0","0","0","","","0","","0","","40 27:53.530","","0","79 55:35.040","0","0","0","0","2301","0","0","0","N","0","0","0","1","02301","0","","4.0","","1","N","N","","0","","0","0","1","","0","","","3","0","0","0","0","0","0","2","0","3","","","","N","","","","","","","","","",""
"2010109808","","2","0","0","0","0","0","0","0","0","4","0","","02","11","2010","3","40.404844","-79.910671","","11","0","0","0","0","0","0","0","0","","0","0","0","","","0","","1","","40 24:17.438","","0","79 54:38.415","0","0","0","0","2438","0","0","0","N","0","0","0","3","02438","0","","1.0","","1","N","N","","0","","0","0","0","","3","","","2","0","0","0","0","0","0","2","0","2","","","","N","","","","","","","","","",""
"2010109811","","1","0","0","0","0","0","0","0","0","7","0","","02","11","2010","3","40.651402","-80.117079","","11","0","0","0","0","0","0","0","0","2","0","0","0","","","1","","0","","40 39:05.046","6","0","80 07:01.486","3","0","0","0","2212","0","0","0","N","0","0","0","1","02505","0","","5.0","","1","N","N","","0","","1","0","0","","0","N","","1","1","0","0","0","0","0","2","0","1","","","","N","","","","","","","","","",""
"2010109820","","1","0","0","0","0","0","0","0","0","7","0","","02","11","2010","5","40.642185","-79.938391","","11","0","0","0","0","0","0","0","0","2","0","0","0","","","1","","1","","40 38:31.867","1","0","79 56:18.208","4","0","0","0","2217","0","0","0","N","0","0","0","1","02505","1","","5.0","","1","N","N","","0","","0","0","0","","2","Y","","1","1","0","0","0","0","0","2","0","1","","","","N","","","","","","","","","",""
"2010109823","","2","0","0","0","0","0","0","0","0","4","0","","02","11","2010","3","40.403898","-80.02812","","11","0","0","0","0","0","0","0","0","2","0","0","0","","","0","","1","","40 24:14.032","7","0","80 01:41.232","9","0","0","0","2301","0","0","0","N","0","0","0","1","02301","0","","1.0","","1","N","N","","0","","0","0","2","","0","N","","4","0","0","0","0","0","1","2","0","4","","","","N","","","","","","","","","",""
"2010109845","","1","0","0","0","0","0","0","0","0","1","0","","02","10","2010","1","40.553424","-80.085904","","11","0","0","0","0","0","1","0","0","","0","0","0","","","0","","0","","40 33:12.325","","0","80 05:09.256","0","0","0","0","2215","0","0","0","N","0","0","0","3","68B03","0","","1.0","","1","N","N","","0","","0","0","1","","0","","","2","0","0","0","0","0","0","2","0","2","","","","N","","","","","","","","","",""
"2010109847","","1","0","0","0","0","0","0","0","0","1","0","","02","10","2010","2","40.522023","-79.852723","","11","0","0","0","0","0","2","0","0","","0","0","0","","","0","","0","","40 31:19.282","","0","79 51:09.801","0","0","0","0","2208","0","0","0","N","0","0","0","5","68D02","0","","1.0","","1","N","N","","1","","0","0","1","","0","","","4","0","0","0","0","0","0","2","1","4","","","","N","","","","","","","","","",""
"2010109850","","1","0","0","0","0","0","0","0","0","1","0","","02","11","2010","1","40.557613","-79.805689","","11","0","0","0","0","0","0","0","0","","0","0","0","","","0","","0","","40 33:27.407","","0","79 48:20.482","0","0","0","0","2121","0","0","0","N","0","0","0","5","68D02","0","","1.0","","1","N","N","","0","","0","0","1","","0","","","2","0","0","0","0","0","0","2","0","2","","","","N","","","","","","","","","",""
"2010109947","","2","0","0","0","0","0","0","0","0","2","0","","02","11","2010","2","40.42603","-80.073224","","11","0","1","0","0","0","0","0","0","","0","0","0","","","4","","2","","40 25:33.708","","0","80 04:23.606","4","0","0","0","2301","0","0","0","N","0","0","0","4","02301","4","","1.0","","1","N","Y","","0","","0","0","0","","3","","","2","4","0","0","0","0","0","2","0","2","","","","N","","","","","","","","","",""
"2010109960","","1","0","0","0","0","0","0","0","0","4","0","","02","11","2010","3","40.391837","-80.020643","","11","0","0","0","0","0","1","0","0","2","0","0","0","","","1","","1","","40 23:30.613","4","0","80 01:14.314","8","0","0","0","2301","0","0","0","N","0","0","0","3","02301","0","","1.0","","1","N","N","","0","","0","0","1","","3","Y","","2","1","0","0","0","1","0","2","0","2","","","","N","","","","","","","","","",""
"2010109965","","1","0","0","0","0","0","0","0","0","4","0","","02","11","2010","3","40.44811","-79.709521","","11","0","0","0","0","0","2","0","0","2","0","0","0","","","2","","2","","40 26:53.195","1","0","79 42:34.276","3","0","0","0","2466","0","0","0","N","0","0","0","2","02466","0","","1.0","","1","N","N","","0","","2","0","1","","3","Y","","2","2","0","0","0","0","0","2","0","2","","","","N","","","","","","","","","",""
"2010109984","","2","0","0","0","0","0","0","0","0","2","0","","02","11","2010","2","40.450776","-80.184258","","11","0","0","0","0","0","1","0","0","2","0","0","0","","","2","","0","","40 27:02.795","3","0","80 11:03.327","2","0","0","0","2214","0","0","0","N","0","0","0","2","02214","1","","1.0","","1","N","N","","0","","0","1","0","","0","N","","2","2","1","0","1","0","0","2","0","2","","","","N","","","","","","","","","",""
"2010109994","","2","0","0","0","0","0","0","0","0","99","0","","02","11","2010","2","40.488218","-79.937692","","11","0","0","0","0","0","1","0","0","2","0","0","0","","","0","","10","","40 29:17.584","1","3","79 56:15.692","0","0","0","0","2301","0","0","0","N","0","0","0","2","02301","0","","1.0","","1","N","N","","0","","0","0","0","","2","N","","2","0","0","0","0","0","0","2","0","2","","","","N","","","","","","","","","",""
"2010109996","","2","0","0","0","0","0","0","0","0","4","0","","02","11","2010","6","40.443681","-79.794808","","11","0","0","0","0","0","0","0","1","2","0","0","0","","","1","","0","","40 26:37.250","3","0","79 47:41.310","4","0","0","0","2446","0","0","0","N","0","0","0","2","02446","1","","1.0","","1","N","N","","0","","0","0","0","","0","N","","2","1","0","0","0","0","0","2","0","2","","","","N","","","","","","","","","",""
"2010109997","","1","0","0","0","0","0","0","0","0","4","0","","02","11","2010","2","40.37729","-80.004174","","11","0","0","0","0","0","0","0","0","","0","0","0","","","1","","2","","40 22:38.243","","0","80 00:15.027","8","0","0","0","2301","0","0","0","N","0","0","0","3","02301","0","","1.0","","1","N","N","","0","","0","0","0","","3","","","2","1","0","0","0","1","0","2","1","2","","","","N","","","","","","","","","",""
"2010109999","","0","0","0","0","0","0","0","0","0","7","0","","02","11","2010","3","40.429102","-80.04844","","11","0","0","0","0","0","0","0","0","","0","0","0","","","1","","2","","40 25:44.767","","0","80 02:54.384","8","0","0","0","2301","0","0","0","N","0","0","0","1","02301","0","","5.0","","1","N","N","","0","","0","0","0","","3","","","1","1","0","0","0","1","0","2","1","1","","","","N","","","","","","","","","",""
"2010110002","","2","0","0","0","0","0","0","0","0","5","1","","02","11","2010","3","40.411971","-79.92026","","11","0","0","0","0","0","0","1","0","3","0","1","0","","","0","","10","","40 24:43.095","2","3","79 55:12.936","0","0","0","0","2301","0","0","0","N","0","0","0","3","02301","0","","1.0","","1","N","N","","0","","0","0","0","","0","N","","3","0","0","0","0","0","0","2","0","3","","","","N","","","","","","","","","",""
"2010110008","","1","0","0","0","0","0","0","0","0","4","0","","02","11","2010","3","40.489568","-79.92969","","11","0","0","0","0","0","0","0","0","","0","0","0","","","0","","0","","40 29:22.445","","0","79 55:46.885","0","0","0","0","2301","0","0","0","N","0","0","0","4","02301","0","","1.0","","1","N","N","","0","","0","0","1","","0","","","2","0","0","0","0","0","0","2","0","2","","","","N","","","","","","","","","",""
"2010110016","","2","0","0","0","0","0","0","0","0","4","0","","02","11","2010","1","","","","11","0","0","1","0","1","0","0","0","1","0","0","0","","","0","","2","","","4","2","","0","0","0","0","2304","0","0","0","N","0","0","0","3","02304","0","","1.0","","1","N","N","","0","","0","0","0","","2","N","","2","0","0","0","0","0","0","1","0","2","","","","N","","","","","","","","","",""
"2010110019","","2","0","0","0","0","0","0","0","0","4","0","","02","11","2010","3","40.435069","-79.992086","","11","0","0","0","1","0","0","0","0","","0","0","0","","","0","","0","","40 26:06.248","","0","79 59:31.511","0","0","0","0","2301","0","0","0","N","0","0","0","3","02301","0","","1.0","","1","N","N","","0","","0","0","0","","0","","","2","0","0","0","0","0","0","2","0","2","","","","N","","","","","","","","","",""
"2010110022","","2","0","0","0","0","0","0","0","0","5","0","","02","10","2010","5","40.438936","-79.765281","","11","0","0","0","0","0","0","0","0","","0","0","0","","","0","","0","","40 26:20.170","","0","79 45:55.011","0","0","0","0","2446","0","0","0","N","0","0","0","2","02446","0","","1.0","","1","N","N","","0","","0","0","0","","0","","","2","0","1","0","0","0","0","2","0","2","","","","N","","","","","","","","","",""
"2010110026","","1","0","0","0","0","0","0","0","0","1","0","","02","11","2010","3","40.335208","-79.826955","","11","0","0","0","0","1","0","0","0","2","0","0","0","","","1","","2","","40 20:06.748","4","0","79 49:37.038","3","0","0","0","2304","0","0","0","N","0","0","0","2","02304","0","","1.0","","1","N","N","","0","","1","0","1","","0","N","","2","1","0","0","0","0","0","2","0","2","","","","N","","","","","","","","","",""
"2010110042","","1","0","0","0","0","0","0","0","0","4","0","","02","11","2010","3","40.433733","-79.756489","","11","0","0","0","0","0","1","0","0","","0","0","0","","","0","","0","","40 26:01.439","","0","79 45:23.361","0","0","0","0","2446","0","0","0","N","0","0","0","2","02446","0","","1.0","","1","N","N","","0","","0","0","1","","0","","","2","0","0","0","0","0","0","2","0","2","","","","N","","","","","","","","","",""
"2010110043","","1","0","0","0","0","0","0","0","0","4","0","","02","11","2010","3","40.339395","-79.96801","","11","0","0","0","0","0","1","0","0","1","0","0","0","","","2","","2","","40 20:21.823","6","0","79 58:04.835","4","0","0","0","2454","0","0","0","N","0","0","0","2","02454","2","","1.0","","1","N","N","","0","","0","0","1","","3","N","","2","2","1","0","0","0","0","2","0","2","","","","N","","","","","","","","","",""
"2010110048","","2","0","0","0","0","0","0","0","0","1","0","","02","11","2010","3","40.335841","-80.132523","","11","0","0","0","0","0","2","1","0","","0","0","0","","","1","","2","","40 20:09.028","","0","80 07:57.082","8","0","0","0","2119","0","0","0","N","0","0","0","3","02119","0","","1.0","","1","N","N","","1","","0","0","0","","0","","","3","1","0","0","0","1","1","2","0","3","","","","N","","","","","","","","","",""