"CRN","ARRIVAL_TM","AUTOMOBILE_COUNT","BELTED_DEATH_COUNT","BELTED_SUSP_SERIOUS_INJ_COUNT","BICYCLE_COUNT","BICYCLE_DEATH_COUNT","BICYCLE_SUSP_SERIOUS_INJ_COUNT","BUS_COUNT","CHLDPAS_DEATH_COUNT","CHLDPAS_SUSP_SERIOUS_INJ_COUNT","COLLISION_TYPE","COMM_VEH_COUNT","CONS_ZONE_SPD_LIM","COUNTY","CRASH_MONTH","CRASH_YEAR","DAY_OF_WEEK","DEC_LATITUDE","DEC_LONGITUDE","DISPATCH_TM","DISTRICT","DRIVER_COUNT_16YR","DRIVER_COUNT_17YR","DRIVER_COUNT_18YR","DRIVER_COUNT_19YR","DRIVER_COUNT_20YR","DRIVER_COUNT_50_64YR","DRIVER_COUNT_65_74YR","DRIVER_COUNT_75PLUS","EST_HRS_CLOSED","FATAL_COUNT","HEAVY_TRUCK_COUNT","HORSE_BUGGY_COUNT","HOUR_OF_DAY","ILLUMINATION","INJURY_COUNT","INTERSECTION_RELATED","INTERSECT_TYPE","LANE_CLOSED","LATITUDE","LN_CLOSE_DIR","LOCATION_TYPE","LONGITUDE","MAX_SEVERITY_LEVEL","MCYCLE_DEATH_COUNT","MCYCLE_SUSP_SERIOUS_INJ_COUNT","MOTORCYCLE_COUNT","MUNICIPALITY","NONMOTR_COUNT","NONMOTR_DEATH_COUNT","NONMOTR_SUSP_SERIOUS_INJ_COUNT","NTFY_HIWY_MAINT","PED_COUNT","PED_DEATH_COUNT","PED_SUSP_SERIOUS_INJ_COUNT","PERSON_COUNT","POLICE_AGCY","POSSIBLE_INJ_COUNT","RDWY_SURF_TYPE_CD","RELATION_TO_ROAD","ROADWAY_CLEARED","ROAD_CONDITION","SCH_BUS_IND","SCH_ZONE_IND","SECONDARY_CRASH","SMALL_TRUCK_COUNT","SPEC_JURIS_CD","SUSP_MINOR_INJ_COUNT","SUSP_SERIOUS_INJ_COUNT","SUV_COUNT","TCD_FUNC_CD","TCD_TYPE","TFC_DETOUR_IND","TIME_OF_DAY","TOTAL_UNITS","TOT_INJ_COUNT","UNBELTED_OCC_COUNT","UNB_DEATH_COUNT","UNB_SUSP_SERIOUS_INJ_COUNT","UNK_INJ_DEG_COUNT","UNK_INJ_PER_COUNT","URBAN_RURAL","VAN_COUNT","VEHICLE_COUNT","WEATHER1","WEATHER2","WORKERS_PRES","WORK_ZONE_IND","WORK_ZONE_LOC","WORK_ZONE_TYPE","WZ_CLOSE_DETOUR","WZ_FLAGGER","WZ_LAW_OFFCR_IND","WZ_LN_CLOSURE","WZ_MOVING","WZ_OTHER","WZ_SHLDER_MDN","WZ_WORKERS_INJ_KILLED"
"2010113144","","2","0","0","0","0","0","0","0","0","4","0","","02","11","2010","3","40.45335","-80.054508","","11","0","0","0","0","0","2","0","0","","0","0","0","","","0","","1","","40 27:12.060","","0","80 03:16.228","0","0","0","0","2301","0","0","0","N","0","0","0","2","02301","0","","1.0","","9","N","Y","","0","","0","0","0","","3","","","2","0","0","0","0","0","0","2","0","2","","","","N","","","","","","","","","",""
"2010113147","","1","0","0","0","0","0","0","0","0","7","0","","02","11","2010","4","40.557089","-80.140532","","11","0","0","0","0","1","0","0","0","","0","0","0","","","0","","0","","40 33:25.522","","0","80 08:25.915","0","0","0","0","2459","0","0","0","N","0","0","0","1","02459","0","","4.0","","9","N","N","","0","","0","0","0","","0","","","1","0","0","0","0","0","0","1","0","1","","","","N","","","","","","","","","",""
"2010113168","","1","0","0","0","0","0","0","0","0","7","0","","02","11","2010","3","40.497963","-79.835139","","11","0","0","0","0","0","0","0","0","2","0","0","0","","","0","","0","","40 29:52.666","5","0","79 50:06.501","0","0","0","0","2113","0","0","0","N","0","0","0","1","02113","0","","5.0","","9","N","N","","0","","0","0","0","","0","Y","","1","0","0","0","0","0","0","2","0","1","","","","N","","","","","","","","","",""
"2010113169","","2","0","0","0","0","0","0","0","0","5","0","","02","11","2010","2","40.502042","-80.06541","","11","0","0","0","0","0","0","0","0","2","0","0","0","","","0","","0","","40 30:07.351","6","0","80 03:55.477","0","0","0","0","2402","0","0","0","N","0","0","0","1","02402","0","","1.0","","1","N","N","","0","","0","0","0","","0","Y","","2","0","0","0","0","0","0","2","0","2","","","","N","","","","","","","","","",""
"2010113178","","1","0","0","0","0","0","0","0","0","1","0","","02","11","2010","4","40.440913","-80.079608","","11","0","0","0","0","0","0","0","0","","0","0","0","","","0","","0","","40 26:27.286","","0","80 04:46.588","0","0","0","0","2301","0","0","0","N","0","0","0","2","02301","0","","1.0","","1","N","N","","0","","0","0","1","","0","","","2","0","0","0","0","0","0","2","0","2","","","","N","","","","","","","","","",""
"2010113180","","3","0","0","0","0","0","0","0","0","1","0","","02","11","2010","7","40.310239","-80.033203","","11","0","0","0","0","0","0","0","0","1","0","0","0","","","2","","0","","40 18:36.860","1","0","80 01:59.531","8","0","0","0","2407","0","0","0","N","0","0","0","8","02407","0","","1.0","","1","N","N","","0","","0","0","0","","0","N","","3","2","0","0","0","2","0","2","0","3","","","","N","","","","","","","","","",""
"2010113181","","2","0","0","0","0","0","0","0","0","4","0","","02","11","2010","1","","","","11","0","0","0","0","0","0","0","1","","0","0","0","","","0","","0","","","","0","","0","0","0","0","2407","0","0","0","N","0","0","0","2","02407","0","","1.0","","9","N","N","","0","","0","0","0","","2","","","2","0","0","0","0","0","0","1","0","2","","","","N","","","","","","","","","",""
"2010113211","","0","0","0","0","0","0","0","0","0","1","0","","02","11","2010","4","40.481579","-80.033639","","11","0","0","0","0","0","0","0","0","","0","0","0","","","0","","0","","40 28:53.684","","0","80 02:01.100","0","0","0","0","2301","0","0","0","N","0","0","0","2","02301","0","","2.0","","1","N","N","","1","","0","0","1","","0","","","2","0","0","0","0","0","0","2","0","2","","","","N","","","","","","","","","",""
"2010113336","","2","0","0","0","0","0","0","0","0","1","0","","02","11","2010","4","40.343365","-79.96376","","11","0","0","0","0","0","0","0","0","","0","0","0","","","1","","0","","40 20:36.113","","0","79 57:49.537","8","0","0","0","2454","0","0","0","N","0","0","0","3","02454","0","","1.0","","1","N","N","","0","","0","0","0","","0","","","2","1","0","0","0","1","0","2","0","2","","","","N","","","","","","","","","",""
"2010113350","","0","0","0","0","0","0","0","0","0","1","0","","02","11","2010","4","40.46087","-79.924911","","11","0","0","0","0","0","0","0","0","","0","0","0","","","1","","0","","40 27:39.132","","0","79 55:29.678","8","0","0","0","2301","0","0","0","N","0","0","0","2","02301","0","","1.0","","1","N","N","","0","","0","0","2","","2","","","2","1","0","0","0","1","0","2","0","2","","","","N","","","","","","","","","",""
"2010113354","","2","0","0","0","0","0","0","0","0","1","0","","02","11","2010","4","40.629994","-80.057028","","11","0","0","0","0","0","1","0","0","","0","0","0","","","2","","0","","40 37:47.977","","7","80 03:25.300","8","0","0","0","2216","0","0","0","N","0","0","0","3","02505","0","","1.0","","1","N","N","","0","","0","0","0","","0","","","2","2","0","0","0","2","0","2","0","2","","","","N","","","","","","","","","",""
"2010113361","","1","0","0","0","0","0","0","0","0","4","0","","02","11","2010","4","40.673438","-80.097018","","11","0","0","0","0","0","0","1","0","","0","0","0","","","0","","1","","40 40:24.376","","0","80 05:49.263","0","0","0","0","2212","0","0","0","N","0","0","0","2","02505","0","","1.0","","1","N","N","","0","","0","0","0","","3","","","2","0","0","0","0","0","0","2","1","2","","","","N","","","","","","","","","",""
"2010113363","","2","0","0","0","0","0","0","0","0","4","0","","02","10","2010","2","40.361297","-79.982515","","11","0","0","0","0","0","0","0","0","","0","0","0","","","1","","3","","40 21:40.669","","0","79 58:57.053","8","0","0","0","2413","0","0","0","N","0","0","0","3","02413","0","","1.0","","1","N","N","","0","","0","0","0","","0","","","2","1","0","0","0","1","0","2","0","2","","","","N","","","","","","","","","",""
"2010113389","","1","0","0","0","0","0","0","0","0","7","0","","02","11","2010","4","40.387724","-80.043471","","11","0","0","0","0","1","0","0","0","1","0","0","0","","","0","","2","","40 23:15.808","2","0","80 02:36.497","0","0","0","0","2109","0","0","0","N","0","0","0","1","02109","0","","5.0","","9","N","N","","0","","0","0","0","","0","N","","1","0","0","0","0","0","0","2","0","1","","","","N","","","","","","","","","",""
"2010113391","","2","0","0","0","0","0","0","0","0","4","0","","02","11","2010","5","40.425657","-79.968822","","11","0","0","0","0","0","0","0","0","2","0","0","0","","","0","","0","","40 25:32.365","6","0","79 58:07.759","0","0","0","0","2301","0","0","0","N","0","0","0","1","02301","0","","1.0","","1","N","N","","0","","0","0","0","","0","Y","","2","0","0","0","0","0","0","2","0","2","","","","N","","","","","","","","","",""
"2010113399","","2","0","0","0","0","0","0","0","0","5","0","","02","11","2010","5","40.515756","-80.023411","","11","0","0","0","0","0","0","0","0","","0","0","0","","","0","","0","","40 30:56.721","","0","80 01:24.279","0","0","0","0","2474","0","0","0","N","0","0","0","1","02474","0","","6.0","","1","N","N","","0","","0","0","1","","0","","","3","0","1","0","0","0","0","2","0","3","","","","N","","","","","","","","","",""
"2010113400","","3","0","0","0","0","0","0","0","0","1","0","","02","11","2010","3","40.489486","-79.90355","","11","0","0","0","0","0","1","1","1","","0","0","0","","","0","","2","","40 29:22.151","","0","79 54:12.781","0","0","0","0","2401","0","0","0","N","0","0","0","3","02401","0","","1.0","","9","N","N","","0","","0","0","0","","0","","","3","0","0","0","0","0","0","2","0","3","","","","N","","","","","","","","","",""
"2010113406","","1","0","0","0","0","0","0","0","0","7","0","","02","11","2010","5","40.475319","-79.706578","","11","0","0","0","0","0","0","0","0","","0","0","0","","","0","","2","","40 28:31.148","","0","79 42:23.680","0","0","0","0","2466","0","0","0","N","0","0","0","2","02466","0","","5.0","","1","N","N","","0","","0","0","0","","0","","","1","0","0","0","0","0","0","2","0","1","","","","N","","","","","","","","","",""
"2010113420","","1","0","0","0","0","0","0","0","0","7","0","","02","10","2010","3","40.425959","-79.899534","","11","0","0","0","0","0","0","0","0","","0","0","0","","","1","","0","","40 25:33.454","","0","79 53:58.323","4","0","0","0","2301","0","0","0","N","0","0","0","1","68B03","1","","4.0","","9","N","N","","0","","0","0","0","","0","","","1","1","0","0","0","0","0","2","0","1","","","","N","","","","","","","","","",""
"2010113421","","1","0","0","0","0","0","0","0","0","1","0","","02","11","2010","4","40.421061","-80.046354","","11","0","0","0","1","0","0","0","0","","0","0","0","","","1","","0","","40 25:15.819","","0","80 02:46.876","4","0","0","0","2435","0","0","0","N","0","0","0","2","68B03","1","","1.0","","1","N","N","","1","","0","0","0","","0","","","2","1","0","0","0","0","0","2","0","2","","","","N","","","","","","","","","",""
"2010113422","","2","0","0","0","0","0","0","0","0","1","0","","02","11","2010","4","40.614858","-80.097026","","11","0","0","0","0","0","1","0","0","","0","0","0","","","1","","7","","40 36:53.487","","2","80 05:49.294","4","0","0","0","2481","0","0","0","N","0","0","0","2","68B03","1","","1.0","","1","N","N","","0","","0","0","0","","2","","","2","1","0","0","0","0","0","2","0","2","","","","N","","","","","","","","","",""
"2010113423","","1","0","0","0","0","0","0","0","0","7","0","","02","11","2010","2","40.358187","-80.118591","","11","0","0","0","0","0","0","1","0","3","0","0","0","","","1","","0","","40 21:29.472","1","0","80 07:06.928","4","0","0","0","2414","0","0","0","N","0","0","0","2","68B01","1","","3.0","","1","N","N","","1","","0","0","0","","0","N","","2","1","1","0","0","0","0","2","0","2","","","","N","","","","","","","","","",""
"2010113424","","1","0","0","0","0","0","0","0","0","1","0","","02","11","2010","2","40.358187","-80.118591","","11","0","0","0","0","0","0","0","0","3","0","0","0","","","1","","0","","40 21:29.472","1","0","80 07:06.928","4","0","0","0","2414","0","0","0","N","0","0","0","2","68B01","1","","1.0","","1","N","N","","0","","0","0","0","","0","N","","2","1","0","0","0","0","1","2","0","2","","","","N","","","","","","","","","",""
"2010113425","","0","0","0","0","0","0","0","0","0","7","0","","02","11","2010","3","40.552014","-80.086746","","11","0","0","0","0","0","0","0","0","","0","0","0","","","0","","0","","40 33:07.252","","0","80 05:12.284","0","0","0","0","2215","0","0","0","N","0","0","0","1","68B03","0","","4.0","","9","N","N","","1","","0","0","0","","0","","","1","0","1","0","0","0","0","2","0","1","","","","N","","","","","","","","","",""
"2010113426","","2","0","0","0","0","0","0","0","0","1","0","","02","11","2010","4","40.449772","-80.001704","","11","0","0","0","0","1","0","0","0","1","0","0","0","","","1","","0","","40 26:59.178","2","3","80 00:06.133","4","0","0","0","2301","0","0","0","N","0","0","0","2","68B03","1","","1.0","","1","N","N","","0","","0","0","0","","0","N","","2","1","0","0","0","0","0","2","0","2","","","","N","","","","","","","","","",""
"2010113552","","2","0","0","0","0","0","0","0","0","2","0","","02","10","2010","7","40.559512","-80.205528","","11","0","0","0","0","0","1","0","0","1","0","0","0","","","0","","2","","40 33:34.244","1","0","80 12:19.899","0","0","0","0","2441","0","0","0","N","0","0","0","3","02441","0","","1.0","","1","N","N","","0","","0","0","0","","3","N","","2","0","0","0","0","0","0","2","0","2","","","","N","","","","","","","","","",""
"2010113611","","1","0","0","0","0","0","0","0","0","4","0","","02","10","2010","3","40.344351","-79.884091","","11","0","0","0","0","0","0","0","0","","0","0","0","","","2","","2","","40 20:39.664","","3","79 53:02.728","4","0","0","0","2433","0","0","0","N","0","0","0","2","02433","1","","1.0","","1","N","N","","0","","0","0","1","","3","","","2","2","0","0","0","1","0","2","0","2","","","","N","","","","","","","","","",""
"2010113612","","2","0","0","0","0","0","0","0","0","2","0","","02","10","2010","7","40.566534","-80.037953","","11","0","0","0","0","0","0","0","0","2","0","0","0","","","2","","2","","40 33:59.521","5","0","80 02:16.629","8","0","0","0","2108","0","0","0","N","0","0","0","2","02108","0","","1.0","","1","N","N","","0","","0","0","0","","0","Y","","2","2","0","0","0","2","0","2","0","2","","","","N","","","","","","","","","",""
"2010113613","","1","0","0","0","0","0","0","0","0","4","0","","02","10","2010","4","40.609421","-80.04837","","11","0","0","0","0","0","0","0","0","","0","0","0","","","1","","0","","40 36:33.915","","0","80 02:54.132","8","0","0","0","2108","0","0","0","N","0","0","0","2","02108","0","","1.0","","1","N","N","","1","","0","0","0","","0","","","2","1","0","0","0","1","0","2","0","2","","","","N","","","","","","","","","",""
"2010113614","","0","0","0","0","0","0","0","0","0","1","0","","02","10","2010","5","40.57755","-80.026697","","11","0","0","0","0","1","0","0","0","1","0","0","0","","","1","","0","","40 34:39.180","2","0","80 01:36.110","4","0","0","0","2108","0","0","0","N","0","0","0","2","02108","1","","1.0","","1","N","N","","0","","0","0","1","","0","N","","2","1","0","0","0","0","0","2","1","2","","","","N","","","","","","","","","",""
"2010113615","","0","0","0","0","0","0","0","0","0","2","0","","02","10","2010","5","40.5868","-80.045118","","11","0","0","0","0","0","1","0","0","2","0","0","0","","","2","","1","","40 35:12.479","6","0","80 02:42.423","4","0","0","0","2108","0","0","0","N","0","0","0","2","02108","2","","1.0","","1","N","N","","0","","0","0","2","","2","Y","","2","2","0","0","0","0","0","2","0","2","","","","N","","","","","","","","","",""
"2010113616","","1","0","0","0","0","0","0","0","0","1","0","","02","10","2010","3","40.582174","-80.059731","","11","0","0","0","0","0","0","0","0","","0","0","0","","","1","","0","","40 34:55.825","","0","80 03:35.033","8","0","0","0","2108","0","0","0","N","0","0","0","3","02108","0","","1.0","","9","N","N","","0","","0","0","1","","0","","","2","1","0","0","0","1","0","2","0","2","","","","N","","","","","","","","","",""
"2010113617","","2","0","0","0","0","0","0","0","0","2","0","","02","10","2010","6","40.611968","-80.0542","","11","1","0","0","0","0","0","0","0","2","0","0","0","","","0","","0","","40 36:43.086","5","7","80 03:15.120","0","0","0","0","2108","0","0","0","N","0","0","0","2","02108","0","","1.0","","9","N","N","","0","","0","0","0","","2","N","","2","0","0","0","0","0","0","2","0","2","","","","N","","","","","","","","","",""
"2010113618","","1","0","0","0","0","0","0","0","0","1","0","","02","10","2010","5","40.565097","-79.995848","","11","0","0","0","0","0","1","0","1","1","0","0","0","","","0","","2","","40 33:54.348","6","0","79 59:45.053","0","0","0","0","2108","0","0","0","N","0","0","0","2","02108","0","","1.0","","9","N","N","","0","","0","0","0","","0","N","","2","0","0","0","0","0","0","2","1","2","","","","N","","","","","","","","","",""
"2010113844","","1","0","0","0","0","0","0","0","0","4","0","","02","11","2010","4","40.382063","-80.052344","","11","0","0","0","0","0","0","0","0","1","0","0","0","","","0","","2","","40 22:55.425","2","0","80 03:08.437","0","0","0","0","2109","0","0","0","N","0","0","0","2","02109","0","","1.0","","1","N","N","","0","","0","0","1","","3","N","","2","0","0","0","0","0","0","2","0","2","","","","N","","","","","","","","","",""
"2010113852","","1","0","0","0","0","0","0","0","0","4","0","","02","11","2010","1","40.433331","-79.789367","","11","0","0","0","0","0","1","0","0","","0","0","0","","","1","","0","","40 25:59.990","","7","79 47:21.720","3","0","0","0","2446","0","0","0","N","0","0","0","6","02446","0","","1.0","","9","N","N","","1","","1","0","1","","3","","","3","1","0","0","0","0","0","2","0","3","","","","N","","","","","","","","","",""
"2010113859","","1","0","0","0","0","0","0","0","0","7","0","","02","11","2010","1","40.468657","-79.931381","","11","0","0","0","0","0","0","0","0","","0","0","0","","","0","","0","","40 28:07.165","","0","79 55:52.971","9","0","0","0","2301","0","0","0","N","0","0","0","1","02301","0","","4.0","","9","N","N","","0","","0","0","0","","0","","","1","0","0","0","0","0","1","2","0","1","","","","N","","","","","","","","","",""
"2010113869","","2","0","0","0","0","0","0","0","0","4","0","","02","11","2010","5","40.446621","-79.893602","","11","0","0","0","0","0","0","0","0","","0","0","0","","","0","","2","","40 26:47.835","","0","79 53:36.967","0","0","0","0","2301","0","0","0","N","0","0","0","4","02301","0","","1.0","","1","N","N","","0","","0","0","0","","3","","","2","0","1","0","0","0","0","2","0","2","","","","N","","","","","","","","","",""
"2010113878","","0","0","0","0","0","0","0","0","0","5","1","","02","11","2010","5","40.456934","-79.998833","","11","0","0","0","0","0","0","0","0","2","0","1","0","","","0","","1","","40 27:24.964","2","0","79 59:55.797","0","0","0","0","2301","0","0","0","N","0","0","0","5","02301","0","","1.0","","1","N","N","","0","","0","0","0","","2","N","","2","0","0","0","0","0","0","2","1","2","","","","N","","","","","","","","","",""
"2010113892","","1","0","0","0","0","0","0","0","0","4","0","","02","11","2010","5","40.499994","-80.052489","","11","0","0","0","0","0","1","0","0","1","0","0","0","","","1","","1","","40 29:59.978","2","0","80 03:08.960","8","0","0","0","2404","0","0","0","N","0","0","0","3","02404","0","","1.0","","1","N","N","","0","","0","0","0","","3","Y","","2","1","0","0","0","1","1","2","1","2","","","","N","","","","","","","","","",""
"2010113905","","1","0","0","0","0","0","0","0","0","2","0","","02","11","2010","7","40.333894","-79.896959","","11","0","0","0","0","0","0","0","0","1","0","0","0","","","7","","0","","40 20:02.018","5","0","79 53:49.051","8","0","0","0","2473","0","0","0","N","0","0","0","8","02473","0","","1.0","","1","N","N","","0","","0","0","0","","0","Y","","2","7","0","0","0","7","0","2","1","2","","","","N","","","","","","","","","",""
"2010113910","","1","0","0","0","0","0","0","0","0","4","0","","02","11","2010","6","40.36411","-79.867229","","11","0","0","0","0","0","1","0","0","1","0","0","0","","","0","","1","","40 21:50.796","2","0","79 52:02.024","0","0","0","0","2473","0","0","0","N","0","0","0","2","02473","0","","1.0","","1","N","N","","1","","0","0","0","","3","N","","2","0","0","0","0","0","0","2","0","2","","","","N","","","","","","","","","",""
"2010113913","","0","0","0","0","0","0","0","0","0","4","0","","02","11","2010","5","40.457209","-79.904368","","11","0","0","0","0","0","0","0","0","","0","0","0","","","1","","1","","40 27:25.954","","0","79 54:15.724","8","0","0","0","2301","0","0","0","N","0","0","0","3","02301","0","","1.0","","1","N","N","","0","","0","0","1","","2","","","2","1","0","0","0","1","0","2","0","2","","","","N","","","","","","","","","",""
"2010113915","","0","0","0","0","0","0","0","0","0","4","0","","02","11","2010","5","40.623006","-80.053857","","11","0","0","0","0","0","2","0","0","2","0","0","0","","","1","","1","","40 37:22.823","2","0","80 03:13.885","8","0","0","0","2216","0","0","0","N","0","0","0","2","02505","0","","1.0","","9","N","N","","1","","0","0","1","","2","Y","","2","1","0","0","0","1","0","2","0","2","","","","N","","","","","","","","","",""
"2010113921","","2","0","0","0","0","0","0","0","0","4","0","","02","11","2010","3","40.446873","-79.954817","","11","0","0","0","0","0","0","0","0","1","0","0","0","","","2","","1","","40 26:48.742","4","0","79 57:17.341","4","0","0","0","2301","0","0","0","N","0","0","0","3","02506","2","","1.0","","1","N","N","","0","","0","0","0","","3","N","","2","2","0","0","0","0","0","2","0","2","","","","N","","","","","","","","","",""
"2010113923","","2","0","0","0","0","0","0","0","0","1","0","","02","11","2010","4","40.33245","-79.93379","","11","0","0","0","1","0","1","0","0","","0","0","0","","","1","","1","","40 19:56.821","","0","79 56:01.645","8","0","0","0","2473","0","0","0","N","0","0","0","5","02473","0","","1.0","","1","N","N","","1","","0","0","0","","2","","","3","1","1","0","0","1","0","2","0","3","","","","N","","","","","","","","","",""
"2010113924","","2","0","0","0","0","0","0","0","0","4","0","","02","11","2010","5","40.518278","-79.832361","","11","0","0","0","0","0","1","0","0","1","0","0","0","","","1","","1","","40 31:05.800","3","0","79 49:56.499","4","0","0","0","2451","0","0","0","N","0","0","0","2","02451","1","","1.0","","1","N","N","","0","","0","0","0","","3","N","","2","1","2","0","0","0","0","2","0","2","","","","N","","","","","","","","","",""
"2010113984","","1","0","0","0","0","0","0","0","0","1","0","","02","11","2010","4","40.428849","-79.956164","","11","0","0","0","0","1","0","0","0","1","0","0","0","","","0","","6","","40 25:43.856","3","2","79 57:22.191","0","0","0","0","2301","0","0","0","N","0","0","0","5","68B03","0","","1.0","","1","N","N","","0","","0","0","1","","4","N","","2","0","3","0","0","0","0","2","0","2","","","","N","","","","","","","","","",""
"2010113985","","2","0","0","0","0","0","0","0","0","1","0","","02","11","2010","5","40.425815","-79.900143","","11","0","0","0","0","0","2","0","0","2","0","0","0","","","2","","0","","40 25:32.934","3","0","79 54:00.516","3","0","0","0","2301","0","0","0","Y","0","0","0","5","68B03","1","","1.0","","9","N","N","","1","","1","0","0","","0","N","","4","2","0","0","0","0","0","2","1","4","","","","N","","","","","","","","","",""
"2010113986","","0","0","0","0","0","0","0","0","0","7","0","","02","11","2010","3","40.425615","-79.90408","","11","0","0","0","0","0","0","0","0","2","0","0","0","","","2","","0","","40 25:32.215","3","0","79 54:14.687","3","0","0","0","2301","0","0","0","N","0","0","0","2","68B03","1","","4.0","","1","N","N","","0","","1","0","1","","0","N","","1","2","0","0","0","0","0","2","0","1","","","","N","","","","","","","","","",""
"2010113987","","4","0","0","0","0","0","0","0","0","1","0","","02","11","2010","4","40.413244","-80.080373","","11","0","0","0","0","0","2","0","0","2","0","0","0","","","1","","0","","40 24:47.679","4","3","80 04:49.344","4","0","0","0","2457","0","0","0","N","0","0","0","6","68B03","1","","1.0","","1","N","N","","0","","0","0","1","","0","N","","5","1","0","0","0","0","0","2","0","5","","","","N","","","","","","","","","",""
"2010114049","","1","0","0","0","0","0","0","0","0","7","0","","02","11","2010","3","40.55412","-80.1843","","11","0","0","0","0","0","0","0","1","1","0","0","0","","","1","","0","","40 33:14.832","3","0","80 11:03.480","3","0","0","0","2427","0","0","0","N","0","0","0","1","02427","0","","5.0","","1","N","N","","0","","1","0","0","","0","N","","1","1","0","0","0","0","0","1","0","1","","","","N","","","","","","","","","",""
"2010114050","","0","0","0","0","0","0","0","0","0","0","0","","02","10","2010","4","40.568307","-80.037678","","11","0","0","0","0","0","0","0","0","2","0","0","0","","","1","","2","","40 34:05.906","2","0","80 02:15.640","8","0","0","1","2108","0","0","0","N","0","0","0","1","02108","0","","1.0","","1","N","N","","0","","0","0","0","","0","N","","1","1","0","0","0","1","0","2","0","1","","","","N","","","","","","","","","",""
"2010114054","","1","0","0","0","0","0","0","0","0","8","0","","02","10","2010","4","","","","11","0","0","0","1","0","0","0","0","","0","0","0","","","1","","0","","","","0","","8","0","0","0","2447","1","0","0","N","1","0","0","3","02447","0","","1.0","","1","N","N","","0","","0","0","0","","3","","","2","1","1","0","0","1","1","1","0","1","","","","N","","","","","","","","","",""
"2010114091","","2","0","0","0","0","0","0","0","0","6","0","","02","11","2010","5","40.406379","-79.826847","","11","0","0","0","0","0","0","0","0","1","0","0","0","","","0","","1","","40 24:22.965","1","0","79 49:36.649","9","0","0","0","2467","0","0","0","N","0","0","0","2","02467","0","","1.0","","1","N","N","","0","","0","0","0","","2","N","","2","0","0","0","0","0","1","2","0","2","","","","N","","","","","","","","","",""
"2010114108","","3","0","0","0","0","0","0","0","0","1","0","","02","11","2010","5","40.460356","-79.823716","","11","0","0","0","0","1","0","0","0","","0","0","0","","","0","","0","","40 27:37.282","","7","79 49:25.379","0","0","0","0","2113","0","0","0","N","0","0","0","4","02113","0","","1.0","","1","N","N","","0","","0","0","0","","0","","","3","0","0","0","0","0","0","2","0","3","","","","N","","","","","","","","","",""
"2010114111","","0","0","0","0","0","0","0","0","0","0","0","","02","11","2010","4","40.636706","-79.979515","","11","0","0","0","0","0","0","0","0","","0","0","0","","","1","","0","","40 38:12.141","","0","79 58:46.254","3","0","0","0","2217","0","0","0","N","0","0","0","3","02505","0","","1.0","","1","N","N","","0","","1","0","1","","0","","","1","1","1","0","0","0","0","1","0","1","","","","N","","","","","","","","","",""
"2010114138","","1","0","0","0","0","0","0","0","0","7","0","","02","11","2010","6","40.494458","-79.946448","","11","0","0","0","0","0","1","0","0","","0","0","0","","","1","","0","","40 29:40.050","","0","79 56:47.211","8","0","0","0","2430","0","0","0","N","0","0","0","1","02430","0","","2.0","","1","N","N","","0","","0","0","0","","0","","","1","1","0","0","0","1","0","2","0","1","","","","N","","","","","","","","","",""
"2010114169","","3","0","0","0","0","0","0","0","0","1","0","","02","11","2010","6","40.438854","-80.152524","","11","0","0","0","0","1","0","0","0","","0","0","0","","","0","","0","","40 26:19.873","","0","80 09:09.085","0","0","0","0","2115","0","0","0","N","0","0","0","3","68B03","0","","1.0","","1","N","N","","0","","0","0","0","","0","","","3","0","0","0","0","0","0","2","0","3","","","","N","","","","","","","","","",""
"2010114171","","1","0","0","0","0","0","0","0","0","4","0","","02","11","2010","2","40.442789","-80.181627","","11","0","0","0","0","0","1","0","0","1","0","0","0","","","1","","0","","40 26:34.042","4","0","80 10:53.856","3","0","0","0","2214","0","0","0","N","0","0","0","2","68B03","0","","1.0","","1","N","N","","0","","1","0","0","","0","N","","2","1","1","0","0","0","0","2","1","2","","","","N","","","","","","","","","",""
"2010114172","","4","0","0","0","0","0","0","0","0","1","0","","02","11","2010","3","40.514673","-80.134299","","11","0","0","0","0","0","2","0","0","","0","0","0","","","1","","0","","40 30:52.821","","3","80 08:03.476","4","0","0","0","2110","0","0","0","N","0","0","0","4","68B03","1","","1.0","","9","N","N","","0","","0","0","0","","0","","","4","1","0","0","0","0","0","2","0","4","","","","N","","","","","","","","","",""
"2010114274","","1","0","0","0","0","0","0","0","0","1","0","","02","11","2010","4","40.566143","-80.007899","","11","0","0","0","0","0","0","0","1","1","0","0","0","","","0","","0","","40 33:58.115","1","0","80 00:28.438","0","0","0","0","2108","0","0","0","N","0","0","0","2","02108","0","","1.0","","1","N","N","","0","","0","0","1","","0","N","","2","0","0","0","0","0","0","2","0","2","","","","N","","","","","","","","","",""
"2010114275","","2","0","0","0","0","0","0","0","0","1","0","","02","11","2010","3","40.56134","-80.013059","","11","0","0","0","0","0","1","0","1","","0","0","0","","","1","","1","","40 33:40.824","","0","80 00:47.013","4","0","0","0","2108","0","0","0","N","0","0","0","2","02108","1","","1.0","","1","N","N","","0","","0","0","0","","2","","","2","1","0","0","0","0","0","2","0","2","","","","N","","","","","","","","","",""
"2010114276","","1","0","0","0","0","0","0","0","0","7","0","","02","11","2010","3","40.567642","-80.049757","","11","0","0","0","0","0","0","0","0","","0","0","0","","","0","","0","","40 34:03.512","","0","80 02:59.125","0","0","0","0","2108","0","0","0","N","0","0","0","1","02108","0","","5.0","","1","N","N","","0","","0","0","0","","0","","","1","0","0","0","0","0","0","2","0","1","","","","N","","","","","","","","","",""