"CRN","ARRIVAL_TM","AUTOMOBILE_COUNT","BELTED_DEATH_COUNT","BELTED_SUSP_SERIOUS_INJ_COUNT","BICYCLE_COUNT","BICYCLE_DEATH_COUNT","BICYCLE_SUSP_SERIOUS_INJ_COUNT","BUS_COUNT","CHLDPAS_DEATH_COUNT","CHLDPAS_SUSP_SERIOUS_INJ_COUNT","COLLISION_TYPE","COMM_VEH_COUNT","CONS_ZONE_SPD_LIM","COUNTY","CRASH_MONTH","CRASH_YEAR","DAY_OF_WEEK","DEC_LATITUDE","DEC_LONGITUDE","DISPATCH_TM","DISTRICT","DRIVER_COUNT_16YR","DRIVER_COUNT_17YR","DRIVER_COUNT_18YR","DRIVER_COUNT_19YR","DRIVER_COUNT_20YR","DRIVER_COUNT_50_64YR","DRIVER_COUNT_65_74YR","DRIVER_COUNT_75PLUS","EST_HRS_CLOSED","FATAL_COUNT","HEAVY_TRUCK_COUNT","HORSE_BUGGY_COUNT","HOUR_OF_DAY","ILLUMINATION","INJURY_COUNT","INTERSECTION_RELATED","INTERSECT_TYPE","LANE_CLOSED","LATITUDE","LN_CLOSE_DIR","LOCATION_TYPE","LONGITUDE","MAX_SEVERITY_LEVEL","MCYCLE_DEATH_COUNT","MCYCLE_SUSP_SERIOUS_INJ_COUNT","MOTORCYCLE_COUNT","MUNICIPALITY","NONMOTR_COUNT","NONMOTR_DEATH_COUNT","NONMOTR_SUSP_SERIOUS_INJ_COUNT","NTFY_HIWY_MAINT","PED_COUNT","PED_DEATH_COUNT","PED_SUSP_SERIOUS_INJ_COUNT","PERSON_COUNT","POLICE_AGCY","POSSIBLE_INJ_COUNT","RDWY_SURF_TYPE_CD","RELATION_TO_ROAD","ROADWAY_CLEARED","ROAD_CONDITION","SCH_BUS_IND","SCH_ZONE_IND","SECONDARY_CRASH","SMALL_TRUCK_COUNT","SPEC_JURIS_CD","SUSP_MINOR_INJ_COUNT","SUSP_SERIOUS_INJ_COUNT","SUV_COUNT","TCD_FUNC_CD","TCD_TYPE","TFC_DETOUR_IND","TIME_OF_DAY","TOTAL_UNITS","TOT_INJ_COUNT","UNBELTED_OCC_COUNT","UNB_DEATH_COUNT","UNB_SUSP_SERIOUS_INJ_COUNT","UNK_INJ_DEG_COUNT","UNK_INJ_PER_COUNT","URBAN_RURAL","VAN_COUNT","VEHICLE_COUNT","WEATHER1","WEATHER2","WORKERS_PRES","WORK_ZONE_IND","WORK_ZONE_LOC","WORK_ZONE_TYPE","WZ_CLOSE_DETOUR","WZ_FLAGGER","WZ_LAW_OFFCR_IND","WZ_LN_CLOSURE","WZ_MOVING","WZ_OTHER","WZ_SHLDER_MDN","WZ_WORKERS_INJ_KILLED"
"2010116525","","3","0","0","0","0","0","0","0","0","4","0","","02","11","2010","2","40.433586","-79.963037","","11","0","0","0","0","0","0","1","0","2","0","0","0","","","2","","0","","40 26:00.910","4","0","79 57:46.933","4","0","0","0","2301","0","0","0","N","0","0","0","4","68B03","2","","1.0","","1","N","N","","0","","0","0","0","","0","N","","3","2","0","0","0","0","0","2","0","3","","","","N","","","","","","","","","",""
"2010116526","","0","0","0","0","0","0","0","0","0","7","1","20","02","11","2010","4","40.513525","-80.134727","","11","0","0","0","0","0","1","0","0","","0","1","0","","","1","","0","","40 30:48.691","","2","80 08:05.018","4","0","0","0","2110","1","0","0","N","1","0","0","2","68B03","1","","4.0","","1","N","N","","0","","0","0","0","","0","","","2","1","0","0","0","0","0","2","0","1","","","Y","Y","4","1","N","N","N","N","N","N","Y",""
"2010116527","","0","0","0","0","0","0","0","0","0","7","0","","02","11","2010","5","40.528223","-80.072148","","11","0","0","0","0","0","0","0","0","3","0","0","0","","","0","","0","","40 31:41.601","2","0","80 04:19.733","0","0","0","0","2215","0","0","0","N","0","0","0","1","68B03","0","","3.0","","8","N","N","","0","","0","0","1","","0","N","","1","0","0","0","0","0","0","2","0","1","","","","N","","","","","","","","","",""
"2010116528","","1","0","0","0","0","0","0","0","0","7","0","","02","11","2010","5","40.441643","-80.184088","","11","0","0","1","0","0","0","0","0","1","0","0","0","","","0","","0","","40 26:29.915","3","0","80 11:02.715","0","0","0","0","2214","0","0","0","N","0","0","0","2","68B03","0","","3.0","","9","N","N","","0","","0","0","0","","0","N","","1","0","0","0","0","0","0","1","0","1","","","","N","","","","","","","","","",""
"2010116529","","1","0","0","0","0","0","0","0","0","7","0","","02","11","2010","5","40.558437","-80.084433","","11","0","0","0","0","0","0","1","0","2","0","0","0","","","1","","0","","40 33:30.374","1","0","80 05:03.960","4","0","0","0","2481","0","0","0","Y","0","0","0","1","68B03","1","","4.0","","9","N","N","","0","","0","0","0","","0","N","","1","1","0","0","0","0","0","2","0","1","","","","N","","","","","","","","","",""
"2010116575","","1","0","0","0","0","0","0","0","0","7","0","","02","11","2010","6","40.396479","-79.902923","","11","0","1","0","0","0","0","0","0","2","0","0","0","","","2","","0","","40 23:47.323","5","0","79 54:10.522","4","0","0","0","2448","0","0","0","N","0","0","0","2","02448","2","","2.0","","9","N","N","","0","","0","0","0","","0","Y","","1","2","2","0","0","0","0","2","0","1","","","","N","","","","","","","","","",""
"2010116578","","1","0","0","0","0","0","0","0","0","4","0","","02","11","2010","5","40.650984","-79.934234","","11","0","1","0","1","0","0","0","0","","0","0","0","","","0","","1","","40 39:03.544","","0","79 56:03.242","0","0","0","0","2217","0","0","0","N","0","0","0","2","02505","0","","1.0","","9","N","N","","0","","0","0","1","","3","","","2","0","0","0","0","0","0","2","0","2","","","","N","","","","","","","","","",""
"2010116581","","0","0","0","0","0","0","0","0","0","7","0","","02","11","2010","5","40.411765","-79.876592","","11","0","0","0","0","0","0","0","0","","0","0","0","","","0","","0","","40 24:42.354","","7","79 52:35.731","0","0","0","0","2456","0","0","0","N","0","0","0","1","02456","0","","4.0","","9","N","N","","0","","0","0","0","","0","","","1","0","0","0","0","0","0","2","1","1","","05","","N","","","","","","","","","",""
"2010116590","","2","0","0","0","0","0","0","0","0","1","0","","02","11","2010","4","40.424587","-79.790367","","11","0","1","0","0","0","0","0","0","2","0","0","0","","","3","","10","","40 25:28.513","3","0","79 47:25.321","8","0","0","0","2446","0","0","0","N","0","0","0","6","02446","0","","1.0","","1","N","N","","0","","0","0","1","","2","Y","","3","3","0","0","0","3","1","2","0","3","","","","N","","","","","","","","","",""
"2010116609","","1","0","0","0","0","0","0","0","0","7","0","","02","11","2010","6","40.453032","-80.003615","","11","0","0","0","0","0","1","0","0","","0","0","0","","","1","","2","","40 27:10.916","","0","80 00:13.015","3","0","0","0","2301","0","0","0","N","0","0","0","1","02301","0","","3.0","","1","N","N","","0","","1","0","0","","2","","","1","1","0","0","0","0","0","2","0","1","","","","N","","","","","","","","","",""
"2010116613","","0","0","0","0","0","0","0","0","0","0","0","","02","11","2010","4","40.464546","-80.057973","","11","0","0","0","0","0","0","0","0","1","0","0","0","","","0","","2","","40 27:52.367","3","0","80 03:28.704","0","0","0","0","2444","0","0","0","N","0","0","0","1","02444","0","","1.0","","1","N","N","","0","","0","0","0","","3","N","","1","0","0","0","0","0","0","2","1","1","","","","N","","","","","","","","","",""
"2010116628","","1","0","0","0","0","0","0","0","0","4","1","","02","11","2010","6","40.444202","-80.028173","","11","0","0","0","0","1","0","0","0","3","1","1","0","","","2","","10","","40 26:39.126","5","0","80 01:41.424","1","0","0","0","2301","0","0","0","N","0","0","0","3","02301","1","1","1.0","","1","N","N","","0","0","0","0","0","","2","Y","","2","2","3","1","0","1","0","2","0","2","","","","N","","","","","","","","","",""
"2010116634","","2","0","0","0","0","0","0","0","0","1","0","","02","11","2010","6","40.438864","-79.762536","","11","0","0","0","0","0","1","0","0","","0","0","0","","","1","","0","","40 26:19.910","","7","79 45:45.128","4","0","0","0","2446","0","0","0","N","0","0","0","3","02446","1","","1.0","","1","N","N","","0","","0","0","0","","2","","","2","1","0","0","0","0","0","2","0","2","","","","N","","","","","","","","","",""
"2010116636","","0","0","0","0","0","0","0","0","0","7","0","","02","11","2010","5","40.347389","-79.816808","","11","0","0","0","0","0","1","0","0","","0","0","0","","","0","","0","","40 20:50.601","","0","79 49:00.510","0","0","0","0","2477","0","0","0","N","0","0","0","1","02477","0","","2.0","","9","N","N","","1","","0","0","0","","0","","","1","0","0","0","0","0","0","2","0","1","","","","N","","","","","","","","","",""
"2010116644","","3","0","0","0","0","0","0","0","0","4","0","","02","11","2010","4","40.401308","-80.063113","","11","0","0","1","0","0","1","0","0","2","0","0","0","","","1","","2","","40 24:04.710","5","0","80 03:47.205","8","0","0","0","2117","0","0","0","N","0","0","0","5","02117","0","","1.0","","1","N","N","","1","","0","0","0","","0","N","","4","1","0","0","0","1","1","2","0","4","","","","N","","","","","","","","","",""
"2010116711","","1","0","0","0","0","0","0","0","0","1","0","","02","11","2010","6","40.438739","-79.752328","","11","0","0","0","0","0","1","0","0","","0","0","0","","","2","","6","","40 26:19.462","","2","79 45:08.381","4","0","0","0","2446","0","0","0","N","0","0","0","3","02446","2","","1.0","","1","N","N","","0","","0","0","2","","3","","","3","2","0","0","0","0","1","2","0","3","","","","N","","","","","","","","","",""
"2010116719","","1","0","0","0","0","0","0","0","0","7","0","","02","11","2010","5","40.518008","-80.017065","","11","0","0","0","0","0","0","0","0","","0","0","0","","","0","","3","","40 31:04.828","","0","80 01:01.434","0","0","0","0","2116","0","0","0","Y","0","0","0","1","02116","0","","5.0","","9","N","N","","0","","0","0","0","","0","","","1","0","0","0","0","0","0","2","0","1","","","","N","","","","","","","","","",""
"2010116723","","1","0","0","0","0","0","0","0","0","4","0","","02","11","2010","6","40.372373","-79.981915","","11","0","0","0","0","0","0","0","0","2","0","0","0","","","0","","0","","40 22:20.541","5","7","79 58:54.893","0","0","0","0","2413","0","0","0","N","0","0","0","3","02413","0","","1.0","","1","N","N","","0","","0","0","1","","3","Y","","2","0","1","0","0","0","0","2","0","2","","","","N","","","","","","","","","",""
"2010116724","","1","0","0","0","0","0","0","0","0","8","0","","02","11","2010","6","40.464806","-79.979874","","11","0","0","0","0","0","0","0","0","1","0","0","0","","","1","","1","","40 27:53.301","1","0","79 58:47.548","3","0","0","0","2301","1","0","0","N","1","0","0","3","02301","0","","1.0","","1","N","N","","0","","1","0","1","","0","N","","3","1","1","0","0","0","0","2","0","2","","","","N","","","","","","","","","",""
"2010116725","","2","0","0","0","0","0","0","0","0","4","0","","02","11","2010","2","40.390883","-80.05919","","11","0","0","1","0","0","0","1","0","","0","0","0","","","0","","0","","40 23:27.179","","0","80 03:33.085","0","0","0","0","2117","0","0","0","N","0","0","0","2","02117","0","","1.0","","1","N","N","","0","","0","0","0","","0","","","2","0","0","0","0","0","0","2","0","2","","","","N","","","","","","","","","",""
"2010116727","","1","0","0","0","0","0","0","0","0","1","0","","02","11","2010","6","40.362373","-79.826135","","11","0","0","0","0","0","1","0","0","1","0","0","0","","","0","","1","","40 21:44.541","5","0","79 49:34.085","0","0","0","0","2111","0","0","0","N","0","0","0","3","02111","0","","1.0","","1","N","N","","0","","0","0","1","","2","Y","","3","0","0","0","0","0","0","2","1","3","","","","N","","","","","","","","","",""
"2010116741","","0","0","0","0","0","0","0","0","0","7","0","","02","11","2010","6","40.404156","-79.95287","","11","0","0","0","0","0","0","0","0","3","0","0","0","","","1","","0","","40 24:14.963","5","0","79 57:10.333","3","0","0","0","2301","0","0","0","N","0","0","0","1","02403","0","","4.0","","2","N","N","","0","","1","0","0","","0","Y","","1","1","1","0","0","0","0","2","1","1","","","","N","","","","","","","","","",""
"2010116743","","1","0","0","0","0","0","0","0","0","7","0","","02","11","2010","7","40.422927","-79.911713","","11","0","0","1","0","0","0","0","0","2","0","0","0","","","0","","2","","40 25:22.537","3","0","79 54:42.166","0","0","0","0","2301","0","0","0","N","0","0","0","2","02301","0","","5.0","","1","N","N","","0","","0","0","0","","0","N","","1","0","0","0","0","0","0","2","0","1","","","","N","","","","","","","","","",""
"2010116744","","1","0","0","0","0","0","0","0","0","7","0","","02","11","2010","6","40.300879","-79.928514","","11","0","0","0","0","0","0","0","0","1","0","0","0","","","2","","0","","40 18:03.164","1","0","79 55:42.649","8","0","0","0","2440","0","0","0","Y","0","0","0","2","02440","0","","1.0","","2","N","N","","0","","0","0","0","","0","N","","1","2","0","0","0","2","0","2","0","1","","","","N","","","","","","","","","",""
"2010116750","","1","0","0","0","0","0","0","0","0","7","0","","02","11","2010","7","40.351977","-79.852797","","11","0","0","0","0","1","0","0","0","","0","0","0","","","3","","2","","40 21:07.117","","0","79 51:10.069","8","0","0","0","2304","0","0","0","N","0","0","0","3","02304","0","","5.0","","1","N","N","","0","","0","0","0","","0","","","1","3","2","0","0","3","0","2","0","1","","","","N","","","","","","","","","",""
"2010116754","","2","0","0","0","0","0","0","0","0","4","0","","02","11","2010","6","40.428618","-79.992209","","11","0","0","0","0","0","0","0","0","","0","0","0","","","0","","1","","40 25:43.023","","0","79 59:31.952","0","0","0","0","2301","0","0","0","N","0","0","0","2","02301","0","","1.0","","1","N","N","","0","","0","0","0","","3","","","2","0","0","0","0","0","0","2","0","2","","","","N","","","","","","","","","",""
"2010116815","","1","0","0","0","0","0","0","0","0","1","0","","02","11","2010","4","40.436775","-79.749635","","11","0","0","0","0","1","0","0","0","1","0","0","0","","","0","","0","","40 26:12.390","4","0","79 44:58.685","0","0","0","0","2446","0","0","0","N","0","0","0","3","68T02","0","","1.0","","1","N","N","","0","","0","0","1","","0","N","","2","0","0","0","0","0","0","2","0","2","","","","N","","","","","","","","","",""
"2010116844","","1","0","0","0","0","0","0","0","0","1","0","","02","11","2010","7","40.439731","-79.897352","","11","0","0","0","0","0","0","0","0","","0","0","0","","","0","","0","","40 26:23.031","","0","79 53:50.467","9","0","0","0","2301","0","0","0","N","0","0","0","1","02301","0","","6.0","","1","N","N","","0","","0","0","0","","0","","","3","0","0","0","0","0","1","2","1","3","","","","N","","","","","","","","","",""
"2010116855","","1","0","0","0","0","0","0","0","0","7","0","","02","11","2010","7","40.48927","-79.778258","","11","0","0","0","0","1","0","0","0","","0","0","0","","","0","","0","","40 29:21.372","","0","79 46:41.728","0","0","0","0","2466","0","0","0","N","0","0","0","1","02466","0","","4.0","","1","N","N","","0","","0","0","0","","0","","","1","0","0","0","0","0","0","2","0","1","","","","N","","","","","","","","","",""
"2010116875","","2","0","0","0","0","0","0","0","0","1","0","","02","11","2010","6","40.402123","-80.026168","","11","0","0","0","1","0","0","0","0","","0","0","0","","","1","","0","","40 24:07.642","","0","80 01:34.204","4","0","0","0","2301","0","0","0","N","0","0","0","1","02301","1","","2.0","","1","N","N","","0","","0","0","1","","0","","","3","1","0","0","0","0","0","2","0","3","","","","N","","","","","","","","","",""
"2010116894","","1","0","0","0","0","0","0","0","0","4","0","","02","11","2010","6","40.367795","-79.848121","","11","0","0","0","0","0","2","0","0","1","0","0","0","","","1","","2","","40 22:04.062","2","0","79 50:53.235","8","0","0","0","2303","0","0","0","N","0","0","0","2","02303","0","","1.0","","1","N","Y","","0","","0","0","1","","0","N","","2","1","0","0","0","1","0","2","0","2","","","","N","","","","","","","","","",""
"2010116896","","1","0","0","0","0","0","1","0","0","4","1","","02","11","2010","7","40.440245","-79.993338","","11","0","0","0","0","0","1","0","0","","0","0","0","","","2","","2","","40 26:24.882","","0","79 59:36.016","4","0","0","0","2301","0","0","0","N","0","0","0","4","02503","2","","1.0","","1","N","N","","0","","0","0","0","","0","","","2","2","1","0","0","0","0","2","0","2","","","","N","","","","","","","","","",""
"2010116902","","2","0","0","0","0","0","0","0","0","1","0","","02","11","2010","6","40.347637","-80.053764","","11","0","0","0","0","0","0","0","0","1","0","0","0","","","1","","0","","40 20:51.492","2","0","80 03:13.550","4","0","0","0","2407","0","0","0","N","0","0","0","9","02407","1","","1.0","","1","N","N","","0","","0","0","1","","0","N","","4","1","1","0","0","0","0","2","1","4","","","","N","","","","","","","","","",""
"2010116903","","1","0","0","0","0","0","0","0","0","1","0","","02","11","2010","6","40.29989","-80.030019","","11","0","0","0","0","0","1","0","0","","0","0","0","","","1","","0","","40 17:59.605","","0","80 01:48.068","4","0","0","0","2407","0","0","0","N","0","0","0","3","02407","1","","1.0","","1","N","N","","1","","0","0","0","","0","","","2","1","0","0","0","0","0","2","0","2","","","","N","","","","","","","","","",""
"2010116904","","0","0","0","0","0","0","0","0","0","7","0","","02","11","2010","5","40.306565","-80.035107","","11","0","0","0","0","0","0","0","0","2","0","0","0","","","0","","0","","40 18:23.635","6","0","80 02:06.385","0","0","0","0","2407","0","0","0","N","0","0","0","1","02407","0","","4.0","","9","N","N","","1","","0","0","0","","0","N","","1","0","0","0","0","0","0","2","0","1","","","","N","","","","","","","","","",""
"2010116919","","3","0","0","0","0","0","0","0","0","1","0","","02","11","2010","5","40.418057","-80.054834","","11","0","0","0","0","0","0","0","0","","0","0","0","","","0","","0","","40 25:05.005","","0","80 03:17.404","0","0","0","0","2435","0","0","0","N","0","0","0","5","68B03","0","","1.0","","1","N","N","","1","","0","0","0","","0","","","4","0","0","0","0","0","0","2","0","4","","","","N","","","","","","","","","",""
"2010116920","","1","0","0","0","0","0","0","0","0","7","0","","02","11","2010","2","40.425965","-79.899433","","11","0","0","0","0","0","0","0","0","","0","0","0","","","1","","0","","40 25:33.473","","0","79 53:57.959","4","0","0","0","2301","0","0","0","Y","0","0","0","1","68B03","1","","2.0","","1","N","N","","0","","0","0","0","","0","","","1","1","0","0","0","0","0","2","0","1","","","","N","","","","","","","","","",""
"2010116955","","3","0","0","0","0","0","0","0","0","5","0","","02","11","2010","3","40.369709","-79.850058","","11","0","0","0","0","0","0","0","0","","0","0","0","","","0","","0","","40 22:10.953","","0","79 51:00.208","9","0","0","0","2303","0","0","0","N","0","0","0","1","02303","0","","1.0","","1","N","N","","0","","0","0","0","","0","","","3","0","0","0","0","0","1","2","0","3","","","","N","","","","","","","","","",""
"2010116960","","0","0","0","0","0","0","0","0","0","7","0","","02","11","2010","7","40.444308","-80.207638","","11","0","0","1","0","0","0","0","0","2","0","0","0","","","0","","2","","40 26:39.508","1","0","80 12:27.496","0","0","0","0","2214","0","0","0","N","0","0","0","1","02214","0","","5.0","","1","N","N","","0","","0","0","1","","0","N","","1","0","0","0","0","0","0","2","0","1","","","","N","","","","","","","","","",""
"2010116971","","2","0","0","0","0","0","0","0","0","1","0","","02","11","2010","7","40.472513","-80.038196","","11","0","0","0","0","0","0","0","0","","0","0","0","","","1","","1","","40 28:21.048","","0","80 02:17.505","4","0","0","0","2301","0","0","0","N","0","0","0","7","02301","1","","1.0","","1","N","N","","0","","0","0","1","","2","","","3","1","2","0","0","0","0","2","0","3","","","","N","","","","","","","","","",""
"2010116985","","1","0","0","0","0","0","0","0","0","7","0","","02","11","2010","1","40.354934","-79.878867","","11","0","0","0","0","0","0","0","0","3","0","0","0","","","1","","9","","40 21:17.763","6","0","79 52:43.922","4","0","0","0","2423","0","0","0","N","0","0","0","1","02304","1","","4.0","","1","N","N","","0","","0","0","0","","6","Y","","1","1","0","0","0","0","0","2","0","1","","","","N","","","","","","","","","",""
"2010116986","","1","0","0","0","0","0","0","0","0","1","0","","02","11","2010","1","40.436047","-79.999044","","11","0","0","0","0","0","0","0","0","","0","0","0","","","0","","6","","40 26:09.768","","2","79 59:56.558","9","0","0","0","2301","0","0","0","N","0","0","0","2","02301","0","","7.0","","1","N","N","","0","","0","0","1","","2","","","2","0","0","0","0","0","1","2","0","2","","","","N","","","","","","","","","",""
"2010116993","","1","0","0","0","0","0","0","0","0","7","0","","02","11","2010","6","40.442061","-80.111264","","11","0","0","0","0","0","0","0","0","","0","0","0","","","1","","0","","40 26:31.419","","0","80 06:40.550","3","0","0","0","2115","0","0","0","N","0","0","0","1","68B03","0","","5.0","","1","N","N","","0","","1","0","0","","0","","","1","1","0","0","0","0","0","2","0","1","","","","N","","","","","","","","","",""
"2010117001","","2","0","0","0","0","0","0","0","0","4","0","","02","11","2010","6","40.508145","-79.856655","","11","0","0","0","0","0","0","0","0","","0","0","0","","","0","","0","","40 30:29.322","","0","79 51:23.959","0","0","0","0","2112","0","0","0","Y","0","0","0","4","68D02","0","","1.0","","1","N","N","","0","","0","0","0","","0","","","2","0","0","0","0","0","0","2","0","2","","","","N","","","","","","","","","",""
"2010117020","","2","0","0","0","0","0","0","0","0","4","0","","02","11","2010","7","40.434706","-79.944353","","11","0","0","0","0","0","0","0","0","","0","0","0","","","0","","0","","40 26:04.940","","0","79 56:39.670","0","0","0","0","2301","0","0","0","N","0","0","0","4","02301","0","","1.0","","1","N","N","","0","","0","0","0","","0","","","2","0","0","0","0","0","0","2","0","2","","","","N","","","","","","","","","",""
"2010117025","","1","0","0","0","0","0","0","0","0","4","0","","02","11","2010","6","40.526214","-79.963197","","11","0","0","0","0","0","0","0","1","","0","0","0","","","0","","0","","40 31:34.371","","7","79 57:47.508","0","0","0","0","2118","0","0","0","N","0","0","0","5","02118","0","","1.0","","1","N","N","","0","","0","0","0","","0","","","2","0","0","0","0","0","0","2","1","2","","","","N","","","","","","","","","",""
"2010117026","","0","0","0","0","0","0","0","0","0","7","0","","02","11","2010","1","40.387568","-79.996061","","11","0","0","0","0","0","0","0","0","1","0","0","0","","","0","","0","","40 23:15.246","1","0","79 59:45.819","0","0","0","0","2301","0","0","0","N","0","0","0","1","02301","0","","5.0","","2","N","N","","0","","0","0","1","","0","N","","1","0","0","0","0","0","0","2","0","1","","","","N","","","","","","","","","",""
"2010117027","","0","0","0","0","0","0","0","0","0","7","0","","02","11","2010","7","40.387126","-80.017316","","11","0","0","0","0","1","0","0","0","","0","0","0","","","0","","1","","40 23:13.654","","0","80 01:02.336","0","0","0","0","2301","0","0","0","N","0","0","0","2","02301","0","","2.0","","1","N","N","","1","","0","0","0","","3","","","1","0","0","0","0","0","0","2","0","1","","","","N","","","","","","","","","",""
"2010117028","","1","0","0","0","0","0","0","0","0","1","0","","02","11","2010","1","40.47152","-79.926282","","11","0","0","0","0","0","0","0","0","1","0","0","0","","","0","","1","","40 28:17.472","1","0","79 55:34.615","0","0","0","0","2301","0","0","0","N","0","0","0","3","02301","0","","1.0","","1","N","N","","1","","0","0","0","","2","N","","2","0","0","0","0","0","0","2","0","2","","","","N","","","","","","","","","",""
"2010117035","","1","0","0","0","0","0","0","0","0","7","0","","02","11","2010","2","40.482977","-79.82429","","11","0","0","0","0","0","0","0","0","2","0","0","0","","","1","","0","","40 28:58.718","4","0","79 49:27.444","4","0","0","0","2113","0","0","0","N","0","0","0","1","02113","1","","5.0","","1","N","N","","0","","0","0","0","","0","N","","1","1","1","0","0","0","0","2","0","1","","","","N","","","","","","","","","",""
"2010117037","","1","0","0","0","0","0","0","0","0","99","0","","02","11","2010","1","40.44578","-80.030345","","11","0","0","0","0","0","1","0","0","1","0","0","0","","","2","","0","","40 26:44.809","3","1","80 01:49.243","8","0","0","0","2301","0","0","0","N","0","0","0","3","02301","0","","1.0","","2","N","N","","0","","0","0","1","","0","N","","2","2","0","0","0","2","0","2","0","2","","","","N","","","","","","","","","",""
"2010117040","","2","0","0","0","0","0","0","0","0","2","0","","02","11","2010","1","40.465365","-79.820798","","11","0","0","0","0","0","0","0","0","1","0","0","0","","","1","","0","","40 27:55.314","3","0","79 49:14.872","3","0","0","0","2113","0","0","0","N","0","0","0","2","02113","0","","1.0","","1","N","N","","0","","1","0","0","","0","N","","2","1","1","0","0","0","0","2","0","2","","","","N","","","","","","","","","",""
"2010117045","","1","0","0","0","0","0","0","0","0","8","0","","02","11","2010","4","40.493531","-79.915093","","11","0","0","0","1","0","0","0","0","1","0","0","0","","","1","","0","","40 29:36.712","2","99","79 54:54.335","3","0","0","0","2461","1","0","0","N","1","0","0","3","02461","0","","1.0","","1","N","N","","0","","1","0","0","","0","N","","2","1","0","0","0","0","0","2","0","1","","","","N","","","","","","","","","",""
"2010117050","","0","0","0","0","0","0","0","0","0","7","0","","02","11","2010","1","40.390273","-79.945634","","11","0","0","0","0","0","0","0","0","1","0","0","0","","","0","","0","","40 23:24.983","4","0","79 56:44.281","0","0","0","0","2403","0","0","0","N","0","0","0","1","02403","0","","2.0","","2","N","N","","0","","0","0","1","","0","N","","1","0","0","0","0","0","0","2","0","1","","","","N","","","","","","","","","",""
"2010117062","","1","0","0","0","0","0","0","0","0","7","0","","02","11","2010","7","40.292007","-79.881248","","11","0","0","0","0","0","0","0","1","3","1","0","0","","","0","","0","","40 17:31.224","6","0","79 52:52.492","1","0","0","0","2302","0","0","0","N","0","0","0","1","02501","0","2","4.0","","1","N","N","","0","0","0","0","0","","0","Y","","1","0","1","1","0","0","0","2","0","1","","","","N","","","","","","","","","",""
"2010117064","","1","0","0","0","0","0","0","0","0","1","0","","02","11","2010","3","40.392831","-79.803568","","11","0","0","0","0","0","0","1","0","2","0","0","0","","","1","","0","","40 23:34.192","2","3","79 48:12.844","4","0","0","0","2111","0","0","0","N","0","0","0","4","02111","1","","1.0","","1","N","N","","0","","0","0","2","","0","N","","3","1","1","0","0","0","0","2","0","3","","","","N","","","","","","","","","",""
"2010117075","","2","0","0","0","0","0","0","0","0","4","0","","02","11","2010","1","40.448227","-79.986908","","11","0","0","0","0","0","1","0","0","","0","0","0","","","2","","2","","40 26:53.617","","0","79 59:12.868","3","0","0","0","2301","0","0","0","N","0","0","0","3","02301","0","","1.0","","1","N","N","","0","","2","0","0","","2","","","2","2","0","0","0","0","0","2","0","2","","","","N","","","","","","","","","",""
"2010117088","","0","0","0","0","0","0","0","0","0","1","0","","02","11","2010","6","40.361567","-80.028151","","11","0","0","0","0","0","1","0","0","1","0","0","0","","","2","","0","","40 21:41.642","5","0","80 01:41.343","3","0","0","0","2416","0","0","0","N","0","0","0","4","02416","0","","1.0","","1","N","N","","0","","1","0","2","","0","Y","","2","2","0","0","0","1","0","2","0","2","","","","N","","","","","","","","","",""
"2010117103","","0","0","0","0","0","0","0","0","0","7","0","","02","11","2010","6","40.286605","-79.886385","","11","0","0","0","0","0","0","0","0","2","0","0","0","","","0","","0","","40 17:11.779","3","0","79 53:10.987","0","0","0","0","2302","0","0","0","N","0","0","0","1","02302","0","","5.0","","9","N","N","","0","","0","0","1","","0","Y","","1","0","1","0","0","0","0","2","0","1","","","","N","","","","","","","","","",""
"2010117177","","2","0","0","0","0","0","0","0","0","4","0","","02","11","2010","6","40.373331","-80.095482","","11","0","0","0","0","0","0","0","1","2","0","0","0","","","0","","0","","40 22:23.991","5","0","80 05:43.735","9","0","0","0","2117","0","0","0","N","0","0","0","4","02117","0","","1.0","","1","N","N","","0","","0","0","0","","0","Y","","2","0","0","0","0","0","1","2","0","2","","","","N","","","","","","","","","",""
"2010117182","","2","0","0","0","0","0","0","0","0","4","0","","02","11","2010","1","40.427382","-79.972853","","11","0","0","0","0","0","0","0","0","","0","0","0","","","0","","0","","40 25:38.575","","0","79 58:22.270","0","0","0","0","2301","0","0","0","N","0","0","0","1","02301","0","","4.0","","1","N","N","","0","","0","0","0","","0","","","2","0","0","0","0","0","0","2","0","2","","","","N","","","","","","","","","",""
"2010117183","","2","0","0","0","0","0","0","0","0","4","0","","02","11","2010","4","40.557524","-79.958854","","11","0","0","0","0","0","1","0","0","1","0","0","0","","","0","","0","","40 33:27.087","1","7","79 57:31.875","0","0","0","0","2207","0","0","0","N","0","0","0","2","02207","0","","1.0","","1","N","N","","0","","0","0","0","","0","N","","2","0","0","0","0","0","0","2","0","2","","","","N","","","","","","","","","",""
"2010117184","","2","0","0","0","0","0","0","0","0","5","0","","02","11","2010","6","40.400269","-79.907466","","11","0","0","0","0","0","0","0","0","1","0","0","0","","","1","","0","","40 24:00.969","6","0","79 54:26.879","8","0","0","0","2438","0","0","0","N","0","0","0","1","02438","0","","6.0","","1","N","N","","0","","0","0","0","","0","N","","2","1","1","0","0","1","0","2","0","2","","","","N","","","","","","","","","",""