"CRN","ARRIVAL_TM","AUTOMOBILE_COUNT","BELTED_DEATH_COUNT","BELTED_SUSP_SERIOUS_INJ_COUNT","BICYCLE_COUNT","BICYCLE_DEATH_COUNT","BICYCLE_SUSP_SERIOUS_INJ_COUNT","BUS_COUNT","CHLDPAS_DEATH_COUNT","CHLDPAS_SUSP_SERIOUS_INJ_COUNT","COLLISION_TYPE","COMM_VEH_COUNT","CONS_ZONE_SPD_LIM","COUNTY","CRASH_MONTH","CRASH_YEAR","DAY_OF_WEEK","DEC_LATITUDE","DEC_LONGITUDE","DISPATCH_TM","DISTRICT","DRIVER_COUNT_16YR","DRIVER_COUNT_17YR","DRIVER_COUNT_18YR","DRIVER_COUNT_19YR","DRIVER_COUNT_20YR","DRIVER_COUNT_50_64YR","DRIVER_COUNT_65_74YR","DRIVER_COUNT_75PLUS","EST_HRS_CLOSED","FATAL_COUNT","HEAVY_TRUCK_COUNT","HORSE_BUGGY_COUNT","HOUR_OF_DAY","ILLUMINATION","INJURY_COUNT","INTERSECTION_RELATED","INTERSECT_TYPE","LANE_CLOSED","LATITUDE","LN_CLOSE_DIR","LOCATION_TYPE","LONGITUDE","MAX_SEVERITY_LEVEL","MCYCLE_DEATH_COUNT","MCYCLE_SUSP_SERIOUS_INJ_COUNT","MOTORCYCLE_COUNT","MUNICIPALITY","NONMOTR_COUNT","NONMOTR_DEATH_COUNT","NONMOTR_SUSP_SERIOUS_INJ_COUNT","NTFY_HIWY_MAINT","PED_COUNT","PED_DEATH_COUNT","PED_SUSP_SERIOUS_INJ_COUNT","PERSON_COUNT","POLICE_AGCY","POSSIBLE_INJ_COUNT","RDWY_SURF_TYPE_CD","RELATION_TO_ROAD","ROADWAY_CLEARED","ROAD_CONDITION","SCH_BUS_IND","SCH_ZONE_IND","SECONDARY_CRASH","SMALL_TRUCK_COUNT","SPEC_JURIS_CD","SUSP_MINOR_INJ_COUNT","SUSP_SERIOUS_INJ_COUNT","SUV_COUNT","TCD_FUNC_CD","TCD_TYPE","TFC_DETOUR_IND","TIME_OF_DAY","TOTAL_UNITS","TOT_INJ_COUNT","UNBELTED_OCC_COUNT","UNB_DEATH_COUNT","UNB_SUSP_SERIOUS_INJ_COUNT","UNK_INJ_DEG_COUNT","UNK_INJ_PER_COUNT","URBAN_RURAL","VAN_COUNT","VEHICLE_COUNT","WEATHER1","WEATHER2","WORKERS_PRES","WORK_ZONE_IND","WORK_ZONE_LOC","WORK_ZONE_TYPE","WZ_CLOSE_DETOUR","WZ_FLAGGER","WZ_LAW_OFFCR_IND","WZ_LN_CLOSURE","WZ_MOVING","WZ_OTHER","WZ_SHLDER_MDN","WZ_WORKERS_INJ_KILLED"
"2010117185","","2","0","0","0","0","0","0","0","0","4","0","","02","11","2010","2","40.337689","-79.808101","","11","0","0","0","0","0","0","0","0","","0","0","0","","","0","","0","","40 20:15.680","","0","79 48:29.163","0","0","0","0","2477","0","0","0","","0","0","0","2","02477","0","","1.0","","1","N","N","","0","","0","0","0","","2","","","2","0","0","0","0","0","0","2","0","2","","","","N","","","","","","","","","",""
"2010117194","","2","0","0","0","0","0","0","0","0","1","0","","02","11","2010","1","40.464794","-79.979884","","11","0","0","0","0","0","0","0","0","","0","0","0","","","2","","1","","40 27:53.259","","0","79 58:47.582","4","0","0","0","2301","0","0","0","N","0","0","0","5","02301","1","","1.0","","1","N","N","","1","","0","0","0","","2","","","3","2","0","0","0","1","0","2","0","3","","","","N","","","","","","","","","",""
"2010117196","","1","0","0","0","0","0","0","0","0","1","0","","02","11","2010","1","40.463713","-79.705448","","11","0","0","0","0","0","0","1","0","2","0","0","0","","","0","","1","","40 27:49.365","6","0","79 42:19.614","9","0","0","0","2466","0","0","0","N","0","0","0","5","02466","0","","1.0","","1","N","N","","0","","0","0","1","","2","Y","","2","0","0","0","0","0","1","2","0","2","","","","N","","","","","","","","","",""
"2010117215","","1","0","0","0","0","0","0","0","0","4","0","","02","11","2010","7","40.4287","-79.988519","","11","0","0","0","0","0","0","0","0","","0","0","0","","","0","","1","","40 25:43.319","","0","79 59:18.670","0","0","0","0","2301","0","0","0","N","0","0","0","4","02301","0","","1.0","","1","N","N","","1","","0","0","0","","2","","","2","0","0","0","0","0","0","2","0","2","","","","N","","","","","","","","","",""
"2010117217","","1","0","0","0","0","0","0","0","0","7","0","","02","11","2010","1","40.397381","-80.088295","","11","0","0","0","1","0","0","0","0","1","0","0","0","","","0","","0","","40 23:50.571","1","0","80 05:17.862","0","0","0","0","2117","0","0","0","N","0","0","0","1","02117","0","","5.0","","1","N","N","","0","","0","0","0","","0","N","","1","0","0","0","0","0","0","2","0","1","","","","N","","","","","","","","","",""
"2010117222","","2","0","0","0","0","0","0","0","0","4","0","","02","11","2010","2","40.454029","-79.912399","","11","0","0","0","0","0","0","0","0","","0","0","0","","","3","","10","","40 27:14.504","","0","79 54:44.638","8","0","0","0","2301","0","0","0","N","0","0","0","4","02301","0","","1.0","","1","N","N","","0","","0","0","0","","1","","","2","3","0","0","0","3","0","2","0","2","","","","N","","","","","","","","","",""
"2010117224","","0","0","0","0","0","0","0","0","0","7","0","","02","11","2010","1","40.523811","-79.834342","","11","0","0","0","0","0","0","0","0","","0","0","0","","","0","","0","","40 31:25.721","","0","79 50:03.630","9","0","0","0","2451","0","0","0","N","0","0","0","1","02451","0","","5.0","","1","N","N","","0","","0","0","1","","0","","","1","0","0","0","0","0","1","2","0","1","","","","N","","","","","","","","","",""
"2010117243","","0","0","0","0","0","0","0","0","0","1","0","","02","10","2010","4","40.43421","-79.995325","","11","0","0","0","0","0","0","0","0","","0","0","0","","","0","","0","","40 26:03.156","","0","79 59:43.170","0","0","0","0","2301","0","0","0","N","0","0","0","2","68B03","0","","1.0","","1","N","N","","0","","0","0","2","","0","","","2","0","0","0","0","0","0","2","0","2","","","","N","","","","","","","","","",""
"2010117244","","0","0","0","0","0","0","0","0","0","7","0","","02","11","2010","6","40.43608","-80.000527","","11","0","0","0","0","0","0","0","1","2","0","0","0","","","1","","3","","40 26:09.888","3","0","80 00:01.898","3","0","0","0","2301","0","0","0","Y","0","0","0","2","68B03","0","","7.0","","1","N","N","","0","","1","0","1","","0","Y","","1","1","0","0","0","0","0","2","0","1","","","","N","","","","","","","","","",""
"2010117245","","2","0","0","0","0","0","0","0","0","1","0","","02","11","2010","2","40.459037","-79.998906","","11","0","0","0","0","0","1","0","0","","0","0","0","","","0","","0","","40 27:32.533","","0","79 59:56.061","0","0","0","0","2301","0","0","0","N","0","0","0","3","68B03","0","","1.0","","1","N","N","","0","","0","0","1","","0","","","3","0","0","0","0","0","0","2","0","3","","","","N","","","","","","","","","",""
"2010117333","","1","0","0","0","0","0","0","0","0","7","0","","02","11","2010","7","40.610981","-79.86242","","11","0","0","0","0","0","0","0","0","","0","0","0","","","0","","0","","40 36:39.531","","0","79 51:44.712","0","0","0","0","2220","0","0","0","N","0","0","0","1","02220","0","","2.0","","1","N","N","","0","","0","0","0","","0","","","1","0","0","0","0","0","0","2","0","1","","","","N","","","","","","","","","",""
"2010117349","","1","0","0","0","0","0","0","0","0","7","0","","02","11","2010","2","40.658035","-80.076227","","11","0","0","0","0","0","1","0","0","1","0","0","0","","","2","","2","","40 39:28.926","2","0","80 04:34.417","8","0","0","0","2212","0","0","0","N","0","0","0","2","02505","0","","2.0","","1","N","N","","0","","0","0","0","","0","N","","1","2","0","0","0","2","0","2","0","1","","","","N","","","","","","","","","",""
"2010117374","","2","0","0","0","0","0","0","0","0","1","0","","02","11","2010","2","40.432765","-80.028215","","11","0","0","0","0","0","2","0","0","","0","0","0","","","2","","2","","40 25:57.954","","0","80 01:41.575","4","0","0","0","2301","0","0","0","N","0","0","0","4","02301","2","","1.0","","1","N","N","","0","","0","0","0","","3","","","2","2","0","0","0","0","0","2","0","2","","","","N","","","","","","","","","",""
"2010117383","","1","0","0","0","0","0","0","0","0","7","0","","02","11","2010","2","40.4675","-79.790939","","11","0","0","0","0","0","1","0","0","1","0","0","0","","","0","","0","","40 28:03.001","1","0","79 47:27.381","0","0","0","0","2113","0","0","0","N","0","0","0","1","02113","0","","5.0","","1","N","N","","0","","0","0","0","","0","N","","1","0","0","0","0","0","0","2","0","1","","","","N","","","","","","","","","",""
"2010117384","","1","0","0","0","0","0","0","0","0","4","0","","02","11","2010","2","40.405356","-79.937055","","11","0","0","0","0","0","0","0","1","2","0","0","0","","","4","","2","","40 24:19.281","5","0","79 56:13.398","8","0","0","0","2301","0","0","0","N","0","0","0","6","02301","0","","1.0","","1","N","N","","0","","0","0","0","","3","Y","","2","4","3","0","0","4","1","2","1","2","","","","N","","","","","","","","","",""
"2010117403","","2","0","0","0","0","0","0","0","0","5","0","","02","11","2010","3","40.509552","-80.029399","","11","0","0","0","0","0","1","0","0","1","0","0","0","","","0","","0","","40 30:34.388","2","0","80 01:45.836","0","0","0","0","2116","0","0","0","N","0","0","0","2","02116","0","","1.0","","9","N","N","","0","","0","0","0","","0","N","","2","0","0","0","0","0","0","2","0","2","","","","N","","","","","","","","","",""
"2010117414","","1","0","0","0","0","0","0","0","0","2","0","","02","11","2010","2","40.4595","-79.971096","","11","0","0","0","0","0","0","1","0","","0","0","0","","","0","","10","","40 27:34.200","","0","79 58:15.945","0","0","0","0","2301","0","0","0","N","0","0","0","3","02301","0","","1.0","","1","N","N","","0","","0","0","1","","0","","","2","0","0","0","0","0","0","2","0","2","","","","N","","","","","","","","","",""
"2010117419","","1","0","0","0","0","0","0","0","0","4","0","","02","11","2010","3","40.593769","-79.967748","","11","0","0","0","0","0","0","0","0","","0","0","0","","","0","","0","","40 35:37.569","","0","79 58:03.892","0","0","0","0","2207","0","0","0","N","0","0","0","2","02207","0","","1.0","","1","N","N","","1","","0","0","0","","0","","","2","0","0","0","0","0","0","2","0","2","","","","N","","","","","","","","","",""
"2010117424","","3","0","0","0","0","0","0","0","0","1","0","","02","11","2010","7","40.438488","-79.830882","","11","0","0","0","0","0","1","1","0","1","0","0","0","","","0","","0","","40 26:18.556","4","0","79 49:51.176","0","0","0","0","2419","0","0","0","N","0","0","0","3","02419","0","","1.0","","1","N","N","","0","","0","0","0","","2","N","","3","0","0","0","0","0","0","2","0","3","","","","N","","","","","","","","","",""
"2010117425","","0","0","0","0","0","0","0","0","0","1","0","","02","11","2010","2","40.517759","-80.162001","","11","0","0","0","0","0","0","0","0","","0","0","0","","","0","","1","","40 31:03.933","","0","80 09:43.203","0","0","0","0","2420","0","0","0","N","0","0","0","2","02420","0","","1.0","","1","N","N","","0","","0","0","2","","2","","","2","0","0","0","0","0","0","2","0","2","","","","N","","","","","","","","","",""
"2010117504","","1","0","0","0","0","0","0","0","0","6","0","","02","11","2010","2","40.448562","-79.899553","","11","0","0","0","0","0","0","0","0","1","0","0","0","","","0","","1","","40 26:54.823","4","0","79 53:58.389","0","0","0","0","2301","0","0","0","N","0","0","0","3","02301","0","","1.0","","1","N","N","","0","","0","0","1","","0","N","","2","0","0","0","0","0","0","2","0","2","","","","N","","","","","","","","","",""
"2010117508","","2","0","1","0","0","0","0","0","0","1","0","","02","11","2010","2","40.429688","-79.957001","","11","0","0","0","0","0","1","0","0","","0","0","0","","","1","","6","","40 25:46.875","","2","79 57:25.204","2","0","0","0","2301","0","0","0","N","0","0","0","2","02301","0","","1.0","","1","N","N","","0","","0","1","0","","0","","","2","1","0","0","0","0","0","2","0","2","","","","N","","","","","","","","","",""
"2010117511","","1","0","0","0","0","0","0","0","0","7","0","","02","11","2010","7","40.315374","-79.831016","","11","0","0","0","0","0","0","0","0","","0","0","0","","","0","","2","","40 18:55.346","","0","79 49:51.658","0","0","0","0","2469","0","0","0","N","0","0","0","1","02469","0","","4.0","","1","N","N","","0","","0","0","0","","2","","","1","0","0","0","0","0","0","2","0","1","","","","N","","","","","","","","","",""
"2010117512","","1","0","0","0","0","0","0","0","0","6","0","","02","11","2010","6","40.49533","-79.939651","","11","0","0","0","0","0","1","0","0","","0","0","0","","","0","","2","","40 29:43.189","","2","79 56:22.742","0","0","0","0","2430","0","0","0","N","0","0","0","2","02430","0","","1.0","","9","N","N","","0","","0","0","0","","3","","","2","0","0","0","0","0","0","2","0","2","","","","N","","","","","","","","","",""
"2010117516","","1","0","0","0","0","0","0","0","0","1","0","","02","11","2010","7","40.451063","-80.172989","","11","0","0","0","0","0","2","0","0","1","0","0","0","","","0","","1","","40 27:03.827","4","0","80 10:22.760","0","0","0","0","2214","0","0","0","N","0","0","0","5","02214","0","","1.0","","1","N","N","","0","","0","0","1","","0","N","","3","0","0","0","0","0","0","2","1","3","","","","N","","","","","","","","","",""
"2010117536","","1","0","0","0","0","0","0","0","0","7","0","","02","11","2010","1","40.553681","-80.021828","","11","0","0","0","0","0","0","0","0","","0","0","0","","","0","","2","","40 33:13.252","","0","80 01:18.580","0","0","0","0","2116","0","0","0","N","0","0","0","1","02116","0","","5.0","","1","N","N","","0","","0","0","0","","4","","","1","0","0","0","0","0","0","2","0","1","","","","N","","","","","","","","","",""
"2010117537","","1","0","0","0","0","0","0","0","0","7","0","","02","11","2010","7","40.366112","-79.891367","","11","0","0","0","0","0","0","0","0","1","0","0","0","","","1","","0","","40 21:58.002","3","0","79 53:28.921","4","0","0","0","2473","0","0","0","N","0","0","0","1","02473","1","","2.0","","1","N","N","","0","","0","0","0","","0","N","","1","1","0","0","0","0","0","2","0","1","","","","N","","","","","","","","","",""
"2010117541","","2","0","0","0","0","0","0","0","0","1","0","","02","11","2010","2","40.361882","-79.932308","","11","0","0","0","0","0","2","0","0","","0","0","0","","","0","","0","","40 21:42.775","","0","79 55:56.307","0","0","0","0","2473","0","0","0","N","0","0","0","2","02473","0","","1.0","","1","N","N","","0","","0","0","0","","0","","","2","0","1","0","0","0","0","2","0","2","","","","N","","","","","","","","","",""
"2010117549","","0","0","0","0","0","0","0","0","0","99","0","","02","11","2010","7","40.339797","-80.122548","","11","0","0","0","0","0","0","0","0","","0","0","0","","","0","","0","","40 20:23.268","","0","80 07:21.172","0","0","0","0","2119","0","0","0","N","0","0","0","1","02119","0","","1.0","","1","N","N","","0","","0","0","1","","0","","","1","0","0","0","0","0","0","2","0","1","","","","N","","","","","","","","","",""
"2010117560","","2","0","0","0","0","0","0","0","0","1","0","","02","11","2010","4","40.431096","-80.025698","","11","0","0","0","0","0","0","0","0","1","0","0","0","","","0","","7","","40 25:51.947","3","2","80 01:32.513","9","0","0","0","2301","0","0","0","N","0","0","0","5","68B01","0","","1.0","","1","N","N","","0","","0","0","1","","0","N","","4","0","0","0","0","0","1","2","0","4","","","","N","","","","","","","","","",""
"2010117788","","1","0","0","0","0","0","0","0","0","7","0","","02","11","2010","3","40.31849","-79.890557","","11","0","0","0","0","0","0","0","1","1","0","0","0","","","1","","0","","40 19:06.564","5","0","79 53:26.005","8","0","0","0","2433","0","0","0","N","0","0","0","1","02433","0","","4.0","","9","N","N","","0","","0","0","0","","0","Y","","1","1","1","0","0","1","0","2","0","1","","","","N","","","","","","","","","",""
"2010117789","","1","0","0","0","0","0","0","0","0","2","0","","02","11","2010","6","40.573162","-79.99433","","11","0","0","0","0","0","0","0","1","","0","0","0","","","0","","2","","40 34:23.382","","0","79 59:39.587","0","0","0","0","2108","0","0","0","N","0","0","0","2","02108","0","","1.0","","1","N","N","","0","","0","0","0","","0","","","2","0","0","0","0","0","0","2","1","2","","","","N","","","","","","","","","",""
"2010117790","","1","0","0","0","0","0","0","0","0","8","0","","02","11","2010","3","40.585611","-80.036054","","11","0","0","0","0","0","1","0","0","","0","0","0","","","1","","1","","40 35:08.199","","0","80 02:09.795","4","0","0","0","2108","1","0","0","N","1","0","0","2","02108","1","","1.0","","9","N","N","","0","","0","0","0","","2","","","2","1","0","0","0","0","0","2","0","1","","","","N","","","","","","","","","",""
"2010118033","","2","0","0","0","0","0","0","0","0","1","0","","02","11","2010","2","40.433358","-79.797696","","11","0","0","0","1","0","1","0","0","","0","0","0","","","0","","0","","40 26:00.088","","7","79 47:51.706","0","0","0","0","2446","0","0","0","N","0","0","0","3","02446","0","","1.0","","1","N","N","","0","","0","0","0","","2","","","2","0","0","0","0","0","0","2","0","2","","","","N","","","","","","","","","",""
"2010118081","","1","0","0","0","0","0","0","0","0","8","0","","02","11","2010","3","40.440619","-79.958253","","11","0","0","0","0","0","0","0","0","","0","0","0","","","1","","1","","40 26:26.229","","0","79 57:29.710","4","0","0","0","2301","1","0","0","N","1","0","0","2","02301","1","","1.0","","9","N","N","","0","","0","0","0","","2","","","2","1","0","0","0","0","0","2","0","1","","","","N","","","","","","","","","",""
"2010118126","","2","0","0","0","0","0","0","0","0","4","0","","02","11","2010","3","40.402867","-80.060416","","11","0","0","0","0","0","1","0","0","1","0","0","0","","","1","","2","","40 24:10.321","1","0","80 03:37.496","4","0","0","0","2117","0","0","0","N","0","0","0","3","02117","1","","1.0","","9","N","N","","0","","0","0","1","","3","N","","3","1","0","0","0","0","0","2","0","3","","","","N","","","","","","","","","",""
"2010118128","","3","0","0","0","0","0","0","0","0","5","0","","02","11","2010","3","40.428748","-79.986549","","11","0","0","0","0","0","1","0","0","1","0","0","0","","","0","","0","","40 25:43.493","3","0","79 59:11.577","0","0","0","0","2301","0","0","0","N","0","0","0","3","02301","0","","1.0","","9","N","N","","0","","0","0","0","","0","N","","3","0","1","0","0","0","0","2","0","3","","","","N","","","","","","","","","",""
"2010118130","","0","0","0","0","0","0","0","0","0","7","0","","02","11","2010","6","40.398167","-79.909197","","11","0","0","0","0","0","0","0","0","1","0","0","0","","","2","","0","","40 23:53.401","4","0","79 54:33.109","8","0","0","0","2472","0","0","0","N","0","0","0","2","02472","0","","5.0","","1","N","N","","0","","0","0","1","","0","N","","1","2","0","0","0","2","0","2","0","1","","","","N","","","","","","","","","",""
"2010118142","","1","0","0","0","0","0","0","0","0","4","0","","02","11","2010","3","40.551461","-80.03743","","11","0","0","0","0","0","0","1","0","1","0","0","0","","","1","","2","","40 33:05.259","1","0","80 02:14.749","8","0","0","0","2116","0","0","0","N","0","0","0","2","02116","0","","1.0","","1","N","N","","0","","0","0","1","","3","N","","2","1","0","0","0","1","0","2","0","2","","","","N","","","","","","","","","",""
"2010118144","","1","0","0","0","0","0","0","0","0","1","0","","02","11","2010","3","40.4512","-79.925784","","11","0","0","0","0","0","0","0","0","1","0","0","0","","","0","","2","","40 27:04.320","3","0","79 55:32.822","0","0","0","0","2301","0","0","0","N","0","0","0","3","02301","0","","1.0","","9","N","N","","0","","0","0","0","","0","N","","3","0","0","0","0","0","0","2","2","3","","","","N","","","","","","","","","",""
"2010118149","","2","0","0","0","0","0","0","0","0","4","0","","02","11","2010","2","40.386878","-80.043669","","11","0","0","0","0","0","0","0","1","1","0","0","0","","","1","","0","","40 23:12.759","1","0","80 02:37.208","8","0","0","0","2109","0","0","0","N","0","0","0","2","02109","0","","1.0","","1","N","N","","0","","0","0","0","","0","N","","2","1","1","0","0","1","0","2","0","2","","","","N","","","","","","","","","",""
"2010118158","","1","0","0","0","0","0","0","0","0","7","0","","02","11","2010","3","40.479555","-79.87342","","11","0","0","0","0","0","0","0","0","","0","0","0","","","1","","0","","40 28:46.398","","0","79 52:24.313","4","0","0","0","2113","0","0","0","N","0","0","0","1","02113","1","","5.0","","9","N","N","","0","","0","0","0","","0","","","1","1","0","0","0","0","0","2","0","1","","","","N","","","","","","","","","",""
"2010118170","","1","0","0","0","0","0","0","0","0","0","0","","02","11","2010","3","40.437275","-79.759065","","11","0","0","0","0","0","0","0","1","","0","0","0","","","0","","0","","40 26:14.191","","0","79 45:32.634","0","0","0","0","2446","0","0","0","N","0","0","0","1","02446","0","","1.0","","9","N","N","","0","","0","0","0","","0","","","1","0","0","0","0","0","0","2","0","1","","","","N","","","","","","","","","",""
"2010118185","","1","0","0","0","0","0","0","0","0","6","0","","02","11","2010","3","40.377896","-80.003753","","11","0","0","0","0","0","0","0","0","","0","0","0","","","0","","2","","40 22:40.426","","0","80 00:13.512","0","0","0","0","2301","0","0","0","N","0","0","0","3","02301","0","","1.0","","9","N","N","","0","","0","0","0","","2","","","2","0","0","0","0","0","0","2","1","2","","","","N","","","","","","","","","",""
"2010118192","","3","0","0","0","0","0","0","0","0","1","0","","02","11","2010","3","40.44808","-79.935222","","11","0","0","0","0","0","1","0","0","1","0","0","0","","","1","","0","","40 26:53.088","6","0","79 56:06.799","8","0","0","0","2301","0","0","0","N","0","0","0","3","02301","0","","1.0","","9","N","N","","0","","0","0","0","","0","N","","3","1","0","0","0","1","0","2","0","3","","","","N","","","","","","","","","",""
"2010118193","","0","0","0","0","0","0","0","0","0","2","0","","02","11","2010","3","40.479049","-79.943968","","11","0","0","0","0","0","1","0","0","2","0","1","0","","","0","","0","","40 28:44.576","5","0","79 56:38.284","0","0","0","0","2301","0","0","0","N","0","0","0","1","02301","0","","1.0","","9","N","N","","0","","0","0","0","","0","Y","","2","0","0","0","0","0","0","2","1","2","","","","N","","","","","","","","","",""
"2010118196","","2","0","0","0","0","0","0","0","0","1","0","","02","11","2010","6","40.49919","-79.906446","","11","0","0","0","0","0","1","0","0","","0","0","0","","","0","","0","","40 29:57.084","","0","79 54:23.205","0","0","0","0","2401","0","0","0","N","0","0","0","1","02401","0","","1.0","","9","N","N","","0","","0","0","0","","0","","","2","0","0","0","0","0","0","2","0","2","","","","N","","","","","","","","","",""
"2010118215","","2","0","0","0","0","0","0","0","0","1","0","","02","11","2010","2","40.42289","-79.855689","","11","0","0","0","0","0","1","0","0","2","0","0","0","","","0","","0","","40 25:22.405","4","0","79 51:20.481","0","0","0","0","2431","0","0","0","N","0","0","0","2","02431","0","","1.0","","1","N","N","","0","","0","0","0","","0","N","","2","0","0","0","0","0","0","2","0","2","","","","N","","","","","","","","","",""
"2010118231","","2","0","0","0","0","0","0","0","0","4","0","","02","11","2010","3","40.374842","-80.094736","","11","0","0","0","0","0","0","0","0","","0","0","0","","","0","","2","","40 22:29.431","","0","80 05:41.049","0","0","0","0","2117","0","0","0","N","0","0","0","5","02117","0","","1.0","","9","N","N","","0","","0","0","1","","0","","","3","0","0","0","0","0","0","2","0","3","","","","N","","","","","","","","","",""
"2010118236","","1","0","0","0","0","0","0","0","0","8","0","","02","11","2010","3","40.49402","-80.052372","","11","0","0","0","0","0","1","0","0","","0","0","0","","","1","","1","","40 29:38.472","","0","80 03:08.539","4","0","0","0","2404","1","0","0","N","1","0","0","4","02404","1","","1.0","","9","N","N","","0","","0","0","0","","2","","","2","1","0","0","0","0","0","2","0","1","","","","N","","","","","","","","","",""
"2010118243","","1","0","0","0","0","0","0","0","0","7","0","","02","11","2010","3","40.369464","-79.911561","","11","0","0","0","0","0","0","0","1","1","0","0","0","","","0","","2","","40 22:10.071","4","0","79 54:41.620","0","0","0","0","2301","0","0","0","N","0","0","0","1","02301","0","","2.0","","9","N","N","","0","","0","0","0","","0","N","","1","0","0","0","0","0","0","2","0","1","","","","N","","","","","","","","","",""
"2010118245","","0","0","0","0","0","0","0","0","0","4","0","","02","11","2010","3","40.472557","-80.093101","","11","0","0","0","0","0","2","0","0","2","0","0","0","","","0","","2","","40 28:21.205","3","0","80 05:35.162","0","0","0","0","2126","0","0","0","N","0","0","0","2","02126","0","","1.0","","9","N","N","","1","","0","0","0","","3","N","","2","0","0","0","0","0","0","2","1","2","","","","N","","","","","","","","","",""
"2010118247","","1","0","0","0","0","0","0","0","0","1","0","","02","11","2010","3","40.310553","-79.826666","","11","0","0","0","0","0","0","0","1","2","0","0","0","","","1","","10","","40 18:37.992","5","3","79 49:35.996","4","0","0","0","2105","0","0","0","N","0","0","0","2","02105","1","","1.0","","9","N","N","","1","","0","0","0","","9","Y","","2","1","1","0","0","0","0","2","0","2","","","","N","","","","","","","","","",""
"2010118251","","1","0","0","0","0","0","0","0","0","1","0","","02","11","2010","3","40.416769","-79.956163","","11","0","0","0","0","0","0","0","0","","0","0","0","","","0","","0","","40 25:00.370","","0","79 57:22.186","0","0","0","0","2301","0","0","0","N","0","0","0","2","02301","0","","1.0","","9","N","N","","0","","0","0","1","","0","","","2","0","0","0","0","0","0","2","0","2","","","","N","","","","","","","","","",""
"2010118252","","1","0","0","0","0","0","0","0","0","7","0","","02","11","2010","3","40.374382","-80.092498","","11","0","0","0","0","0","0","0","0","1","0","0","0","","","1","","0","","40 22:27.775","4","0","80 05:32.992","4","0","0","0","2117","0","0","0","N","0","0","0","1","02117","1","","2.0","","9","N","N","","0","","0","0","0","","0","N","","1","1","1","0","0","0","0","2","0","1","","","","N","","","","","","","","","",""
"2010118254","","1","0","0","0","0","0","0","0","0","4","0","","02","11","2010","6","40.452022","-80.133512","","11","0","0","0","0","0","0","0","0","","0","0","0","","","2","","1","","40 27:07.280","","0","80 08:00.643","8","0","0","0","2115","0","0","0","N","0","0","0","3","02115","0","","1.0","","1","N","N","","0","","0","0","1","","2","","","2","2","0","0","0","2","0","2","0","2","","","","N","","","","","","","","","",""
"2010118255","","2","0","0","0","0","0","0","0","0","4","0","","02","11","2010","6","40.448948","-80.162827","","11","0","0","0","0","0","0","0","0","2","0","0","0","","","1","","2","","40 26:56.212","2","7","80 09:46.177","4","0","0","0","2115","0","0","0","N","0","0","0","2","02115","1","","1.0","","1","N","N","","0","","0","0","0","","0","N","","2","1","1","0","0","0","0","2","0","2","","","","N","","","","","","","","","",""
"2010118256","","2","0","0","0","0","0","0","0","0","4","0","","02","11","2010","2","40.428958","-80.129881","","11","0","0","0","0","0","0","0","0","","0","0","0","","","0","","0","","40 25:44.250","","0","80 07:47.570","0","0","0","0","2115","0","0","0","N","0","0","0","5","02115","0","","1.0","","1","N","N","","0","","0","0","0","","3","","","2","0","0","0","0","0","0","2","0","2","","","","N","","","","","","","","","",""
"2010118257","","2","0","0","0","0","0","0","0","0","4","0","","02","11","2010","5","40.508205","-80.203786","","11","0","0","0","0","0","0","1","1","","0","0","0","","","0","","0","","40 30:29.539","","0","80 12:13.628","0","0","0","0","2213","0","0","0","N","0","0","0","2","02213","0","","1.0","","1","N","N","","0","","0","0","0","","0","","","2","0","0","0","0","0","0","2","0","2","","","","N","","","","","","","","","",""
"2010118258","","2","0","0","0","0","0","0","0","0","4","0","","02","11","2010","2","40.533933","-80.229035","","11","0","0","0","0","0","1","0","0","","0","0","0","","","0","","1","","40 32:02.158","","0","80 13:44.526","0","0","0","0","2213","0","0","0","N","0","0","0","2","02213","0","","1.0","","1","N","N","","0","","0","0","0","","3","","","2","0","0","0","0","0","0","2","0","2","","","","N","","","","","","","","","",""
"2010118300","","2","0","0","0","0","0","0","0","0","1","0","","02","11","2010","1","40.42263","-80.030451","","11","0","0","0","0","0","1","0","0","2","0","0","0","","","1","","0","","40 25:21.467","3","0","80 01:49.625","4","0","0","0","2301","0","0","0","Y","0","0","0","3","68B03","1","","1.0","","1","N","N","","0","","0","0","0","","0","N","","2","1","0","0","0","0","0","2","0","2","","","","N","","","","","","","","","",""
"2010118301","","1","0","0","0","0","0","0","0","0","7","0","","02","11","2010","5","40.442672","-80.181553","","11","0","0","0","0","0","1","0","0","1","0","0","0","","","1","","0","","40 26:33.618","3","0","80 10:53.591","4","0","0","0","2214","0","0","0","N","0","0","0","1","68B03","1","","2.0","","9","N","N","","0","","0","0","0","","0","N","","1","1","0","0","0","0","0","1","0","1","","","","N","","","","","","","","","",""
"2010118302","","2","0","0","0","0","0","0","0","0","1","0","","02","11","2010","5","40.442736","-80.181394","","11","0","0","0","0","0","2","0","0","1","0","0","0","","","1","","0","","40 26:33.848","3","0","80 10:53.020","3","0","0","0","2214","0","0","0","N","0","0","0","3","68B03","0","","1.0","","9","N","N","","1","","1","0","0","","0","N","","3","1","0","0","0","0","0","1","0","3","","","","N","","","","","","","","","",""
"2010118379","","0","0","0","0","0","0","0","0","0","99","0","","02","11","2010","1","40.652467","-80.046665","","11","0","0","0","0","0","0","0","0","","0","0","0","","","0","","0","","40 39:08.881","","0","80 02:47.994","0","0","0","0","2216","0","0","0","N","0","0","0","6","68T02","0","","1.0","","1","N","N","","0","","0","0","0","","0","","","1","0","0","0","0","0","0","2","1","1","","","","N","","","","","","","","","",""