"CRN","ARRIVAL_TM","AUTOMOBILE_COUNT","BELTED_DEATH_COUNT","BELTED_SUSP_SERIOUS_INJ_COUNT","BICYCLE_COUNT","BICYCLE_DEATH_COUNT","BICYCLE_SUSP_SERIOUS_INJ_COUNT","BUS_COUNT","CHLDPAS_DEATH_COUNT","CHLDPAS_SUSP_SERIOUS_INJ_COUNT","COLLISION_TYPE","COMM_VEH_COUNT","CONS_ZONE_SPD_LIM","COUNTY","CRASH_MONTH","CRASH_YEAR","DAY_OF_WEEK","DEC_LATITUDE","DEC_LONGITUDE","DISPATCH_TM","DISTRICT","DRIVER_COUNT_16YR","DRIVER_COUNT_17YR","DRIVER_COUNT_18YR","DRIVER_COUNT_19YR","DRIVER_COUNT_20YR","DRIVER_COUNT_50_64YR","DRIVER_COUNT_65_74YR","DRIVER_COUNT_75PLUS","EST_HRS_CLOSED","FATAL_COUNT","HEAVY_TRUCK_COUNT","HORSE_BUGGY_COUNT","HOUR_OF_DAY","ILLUMINATION","INJURY_COUNT","INTERSECTION_RELATED","INTERSECT_TYPE","LANE_CLOSED","LATITUDE","LN_CLOSE_DIR","LOCATION_TYPE","LONGITUDE","MAX_SEVERITY_LEVEL","MCYCLE_DEATH_COUNT","MCYCLE_SUSP_SERIOUS_INJ_COUNT","MOTORCYCLE_COUNT","MUNICIPALITY","NONMOTR_COUNT","NONMOTR_DEATH_COUNT","NONMOTR_SUSP_SERIOUS_INJ_COUNT","NTFY_HIWY_MAINT","PED_COUNT","PED_DEATH_COUNT","PED_SUSP_SERIOUS_INJ_COUNT","PERSON_COUNT","POLICE_AGCY","POSSIBLE_INJ_COUNT","RDWY_SURF_TYPE_CD","RELATION_TO_ROAD","ROADWAY_CLEARED","ROAD_CONDITION","SCH_BUS_IND","SCH_ZONE_IND","SECONDARY_CRASH","SMALL_TRUCK_COUNT","SPEC_JURIS_CD","SUSP_MINOR_INJ_COUNT","SUSP_SERIOUS_INJ_COUNT","SUV_COUNT","TCD_FUNC_CD","TCD_TYPE","TFC_DETOUR_IND","TIME_OF_DAY","TOTAL_UNITS","TOT_INJ_COUNT","UNBELTED_OCC_COUNT","UNB_DEATH_COUNT","UNB_SUSP_SERIOUS_INJ_COUNT","UNK_INJ_DEG_COUNT","UNK_INJ_PER_COUNT","URBAN_RURAL","VAN_COUNT","VEHICLE_COUNT","WEATHER1","WEATHER2","WORKERS_PRES","WORK_ZONE_IND","WORK_ZONE_LOC","WORK_ZONE_TYPE","WZ_CLOSE_DETOUR","WZ_FLAGGER","WZ_LAW_OFFCR_IND","WZ_LN_CLOSURE","WZ_MOVING","WZ_OTHER","WZ_SHLDER_MDN","WZ_WORKERS_INJ_KILLED"
"2010118381","","1","0","0","0","0","0","0","0","0","5","0","","02","11","2010","2","40.548098","-79.824599","","11","0","0","0","0","0","0","1","0","","0","0","0","","","0","","0","","40 32:53.152","","0","79 49:28.555","0","0","0","0","2208","0","0","0","N","0","0","0","3","68T02","0","","1.0","","1","N","N","","0","","0","0","1","","0","","","2","0","0","0","0","0","0","2","0","2","","","","N","","","","","","","","","",""
"2010118435","","1","0","0","0","0","0","0","0","0","4","0","","02","11","2010","3","40.369284","-80.085482","","11","0","1","0","0","0","0","0","0","","0","0","0","","","0","","0","","40 22:09.422","","0","80 05:07.735","0","0","0","0","2117","0","0","0","N","0","0","0","4","02117","0","","1.0","","3","N","N","","0","","0","0","1","","3","","","2","0","0","0","0","0","0","2","0","2","","","","N","","","","","","","","","",""
"2010118452","","1","0","0","0","0","0","0","0","0","4","0","","02","11","2010","3","40.454012","-79.953338","","11","0","0","0","1","0","0","0","0","","0","0","0","","","0","","2","","40 27:14.443","","0","79 57:12.018","0","0","0","0","2301","0","0","0","N","0","0","0","3","02301","0","","1.0","","9","N","N","","0","","0","0","1","","2","","","2","0","0","0","0","0","0","2","0","2","","","","N","","","","","","","","","",""
"2010118477","","1","0","0","0","0","0","0","0","0","1","2","","02","10","2010","7","40.425449","-79.909494","","11","0","0","0","0","0","0","0","0","3","0","2","0","","","1","","0","","40 25:31.618","4","4","79 54:34.177","3","0","0","0","2301","0","0","0","Y","0","0","0","3","68B03","0","","1.0","","1","N","N","","0","","1","0","0","","0","Y","","3","1","1","0","0","0","0","2","0","3","","","","N","","","","","","","","","",""
"2010118478","","1","0","0","0","0","0","0","0","0","7","0","","02","11","2010","2","40.439294","-80.237359","","11","0","0","0","0","0","0","0","0","2","0","0","0","","","1","","0","","40 26:21.460","3","0","80 14:14.492","4","0","0","0","2214","0","0","0","N","0","0","0","1","68B03","1","","2.0","","1","N","N","","0","","0","0","0","","0","N","","2","1","0","0","0","0","0","2","0","1","","","","N","","","","","","","","","",""
"2010118479","","1","0","0","0","0","0","0","0","0","99","0","","02","11","2010","2","40.536371","-80.12421","","11","0","0","0","0","0","0","0","1","","0","0","0","","","0","","0","","40 32:10.935","","0","80 07:27.156","0","0","0","0","2125","0","0","0","N","0","0","0","2","68B03","0","","1.0","","1","N","N","","0","","0","0","0","","0","","","1","0","0","0","0","0","0","2","0","1","","","","N","","","","","","","","","",""
"2010118573","","1","0","0","0","0","0","0","0","0","4","0","","02","12","2010","4","40.460745","-79.969967","","11","0","0","0","0","0","2","0","0","","0","0","0","","","0","","1","","40 27:38.682","","0","79 58:11.881","0","0","0","0","2301","0","0","0","N","0","0","0","2","02301","0","","1.0","","9","N","N","","1","","0","0","0","","1","","","2","0","0","0","0","0","0","2","0","2","","","","N","","","","","","","","","",""
"2010118581","","2","0","0","0","0","0","0","0","0","1","0","","02","11","2010","3","40.422891","-79.754584","","11","0","0","1","0","0","0","0","0","","0","0","0","","","0","","0","","40 25:22.406","","7","79 45:16.502","0","0","0","0","2446","0","0","0","","0","0","0","2","02446","0","","1.0","","9","N","N","","0","","0","0","0","","0","","","2","0","0","0","0","0","0","2","0","2","","","","N","","","","","","","","","",""
"2010118588","","0","0","0","0","0","0","1","0","0","1","1","","02","11","2010","2","40.423529","-79.931763","","11","0","0","0","0","0","2","0","0","","0","0","0","","","0","","1","","40 25:24.704","","0","79 55:54.346","0","0","0","0","2301","0","0","0","N","0","0","0","2","02503","0","","1.0","","1","N","N","","1","","0","0","0","","3","","","2","0","0","0","0","0","0","2","0","2","","","","N","","","","","","","","","",""
"2010118592","","0","0","0","0","0","0","1","0","0","6","1","","02","12","2010","4","40.491887","-79.812489","","11","0","0","0","0","0","0","0","0","1","0","0","0","","","0","","0","","40 29:30.794","4","0","79 48:44.962","0","0","0","0","2113","0","0","0","N","0","0","0","2","02113","0","","1.0","","9","Y","N","","1","","0","0","0","","0","N","","2","0","0","0","0","0","0","2","0","2","","","","N","","","","","","","","","",""
"2010118625","","1","0","0","0","0","0","0","0","0","4","0","","02","11","2010","7","40.413472","-80.042753","","11","0","0","0","0","0","0","0","0","","0","0","0","","","0","","1","","40 24:48.499","","0","80 02:33.910","0","0","0","0","2301","0","0","0","N","0","0","0","4","02301","0","","1.0","","1","N","N","","0","","0","0","1","","3","","","2","0","0","0","0","0","0","2","0","2","","","","N","","","","","","","","","",""
"2010118627","","2","0","0","0","0","0","0","0","0","1","0","","02","11","2010","3","40.382205","-79.995981","","11","0","0","0","0","0","1","0","0","1","0","0","0","","","1","","1","","40 22:55.939","2","0","79 59:45.533","8","0","0","0","2301","0","0","0","N","0","0","0","2","02301","0","","1.0","","9","N","N","","0","","0","0","0","","2","N","","2","1","0","0","0","1","0","2","0","2","","","","N","","","","","","","","","",""
"2010118630","","2","0","0","0","0","0","0","0","0","4","0","","02","11","2010","6","40.509565","-80.029403","","11","0","0","0","0","0","0","1","0","1","0","0","0","","","1","","1","","40 30:34.435","1","0","80 01:45.852","4","0","0","0","2116","0","0","0","N","0","0","0","3","02116","1","","1.0","","1","N","N","","0","","0","0","0","","2","N","","2","1","0","0","0","0","0","2","0","2","","","","N","","","","","","","","","",""
"2010118645","","1","0","0","0","0","0","0","0","0","4","0","","02","12","2010","4","40.447347","-79.755472","","11","0","0","0","0","0","0","0","0","","0","0","0","","","0","","0","","40 26:50.450","","0","79 45:19.700","0","0","0","0","2446","0","0","0","N","0","0","0","2","02446","0","","1.0","","9","N","N","","0","","0","0","0","","0","","","2","0","0","0","0","0","0","2","1","2","","","","N","","","","","","","","","",""
"2010118650","","1","0","0","0","0","0","0","0","0","7","0","","02","11","2010","1","40.385225","-79.972568","","11","0","0","0","0","0","1","0","0","4","0","0","0","","","1","","0","","40 23:06.811","6","0","79 58:21.244","4","0","0","0","2403","0","0","0","N","0","0","0","1","02403","1","","5.0","","1","N","N","","0","","0","0","0","","0","Y","","1","1","0","0","0","0","0","2","0","1","","","","N","","","","","","","","","",""
"2010118653","","3","0","0","0","0","0","0","0","0","1","0","","02","12","2010","4","40.549746","-79.959459","","11","0","0","0","0","0","1","1","0","2","0","0","0","","","2","","1","","40 32:59.085","2","0","79 57:34.053","8","0","0","0","2118","0","0","0","N","0","0","0","3","02118","0","","1.0","","9","N","N","","0","","0","0","0","","2","N","","3","2","0","0","0","2","0","2","0","3","","","","N","","","","","","","","","",""
"2010118655","","3","0","0","0","0","0","0","0","0","1","0","","02","12","2010","4","40.350757","-80.051114","","11","0","0","0","0","0","2","0","0","2","0","0","0","","","1","","0","","40 21:02.724","2","0","80 03:04.009","4","0","0","0","2109","0","0","0","N","0","0","0","3","02109","1","","1.0","","1","N","N","","0","","0","0","0","","0","N","","3","1","1","0","0","0","1","2","0","3","","","","N","","","","","","","","","",""
"2010118657","","2","0","0","0","0","0","0","0","0","4","0","","02","12","2010","4","40.457096","-79.937919","","11","0","0","0","0","0","1","0","0","","0","0","0","","","2","","2","","40 27:25.546","","0","79 56:16.509","4","0","0","0","2301","0","0","0","N","0","0","0","4","02301","2","","1.0","","1","N","N","","0","","0","0","0","","0","","","2","2","0","0","0","0","0","2","0","2","","","","N","","","","","","","","","",""
"2010118668","","1","0","0","0","0","0","0","0","0","4","0","","02","11","2010","3","40.625064","-80.05414","","11","0","0","0","0","0","0","0","0","","0","0","0","","","0","","2","","40 37:30.230","","0","80 03:14.904","0","0","0","0","2216","0","0","0","N","0","0","0","3","02505","0","","1.0","","9","N","N","","0","","0","0","1","","0","","","2","0","0","0","0","0","0","2","0","2","","","","N","","","","","","","","","",""
"2010118669","","1","0","0","0","0","0","0","0","0","8","0","","02","11","2010","3","40.424803","-80.042649","","11","0","0","0","0","0","0","0","0","2","0","0","0","","","1","","2","","40 25:29.291","3","0","80 02:33.538","3","0","0","0","2435","1","0","0","N","1","0","0","2","02435","0","","1.0","","9","N","N","","0","","1","0","0","","2","N","","2","1","0","0","0","0","0","2","0","1","","","","N","","","","","","","","","",""
"2010118674","","2","0","0","0","0","0","0","0","0","2","0","","02","11","2010","2","40.423676","-79.857283","","11","0","0","0","0","0","1","0","0","2","0","0","0","","","0","","0","","40 25:25.233","4","0","79 51:26.219","0","0","0","0","2431","0","0","0","N","0","0","0","3","02431","0","","1.0","","1","N","N","","0","","0","0","0","","0","N","","2","0","0","0","0","0","0","2","0","2","","","","N","","","","","","","","","",""
"2010118687","","2","0","0","0","0","0","0","0","0","4","0","","02","12","2010","4","40.396242","-79.998126","","11","0","0","0","0","0","2","0","0","","0","0","0","","","1","","1","","40 23:46.470","","0","79 59:53.254","4","0","0","0","2301","0","0","0","N","0","0","0","3","02301","1","","1.0","","1","N","N","","0","","0","0","0","","2","","","2","1","0","0","0","0","0","2","0","2","","","","N","","","","","","","","","",""
"2010118692","","1","0","0","0","0","0","0","0","0","7","0","","02","11","2010","3","40.501888","-79.984788","","11","0","0","0","0","0","0","0","0","1","0","0","0","","","1","","0","","40 30:06.796","2","0","79 59:05.238","4","0","0","0","2118","0","0","0","Y","0","0","0","2","02118","1","","5.0","","9","N","N","","0","","0","0","0","","0","N","","1","1","0","0","0","0","0","2","0","1","","","","N","","","","","","","","","",""
"2010118694","","4","0","0","0","0","0","0","0","0","4","0","","02","11","2010","3","40.424885","-79.8806","","11","0","0","0","0","0","1","0","0","","0","0","0","","","1","","1","","40 25:29.586","","0","79 52:50.160","8","0","0","0","2463","0","0","0","N","0","0","0","1","02463","0","","1.0","","9","N","N","","0","","0","0","3","","0","","","7","1","0","0","0","1","0","2","0","7","","","","N","","","","","","","","","",""
"2010118695","","1","0","0","0","0","0","0","0","0","7","0","","02","11","2010","2","40.624258","-79.740624","","11","0","0","0","0","0","0","0","0","","0","0","0","","","0","","0","","40 37:27.327","","0","79 44:26.246","0","0","0","0","2106","0","0","0","N","0","0","0","1","02106","0","","5.0","","2","N","N","","0","","0","0","0","","0","","","1","0","0","0","0","0","0","2","0","1","","","","N","","","","","","","","","",""
"2010118696","","2","0","0","0","0","0","0","0","0","4","0","","02","11","2010","3","40.504075","-80.141337","","11","0","0","0","0","0","1","0","0","","0","0","0","","","2","","2","","40 30:14.669","","2","80 08:28.814","4","0","0","0","2115","0","0","0","N","0","0","0","2","02115","2","","1.0","","9","N","N","","0","","0","0","0","","3","","","2","2","0","0","0","0","0","2","0","2","","","","N","","","","","","","","","",""
"2010118698","","1","0","0","0","0","0","0","0","0","7","0","","02","11","2010","7","40.511021","-80.246547","","11","0","0","0","1","0","0","0","0","","0","0","0","","","1","","0","","40 30:39.674","","0","80 14:47.570","4","0","0","0","2213","0","0","0","N","0","0","0","1","02213","1","","2.0","","1","N","N","","0","","0","0","0","","0","","","1","1","0","0","0","0","0","2","0","1","","","","N","","","","","","","","","",""
"2010118699","","1","0","0","0","0","0","0","0","0","1","0","","02","11","2010","1","40.500946","-80.226312","","11","0","0","0","0","0","0","1","1","","0","0","0","","","1","","0","","40 30:03.405","","7","80 13:34.722","4","0","0","0","2213","0","0","0","N","0","0","0","2","02213","1","","1.0","","1","N","N","","0","","0","0","0","","2","","","2","1","0","0","0","0","0","2","1","2","","","","N","","","","","","","","","",""
"2010118700","","0","0","0","0","0","0","0","0","0","7","0","","02","11","2010","2","40.475496","-80.173712","","11","1","0","0","0","0","0","0","0","1","0","0","0","","","1","","1","","40 28:31.784","6","0","80 10:25.362","4","0","0","0","2213","0","0","0","N","0","0","0","2","02213","1","","4.0","","1","N","N","","0","","0","0","1","","3","N","","2","1","0","0","0","0","0","2","0","1","","","","N","","","","","","","","","",""
"2010118774","","1","0","0","0","0","0","0","0","0","1","0","","02","11","2010","6","40.444374","-80.009191","","11","0","0","0","0","0","0","0","0","1","0","0","0","","","2","","0","","40 26:39.747","1","3","80 00:33.088","4","0","0","0","2301","0","0","0","N","0","0","0","3","68B03","2","","1.0","","1","N","N","","1","","0","0","1","","0","N","","3","2","2","0","0","0","0","2","0","3","","","","N","","","","","","","","","",""
"2010118775","","2","0","0","0","0","0","0","0","0","1","0","","02","11","2010","2","40.430624","-80.027001","","11","0","0","0","0","0","0","0","0","","0","0","0","","","0","","0","","40 25:50.245","","0","80 01:37.205","0","0","0","0","2301","0","0","0","N","0","0","0","3","68B03","0","","1.0","","1","N","N","","0","","0","0","0","","8","","","2","0","0","0","0","0","0","2","0","2","","","","N","","","","","","","","","",""
"2010118776","","2","0","0","0","0","0","0","0","0","7","0","","02","11","2010","3","40.563031","-80.087829","","11","0","0","0","0","0","0","0","0","","0","0","0","","","2","","0","","40 33:46.910","","0","80 05:16.184","4","0","0","0","2481","0","0","0","N","0","0","0","3","68B03","2","","4.0","","9","N","N","","0","","0","0","0","","0","","","2","2","0","0","0","0","0","2","0","2","","","","N","","","","","","","","","",""
"2010118787","","0","0","0","0","0","0","0","0","0","7","0","","02","11","2010","6","40.641465","-79.720504","","11","0","0","0","0","1","0","0","0","","0","0","0","","","0","","0","","40 38:29.275","","0","79 43:13.813","0","0","0","0","2106","0","0","0","Y","0","0","0","2","68D02","0","","2.0","","1","N","N","","0","","0","0","2","","0","","","2","0","0","0","0","0","0","2","0","2","","","","N","","","","","","","","","",""
"2010118847","","1","0","0","0","0","0","0","0","0","4","0","","02","12","2010","4","40.367024","-80.105245","","11","0","0","0","0","0","0","0","0","","0","0","0","","","2","","0","","40 22:01.285","","0","80 06:18.883","4","0","0","0","2102","0","0","0","N","0","0","0","3","02102","2","","1.0","","9","N","N","","0","","0","0","1","","0","","","2","2","0","0","0","0","0","2","0","2","","","","N","","","","","","","","","",""
"2010118849","","2","0","0","0","0","0","0","0","0","6","0","","02","11","2010","6","40.614337","-79.835023","","11","0","0","0","0","0","2","0","0","1","0","0","0","","","1","","0","","40 36:51.613","2","0","79 50:06.083","8","0","0","0","2220","0","0","0","N","0","0","0","2","02220","0","","1.0","","1","N","N","","0","","0","0","0","","0","N","","2","1","0","0","0","1","0","2","0","2","","","","N","","","","","","","","","",""
"2010118852","","3","0","0","0","0","0","0","0","0","1","0","","02","12","2010","4","40.358479","-80.058406","","11","0","0","1","0","0","0","0","0","","0","0","0","","","1","","0","","40 21:30.526","","0","80 03:30.262","8","0","0","0","2109","0","0","0","N","0","0","0","3","02109","0","","1.0","","9","N","N","","0","","0","0","0","","0","","","3","1","0","0","0","1","0","2","0","3","","","","N","","","","","","","","","",""
"2010118857","","2","0","0","0","0","0","0","0","0","4","0","","02","12","2010","4","40.449819","-79.929656","","11","0","0","0","0","0","0","0","0","","0","0","0","","","0","","1","","40 26:59.348","","0","79 55:46.761","0","0","0","0","2301","0","0","0","N","0","0","0","2","02301","0","","1.0","","9","N","N","","0","","0","0","0","","2","","","2","0","0","0","0","0","0","2","0","2","","","","N","","","","","","","","","",""
"2010118860","","1","0","0","0","0","0","0","0","0","1","0","","02","11","2010","2","40.505715","-80.008085","","11","0","0","0","0","0","0","0","0","","0","0","0","","","0","","0","","40 30:20.575","","0","80 00:29.105","0","0","0","0","2116","0","0","0","N","0","0","0","2","02116","0","","1.0","","1","N","N","","1","","0","0","0","","0","","","2","0","0","0","0","0","0","2","0","2","","","","N","","","","","","","","","",""
"2010118861","","2","0","0","0","0","0","0","0","0","2","0","","02","12","2010","4","40.390046","-79.996149","","11","0","0","0","0","0","0","0","0","","0","0","0","","","0","","0","","40 23:24.165","","0","79 59:46.136","9","0","0","0","2301","0","0","0","N","0","0","0","4","02301","0","","1.0","","9","N","N","","0","","0","0","0","","0","","","2","0","0","0","0","0","1","2","0","2","","","","N","","","","","","","","","",""
"2010118866","","1","0","0","0","0","0","0","0","0","4","0","","02","11","2010","3","40.42875","-79.980556","","11","0","0","0","0","1","0","0","0","1","0","0","0","","","0","","1","","40 25:43.501","4","0","79 58:50.003","0","0","0","0","2301","0","0","0","N","0","0","0","4","02301","0","","1.0","","9","N","N","","0","","0","0","0","","2","Y","","2","0","0","0","0","0","0","2","1","2","","","","N","","","","","","","","","",""
"2010118871","","2","0","0","0","0","0","0","0","0","4","0","","02","12","2010","4","40.352883","-80.140363","","11","0","0","0","0","0","0","0","1","","0","0","0","","","0","","2","","40 21:10.380","","0","80 08:25.306","0","0","0","0","2119","0","0","0","N","0","0","0","2","02119","0","","1.0","","1","N","N","","0","","0","0","0","","3","","","2","0","0","0","0","0","0","2","0","2","","","","N","","","","","","","","","",""
"2010118874","","0","0","0","0","0","0","0","0","0","7","0","","02","12","2010","4","40.434391","-79.989786","","11","0","0","0","0","0","0","0","0","1","0","0","0","","","1","","6","","40 26:03.806","1","3","79 59:23.228","8","0","0","0","2301","0","0","0","N","0","0","0","2","02301","0","","2.0","","2","N","N","","0","","0","0","1","","0","N","","2","1","0","0","0","1","0","2","0","1","","","","N","","","","","","","","","",""
"2010118880","","2","0","0","0","0","0","0","0","0","2","0","","02","11","2010","3","40.506119","-79.990498","","11","0","0","0","1","0","0","0","0","2","0","0","0","","","1","","2","","40 30:22.028","6","0","79 59:25.791","8","0","0","0","2116","0","0","0","N","0","0","0","3","02116","0","","1.0","","9","N","N","","0","","0","0","0","","2","Y","","2","1","0","0","0","1","0","2","0","2","","","","N","","","","","","","","","",""
"2010118883","","1","0","0","0","0","0","0","0","0","4","0","","02","12","2010","4","40.443712","-79.998446","","11","0","0","0","0","0","1","0","0","1","0","0","0","","","0","","1","","40 26:37.363","7","0","79 59:54.405","0","0","0","0","2301","0","0","0","N","0","0","0","2","02301","0","","1.0","","1","N","N","","0","","0","0","1","","2","N","","2","0","0","0","0","0","0","2","0","2","","","","N","","","","","","","","","",""
"2010118889","","0","0","0","0","0","0","0","0","0","8","0","","02","11","2010","3","40.51397","-79.843241","","11","0","0","0","0","0","1","0","0","","0","0","0","","","1","","1","","40 30:50.291","","0","79 50:35.668","8","0","0","0","2451","1","0","0","N","1","0","0","2","02451","0","","1.0","","9","N","N","","1","","0","0","0","","3","","","2","1","0","0","0","1","0","2","0","1","","","","N","","","","","","","","","",""
"2010118890","","1","0","1","0","0","0","0","0","0","4","0","","02","12","2010","4","40.462608","-80.220106","","11","0","0","0","0","0","1","0","0","1","0","0","0","","","2","","0","","40 27:45.390","6","0","80 13:12.380","2","0","0","0","2203","0","0","0","N","0","0","0","2","02203","0","","1.0","","2","N","N","","1","","1","1","0","","0","N","","2","2","0","0","0","0","0","2","0","2","","","","N","","","","","","","","","",""
"2010118894","","0","0","0","0","0","0","0","0","0","4","0","","02","12","2010","4","40.368078","-80.049253","","11","0","1","0","0","0","0","0","0","2","0","0","0","","","1","","2","","40 22:05.079","1","0","80 02:57.311","4","0","0","0","2109","0","0","0","N","0","0","0","3","02109","1","","1.0","","2","N","N","","0","","0","0","2","","3","N","","2","1","0","0","0","0","0","2","0","2","","","","N","","","","","","","","","",""
"2010118896","","1","0","0","0","0","0","0","0","0","4","1","25","02","12","2010","4","40.465256","-79.979371","","11","0","0","0","0","0","0","0","0","2","0","1","0","","","0","","0","","40 27:54.920","3","0","79 58:45.734","0","0","0","0","2301","0","0","0","N","0","0","0","2","02301","0","","1.0","","1","N","N","","0","","0","0","0","","0","N","","2","0","0","0","0","0","0","2","0","2","","","N","Y","4","1","","","N","","","","",""
"2010118898","","2","0","0","0","0","0","0","0","0","4","0","","02","11","2010","3","40.362669","-80.033533","","11","0","0","1","0","0","1","0","0","","0","0","0","","","2","","1","","40 21:45.608","","0","80 02:00.718","3","0","0","0","2109","0","0","0","N","0","0","0","5","02109","1","","1.0","","9","N","N","","0","","1","0","0","","0","","","2","2","1","0","0","0","0","2","0","2","","","","N","","","","","","","","","",""
"2010118907","","3","0","0","0","0","0","0","0","0","1","0","","02","11","2010","3","40.405282","-80.074375","","11","0","0","0","0","0","0","0","0","","0","0","0","","","2","","2","","40 24:19.016","","0","80 04:27.749","8","0","0","0","2415","0","0","0","N","0","0","0","5","02415","0","","1.0","","8","N","N","","0","","0","0","0","","0","","","3","2","0","0","0","2","0","2","0","3","","","","N","","","","","","","","","",""
"2010118908","","0","0","0","0","0","0","0","0","0","7","0","","02","11","2010","2","40.210089","-79.852233","","11","0","0","0","0","0","0","0","0","3","0","0","0","","","1","","0","","40 12:36.320","4","0","79 51:08.039","8","0","0","0","2204","0","0","0","Y","0","0","0","1","02204","0","","5.0","","2","N","N","","0","","0","0","1","","0","N","","1","1","0","0","0","1","0","1","0","1","","","","N","","","","","","","","","",""
"2010118909","","1","0","0","0","0","0","0","0","0","7","0","","02","12","2010","4","40.454029","-79.912399","","11","0","0","0","0","0","0","0","0","","0","0","0","","","0","","1","","40 27:14.504","","0","79 54:44.638","9","0","0","0","2301","0","0","0","N","0","0","0","1","02301","0","","5.0","","9","N","N","","0","","0","0","0","","2","","","1","0","0","0","0","0","1","2","0","1","","","","N","","","","","","","","","",""
"2010118913","","2","0","0","0","0","0","0","0","0","2","0","","02","11","2010","7","40.362179","-79.856701","","11","0","0","0","0","0","0","0","0","1","0","0","0","","","1","","0","","40 21:43.845","4","0","79 51:24.125","8","0","0","0","2473","0","0","0","N","0","0","0","1","02473","0","","4.0","","1","N","N","","0","","0","0","0","","0","N","","2","1","0","0","0","1","0","2","0","2","","","","N","","","","","","","","","",""
"2010118915","","1","0","0","0","0","0","0","0","0","1","0","","02","11","2010","3","40.431836","-80.027565","","11","0","0","0","0","0","0","0","0","","0","0","0","","","0","","7","","40 25:54.609","","2","80 01:39.233","0","0","0","0","2301","0","0","0","N","0","0","0","2","02301","0","","1.0","","9","N","N","","0","","0","0","1","","0","","","2","0","1","0","0","0","0","2","0","2","","","","N","","","","","","","","","",""
"2010118924","","2","0","0","0","0","0","0","0","0","4","0","","02","11","2010","6","40.55944","-79.959161","","11","0","0","0","0","0","1","0","0","2","0","0","0","","","2","","2","","40 33:33.985","2","0","79 57:32.980","8","0","0","0","2207","0","0","0","N","0","0","0","2","02207","0","","1.0","","1","N","N","","0","","0","0","0","","2","N","","2","2","0","0","0","2","0","2","0","2","","","","N","","","","","","","","","",""
"2010118959","","1","0","0","0","0","0","0","0","0","7","0","","02","11","2010","2","40.536269","-79.844141","","11","0","0","0","0","0","0","0","0","","0","0","0","","","0","","0","","40 32:10.567","","0","79 50:38.906","0","0","0","0","2208","0","0","0","N","0","0","0","1","68D02","0","","2.0","","1","N","N","","0","","0","0","0","","0","","","1","0","0","0","0","0","0","2","0","1","","","","N","","","","","","","","","",""
"2010118960","","0","0","0","0","0","0","0","0","0","7","0","","02","11","2010","2","40.488971","-79.912004","","11","0","0","0","0","0","0","0","0","2","0","0","0","","","0","","0","","40 29:20.296","1","3","79 54:43.215","0","0","0","0","2112","0","0","0","N","0","0","0","1","68D02","0","","2.0","","2","N","N","","1","","0","0","0","","0","N","","1","0","0","0","0","0","0","2","0","1","","","","N","","","","","","","","","",""
"2010119055","","0","0","0","0","0","0","0","0","0","4","0","","02","12","2010","4","40.626185","-80.056151","","11","0","0","0","0","0","1","0","0","1","0","0","0","","","1","","1","","40 37:34.267","3","0","80 03:22.142","4","0","0","0","2216","0","0","0","N","0","0","0","2","02505","1","","1.0","","9","N","N","","0","","0","0","1","","3","Y","","2","1","0","0","0","0","0","2","1","2","","","","N","","","","","","","","","",""
"2010119063","","1","0","0","0","0","0","0","0","0","5","0","","02","12","2010","4","40.49143","-80.055719","","11","0","0","0","0","0","0","0","0","","0","0","0","","","0","","0","","40 29:29.148","","0","80 03:20.590","0","0","0","0","2473","0","0","0","N","0","0","0","2","02473","0","","1.0","","9","N","N","","0","","0","0","0","","0","","","2","0","0","0","0","0","0","2","0","2","","","","N","","","","","","","","","",""
"2010119065","","1","0","0","0","0","0","0","0","0","2","0","","02","12","2010","4","40.521808","-79.991063","","11","0","0","0","0","0","0","0","0","","0","0","0","","","0","","0","","40 31:18.507","","0","79 59:27.825","9","0","0","0","2116","0","0","0","N","0","0","0","2","02116","0","","1.0","","9","N","N","","0","","0","0","1","","0","","","2","0","0","0","0","0","1","2","0","2","","","","N","","","","","","","","","",""
"2010119072","","0","0","0","0","0","0","0","0","0","8","0","","02","12","2010","5","40.43655","-79.997222","","11","0","0","0","0","0","1","0","0","","0","0","0","","","1","","1","","40 26:11.580","","0","79 59:50.000","4","0","0","0","2301","1","0","0","N","1","0","0","2","02301","1","","1.0","","9","N","N","","1","","0","0","0","","2","","","2","1","0","0","0","0","0","2","0","1","","","","N","","","","","","","","","",""
"2010119078","","1","0","0","0","0","0","0","0","0","7","0","","02","12","2010","4","40.539044","-79.990146","","11","0","0","0","0","0","0","0","0","","0","0","0","","","0","","0","","40 32:20.558","","0","79 59:24.525","0","0","0","0","2116","0","0","0","N","0","0","0","1","02116","0","","5.0","","6","N","N","","0","","0","0","0","","0","","","1","0","0","0","0","0","0","2","0","1","","","","N","","","","","","","","","",""
"2010119079","","1","0","0","0","0","0","0","0","0","7","0","","02","12","2010","5","40.256716","-79.83618","","11","0","0","0","0","0","0","0","0","","0","0","0","","","0","","0","","40 15:24.177","","0","79 50:10.248","0","0","0","0","2105","0","0","0","N","0","0","0","1","02105","0","","5.0","","2","N","N","","0","","0","0","0","","0","","","1","0","0","0","0","0","0","2","0","1","","","","N","","","","","","","","","",""