"CRN","ARRIVAL_TM","AUTOMOBILE_COUNT","BELTED_DEATH_COUNT","BELTED_SUSP_SERIOUS_INJ_COUNT","BICYCLE_COUNT","BICYCLE_DEATH_COUNT","BICYCLE_SUSP_SERIOUS_INJ_COUNT","BUS_COUNT","CHLDPAS_DEATH_COUNT","CHLDPAS_SUSP_SERIOUS_INJ_COUNT","COLLISION_TYPE","COMM_VEH_COUNT","CONS_ZONE_SPD_LIM","COUNTY","CRASH_MONTH","CRASH_YEAR","DAY_OF_WEEK","DEC_LATITUDE","DEC_LONGITUDE","DISPATCH_TM","DISTRICT","DRIVER_COUNT_16YR","DRIVER_COUNT_17YR","DRIVER_COUNT_18YR","DRIVER_COUNT_19YR","DRIVER_COUNT_20YR","DRIVER_COUNT_50_64YR","DRIVER_COUNT_65_74YR","DRIVER_COUNT_75PLUS","EST_HRS_CLOSED","FATAL_COUNT","HEAVY_TRUCK_COUNT","HORSE_BUGGY_COUNT","HOUR_OF_DAY","ILLUMINATION","INJURY_COUNT","INTERSECTION_RELATED","INTERSECT_TYPE","LANE_CLOSED","LATITUDE","LN_CLOSE_DIR","LOCATION_TYPE","LONGITUDE","MAX_SEVERITY_LEVEL","MCYCLE_DEATH_COUNT","MCYCLE_SUSP_SERIOUS_INJ_COUNT","MOTORCYCLE_COUNT","MUNICIPALITY","NONMOTR_COUNT","NONMOTR_DEATH_COUNT","NONMOTR_SUSP_SERIOUS_INJ_COUNT","NTFY_HIWY_MAINT","PED_COUNT","PED_DEATH_COUNT","PED_SUSP_SERIOUS_INJ_COUNT","PERSON_COUNT","POLICE_AGCY","POSSIBLE_INJ_COUNT","RDWY_SURF_TYPE_CD","RELATION_TO_ROAD","ROADWAY_CLEARED","ROAD_CONDITION","SCH_BUS_IND","SCH_ZONE_IND","SECONDARY_CRASH","SMALL_TRUCK_COUNT","SPEC_JURIS_CD","SUSP_MINOR_INJ_COUNT","SUSP_SERIOUS_INJ_COUNT","SUV_COUNT","TCD_FUNC_CD","TCD_TYPE","TFC_DETOUR_IND","TIME_OF_DAY","TOTAL_UNITS","TOT_INJ_COUNT","UNBELTED_OCC_COUNT","UNB_DEATH_COUNT","UNB_SUSP_SERIOUS_INJ_COUNT","UNK_INJ_DEG_COUNT","UNK_INJ_PER_COUNT","URBAN_RURAL","VAN_COUNT","VEHICLE_COUNT","WEATHER1","WEATHER2","WORKERS_PRES","WORK_ZONE_IND","WORK_ZONE_LOC","WORK_ZONE_TYPE","WZ_CLOSE_DETOUR","WZ_FLAGGER","WZ_LAW_OFFCR_IND","WZ_LN_CLOSURE","WZ_MOVING","WZ_OTHER","WZ_SHLDER_MDN","WZ_WORKERS_INJ_KILLED"
"2010120860","","1","0","0","0","0","0","0","0","0","6","0","","02","11","2010","3","40.417732","-79.75795","","11","0","0","0","0","1","0","0","0","","0","0","0","","","1","","0","","40 25:03.836","","0","79 45:28.621","3","0","0","0","2446","0","0","0","N","0","0","0","3","02446","0","","1.0","","9","N","N","","0","","1","0","2","","0","","","3","1","0","0","0","0","0","2","0","3","","","","N","","","","","","","","","",""
"2010120866","","0","0","0","0","0","0","0","0","0","8","0","","02","12","2010","2","40.45625","-79.994971","","11","0","0","0","0","0","1","0","0","1","0","0","0","","","1","","1","","40 27:22.500","1","0","79 59:41.895","8","0","0","0","2301","1","0","0","N","1","0","0","2","02301","0","","1.0","","1","N","N","","1","","0","0","0","","0","Y","","2","1","0","0","0","1","0","2","0","1","","","","N","","","","","","","","","",""
"2010120892","","3","0","0","0","0","0","0","0","0","1","0","","02","12","2010","4","40.489148","-80.009396","","11","0","0","0","0","0","2","0","0","","0","0","0","","","0","","0","","40 29:20.932","","0","80 00:33.824","0","0","0","0","2301","0","0","0","N","0","0","0","5","68B03","0","","1.0","","9","N","N","","1","","0","0","0","","0","","","4","0","0","0","0","0","0","2","0","4","","","","N","","","","","","","","","",""
"2010120893","","3","0","0","0","0","0","0","0","0","1","0","","02","12","2010","6","40.432086","-79.871466","","11","0","0","0","0","0","0","0","0","","0","0","0","","","0","","0","","40 25:55.508","","0","79 52:17.277","0","0","0","0","2411","0","0","0","N","0","0","0","3","68B03","0","","1.0","","1","N","N","","0","","0","0","0","","0","","","3","0","0","0","0","0","0","2","0","3","","","","N","","","","","","","","","",""
"2010120894","","1","0","0","0","0","0","0","0","0","5","0","","02","12","2010","2","40.440915","-79.830062","","11","0","0","0","0","0","0","0","0","2","0","1","0","","","0","","0","","40 26:27.294","3","0","79 49:48.222","0","0","0","0","2419","0","0","0","Y","0","0","0","3","68B03","0","","1.0","","9","N","N","","0","","0","0","0","","0","N","","3","0","0","0","0","0","0","2","1","3","","","","N","","","","","","","","","",""
"2010120909","","1","0","0","0","0","0","0","0","0","7","0","","02","12","2010","2","40.566957","-79.796316","","11","0","0","0","0","0","1","0","0","","0","0","0","","","0","","6","","40 34:01.044","","2","79 47:46.736","0","0","0","0","2206","0","0","0","N","0","0","0","1","68D02","0","","4.0","","1","N","N","","0","","0","0","0","","4","","","1","0","0","0","0","0","0","2","0","1","","","","N","","","","","","","","","",""
"2010121066","","2","0","0","0","0","0","0","0","0","5","0","","02","12","2010","3","40.444977","-79.936388","","11","0","0","0","0","0","0","0","0","","0","0","0","","","0","","0","","40 26:41.916","","0","79 56:10.998","0","0","0","0","2301","0","0","0","N","0","0","0","2","02301","0","","4.0","","2","N","N","","0","","0","0","0","","0","","","2","0","1","0","0","0","0","2","0","2","","","","N","","","","","","","","","",""
"2010121073","","1","0","0","0","0","0","0","0","0","7","0","","02","12","2010","3","40.619736","-80.055156","","11","0","0","1","0","0","0","0","0","","0","0","0","","","0","","0","","40 37:11.050","","0","80 03:18.563","0","0","0","0","2216","0","0","0","N","0","0","0","1","02505","0","","5.0","","9","N","N","","0","","0","0","0","","2","","","1","0","0","0","0","0","0","2","0","1","","","","N","","","","","","","","","",""
"2010121087","","1","0","0","0","0","0","0","0","0","4","0","","02","12","2010","7","40.438855","-79.764273","","11","0","0","0","0","0","0","0","0","","0","0","0","","","0","","0","","40 26:19.877","","0","79 45:51.383","0","0","0","0","2446","0","0","0","N","0","0","0","2","02446","0","","1.0","","1","N","N","","0","","0","0","1","","8","","","2","0","0","0","0","0","0","2","0","2","","","","N","","","","","","","","","",""
"2010121088","","0","0","0","0","0","0","0","0","0","4","0","","02","12","2010","3","40.453489","-80.00059","","11","0","0","0","0","0","1","0","0","","0","0","0","","","0","","2","","40 27:12.560","","0","80 00:02.124","0","0","0","0","2301","0","0","0","N","0","0","0","3","02301","0","","1.0","","9","N","N","","0","","0","0","2","","0","","","2","0","0","0","0","0","0","2","0","2","","","","N","","","","","","","","","",""
"2010121090","","2","0","0","0","0","0","0","0","0","4","0","","02","12","2010","3","40.376457","-80.067468","","11","0","0","0","0","0","1","0","0","1","0","0","0","","","2","","1","","40 22:35.246","4","0","80 04:02.884","4","0","0","0","2117","0","0","0","N","0","0","0","4","02117","2","","1.0","","1","N","N","","0","","0","0","0","","2","N","","2","2","0","0","0","0","0","2","0","2","","","","N","","","","","","","","","",""
"2010121091","","1","0","0","0","0","0","0","0","0","4","0","25","02","12","2010","7","40.477652","-79.968969","","11","0","1","0","0","0","0","0","0","1","0","0","0","","","1","","1","","40 28:39.546","3","2","79 58:08.288","8","0","0","0","2445","0","0","0","Y","0","0","0","3","02445","0","","1.0","","1","N","N","","0","","0","0","1","","3","N","","2","1","3","0","0","1","0","2","0","2","","","N","Y","2","1","","","N","Y","Y","","Y",""
"2010121122","","2","0","0","0","0","0","0","0","0","2","0","","02","12","2010","3","40.400166","-80.006968","","11","0","0","0","0","0","0","0","0","3","0","0","0","","","1","","0","","40 24:00.596","7","0","80 00:25.085","4","0","0","0","2301","0","0","0","N","0","0","0","2","02301","1","","1.0","","98","N","N","","0","","0","0","0","","0","Y","","2","1","0","0","0","0","0","2","0","2","","","","N","","","","","","","","","",""
"2010121130","","1","0","0","0","0","0","0","0","0","8","0","","02","12","2010","3","40.444079","-79.919177","","11","0","0","0","0","0","1","0","0","","0","0","0","","","1","","1","","40 26:38.684","","0","79 55:09.038","4","0","0","0","2301","1","0","0","N","1","0","0","2","02301","1","","1.0","","9","N","N","","0","","0","0","0","","2","","","2","1","0","0","0","0","0","2","0","1","","","","N","","","","","","","","","",""
"2010121132","","1","0","0","0","0","0","0","0","0","4","0","","02","12","2010","3","40.416377","-79.938245","","11","0","0","0","0","0","0","0","0","","0","0","0","","","2","","0","","40 24:58.957","","0","79 56:17.682","8","0","0","0","2301","0","0","0","N","0","0","0","2","02301","0","","1.0","","98","N","N","","1","","0","0","0","","0","","","2","2","2","0","0","2","0","2","0","2","","","","N","","","","","","","","","",""
"2010121134","","0","0","0","0","0","0","0","0","0","7","1","","02","12","2010","2","40.370363","-80.09755","","11","0","0","0","0","0","1","0","0","2","0","1","0","","","0","","0","","40 22:13.306","5","0","80 05:51.180","0","0","0","0","2117","0","0","0","N","0","0","0","1","02117","0","","5.0","","9","N","N","","0","","0","0","1","","0","N","","2","0","0","0","0","0","0","2","0","2","","","","N","","","","","","","","","",""
"2010121140","","1","0","0","0","0","0","0","0","0","7","0","","02","12","2010","3","40.419699","-79.928258","","11","0","0","0","0","0","1","1","0","","0","0","0","","","1","","2","","40 25:10.916","","0","79 55:41.728","3","0","0","0","2301","0","0","0","N","0","0","0","3","02301","0","","4.0","","9","N","N","","0","","1","0","1","","0","","","2","1","0","0","0","0","0","2","0","2","","","","N","","","","","","","","","",""
"2010121144","","1","0","0","0","0","0","0","0","0","1","0","","02","12","2010","2","40.41335","-80.009951","","11","0","0","0","0","0","0","0","0","","0","0","0","","","1","","1","","40 24:48.061","","4","80 00:35.825","8","0","0","0","2301","0","0","0","N","0","0","0","2","02301","0","","1.0","","9","N","N","","0","","0","0","1","","2","","","2","1","0","0","0","1","1","2","0","2","","","","N","","","","","","","","","",""
"2010121147","","2","0","0","0","0","0","0","0","0","4","0","","02","12","2010","2","","","","11","0","1","0","0","0","0","0","0","1","0","0","0","","","1","","2","","","6","0","","8","0","0","0","2473","0","0","0","N","0","0","0","3","02473","0","","1.0","","1","N","N","","0","","0","0","1","","0","N","","3","1","1","0","0","1","0","1","0","3","","","","N","","","","","","","","","",""
"2010121149","","1","0","0","0","0","0","0","0","0","4","0","","02","12","2010","3","40.455324","-79.976372","","11","0","0","0","0","0","0","0","0","","0","0","0","","","1","","2","","40 27:19.166","","0","79 58:34.939","3","0","0","0","2301","0","0","0","N","0","0","0","5","02301","0","","1.0","","1","N","N","","1","","1","0","0","","3","","","2","1","1","0","0","0","0","2","0","2","","","","N","","","","","","","","","",""
"2010121161","","2","0","0","0","0","0","0","0","0","1","0","","02","12","2010","6","40.514649","-80.004186","","11","0","0","0","0","0","1","0","0","2","0","0","0","","","0","","2","","40 30:52.735","1","2","80 00:15.071","0","0","0","0","2116","0","0","0","N","0","0","0","2","02116","0","","1.0","","9","N","N","","0","","0","0","0","","2","Y","","2","0","1","0","0","0","0","2","0","2","","","","N","","","","","","","","","",""
"2010121164","","3","0","0","0","0","0","0","0","0","4","0","","02","12","2010","3","40.377568","-79.801984","","11","0","1","0","0","0","0","0","0","","0","0","0","","","1","","0","","40 22:39.245","","0","79 48:07.144","8","0","0","0","2111","0","0","0","N","0","0","0","3","02111","0","","1.0","","1","N","N","","0","","0","0","0","","0","","","3","1","0","0","0","1","0","2","0","3","","","","N","","","","","","","","","",""
"2010121165","","2","0","0","0","0","0","0","0","0","4","0","","02","12","2010","2","40.301886","-79.930374","","11","0","0","2","0","0","0","0","0","2","0","0","0","","","4","","0","","40 18:06.788","5","0","79 55:49.348","4","0","0","0","2440","0","0","0","N","0","0","0","8","02440","4","","1.0","","1","N","N","","1","","0","0","0","","0","N","","3","4","1","0","0","0","0","2","0","3","","","","N","","","","","","","","","",""
"2010121167","","2","0","0","0","0","0","0","0","0","2","0","","02","12","2010","3","40.455757","-79.910552","","11","0","0","0","1","0","1","0","0","","0","0","0","","","0","","1","","40 27:20.725","","0","79 54:37.988","0","0","0","0","2301","0","0","0","N","0","0","0","2","02301","0","","1.0","","9","N","N","","0","","0","0","0","","2","","","2","0","0","0","0","0","0","2","0","2","","","","N","","","","","","","","","",""
"2010121169","","1","0","0","0","0","0","0","0","0","7","0","","02","12","2010","3","40.398978","-80.104002","","11","0","0","0","0","0","0","0","0","2","0","0","0","","","2","","0","","40 23:56.321","3","0","80 06:14.407","4","0","0","0","2102","0","0","0","N","0","0","0","2","02102","2","","2.0","","1","N","N","","0","","0","0","0","","0","N","","1","2","2","0","0","0","0","2","0","1","","","","N","","","","","","","","","",""
"2010121176","","1","0","0","0","0","0","0","0","0","8","0","","02","12","2010","3","40.447425","-79.942471","","11","0","0","0","0","0","0","0","0","","0","0","0","","","1","","1","","40 26:50.730","","0","79 56:32.895","3","0","0","0","2301","1","0","0","N","1","0","0","2","02301","0","","1.0","","1","N","N","","0","","1","0","0","","2","","","2","1","0","0","0","0","0","2","0","1","","","","N","","","","","","","","","",""
"2010121178","","1","0","0","0","0","0","0","0","0","1","0","35","02","11","2010","4","40.498142","-80.209231","","11","0","0","0","0","0","1","0","0","","0","0","0","","","0","","0","","40 29:53.312","","0","80 12:33.231","0","0","0","0","2213","0","0","0","N","0","0","0","2","02213","0","","1.0","","1","N","N","","1","","0","0","0","","0","","","2","0","0","0","0","0","0","2","0","2","","","N","Y","4","1","N","N","N","Y","N","N","N",""
"2010121179","","0","0","0","0","0","0","0","0","0","1","0","35","02","11","2010","3","40.479155","-80.201214","","11","0","0","0","0","0","1","0","0","","0","0","0","","","1","","6","","40 28:44.958","","2","80 12:04.371","8","0","0","0","2213","0","0","0","N","0","0","0","2","02213","0","","1.0","","9","N","N","","0","","0","0","2","","3","","","2","1","0","0","0","1","0","2","0","2","","","N","Y","4","1","N","N","N","Y","N","N","Y",""
"2010121180","","1","0","0","0","0","0","0","0","0","7","0","","02","11","2010","3","40.308055","-80.048796","","11","0","0","0","1","0","0","0","0","","0","0","0","","","0","","0","","40 18:28.998","","0","80 02:55.665","0","0","0","0","2407","0","0","0","N","0","0","0","1","02407","0","","4.0","","1","N","N","","0","","0","0","0","","0","","","1","0","0","0","0","0","0","2","0","1","","","","N","","","","","","","","","",""
"2010121181","","0","0","0","0","0","0","0","0","0","7","0","","02","12","2010","4","40.342607","-80.036787","","11","0","0","0","0","0","0","0","0","1","0","0","0","","","0","","0","","40 20:33.385","4","0","80 02:12.433","0","0","0","0","2407","0","0","0","N","0","0","0","1","02407","0","","2.0","","2","N","N","","0","","0","0","1","","0","Y","","1","0","0","0","0","0","0","2","0","1","","","","N","","","","","","","","","",""
"2010121182","","0","0","0","0","0","0","0","0","0","1","0","","02","12","2010","6","40.330527","-80.022053","","11","0","0","0","0","0","1","0","0","","0","0","0","","","2","","5","","40 19:49.897","","0","80 01:19.389","8","0","0","0","2407","0","0","0","N","0","0","0","3","02407","0","","1.0","","1","N","N","","2","","0","0","0","","2","","","2","2","0","0","0","2","0","2","0","2","","","","N","","","","","","","","","",""
"2010121203","","0","0","0","0","0","0","1","0","0","4","1","","02","12","2010","2","40.429179","-79.921213","","11","0","0","0","0","0","0","0","0","1","0","0","0","","","0","","1","","40 25:45.044","7","0","79 55:16.366","0","0","0","0","2301","0","0","0","N","0","0","0","5","02503","0","","1.0","","9","N","N","","0","","0","0","1","","2","N","","2","0","0","0","0","0","0","2","0","2","","","","N","","","","","","","","","",""
"2010121257","","0","0","0","0","0","0","0","0","0","99","0","","02","11","2010","7","40.541294","-80.080929","","11","0","0","0","0","0","0","0","0","","0","0","0","","","0","","0","","40 32:28.659","","0","80 04:51.343","0","0","0","0","2215","0","0","0","N","0","0","0","1","68B03","0","","1.0","","1","N","N","","1","","0","0","0","","0","","","1","0","0","0","0","0","0","2","0","1","","","","N","","","","","","","","","",""
"2010121258","","1","0","0","0","0","0","0","0","0","7","0","","02","12","2010","2","40.425965","-79.897525","","11","0","0","0","0","0","0","0","0","","0","0","0","","","0","","0","","40 25:33.473","","0","79 53:51.091","0","0","0","0","2301","0","0","0","N","0","0","0","1","68B03","0","","5.0","","7","N","N","","0","","0","0","0","","0","","","1","0","0","0","0","0","0","2","0","1","","","","N","","","","","","","","","",""
"2010121300","","1","0","0","0","0","0","0","0","0","4","0","","02","12","2010","3","40.618903","-80.084552","","11","0","0","1","0","0","0","0","0","1","0","0","0","","","1","","2","","40 37:08.052","6","0","80 05:04.388","4","0","0","0","2212","0","0","0","N","0","0","0","3","02505","1","","1.0","","9","N","N","","1","","0","0","0","","3","N","","2","1","0","0","0","0","0","2","0","2","","","","N","","","","","","","","","",""
"2010121315","","1","0","0","0","0","0","0","0","0","7","0","","02","12","2010","3","40.351935","-79.853073","","11","0","0","0","0","0","0","0","0","1","0","0","0","","","1","","0","","40 21:06.966","6","0","79 51:11.062","8","0","0","0","2304","0","0","0","N","0","0","0","1","02304","0","","4.0","","1","N","N","","0","","0","0","0","","0","Y","","1","1","0","0","0","1","0","2","0","1","","","","N","","","","","","","","","",""
"2010121321","","1","0","0","0","0","0","0","0","0","4","0","","02","12","2010","3","40.673438","-80.097018","","11","0","0","1","0","0","0","0","0","","0","0","0","","","1","","1","","40 40:24.376","","0","80 05:49.263","4","0","0","0","2212","0","0","0","N","0","0","0","3","02505","1","","1.0","","9","N","N","","1","","0","0","0","","3","","","2","1","0","0","0","0","0","2","0","2","","","","N","","","","","","","","","",""
"2010121322","","2","0","0","0","0","0","0","0","0","4","0","","02","11","2010","2","","","","11","0","0","0","0","0","0","0","0","","0","0","0","","","1","","0","","","","7","","4","0","0","0","2446","0","0","0","N","0","0","0","2","02446","1","","6.0","","1","N","N","","0","","0","0","0","","0","","","2","1","0","0","0","0","0","1","0","2","","","","N","","","","","","","","","",""
"2010121325","","3","0","0","0","0","0","0","0","0","1","0","","02","12","2010","3","40.492656","-80.062248","","11","0","0","0","0","0","0","0","0","1","0","0","0","","","0","","0","","40 29:33.561","2","0","80 03:44.093","0","0","0","0","2402","0","0","0","N","0","0","0","3","02402","0","","1.0","","1","N","N","","0","","0","0","0","","0","N","","3","0","0","0","0","0","0","2","0","3","","","","N","","","","","","","","","",""
"2010121330","","2","0","0","0","0","0","0","0","0","4","0","","02","11","2010","2","40.435436","-79.788081","","11","0","0","0","1","0","1","0","0","1","0","0","0","","","1","","0","","40 26:07.569","3","7","79 47:17.091","4","0","0","0","2446","0","0","0","N","0","0","0","3","02446","1","","1.0","","1","N","N","","0","","0","0","0","","3","N","","2","1","1","0","0","0","0","2","0","2","","","","N","","","","","","","","","",""
"2010121334","","3","0","0","0","0","0","0","0","0","1","0","","02","12","2010","3","40.419719","-80.013294","","11","0","0","0","0","0","1","0","0","","0","0","0","","","0","","0","","40 25:10.988","","0","80 00:47.858","9","0","0","0","2301","0","0","0","N","0","0","0","1","02301","0","","2.0","","1","N","N","","0","","0","0","0","","0","","","3","0","0","0","0","0","1","2","0","3","","","","N","","","","","","","","","",""
"2010121343","","1","0","0","0","0","0","0","0","0","1","0","","02","12","2010","4","40.355017","-80.050266","","11","0","0","0","0","0","1","0","0","1","0","0","0","","","0","","0","","40 21:18.062","2","0","80 03:00.959","0","0","0","0","2109","0","0","0","N","0","0","0","2","02109","0","","1.0","","9","N","N","","0","","0","0","1","","0","N","","2","0","0","0","0","0","0","2","0","2","","","","N","","","","","","","","","",""
"2010121353","","2","0","0","0","0","0","0","0","0","1","0","","02","12","2010","4","40.449134","-79.965072","","11","0","0","0","0","0","0","0","0","1","0","0","0","","","0","","0","","40 26:56.882","1","0","79 57:54.259","0","0","0","0","2301","0","0","0","N","0","0","0","1","02301","0","","6.0","","1","N","N","","0","","0","0","0","","0","N","","2","0","0","0","0","0","0","2","0","2","","","","N","","","","","","","","","",""
"2010121362","","1","0","0","0","0","0","0","0","0","4","1","","02","12","2010","3","40.537306","-79.962537","","11","0","0","0","0","0","0","0","0","1","0","1","0","","","1","","0","","40 32:14.302","2","0","79 57:45.134","4","0","0","0","2118","0","0","0","N","0","0","0","3","02118","1","","1.0","","2","N","N","","0","","0","0","0","","0","N","","2","1","0","0","0","0","0","2","0","2","","","","N","","","","","","","","","",""
"2010121385","","1","0","0","0","0","0","0","0","0","1","0","","02","10","2010","5","40.415537","-80.06036","","11","0","0","0","0","0","0","0","0","","0","0","0","","","1","","0","","40 24:55.932","","0","80 03:37.296","4","0","0","0","2435","0","0","0","N","0","0","0","2","68B03","1","","1.0","","1","N","N","","1","","0","0","0","","0","","","2","1","0","0","0","0","0","2","0","2","","","","N","","","","","","","","","",""
"2010121386","","1","0","0","0","0","0","0","0","0","5","0","","02","11","2010","2","40.44866","-80.006623","","11","0","0","0","0","0","1","0","0","","0","0","0","","","0","","6","","40 26:55.176","","2","80 00:23.843","9","0","0","0","2301","0","0","0","N","0","0","0","4","68B03","0","","1.0","","1","N","N","","0","","0","0","0","","4","","","2","0","1","0","0","0","1","2","1","2","","","","N","","","","","","","","","",""
"2010121387","","1","0","0","0","0","0","0","0","0","1","0","","02","11","2010","3","40.417612","-80.055759","","11","0","0","0","0","0","1","0","0","1","0","0","0","","","0","","0","","40 25:03.403","3","0","80 03:20.733","0","0","0","0","2435","0","0","0","Y","0","0","0","3","68B03","0","","1.0","","1","N","N","","0","","0","0","1","","0","N","","3","0","0","0","0","0","0","2","1","3","","","","N","","","","","","","","","",""
"2010121388","","0","0","0","0","0","0","0","0","0","7","0","","02","12","2010","5","40.6017","-80.093519","","11","0","0","0","0","0","0","0","0","","0","0","0","","","0","","0","","40 36:06.120","","0","80 05:36.668","0","0","0","0","2481","0","0","0","N","0","0","0","1","68B03","0","","4.0","","9","N","N","","0","","0","0","1","","0","","","1","0","0","0","0","0","0","2","0","1","","","","N","","","","","","","","","",""
"2010121396","","0","0","0","0","0","0","0","0","0","7","0","","02","11","2010","7","40.667536","-79.715243","","11","0","0","0","0","0","0","0","0","2","0","0","0","","","1","","0","","40 40:03.129","1","3","79 42:54.874","3","0","0","0","2106","0","0","0","Y","0","0","0","1","68D02","0","","5.0","","2","N","N","","0","","1","0","1","","0","N","","1","1","1","0","0","0","0","2","0","1","","","","N","","","","","","","","","",""
"2010121473","","0","0","0","0","0","0","0","0","0","7","0","","02","12","2010","1","40.647887","-79.804895","","11","0","0","0","0","0","0","0","0","3","0","0","0","","","0","","0","","40 38:52.393","6","0","79 48:17.622","0","0","0","0","2202","0","0","0","N","0","0","0","2","02202","0","","5.0","","1","N","N","","0","","0","0","0","","0","Y","","1","0","2","0","0","0","0","1","1","1","","","","N","","","","","","","","","",""
"2010121489","","1","0","0","0","0","0","0","0","0","7","0","","02","12","2010","4","40.508422","-79.81103","","11","0","0","0","0","0","0","0","0","","0","0","0","","","1","","0","","40 30:30.318","","7","79 48:39.708","4","0","0","0","2113","0","0","0","N","0","0","0","1","02113","1","","2.0","","2","N","N","","0","","0","0","0","","0","","","1","1","0","0","0","0","0","2","0","1","","","","N","","","","","","","","","",""
"2010121497","","1","0","0","0","0","0","0","0","0","4","0","","02","12","2010","4","40.49575","-80.005523","","11","0","0","0","0","0","1","0","0","1","0","1","0","","","1","","2","","40 29:44.701","3","0","80 00:19.882","8","0","0","0","2301","0","0","0","N","0","0","0","2","02301","0","","1.0","","2","N","N","","0","","0","0","0","","0","N","","2","1","0","0","0","1","0","2","0","2","","","","N","","","","","","","","","",""
"2010121505","","0","0","0","0","0","0","0","0","0","1","0","","02","12","2010","4","40.475582","-79.707342","","11","0","0","0","0","0","0","0","0","","0","0","0","","","2","","2","","40 28:32.094","","0","79 42:26.430","8","0","0","0","2466","0","0","0","N","0","0","0","2","02466","0","","1.0","","1","N","N","","0","","0","0","2","","2","","","2","2","0","0","0","2","0","2","0","2","","","","N","","","","","","","","","",""
"2010121507","","1","0","0","0","0","0","0","0","0","7","0","","02","12","2010","4","40.589702","-79.956171","","11","0","0","0","0","0","0","0","0","1","0","0","0","","","0","","0","","40 35:22.928","4","0","79 57:22.216","0","0","0","0","2207","0","0","0","N","0","0","0","2","02207","0","","5.0","","2","N","N","","0","","0","0","0","","0","N","","1","0","0","0","0","0","0","2","0","1","","","","N","","","","","","","","","",""
"2010121508","","1","0","0","0","0","0","0","0","0","1","0","","02","12","2010","4","40.436023","-79.946193","","11","0","0","0","0","0","0","0","0","","0","0","0","","","0","","3","","40 26:09.682","","0","79 56:46.296","0","0","0","0","2301","0","0","0","N","0","0","0","2","02301","0","","7.0","","1","N","N","","1","","0","0","0","","4","","","2","0","0","0","0","0","0","2","0","2","","","","N","","","","","","","","","",""
"2010121512","","2","1","0","0","0","0","0","0","0","4","0","","02","10","2010","2","40.531945","-80.204666","","11","0","0","0","0","0","1","0","1","2","1","0","0","","","1","","0","","40 31:55.002","2","7","80 12:16.799","1","0","0","0","2213","0","0","0","N","0","0","0","3","02213","0","2","1.0","","1","N","N","","0","0","1","0","0","","0","N","","2","1","0","0","0","0","0","2","0","2","","","","N","","","","","","","","","",""
"2010121515","","1","0","0","0","0","0","0","0","0","4","0","","02","12","2010","4","40.633647","-79.938701","","11","0","0","0","0","0","0","0","0","","0","0","0","","","0","","1","","40 38:01.130","","0","79 56:19.322","0","0","0","0","2217","0","0","0","N","0","0","0","2","02505","0","","1.0","","9","N","N","","0","","0","0","1","","3","","","2","0","0","0","0","0","0","2","0","2","","","","N","","","","","","","","","",""
"2010121533","","0","0","0","0","0","0","0","0","0","1","1","45","02","11","2010","6","40.494651","-79.94146","","11","0","0","0","0","0","0","0","0","","0","1","0","","","0","","7","","40 29:40.745","","2","79 56:29.257","0","0","0","0","2430","0","0","0","N","0","0","0","2","02430","0","","1.0","","1","N","N","","0","","0","0","0","","0","","","2","0","0","0","0","0","0","2","1","2","","","Y","Y","4","1","","Y","N","Y","Y","","",""
"2010121535","","1","0","0","0","0","0","1","0","0","1","1","","02","12","2010","4","40.441233","-79.774969","","11","0","0","0","0","0","1","0","0","","0","0","0","","","0","","0","","40 26:28.440","","0","79 46:29.890","0","0","0","0","2446","0","0","0","N","0","0","0","2","02446","0","","1.0","","1","Y","N","","0","","0","0","0","","0","","","2","0","0","0","0","0","0","2","0","2","","","","N","","","","","","","","","",""
"2010121537","","2","0","0","0","0","0","0","0","0","4","0","","02","12","2010","4","40.46714","-80.025019","","11","0","0","0","0","0","0","1","0","","0","0","0","","","0","","1","","40 28:01.704","","0","80 01:30.068","0","0","0","0","2301","0","0","0","N","0","0","0","2","02301","0","","1.0","","1","N","N","","0","","0","0","0","","2","","","2","0","0","0","0","0","0","2","0","2","","","","N","","","","","","","","","",""
"2010121549","","1","0","0","0","0","0","0","0","0","7","0","","02","12","2010","3","40.557783","-80.160711","","11","0","0","0","0","0","0","1","0","","0","0","0","","","0","","0","","40 33:28.019","","0","80 09:38.559","0","0","0","0","2459","0","0","0","N","0","0","0","1","02459","0","","4.0","","98","N","N","","0","","0","0","0","","0","","","1","0","0","0","0","0","0","1","0","1","","","","N","","","","","","","","","",""
"2010121551","","1","0","0","0","0","0","0","0","0","7","0","","02","12","2010","4","40.395498","-79.803595","","11","0","0","0","0","0","0","0","0","2","0","0","0","","","2","","0","","40 23:43.794","5","0","79 48:12.942","8","0","0","0","2118","0","0","0","N","0","0","0","2","02118","0","","5.0","","2","N","N","","0","","0","0","0","","0","Y","","1","2","0","0","0","2","0","2","0","1","","","","N","","","","","","","","","",""
"2010121552","","1","0","0","0","0","0","0","0","0","2","0","","02","12","2010","4","40.53169","-79.960206","","11","0","0","0","0","0","0","1","0","2","0","0","0","","","5","","0","","40 31:54.085","6","0","79 57:36.742","3","0","0","0","2118","0","0","0","N","0","0","0","5","02118","3","","1.0","","2","N","N","","0","","2","0","1","","0","Y","","2","5","0","0","0","0","0","2","0","2","","","","N","","","","","","","","","",""