"CRN","ARRIVAL_TM","AUTOMOBILE_COUNT","BELTED_DEATH_COUNT","BELTED_SUSP_SERIOUS_INJ_COUNT","BICYCLE_COUNT","BICYCLE_DEATH_COUNT","BICYCLE_SUSP_SERIOUS_INJ_COUNT","BUS_COUNT","CHLDPAS_DEATH_COUNT","CHLDPAS_SUSP_SERIOUS_INJ_COUNT","COLLISION_TYPE","COMM_VEH_COUNT","CONS_ZONE_SPD_LIM","COUNTY","CRASH_MONTH","CRASH_YEAR","DAY_OF_WEEK","DEC_LATITUDE","DEC_LONGITUDE","DISPATCH_TM","DISTRICT","DRIVER_COUNT_16YR","DRIVER_COUNT_17YR","DRIVER_COUNT_18YR","DRIVER_COUNT_19YR","DRIVER_COUNT_20YR","DRIVER_COUNT_50_64YR","DRIVER_COUNT_65_74YR","DRIVER_COUNT_75PLUS","EST_HRS_CLOSED","FATAL_COUNT","HEAVY_TRUCK_COUNT","HORSE_BUGGY_COUNT","HOUR_OF_DAY","ILLUMINATION","INJURY_COUNT","INTERSECTION_RELATED","INTERSECT_TYPE","LANE_CLOSED","LATITUDE","LN_CLOSE_DIR","LOCATION_TYPE","LONGITUDE","MAX_SEVERITY_LEVEL","MCYCLE_DEATH_COUNT","MCYCLE_SUSP_SERIOUS_INJ_COUNT","MOTORCYCLE_COUNT","MUNICIPALITY","NONMOTR_COUNT","NONMOTR_DEATH_COUNT","NONMOTR_SUSP_SERIOUS_INJ_COUNT","NTFY_HIWY_MAINT","PED_COUNT","PED_DEATH_COUNT","PED_SUSP_SERIOUS_INJ_COUNT","PERSON_COUNT","POLICE_AGCY","POSSIBLE_INJ_COUNT","RDWY_SURF_TYPE_CD","RELATION_TO_ROAD","ROADWAY_CLEARED","ROAD_CONDITION","SCH_BUS_IND","SCH_ZONE_IND","SECONDARY_CRASH","SMALL_TRUCK_COUNT","SPEC_JURIS_CD","SUSP_MINOR_INJ_COUNT","SUSP_SERIOUS_INJ_COUNT","SUV_COUNT","TCD_FUNC_CD","TCD_TYPE","TFC_DETOUR_IND","TIME_OF_DAY","TOTAL_UNITS","TOT_INJ_COUNT","UNBELTED_OCC_COUNT","UNB_DEATH_COUNT","UNB_SUSP_SERIOUS_INJ_COUNT","UNK_INJ_DEG_COUNT","UNK_INJ_PER_COUNT","URBAN_RURAL","VAN_COUNT","VEHICLE_COUNT","WEATHER1","WEATHER2","WORKERS_PRES","WORK_ZONE_IND","WORK_ZONE_LOC","WORK_ZONE_TYPE","WZ_CLOSE_DETOUR","WZ_FLAGGER","WZ_LAW_OFFCR_IND","WZ_LN_CLOSURE","WZ_MOVING","WZ_OTHER","WZ_SHLDER_MDN","WZ_WORKERS_INJ_KILLED"
"2010122657","","0","0","0","0","0","0","0","0","0","7","0","","02","12","2010","5","40.393538","-80.047645","","11","0","0","0","0","0","0","0","0","2","0","0","0","","","1","","0","","40 23:36.736","5","0","80 02:51.522","4","0","0","0","2109","0","0","0","N","0","0","0","1","02109","1","","5.0","","1","N","N","","0","","0","0","0","","0","Y","","1","1","0","0","0","0","0","2","1","1","","","","N","","","","","","","","","",""
"2010122670","","1","0","0","0","0","0","0","0","0","4","0","","02","12","2010","6","40.456702","-79.844154","","11","0","0","0","0","0","0","0","0","1","0","0","0","","","0","","1","","40 27:24.128","2","0","79 50:38.956","0","0","0","0","2113","0","0","0","N","0","0","0","2","02113","0","","1.0","","7","N","N","","0","","0","0","1","","0","N","","2","0","0","0","0","0","0","2","0","2","","","","N","","","","","","","","","",""
"2010122692","","2","0","0","0","0","0","0","0","0","4","0","","02","12","2010","6","40.673408","-80.098405","","11","0","0","0","0","0","0","0","0","","0","0","0","","","0","","1","","40 40:24.270","","0","80 05:54.259","0","0","0","0","2212","0","0","0","N","0","0","0","3","02505","0","","1.0","","9","N","N","","0","","0","0","0","","2","","","2","0","0","0","0","0","0","2","0","2","","","","N","","","","","","","","","",""
"2010122693","","1","0","0","0","0","0","0","0","0","2","0","","02","12","2010","6","40.547302","-79.834182","","11","0","0","0","0","1","1","0","0","","0","0","0","","","0","","0","","40 32:50.286","","0","79 50:03.055","0","0","0","0","2208","0","0","0","N","0","0","0","2","02208","0","","1.0","","2","N","N","","0","","0","0","1","","0","","","2","0","0","0","0","0","0","2","0","2","","","","N","","","","","","","","","",""
"2010122696","","1","0","0","0","0","0","0","0","0","1","0","","02","12","2010","6","40.414289","-79.99358","","11","0","0","0","0","0","0","0","0","","0","0","0","","","0","","0","","40 24:51.440","","0","79 59:36.888","0","0","0","0","2301","0","0","0","N","0","0","0","1","02301","0","","1.0","","9","N","N","","1","","0","0","0","","0","","","2","0","1","0","0","0","0","2","0","2","","","","N","","","","","","","","","",""
"2010122699","","1","0","0","0","0","0","0","0","0","7","0","","02","12","2010","6","40.426299","-79.911448","","11","0","0","0","0","0","0","0","0","","0","0","0","","","0","","0","","40 25:34.675","","0","79 54:41.212","0","0","0","0","2301","0","0","0","N","0","0","0","1","02301","0","","2.0","","9","N","N","","0","","0","0","0","","0","","","1","0","0","0","0","0","0","2","0","1","","","","N","","","","","","","","","",""
"2010122702","","1","0","0","0","0","0","0","0","0","1","0","","02","12","2010","6","40.455584","-79.966241","","11","0","0","0","0","0","2","0","0","2","0","0","0","","","0","","5","","40 27:20.104","3","0","79 57:58.469","0","0","0","0","2301","0","0","0","N","0","0","0","5","02301","0","","1.0","","9","N","N","","0","","0","0","1","","2","N","","3","0","2","0","0","0","0","2","1","3","","","","N","","","","","","","","","",""
"2010122728","","0","0","0","0","0","0","0","0","0","8","0","25","02","12","2010","6","40.457452","-79.917426","","11","0","0","0","0","0","0","0","0","","0","0","0","","","1","","3","","40 27:26.828","","0","79 55:02.734","4","0","0","0","2301","1","0","0","N","1","0","0","2","02301","1","","1.0","","9","N","N","","0","","0","0","1","","3","","","2","1","0","0","0","0","0","2","0","1","","","N","Y","8","1","Y","Y","N","Y","Y","","Y",""
"2010122759","","1","0","0","0","0","0","0","0","0","1","0","","02","11","2010","6","40.544761","-80.010119","","11","0","0","1","0","0","0","1","0","2","0","0","0","","","0","","0","","40 32:41.138","3","0","80 00:36.429","0","0","0","0","2116","0","0","0","N","0","0","0","8","02116","0","","1.0","","1","N","N","","0","","0","0","2","","0","N","","4","0","0","0","0","0","0","2","1","4","","","","N","","","","","","","","","",""
"2010122760","","1","0","0","0","0","0","0","0","0","7","0","","02","12","2010","3","40.5279","-80.017712","","11","0","0","0","0","0","0","0","0","","0","0","0","","","0","","2","","40 31:40.440","","0","80 01:03.763","0","0","0","0","2116","0","0","0","N","0","0","0","1","02116","0","","5.0","","9","N","N","","0","","0","0","0","","0","","","1","0","0","0","0","0","0","2","0","1","","","","N","","","","","","","","","",""
"2010122762","","2","0","0","0","0","0","0","0","0","1","0","","02","12","2010","6","40.47469","-80.070341","","11","0","0","0","0","0","0","0","0","2","0","0","0","","","1","","2","","40 28:28.884","7","0","80 04:13.227","8","0","0","0","2122","0","0","0","N","0","0","0","2","02122","0","","2.0","","1","N","N","","0","","0","0","0","","0","Y","","2","1","0","0","0","1","0","2","0","2","","","","N","","","","","","","","","",""
"2010122767","","2","0","0","0","0","0","0","0","0","1","0","","02","12","2010","6","40.575831","-79.97587","","11","0","0","0","0","0","1","0","0","1","0","0","0","","","0","","2","","40 34:32.993","6","1","79 58:33.133","0","0","0","0","2207","0","0","0","N","0","0","0","2","02207","0","","1.0","","9","N","N","","0","","0","0","0","","0","N","","2","0","0","0","0","0","0","2","0","2","","","","N","","","","","","","","","",""
"2010122770","","0","0","0","0","0","0","0","0","0","1","0","","02","12","2010","6","40.649789","-79.747247","","11","0","0","0","0","0","0","1","0","","0","0","0","","","3","","0","","40 38:59.241","","0","79 44:50.089","8","0","0","0","2202","0","0","0","N","0","0","0","4","02202","0","","1.0","","9","N","N","","1","","0","0","1","","0","","","2","3","0","0","0","3","0","1","0","2","","","","N","","","","","","","","","",""
"2010122779","","1","0","0","0","0","0","0","0","0","7","0","","02","12","2010","5","40.266405","-79.93015","","11","0","0","0","0","0","0","0","0","2","0","0","0","","","1","","0","","40 15:59.057","6","0","79 55:48.540","3","0","0","0","2440","0","0","0","N","0","0","0","1","02440","0","","5.0","","1","N","N","","0","","1","0","0","","0","Y","","1","1","0","0","0","0","0","1","0","1","","","","N","","","","","","","","","",""
"2010122784","","2","0","0","0","0","0","0","0","0","1","0","35","02","12","2010","6","40.492806","-80.205969","","11","0","1","0","0","0","0","0","0","","0","0","0","","","4","","0","","40 29:34.102","","0","80 12:21.488","8","0","0","0","2213","0","0","0","N","0","0","0","5","02213","0","","1.0","","9","N","N","","0","","0","0","0","","0","","","2","4","0","0","0","4","0","2","0","2","","","N","Y","4","1","N","N","N","Y","N","N","N",""
"2010122836","","2","0","0","0","0","0","0","0","0","5","0","","02","12","2010","7","40.604834","-79.765111","","11","0","0","0","0","0","0","1","0","","0","0","0","","","0","","0","","40 36:17.401","","0","79 45:54.399","0","0","0","0","2464","0","0","0","Y","0","0","0","4","68D02","0","","1.0","","1","N","N","","0","","0","0","0","","0","","","2","0","1","0","0","0","0","2","0","2","","","","N","","","","","","","","","",""
"2010122896","","2","0","0","0","0","0","0","0","0","1","0","","02","12","2010","6","40.457502","-80.044519","","11","0","1","0","0","0","0","0","0","1","0","0","0","","","0","","2","","40 27:27.008","4","0","80 02:40.269","0","0","0","0","2301","0","0","0","N","0","0","0","6","02301","0","","1.0","","1","N","N","","0","","0","0","0","","2","N","","3","0","0","0","0","0","0","2","1","3","","","","N","","","","","","","","","",""
"2010122912","","0","0","0","0","0","0","0","0","0","6","0","","02","12","2010","6","40.44632","-79.980353","","11","0","0","0","0","0","1","0","0","","0","0","0","","","0","","1","","40 26:46.752","","0","79 58:49.270","0","0","0","0","2301","0","0","0","N","0","0","0","2","02301","0","","1.0","","1","N","N","","1","","0","0","1","","3","","","2","0","0","0","0","0","0","2","0","2","","","","N","","","","","","","","","",""
"2010122935","","1","0","0","0","0","0","0","0","0","7","0","","02","11","2010","1","40.528556","-79.989769","","11","0","0","0","0","0","0","0","0","","0","0","0","","","1","","0","","40 31:42.802","","0","79 59:23.169","4","0","0","0","2116","0","0","0","N","0","0","0","1","02116","1","","5.0","","1","N","N","","0","","0","0","0","","0","","","1","1","0","0","0","0","0","2","0","1","","","","N","","","","","","","","","",""
"2010122936","","1","0","0","0","0","0","0","0","0","1","0","","02","12","2010","6","40.496456","-79.752565","","11","0","1","0","0","0","1","0","0","","0","0","0","","","2","","0","","40 29:47.242","","0","79 45:09.235","4","0","0","0","2466","0","0","0","N","0","0","0","4","02466","2","","1.0","","1","N","N","","0","","0","0","1","","0","","","2","2","0","0","0","0","0","2","0","2","","","","N","","","","","","","","","",""
"2010122939","","1","0","0","0","0","0","1","0","0","4","1","","02","12","2010","5","40.5034","-80.025118","","11","0","0","0","0","0","1","0","0","1","0","0","0","","","2","","1","","40 30:12.241","7","0","80 01:30.426","2","0","0","0","2116","0","0","0","N","0","0","0","3","02116","0","","1.0","","1","N","N","","0","","0","1","0","","2","N","","2","2","1","0","1","1","0","2","0","2","","","","N","","","","","","","","","",""
"2010122941","","1","0","0","0","0","0","0","0","0","7","0","","02","12","2010","6","40.477068","-79.999541","","11","0","0","0","0","0","0","0","0","","0","0","0","","","0","","2","","40 28:37.444","","0","79 59:58.347","0","0","0","0","2301","0","0","0","N","0","0","0","1","02301","0","","4.0","","9","N","N","","0","","0","0","0","","3","","","1","0","0","0","0","0","0","2","0","1","","","","N","","","","","","","","","",""
"2010122947","","1","0","0","0","0","0","0","0","0","7","0","","02","12","2010","7","40.464991","-79.979727","","11","0","0","1","0","0","0","0","0","2","0","0","0","","","0","","2","","40 27:53.968","1","0","79 58:47.016","9","0","0","0","2301","0","0","0","N","0","0","0","1","02301","0","","4.0","","9","N","N","","0","","0","0","0","","2","N","","1","0","0","0","0","0","1","2","0","1","","","","N","","","","","","","","","",""
"2010122948","","1","0","0","0","0","0","0","0","0","7","0","","02","12","2010","5","40.53971","-79.885593","","11","0","0","0","0","0","0","1","0","2","0","0","0","","","0","","0","","40 32:22.956","5","0","79 53:08.134","0","0","0","0","2432","0","0","0","N","0","0","0","2","02432","0","","4.0","","2","N","N","","0","","0","0","0","","0","Y","","1","0","0","0","0","0","0","2","0","1","","","","N","","","","","","","","","",""
"2010122950","","0","0","0","0","0","0","0","0","0","7","0","","02","12","2010","4","40.468428","-79.79587","","11","0","0","0","0","0","0","0","0","1","0","0","0","","","0","","0","","40 28:06.340","4","7","79 47:45.132","0","0","0","0","2113","0","0","0","N","0","0","0","1","02113","0","","5.0","","2","N","N","","0","","0","0","1","","0","N","","1","0","0","0","0","0","0","2","0","1","","","","N","","","","","","","","","",""
"2010122951","","2","0","0","0","0","0","0","0","0","2","0","","02","12","2010","7","40.5065","-79.8412","","11","0","0","0","0","0","0","0","0","2","0","1","0","","","0","","0","","40 30:23.400","3","0","79 50:28.320","0","0","0","0","2468","0","0","0","N","0","0","0","3","02468","0","","6.0","","1","N","N","","0","","0","0","0","","0","Y","","3","0","2","0","0","0","0","2","0","3","","","","N","","","","","","","","","",""
"2010122956","","2","0","0","0","0","0","0","0","0","2","0","","02","12","2010","7","40.489358","-79.778233","","11","0","0","0","0","0","0","0","0","1","0","0","0","","","0","","1","","40 29:21.690","1","0","79 46:41.637","9","0","0","0","2466","0","0","0","N","0","0","0","2","02466","0","","1.0","","1","N","N","","0","","0","0","0","","3","N","","2","0","0","0","0","0","2","2","0","2","","","","N","","","","","","","","","",""
"2010122959","","1","0","0","0","0","0","0","0","0","7","0","","02","12","2010","6","40.528248","-79.710351","","11","0","0","0","0","0","0","0","0","1","0","0","0","","","1","","0","","40 31:41.694","5","0","79 42:37.263","8","0","0","0","2466","0","0","0","N","0","0","0","1","02466","0","","5.0","","1","N","N","","0","","0","0","0","","0","Y","","1","1","1","0","0","1","0","1","0","1","","","","N","","","","","","","","","",""
"2010122961","","0","0","0","0","0","0","0","0","0","7","0","","02","12","2010","4","40.345164","-79.942282","","11","0","0","0","1","0","0","0","0","3","0","0","0","","","1","","0","","40 20:42.590","5","0","79 56:32.214","8","0","0","0","2473","0","0","0","N","0","0","0","1","02473","0","","2.0","","3","N","N","","0","","0","0","1","","0","Y","","1","1","1","0","0","1","0","2","0","1","","","","N","","","","","","","","","",""
"2010123033","","2","0","0","0","0","0","0","0","0","2","0","","02","12","2010","6","40.615681","-80.094185","","11","0","0","0","0","0","0","0","0","","0","0","0","","","0","","5","","40 36:56.450","","2","80 05:39.065","0","0","0","0","2481","0","0","0","N","0","0","0","2","02481","0","","1.0","","9","N","N","","0","","0","0","0","","2","","","2","0","0","0","0","0","0","2","0","2","","","","N","","","","","","","","","",""
"2010123036","","0","0","0","0","0","0","0","0","0","4","0","","02","12","2010","7","40.420388","-79.995276","","11","0","0","0","0","0","0","0","0","","0","0","0","","","0","","1","","40 25:13.396","","0","79 59:42.993","0","0","0","0","2301","0","0","0","N","0","0","0","3","02301","0","","1.0","","1","N","N","","0","","0","0","2","","0","","","2","0","0","0","0","0","0","2","0","2","","","","N","","","","","","","","","",""
"2010123062","","1","0","0","0","0","0","0","0","0","4","0","","02","12","2010","7","40.454029","-79.912399","","11","0","0","0","0","0","0","0","0","","0","0","0","","","0","","1","","40 27:14.504","","0","79 54:44.638","0","0","0","0","2301","0","0","0","N","0","0","0","2","02301","0","","1.0","","1","N","N","","0","","0","0","1","","2","","","2","0","1","0","0","0","0","2","0","2","","","","N","","","","","","","","","",""
"2010123096","","1","0","0","0","0","0","0","0","0","4","1","","02","12","2010","7","40.540042","-80.089968","","11","0","0","0","0","0","0","0","0","1","0","1","0","","","0","","0","","40 32:24.151","5","0","80 05:23.884","0","0","0","0","2215","0","0","0","N","0","0","0","3","02215","0","","1.0","","2","N","N","","0","","0","0","0","","0","N","","2","0","0","0","0","0","0","2","0","2","","","","N","","","","","","","","","",""
"2010123113","","1","0","0","0","0","0","0","0","0","1","0","","02","12","2010","4","40.352978","-79.91732","","11","0","0","0","0","0","2","0","0","1","0","0","0","","","1","","3","","40 21:10.719","3","0","79 55:02.352","8","0","0","0","2473","0","0","0","N","0","0","0","2","02473","0","","1.0","","1","N","N","","0","","0","0","1","","2","N","","2","1","0","0","0","1","0","2","0","2","","","","N","","","","","","","","","",""
"2010123116","","3","0","0","0","0","0","0","0","0","1","0","","02","12","2010","7","40.429286","-79.999241","","11","0","0","0","0","0","0","0","0","1","0","0","0","","","0","","10","","40 25:45.428","2","3","79 59:57.266","0","0","0","0","2301","0","0","0","N","0","0","0","4","02301","0","","1.0","","1","N","N","","0","","0","0","0","","0","N","","3","0","1","0","0","0","0","2","0","3","","","","N","","","","","","","","","",""
"2010123137","","2","0","0","0","0","0","0","0","0","1","0","","02","12","2010","6","40.430641","-79.873457","","11","0","0","0","0","0","0","0","0","","0","0","0","","","0","","0","","40 25:50.307","","0","79 52:24.444","0","0","0","0","2411","0","0","0","N","0","0","0","2","68B03","0","","1.0","","1","N","N","","0","","0","0","0","","0","","","2","0","0","0","0","0","0","2","0","2","","","","N","","","","","","","","","",""
"2010123164","","1","0","0","0","0","0","0","0","0","1","0","","02","12","2010","4","40.494358","-79.783069","","11","0","0","0","1","0","1","0","0","","0","0","0","","","1","","0","","40 29:39.690","","3","79 46:59.047","4","0","0","0","2466","0","0","0","N","0","0","0","3","68T02","1","","1.0","","1","N","N","","0","","0","0","0","","0","","","2","1","0","0","0","0","0","2","1","2","","","","N","","","","","","","","","",""
"2010123181","","2","0","0","0","0","0","0","0","0","1","0","","02","12","2010","7","40.382229","-79.995887","","11","0","0","0","1","0","0","0","0","","0","0","0","","","1","","5","","40 22:56.024","","0","79 59:45.194","8","0","0","0","2301","0","0","0","N","0","0","0","2","02301","0","","1.0","","1","N","N","","0","","0","0","0","","2","","","2","1","0","0","0","1","0","2","0","2","","","","N","","","","","","","","","",""
"2010123185","","1","0","0","0","0","0","0","0","0","6","0","","02","12","2010","7","40.24087","-79.86011","","11","0","0","0","0","0","0","0","1","1","0","0","0","","","0","","1","","40 14:27.133","7","0","79 51:36.396","0","0","0","0","2105","0","0","0","N","0","0","0","3","02105","0","","1.0","","9","N","N","","0","","0","0","1","","3","N","","2","0","0","0","0","0","0","1","0","2","","","","N","","","","","","","","","",""
"2010123189","","0","0","0","0","0","0","0","0","0","8","0","","02","12","2010","6","40.464999","-80.068104","","11","0","0","0","0","0","1","0","0","","0","0","0","","","1","","2","","40 27:53.996","","0","80 04:05.174","3","0","0","0","2444","1","0","0","","1","0","0","5","02444","0","","1.0","","1","Y","","","0","","1","0","0","","7","","","3","1","0","0","0","0","2","2","2","2","","","","N","","","","","","","","","",""
"2010123192","","1","0","0","0","0","0","0","0","0","4","0","","02","12","2010","6","40.482854","-80.036514","","11","0","0","0","0","0","0","0","0","","0","0","0","","","1","","1","","40 28:58.274","","0","80 02:11.450","8","0","0","0","2301","0","0","0","N","0","0","0","2","02301","0","","1.0","","1","N","N","","0","","0","0","1","","3","","","2","1","0","0","0","1","1","2","0","2","","","","N","","","","","","","","","",""
"2010123193","","1","0","0","0","0","0","0","0","0","4","0","","02","11","2010","6","40.364808","-79.984593","","11","0","0","1","0","0","0","0","0","","0","0","0","","","0","","0","","40 21:53.308","","0","79 59:04.533","0","0","0","0","2413","0","0","0","N","0","0","0","6","02413","0","","1.0","","1","N","N","","0","","0","0","1","","0","","","2","0","0","0","0","0","0","2","0","2","","","","N","","","","","","","","","",""
"2010123197","","2","0","0","0","0","0","0","0","0","4","0","","02","12","2010","3","40.439163","-79.829722","","11","0","0","0","0","0","0","0","1","1","0","0","0","","","0","","2","","40 26:20.988","1","0","79 49:46.999","0","0","0","0","2419","0","0","0","N","0","0","0","2","02419","0","","1.0","","1","N","N","","0","","0","0","0","","3","N","","2","0","0","0","0","0","0","2","0","2","","","","N","","","","","","","","","",""
"2010123240","","2","0","0","0","0","0","0","0","0","99","0","","02","10","2010","2","40.624186","-80.096789","","11","0","0","0","0","0","0","0","0","","0","0","0","","","0","","0","","40 37:27.071","","0","80 05:48.440","0","0","0","0","2212","0","0","0","N","0","0","0","2","68B03","0","","1.0","","1","N","N","","0","","0","0","0","","0","","","2","0","0","0","0","0","0","1","0","2","","","","N","","","","","","","","","",""
"2010123241","","1","0","0","0","0","0","0","0","0","1","0","45","02","10","2010","7","40.441723","-79.827058","","11","0","0","0","0","0","0","0","0","2","0","0","0","","","2","","3","","40 26:30.202","3","0","79 49:37.410","4","0","0","0","2124","0","0","0","N","0","0","0","4","68B03","2","","1.0","","1","N","N","","0","","0","0","2","","3","N","","3","2","0","0","0","0","0","2","0","3","","","Y","Y","4","1","N","N","Y","Y","Y","N","N",""
"2010123242","","1","0","0","0","0","0","0","0","0","7","0","","02","11","2010","5","40.451669","-79.997187","","11","0","0","0","0","0","0","0","0","","0","0","0","","","1","","0","","40 27:06.007","","0","79 59:49.872","4","0","0","0","2301","0","0","0","Y","0","0","0","1","68B03","1","","2.0","","9","N","N","","0","","0","0","0","","0","","","1","1","0","0","0","0","0","2","0","1","","","","N","","","","","","","","","",""
"2010123253","","3","0","0","0","0","0","0","0","0","1","0","","02","12","2010","7","40.529285","-80.008407","","11","0","0","0","0","0","1","0","0","1","0","0","0","","","1","","0","","40 31:45.426","2","0","80 00:30.266","8","0","0","0","2116","0","0","0","N","0","0","0","7","02116","0","","1.0","","1","N","N","","0","","0","0","0","","0","N","","3","1","1","0","0","1","0","2","0","3","","","","N","","","","","","","","","",""
"2010123258","","1","0","0","0","0","0","0","0","0","5","0","","02","12","2010","3","","","","11","0","0","0","0","0","0","0","1","","0","0","0","","","1","","0","","","","7","","8","0","0","0","2446","0","0","0","N","0","0","0","3","02446","0","","1.0","","9","N","N","","0","","0","0","1","","0","","","2","1","0","0","0","1","0","1","0","2","","","","N","","","","","","","","","",""
"2010123265","","1","0","0","0","0","0","0","0","0","7","0","","02","12","2010","3","40.518454","-80.026203","","11","0","0","0","0","0","0","0","0","1","0","0","0","","","0","","0","","40 31:06.436","2","0","80 01:34.331","0","0","0","0","2474","0","0","0","N","0","0","0","1","02474","0","","5.0","","9","N","N","","0","","0","0","0","","0","Y","","1","0","0","0","0","0","0","2","0","1","","","","N","","","","","","","","","",""
"2010123272","","1","0","0","0","0","0","0","0","0","4","0","","02","12","2010","6","40.431731","-79.790706","","11","0","0","0","0","0","1","0","0","","0","0","0","","","0","","0","","40 25:54.230","","0","79 47:26.540","0","0","0","0","2446","0","0","0","N","0","0","0","2","02446","0","","1.0","","9","N","N","","0","","0","0","0","","3","","","2","0","0","0","0","0","0","2","1","2","","","","N","","","","","","","","","",""
"2010123277","","1","0","0","0","0","0","0","0","0","2","0","","02","12","2010","7","40.353466","-79.956214","","11","0","0","0","0","0","0","0","0","1","0","0","0","","","1","","0","","40 21:12.478","2","0","79 57:22.370","4","0","0","0","2473","0","0","0","N","0","0","0","4","02473","1","","1.0","","9","N","N","","1","","0","0","0","","0","N","","2","1","0","0","0","0","0","2","0","2","","","","N","","","","","","","","","",""
"2010123278","","1","0","0","0","0","0","0","0","0","7","0","","02","12","2010","7","40.495934","-79.751132","","11","0","0","0","0","0","0","0","0","2","0","0","0","","","2","","0","","40 29:45.363","5","0","79 45:04.076","8","0","0","0","2466","0","0","0","N","0","0","0","2","02466","0","","4.0","","1","N","N","","0","","0","0","0","","0","Y","","1","2","0","0","0","2","0","2","0","1","","","","N","","","","","","","","","",""
"2010123282","","2","0","0","0","0","0","0","0","0","99","0","","02","12","2010","1","40.549719","-79.959331","","11","0","0","0","0","0","1","0","0","1","0","0","0","","","0","","1","","40 32:58.989","2","0","79 57:33.590","0","0","0","0","2118","0","0","0","N","0","0","0","4","02118","0","","1.0","","9","N","N","","0","","0","0","0","","2","Y","","3","0","0","0","0","0","0","2","1","3","","","","N","","","","","","","","","",""
"2010123290","","2","0","0","0","0","0","0","0","0","4","0","","02","12","2010","3","40.419041","-79.81156","","11","0","0","0","0","0","0","0","1","","0","0","0","","","0","","0","","40 25:08.547","","0","79 48:41.616","0","0","0","0","2446","0","0","0","N","0","0","0","1","02446","0","","2.0","","7","N","N","","0","","0","0","1","","0","","","3","0","0","0","0","0","0","2","0","3","","","","N","","","","","","","","","",""
"2010123295","","0","0","0","0","0","0","0","0","0","7","0","","02","12","2010","4","40.50809","-79.969724","","11","0","0","0","0","0","0","0","0","","0","0","0","","","0","","0","","40 30:29.125","","0","79 58:11.005","0","0","0","0","2118","0","0","0","N","0","0","0","1","02118","0","","5.0","","2","N","N","","1","","0","0","0","","0","","","1","0","0","0","0","0","0","2","0","1","","","","N","","","","","","","","","",""
"2010123301","","1","0","0","0","0","0","0","0","0","1","0","","02","12","2010","7","40.543702","-80.014336","","11","0","0","0","0","0","2","0","0","2","0","0","0","","","0","","0","","40 32:37.326","2","0","80 00:51.609","0","0","0","0","2116","0","0","0","N","0","0","0","3","02116","0","","1.0","","1","N","N","","1","","0","0","1","","0","N","","3","0","0","0","0","0","0","2","0","3","","","","N","","","","","","","","","",""
"2010123310","","1","0","0","0","0","0","0","0","0","7","0","","02","12","2010","1","40.459925","-79.958681","","11","0","0","0","0","0","0","0","0","2","0","0","0","","","0","","0","","40 27:35.730","6","0","79 57:31.251","0","0","0","0","2301","0","0","0","N","0","0","0","1","02301","0","","5.0","","9","N","N","","0","","0","0","0","","0","Y","","1","0","0","0","0","0","0","2","0","1","","","","N","","","","","","","","","",""
"2010123320","","1","0","0","0","0","0","0","0","0","4","0","","02","12","2010","6","40.596794","-79.982893","","11","0","0","0","0","1","0","0","0","1","0","0","0","","","0","","2","","40 35:48.460","4","0","79 58:58.415","0","0","0","0","2207","0","0","0","N","0","0","0","4","02207","0","","1.0","","9","N","N","","0","","0","0","1","","3","N","","2","0","0","0","0","0","0","1","0","2","","","","N","","","","","","","","","",""
"2010123327","","1","0","0","0","0","0","0","0","0","2","0","","02","12","2010","1","40.447254","-80.020873","","11","0","0","0","0","0","2","0","0","1","0","0","0","","","0","","0","","40 26:50.113","1","0","80 01:15.143","9","0","0","0","2301","0","0","0","N","0","0","0","8","02301","0","","1.0","","1","N","N","","0","","0","0","0","","2","N","","2","0","1","0","0","0","1","2","1","2","","","","N","","","","","","","","","",""
"2010123335","","1","0","0","0","0","0","0","0","0","7","0","","02","12","2010","5","40.66359","-80.047206","","11","1","0","0","0","0","0","0","0","1","0","0","0","","","0","","0","","40 39:48.924","1","0","80 02:49.941","0","0","0","0","2216","0","0","0","N","0","0","0","1","02505","0","","5.0","","2","N","N","","0","","0","0","0","","0","N","","1","0","0","0","0","0","0","2","0","1","","","","N","","","","","","","","","",""
"2010123336","","3","0","0","0","0","0","0","0","0","2","0","","02","12","2010","1","40.454634","-79.946308","","11","0","0","0","0","0","2","0","0","1","0","0","0","","","0","","0","","40 27:16.683","1","0","79 56:46.708","0","0","0","0","2301","0","0","0","N","0","0","0","3","02301","0","","1.0","","9","N","N","","0","","0","0","0","","0","N","","3","0","1","0","0","0","0","2","0","3","","","","N","","","","","","","","","",""
"2010123343","","1","0","0","0","0","0","0","0","0","4","0","","02","12","2010","1","40.374842","-80.094736","","11","0","0","0","0","0","0","0","0","","0","0","0","","","0","","2","","40 22:29.431","","0","80 05:41.049","0","0","0","0","2117","0","0","0","N","0","0","0","4","02117","0","","1.0","","9","N","N","","0","","0","0","1","","0","","","2","0","0","0","0","0","0","2","0","2","","","","N","","","","","","","","","",""
"2010123365","","2","0","0","0","0","0","0","0","0","1","0","","02","12","2010","7","40.396654","-80.085109","","11","0","0","0","0","0","0","0","0","1","0","0","0","","","0","","0","","40 23:47.953","4","0","80 05:06.392","0","0","0","0","2117","0","0","0","N","0","0","0","2","02117","0","","1.0","","1","N","N","","0","","0","0","0","","0","N","","2","0","0","0","0","0","0","2","0","2","","","","N","","","","","","","","","",""