"CRN","ARRIVAL_TM","AUTOMOBILE_COUNT","BELTED_DEATH_COUNT","BELTED_SUSP_SERIOUS_INJ_COUNT","BICYCLE_COUNT","BICYCLE_DEATH_COUNT","BICYCLE_SUSP_SERIOUS_INJ_COUNT","BUS_COUNT","CHLDPAS_DEATH_COUNT","CHLDPAS_SUSP_SERIOUS_INJ_COUNT","COLLISION_TYPE","COMM_VEH_COUNT","CONS_ZONE_SPD_LIM","COUNTY","CRASH_MONTH","CRASH_YEAR","DAY_OF_WEEK","DEC_LATITUDE","DEC_LONGITUDE","DISPATCH_TM","DISTRICT","DRIVER_COUNT_16YR","DRIVER_COUNT_17YR","DRIVER_COUNT_18YR","DRIVER_COUNT_19YR","DRIVER_COUNT_20YR","DRIVER_COUNT_50_64YR","DRIVER_COUNT_65_74YR","DRIVER_COUNT_75PLUS","EST_HRS_CLOSED","FATAL_COUNT","HEAVY_TRUCK_COUNT","HORSE_BUGGY_COUNT","HOUR_OF_DAY","ILLUMINATION","INJURY_COUNT","INTERSECTION_RELATED","INTERSECT_TYPE","LANE_CLOSED","LATITUDE","LN_CLOSE_DIR","LOCATION_TYPE","LONGITUDE","MAX_SEVERITY_LEVEL","MCYCLE_DEATH_COUNT","MCYCLE_SUSP_SERIOUS_INJ_COUNT","MOTORCYCLE_COUNT","MUNICIPALITY","NONMOTR_COUNT","NONMOTR_DEATH_COUNT","NONMOTR_SUSP_SERIOUS_INJ_COUNT","NTFY_HIWY_MAINT","PED_COUNT","PED_DEATH_COUNT","PED_SUSP_SERIOUS_INJ_COUNT","PERSON_COUNT","POLICE_AGCY","POSSIBLE_INJ_COUNT","RDWY_SURF_TYPE_CD","RELATION_TO_ROAD","ROADWAY_CLEARED","ROAD_CONDITION","SCH_BUS_IND","SCH_ZONE_IND","SECONDARY_CRASH","SMALL_TRUCK_COUNT","SPEC_JURIS_CD","SUSP_MINOR_INJ_COUNT","SUSP_SERIOUS_INJ_COUNT","SUV_COUNT","TCD_FUNC_CD","TCD_TYPE","TFC_DETOUR_IND","TIME_OF_DAY","TOTAL_UNITS","TOT_INJ_COUNT","UNBELTED_OCC_COUNT","UNB_DEATH_COUNT","UNB_SUSP_SERIOUS_INJ_COUNT","UNK_INJ_DEG_COUNT","UNK_INJ_PER_COUNT","URBAN_RURAL","VAN_COUNT","VEHICLE_COUNT","WEATHER1","WEATHER2","WORKERS_PRES","WORK_ZONE_IND","WORK_ZONE_LOC","WORK_ZONE_TYPE","WZ_CLOSE_DETOUR","WZ_FLAGGER","WZ_LAW_OFFCR_IND","WZ_LN_CLOSURE","WZ_MOVING","WZ_OTHER","WZ_SHLDER_MDN","WZ_WORKERS_INJ_KILLED"
"2010124196","","1","0","0","0","0","0","0","0","0","0","0","","02","12","2010","6","40.307491","-80.093076","","11","0","0","0","0","0","0","0","0","1","0","0","0","","","0","","0","","40 18:26.966","5","0","80 05:35.072","0","0","0","0","2123","0","0","0","N","0","0","0","1","02123","0","","2.0","","1","N","N","","0","","0","0","0","","0","Y","","1","0","0","0","0","0","0","2","0","1","","","","N","","","","","","","","","",""
"2010124204","","0","0","0","0","0","0","0","0","0","7","0","","02","12","2010","2","40.343267","-80.169496","","11","0","0","0","0","0","1","0","0","","0","0","0","","","0","","0","","40 20:35.762","","0","80 10:10.187","0","0","0","0","2119","0","0","0","Y","0","0","0","1","02119","0","","3.0","","2","N","N","","0","","0","0","0","","0","","","1","0","0","0","0","0","0","2","1","1","","","","N","","","","","","","","","",""
"2010124224","","1","0","0","0","0","0","0","0","0","7","0","","02","12","2010","7","40.440956","-79.760556","","11","0","0","0","0","0","0","0","0","1","0","0","0","","","1","","0","","40 26:27.441","4","3","79 45:38.001","4","0","0","0","2446","0","0","0","Y","0","0","0","2","68B03","1","","2.0","","2","N","N","","0","","0","0","0","","0","N","","1","1","0","0","0","0","0","2","0","1","","","","N","","","","","","","","","",""
"2010124225","","2","0","0","0","0","0","0","0","0","7","0","","02","12","2010","7","40.440956","-79.760556","","11","0","0","0","0","0","0","0","0","","0","0","0","","","0","","0","","40 26:27.441","","3","79 45:38.001","0","0","0","0","2446","0","0","0","Y","0","0","0","1","68B03","0","","2.0","","2","N","N","","0","","0","0","0","","0","","","2","0","0","0","0","0","0","2","0","2","","","","N","","","","","","","","","",""
"2010124369","","1","0","0","0","0","0","0","0","0","7","0","","02","12","2010","2","40.424988","-80.044525","","11","0","0","0","1","0","0","0","0","1","0","0","0","","","0","","2","","40 25:29.956","4","0","80 02:40.290","0","0","0","0","2435","0","0","0","N","0","0","0","1","02435","0","","5.0","","2","N","N","","0","","0","0","0","","3","N","","1","0","0","0","0","0","0","2","0","1","","","","N","","","","","","","","","",""
"2010124379","","0","0","0","0","0","0","0","0","0","7","0","","02","12","2010","2","40.600373","-79.873373","","11","0","0","0","0","0","0","0","0","1","0","0","0","","","0","","0","","40 36:01.341","6","0","79 52:24.143","0","0","0","0","2220","0","0","0","N","0","0","0","1","02220","0","","4.0","","7","N","N","","1","","0","0","0","","0","N","","1","0","0","0","0","0","0","2","0","1","","","","N","","","","","","","","","",""
"2010124384","","1","0","0","0","0","0","0","0","0","7","0","","02","12","2010","2","40.422207","-79.985429","","11","0","0","0","0","0","0","0","0","","0","0","0","","","0","","2","","40 25:19.945","","0","79 59:07.544","0","0","0","0","2301","0","0","0","N","0","0","0","1","02301","0","","2.0","","2","N","N","","0","","0","0","0","","3","","","1","0","0","0","0","0","0","2","0","1","","","","N","","","","","","","","","",""
"2010124395","","0","0","0","0","0","0","0","0","0","4","0","","02","12","2010","3","40.437847","-79.930741","","11","0","0","0","0","0","1","0","0","","0","0","0","","","2","","1","","40 26:16.249","","0","79 55:50.667","4","0","0","0","2301","0","0","0","N","0","0","0","2","02301","2","","1.0","","7","N","N","","1","","0","0","1","","3","","","2","2","0","0","0","0","0","2","0","2","","","","N","","","","","","","","","",""
"2010124397","","1","0","0","0","0","0","0","0","0","1","0","","02","12","2010","2","40.354579","-80.115026","","11","0","0","0","0","0","1","0","0","1","0","0","0","","","1","","0","","40 21:16.485","3","0","80 06:54.094","4","0","0","0","2119","0","0","0","N","0","0","0","2","02119","1","","1.0","","9","N","N","","0","","0","0","0","","0","N","","2","1","0","0","0","0","0","2","0","2","","","","N","","","","","","","","","",""
"2010124400","","1","0","0","0","0","0","0","0","0","4","0","","02","12","2010","2","40.667333","-80.096509","","11","0","0","0","0","0","0","0","1","1","0","0","0","","","1","","2","","40 40:02.398","2","0","80 05:47.433","4","0","0","0","2212","0","0","0","N","0","0","0","2","02505","1","","1.0","","9","N","N","","0","","0","0","1","","2","Y","","2","1","0","0","0","0","0","2","0","2","","","","N","","","","","","","","","",""
"2010124405","","0","0","0","0","0","0","0","0","0","7","0","","02","12","2010","3","40.427211","-79.989774","","11","0","0","0","0","0","1","0","0","","0","0","0","","","2","","2","","40 25:37.959","","0","79 59:23.186","3","0","0","0","2301","0","0","0","N","0","0","0","3","02301","0","","5.0","","7","N","N","","0","","2","0","0","","3","","","1","2","0","0","0","0","0","2","1","1","","","","N","","","","","","","","","",""
"2010124436","","1","0","0","0","0","0","0","0","0","7","0","","02","12","2010","3","40.658668","-79.987555","","11","0","0","0","1","0","0","0","0","","0","0","0","","","0","","0","","40 39:31.204","","0","79 59:15.198","0","0","0","0","2216","0","0","0","N","0","0","0","1","02505","0","","5.0","","7","N","N","","0","","0","0","0","","0","","","1","0","0","0","0","0","0","1","0","1","","","","N","","","","","","","","","",""
"2010124437","","0","0","0","0","0","0","0","0","0","7","0","","02","12","2010","3","40.393543","-79.996364","","11","0","0","0","0","0","0","0","0","","0","0","0","","","0","","0","","40 23:36.754","","0","79 59:46.910","0","0","0","0","2301","0","0","0","N","0","0","0","1","02301","0","","5.0","","9","N","N","","1","","0","0","0","","0","","","1","0","0","0","0","0","0","2","0","1","","","","N","","","","","","","","","",""
"2010124442","","1","0","0","0","0","0","0","0","0","1","0","","02","12","2010","3","40.475029","-79.931898","","11","0","0","0","0","0","1","0","0","","0","1","0","","","1","","0","","40 28:30.104","","0","79 55:54.832","4","0","0","0","2301","0","0","0","N","0","0","0","2","02301","1","","1.0","","2","N","N","","0","","0","0","1","","0","","","3","1","0","0","0","0","0","2","0","3","","","","N","","","","","","","","","",""
"2010124444","","0","0","0","0","0","0","0","0","0","7","0","","02","12","2010","2","40.376998","-80.146897","","11","0","0","0","0","0","0","0","0","","0","0","0","","","0","","0","","40 22:37.192","","0","80 08:48.829","0","0","0","0","2119","0","0","0","N","0","0","0","1","02119","0","","2.0","","7","N","N","","1","","0","0","0","","0","","","1","0","0","0","0","0","0","2","0","1","","","","N","","","","","","","","","",""
"2010124453","","0","0","0","0","0","0","0","0","0","2","0","","02","12","2010","2","40.368431","-80.102738","","11","0","0","1","0","0","1","0","0","1","0","0","0","","","0","","2","","40 22:06.352","1","0","80 06:09.856","0","0","0","0","2102","0","0","0","N","0","0","0","3","02102","0","","1.0","","1","N","N","","1","","0","0","1","","0","Y","","2","0","0","0","0","0","0","2","0","2","","","","N","","","","","","","","","",""
"2010124455","","0","0","0","0","0","0","0","0","0","7","0","","02","12","2010","2","40.452364","-79.761233","","11","0","0","0","0","0","0","0","0","1","0","0","0","","","0","","0","","40 27:08.510","3","0","79 45:40.440","0","0","0","0","2446","0","0","0","N","0","0","0","1","02446","0","","2.0","","7","N","N","","1","","0","0","0","","0","N","","1","0","0","0","0","0","0","2","0","1","","","","N","","","","","","","","","",""
"2010124462","","2","0","0","0","0","0","0","0","0","4","0","","02","12","2010","3","40.449667","-80.0183","","11","0","0","0","1","0","0","0","0","1","0","0","0","","","0","","1","","40 26:58.800","5","0","80 01:05.879","0","0","0","0","2301","0","0","0","N","0","0","0","4","02301","0","","1.0","","1","N","N","","0","","0","0","0","","2","N","","2","0","1","0","0","0","0","2","0","2","","","","N","","","","","","","","","",""
"2010124478","","3","0","0","0","0","0","0","0","0","4","0","","02","12","2010","3","40.395642","-79.997605","","11","0","0","0","0","0","1","0","0","","0","0","0","","","0","","0","","40 23:44.311","","0","79 59:51.379","9","0","0","0","2301","0","0","0","N","0","0","0","3","02301","0","","1.0","","1","N","N","","0","","0","0","0","","2","","","3","0","0","0","0","0","1","2","0","3","","","","N","","","","","","","","","",""
"2010124498","","2","0","0","0","0","0","0","0","0","4","0","","02","12","2010","3","40.384064","-80.001734","","11","0","0","1","0","0","0","0","0","2","0","0","0","","","0","","1","","40 23:02.630","5","0","80 00:06.242","0","0","0","0","2301","0","0","0","N","0","0","0","2","02301","0","","1.0","","9","N","N","","0","","0","0","1","","0","N","","4","0","0","0","0","0","0","2","1","4","","","","N","","","","","","","","","",""
"2010124500","","1","0","0","0","0","0","0","0","0","8","0","","02","12","2010","4","40.428958","-80.129881","","11","0","0","0","0","0","0","0","0","1","0","0","0","","","1","","0","","40 25:44.250","6","0","80 07:47.570","8","0","0","0","2115","1","0","0","N","1","0","0","2","02115","0","","1.0","","2","N","N","","0","","0","0","0","","0","N","","2","1","0","0","0","1","0","2","0","1","","","","N","","","","","","","","","",""
"2010124502","","2","0","0","0","0","0","0","0","0","1","0","","02","12","2010","2","40.447973","-80.162923","","11","0","0","1","0","1","0","0","0","1","0","0","0","","","0","","7","","40 26:52.702","3","2","80 09:46.522","0","0","0","0","2115","0","0","0","N","0","0","0","2","02115","0","","1.0","","1","N","N","","0","","0","0","0","","2","N","","2","0","0","0","0","0","0","2","0","2","","","","N","","","","","","","","","",""
"2010124503","","0","0","0","0","0","0","0","0","0","1","0","","02","12","2010","6","40.320345","-80.027032","","11","0","0","0","0","0","1","0","0","","0","0","0","","","0","","0","","40 19:13.243","","0","80 01:37.314","0","0","0","0","2407","0","0","0","N","0","0","0","5","02407","0","","1.0","","1","N","N","","0","","0","0","2","","0","","","3","0","0","0","0","0","0","2","1","3","","","","N","","","","","","","","","",""
"2010124504","","1","0","0","0","0","0","0","0","0","4","0","","02","12","2010","3","40.327824","-80.033249","","11","0","0","0","0","0","1","0","1","","0","0","0","","","0","","0","","40 19:40.167","","0","80 01:59.696","0","0","0","0","2407","0","0","0","N","0","0","0","3","02407","0","","1.0","","9","N","N","","1","","0","0","0","","0","","","2","0","0","0","0","0","0","2","0","2","","","","N","","","","","","","","","",""
"2010124505","","0","0","0","0","0","0","0","0","0","1","0","","02","12","2010","7","40.303024","-80.070657","","11","0","0","0","0","0","0","0","0","","0","0","0","","","1","","0","","40 18:10.885","","0","80 04:14.366","8","0","0","0","2407","0","0","0","N","0","0","0","6","02407","0","","1.0","","1","N","N","","0","","0","0","3","","0","","","3","1","0","0","0","1","0","2","0","3","","","","N","","","","","","","","","",""
"2010124561","","0","0","0","0","0","0","0","0","0","7","1","","02","12","2010","2","40.501765","-80.125661","","11","0","0","0","0","0","1","0","0","1","0","1","0","","","0","","0","","40 30:06.353","1","0","80 07:32.380","0","0","0","0","2115","0","0","0","N","0","0","0","1","68B03","0","","2.0","","2","N","N","","0","","0","0","0","","0","N","","1","0","0","0","0","0","0","2","0","1","","","","N","","","","","","","","","",""
"2010124620","","2","0","0","0","0","0","0","0","0","1","0","","02","12","2010","5","40.456574","-79.939691","","11","0","0","0","0","0","2","0","0","","0","0","0","","","1","","1","","40 27:23.665","","0","79 56:22.888","8","0","0","0","2301","0","0","0","N","0","0","0","2","02301","0","","1.0","","1","N","N","","0","","0","0","0","","2","","","2","1","0","0","0","1","0","2","0","2","","","","N","","","","","","","","","",""
"2010124621","","1","0","0","0","0","0","0","0","0","7","0","","02","12","2010","3","40.465193","-80.053754","","11","0","0","0","0","0","0","0","0","","0","0","0","","","0","","2","","40 27:54.694","","0","80 03:13.514","0","0","0","0","2444","0","0","0","N","0","0","0","1","02444","0","","5.0","","1","N","N","","0","","0","0","0","","2","","","1","0","0","0","0","0","0","2","0","1","","","","N","","","","","","","","","",""
"2010124623","","1","0","0","0","0","0","0","0","0","7","0","","02","12","2010","3","40.619046","-80.076496","","11","0","0","0","0","0","0","0","0","","0","0","0","","","1","","2","","40 37:08.565","","0","80 04:35.387","4","0","0","0","2212","0","0","0","N","0","0","0","1","02505","1","","4.0","","2","N","N","","0","","0","0","0","","0","","","1","1","0","0","0","0","0","2","0","1","","","","N","","","","","","","","","",""
"2010124627","","1","0","0","0","0","0","0","0","0","1","0","","02","12","2010","2","40.487956","-79.773485","","11","0","0","0","0","0","1","0","0","","0","0","0","","","0","","0","","40 29:16.641","","0","79 46:24.545","0","0","0","0","2466","0","0","0","N","0","0","0","2","02466","0","","1.0","","1","","","","0","","0","0","1","","0","","","2","0","0","0","0","0","0","2","0","2","","","","N","","","","","","","","","",""
"2010124630","","1","0","0","0","0","0","0","0","0","0","0","","02","12","2010","2","40.46152","-80.01895","","11","0","0","1","0","0","0","0","0","3","0","0","0","","","0","","2","","40 27:41.472","2","0","80 01:08.220","0","0","0","0","2301","0","0","0","N","0","0","0","1","02301","0","","1.0","","9","N","N","","0","","0","0","0","","0","N","","1","0","0","0","0","0","0","2","0","1","","","","N","","","","","","","","","",""
"2010124635","","1","0","0","0","0","0","0","0","0","1","0","","02","12","2010","3","40.473906","-80.038614","","11","0","0","0","0","0","0","0","0","2","0","0","0","","","0","","0","","40 28:26.061","1","0","80 02:19.010","0","0","0","0","2301","0","0","0","N","0","0","0","1","02301","0","","4.0","","1","N","N","","0","","0","0","1","","0","N","","2","0","0","0","0","0","0","2","0","2","","","","N","","","","","","","","","",""
"2010124643","","0","0","0","0","0","0","0","0","0","7","0","","02","12","2010","3","40.61499","-79.887326","","11","0","0","0","0","0","0","0","0","3","0","0","0","","","0","","0","","40 36:53.963","5","0","79 53:14.372","0","0","0","0","2220","0","0","0","Y","0","0","0","2","02220","0","","5.0","","6","N","N","","0","","0","0","1","","0","Y","","1","0","1","0","0","0","0","1","0","1","","","","N","","","","","","","","","",""
"2010124654","","1","0","0","0","0","0","0","0","0","0","0","","02","12","2010","2","40.3942","-79.902786","","11","0","0","0","0","0","0","0","0","","0","0","0","","","0","","0","","40 23:39.120","","0","79 54:10.028","0","0","0","0","2448","0","0","0","N","0","0","0","1","02448","0","","5.0","","7","N","N","","0","","0","0","0","","0","","","1","0","0","0","0","0","0","2","0","1","","","","N","","","","","","","","","",""
"2010124659","","1","0","0","0","0","0","0","0","0","8","0","","02","12","2010","3","40.534794","-80.045325","","11","0","0","0","0","0","0","0","0","3","0","0","0","","","1","","0","","40 32:05.260","2","0","80 02:43.170","2","0","0","0","2116","1","0","1","N","1","0","1","2","02116","0","","2.0","","1","N","N","","0","","0","1","0","","0","N","","2","1","0","0","0","0","1","2","0","1","","","","N","","","","","","","","","",""
"2010124661","","0","0","0","0","0","0","0","0","0","7","1","","02","12","2010","2","40.401012","-80.034638","","11","0","0","0","0","0","0","0","0","","0","0","0","","","0","","1","","40 24:03.643","","0","80 02:04.696","0","0","0","0","2301","0","0","0","N","0","0","0","1","02301","0","","5.0","","2","N","N","","1","","0","0","0","","0","","","1","0","0","0","0","0","0","2","0","1","","","","N","","","","","","","","","",""
"2010124662","","1","0","0","0","0","0","0","0","0","7","0","","02","12","2010","2","40.389691","-79.983043","","11","0","0","0","0","0","0","0","0","1","0","0","0","","","0","","0","","40 23:22.887","1","0","79 58:58.954","0","0","0","0","2301","0","0","0","N","0","0","0","1","02301","0","","4.0","","2","N","N","","0","","0","0","0","","0","N","","1","0","0","0","0","0","0","2","0","1","","","","N","","","","","","","","","",""
"2010124667","","0","0","0","0","0","0","0","0","0","0","0","","02","12","2010","3","","","","11","0","0","0","0","0","0","0","0","","0","0","0","","","0","","0","","","","0","","0","0","0","0","2423","0","0","0","N","0","0","0","2","02304","0","","1.0","","2","N","N","","0","","0","0","1","","5","","","1","0","0","0","0","0","0","1","0","1","","","","N","","","","","","","","","",""
"2010124672","","2","0","0","0","0","0","0","0","0","4","0","","02","12","2010","3","40.480055","-79.97138","","11","0","0","1","0","0","0","0","0","","0","0","0","","","0","","1","","40 28:48.198","","0","79 58:16.968","9","0","0","0","2445","0","0","0","N","0","0","0","6","02445","0","","1.0","","9","N","N","","0","","0","0","0","","3","","","2","0","5","0","0","0","1","2","0","2","","","","N","","","","","","","","","",""
"2010124673","","1","0","0","0","0","0","0","0","0","7","0","","02","12","2010","7","40.545323","-80.063317","","11","0","0","0","0","0","1","0","0","","0","0","0","","","0","","2","","40 32:43.162","","0","80 03:47.941","0","0","0","0","2116","0","0","0","N","0","0","0","1","02116","0","","5.0","","1","N","N","","0","","0","0","0","","0","","","1","0","0","0","0","0","0","2","0","1","","","","N","","","","","","","","","",""
"2010124676","","1","0","0","0","0","0","0","0","0","7","0","","02","12","2010","3","40.541656","-79.992187","","11","0","0","0","0","0","0","0","0","","0","0","0","","","0","","0","","40 32:29.963","","0","79 59:31.872","0","0","0","0","2116","0","0","0","N","0","0","0","1","02116","0","","5.0","","7","N","N","","0","","0","0","0","","0","","","1","0","0","0","0","0","0","2","0","1","","","","N","","","","","","","","","",""
"2010124677","","0","0","0","0","0","0","0","0","0","1","0","35","02","12","2010","6","40.470961","-79.974626","","11","0","0","0","0","0","0","0","0","","0","0","0","","","1","","0","","40 28:15.459","","7","79 58:28.655","4","0","0","0","2445","0","0","0","N","0","0","0","2","02445","1","","1.0","","1","N","N","","1","","0","0","1","","0","","","2","1","0","0","0","0","0","2","0","2","","","Y","Y","4","1","","","N","","","Y","Y",""
"2010124688","","0","0","0","0","0","0","0","0","0","5","0","","02","12","2010","3","40.464794","-79.979884","","11","0","0","0","0","1","0","0","0","","0","0","0","","","0","","2","","40 27:53.259","","0","79 58:47.582","0","0","0","0","2301","0","0","0","N","0","0","0","7","02301","0","","1.0","","1","N","N","","2","","0","0","0","","2","","","2","0","0","0","0","0","0","2","0","2","","","","N","","","","","","","","","",""
"2010124690","","1","0","0","0","0","0","0","0","0","7","0","","02","12","2010","4","40.443924","-79.938718","","11","0","0","0","0","0","0","0","0","1","0","0","0","","","0","","0","","40 26:38.125","3","0","79 56:19.383","0","0","0","0","2301","0","0","0","N","0","0","0","1","02301","0","","4.0","","2","N","N","","0","","0","0","0","","0","N","","1","0","0","0","0","0","0","2","0","1","","","","N","","","","","","","","","",""
"2010124696","","1","0","0","0","0","0","0","0","0","7","0","","02","12","2010","4","40.537693","-79.989825","","11","0","0","0","0","0","0","0","0","","0","0","0","","","0","","0","","40 32:15.694","","0","79 59:23.370","0","0","0","0","2116","0","0","0","N","0","0","0","1","02116","0","","2.0","","2","N","N","","0","","0","0","0","","0","","","1","0","0","0","0","0","0","2","0","1","","","","N","","","","","","","","","",""
"2010124697","","1","0","0","0","0","0","0","0","0","4","0","","02","12","2010","4","40.430024","-79.98866","","11","0","0","0","0","0","0","0","0","","0","0","0","","","0","","2","","40 25:48.086","","0","79 59:19.176","0","0","0","0","2301","0","0","0","N","0","0","0","4","02301","0","","1.0","","2","N","N","","1","","0","0","0","","1","","","2","0","0","0","0","0","0","2","0","2","","","","N","","","","","","","","","",""
"2010124698","","1","0","0","0","0","0","0","0","0","7","0","","02","12","2010","4","40.414204","-79.99645","","11","0","0","0","0","0","0","0","0","","0","0","0","","","0","","0","","40 24:51.134","","0","79 59:47.220","0","0","0","0","2301","0","0","0","N","0","0","0","1","02301","0","","5.0","","2","N","N","","0","","0","0","0","","0","","","1","0","0","0","0","0","0","2","0","1","","","","N","","","","","","","","","",""
"2010124703","","1","0","0","0","0","0","0","0","0","7","0","","02","12","2010","4","40.449122","-80.02476","","11","0","0","0","0","0","0","0","0","1","0","0","0","","","0","","6","","40 26:56.839","2","2","80 01:29.137","0","0","0","0","2301","0","0","0","N","0","0","0","1","02301","0","","3.0","","2","N","N","","0","","0","0","0","","4","N","","1","0","0","0","0","0","0","2","0","1","","","","N","","","","","","","","","",""
"2010124704","","0","0","0","0","0","0","0","0","0","7","0","","02","12","2010","4","40.367294","-79.971884","","11","0","0","0","0","0","0","0","0","1","0","0","0","","","0","","0","","40 22:02.260","4","0","79 58:18.782","0","0","0","0","2413","0","0","0","N","0","0","0","1","02413","0","","4.0","","2","N","N","","1","","0","0","0","","0","N","","1","0","0","0","0","0","0","2","0","1","","","","N","","","","","","","","","",""
"2010124742","","0","0","0","0","0","0","0","0","0","7","0","","02","12","2010","2","40.496849","-79.937864","","11","0","0","0","0","0","0","0","0","","0","0","0","","","0","","0","","40 29:48.657","","3","79 56:16.311","0","0","0","0","2112","0","0","0","N","0","0","0","1","68D02","0","","5.0","","7","N","N","","0","","0","0","1","","0","","","1","0","0","0","0","0","0","2","0","1","","","","N","","","","","","","","","",""
"2010124743","","0","0","0","0","0","0","0","0","0","7","0","","02","12","2010","2","40.65368","-79.72477","","11","0","0","0","0","0","0","0","0","","0","0","0","","","0","","0","","40 39:13.248","","0","79 43:29.171","0","0","0","0","2106","0","0","0","Y","0","0","0","2","68D02","0","","2.0","","7","N","N","","1","","0","0","0","","0","","","1","0","0","0","0","0","0","2","0","1","","","","N","","","","","","","","","",""
"2010124809","","2","0","0","0","0","0","0","0","0","1","0","","02","12","2010","7","40.34355","-79.97043","","11","0","0","0","0","0","2","0","0","1","0","0","0","","","0","","0","","40 20:36.781","2","0","79 58:13.549","0","0","0","0","2403","0","0","0","N","0","0","0","8","02403","0","","1.0","","1","N","N","","0","","0","0","0","","0","N","","3","0","0","0","0","0","0","2","1","3","","","","N","","","","","","","","","",""
"2010124810","","1","0","0","0","0","0","0","0","0","7","0","","02","12","2010","3","40.432555","-79.865035","","11","0","0","0","0","0","0","1","0","","0","0","0","","","0","","0","","40 25:57.199","","0","79 51:54.125","0","0","0","0","2431","0","0","0","N","0","0","0","1","02431","0","","2.0","","9","N","N","","0","","0","0","0","","0","","","1","0","0","0","0","0","0","2","0","1","","","","N","","","","","","","","","",""
"2010124814","","1","0","0","0","0","0","0","0","0","4","1","","02","11","2010","2","40.434096","-79.732569","","11","0","0","0","0","0","0","0","1","","0","1","0","","","0","","2","","40 26:02.745","","0","79 43:57.249","0","0","0","0","2446","0","0","0","N","0","0","0","3","02446","0","","1.0","","1","N","N","","0","","0","0","0","","2","","","2","0","0","0","0","0","0","2","0","2","","","","N","","","","","","","","","",""
"2010124815","","1","0","0","0","0","0","0","0","0","7","0","","02","12","2010","4","40.374842","-80.094736","","11","0","0","0","0","0","0","0","0","1","0","0","0","","","0","","2","","40 22:29.431","4","0","80 05:41.049","0","0","0","0","2117","0","0","0","N","0","0","0","1","02117","0","","2.0","","2","N","N","","0","","0","0","0","","0","N","","1","0","0","0","0","0","0","2","0","1","","","","N","","","","","","","","","",""
"2010124817","","0","0","0","0","0","0","1","0","0","4","0","","02","12","2010","4","40.454076","-79.996814","","11","0","0","0","0","0","0","0","0","","0","0","0","","","0","","1","","40 27:14.672","","0","79 59:48.532","0","0","0","0","2301","0","0","0","N","0","0","0","17","02301","0","","1.0","","1","Y","N","","0","","0","0","1","","2","","","2","0","0","0","0","0","0","2","0","2","","","","N","","","","","","","","","",""
"2010124823","","1","0","0","0","0","0","0","0","0","1","0","","02","12","2010","4","40.404996","-80.033481","","11","0","0","0","0","0","0","0","0","","0","0","0","","","0","","1","","40 24:17.985","","0","80 02:00.531","0","0","0","0","2301","0","0","0","N","0","0","0","2","02301","0","","1.0","","2","N","N","","0","","0","0","1","","0","","","2","0","0","0","0","0","0","2","0","2","","","","N","","","","","","","","","",""
"2010124831","","2","0","0","0","0","0","0","0","0","1","0","","02","12","2010","4","40.441717","-80.239486","","11","0","0","0","0","0","0","0","0","","0","0","0","","","1","","1","","40 26:30.180","","0","80 14:22.150","4","0","0","0","2214","0","0","0","N","0","0","0","2","02214","1","","1.0","","1","N","N","","0","","0","0","0","","2","","","2","1","0","0","0","0","0","2","0","2","","","","N","","","","","","","","","",""
"2010124832","","1","0","0","0","0","0","0","0","0","7","0","","02","12","2010","4","40.405127","-80.074026","","11","0","0","0","0","0","1","0","0","","0","0","0","","","1","","0","","40 24:18.457","","7","80 04:26.494","3","0","0","0","2415","0","0","0","N","0","0","0","1","02415","0","","5.0","","98","N","N","","0","","1","0","0","","0","","","1","1","0","0","0","0","0","2","0","1","","","","N","","","","","","","","","",""
"2010124833","","1","0","0","0","0","0","0","0","0","8","0","","02","12","2010","2","40.340675","-79.964437","","11","0","0","0","0","0","0","0","0","","0","0","0","","","1","","1","","40 20:26.431","","0","79 57:51.974","3","0","0","0","2454","1","0","0","N","1","0","0","2","02454","0","","1.0","","9","N","N","","0","","1","0","0","","2","","","2","1","0","0","0","0","0","2","0","1","","","","N","","","","","","","","","",""
"2010124837","","1","0","0","0","0","0","0","0","0","1","0","","02","12","2010","4","40.335956","-79.980972","","11","0","0","0","0","0","0","0","0","2","0","0","0","","","0","","0","","40 20:09.440","3","0","79 58:51.500","0","0","0","0","2454","0","0","0","N","0","0","0","2","02454","0","","1.0","","9","N","N","","1","","0","0","0","","0","N","","2","0","0","0","0","0","0","2","0","2","","","","N","","","","","","","","","",""
"2010124844","","1","0","0","0","0","0","0","0","0","7","0","","02","12","2010","4","40.374842","-80.094736","","11","0","0","0","0","0","0","0","0","","0","0","0","","","0","","2","","40 22:29.431","","0","80 05:41.049","0","0","0","0","2117","0","0","0","N","0","0","0","1","02117","0","","4.0","","98","N","N","","0","","0","0","0","","0","","","1","0","0","0","0","0","0","2","0","1","","","","N","","","","","","","","","",""
"2010124846","","1","0","0","0","0","0","0","0","0","7","0","","02","12","2010","4","40.336568","-79.948783","","11","0","0","0","0","0","0","0","0","2","0","0","0","","","0","","0","","40 20:11.643","2","0","79 56:55.620","0","0","0","0","2454","0","0","0","N","0","0","0","1","02454","0","","5.0","","1","N","N","","0","","0","0","0","","0","N","","1","0","0","0","0","0","0","2","0","1","","","","N","","","","","","","","","",""
"2010124864","","1","0","0","0","0","0","0","0","0","4","0","","02","12","2010","4","40.42145","-80.050701","","11","0","0","0","0","0","1","1","0","1","0","0","0","","","0","","2","","40 25:17.221","4","0","80 03:02.525","0","0","0","0","2435","0","0","0","N","0","0","0","2","02435","0","","1.0","","1","N","N","","0","","0","0","1","","3","N","","2","0","0","0","0","0","0","2","0","2","","","","N","","","","","","","","","",""