"CRN","ARRIVAL_TM","AUTOMOBILE_COUNT","BELTED_DEATH_COUNT","BELTED_SUSP_SERIOUS_INJ_COUNT","BICYCLE_COUNT","BICYCLE_DEATH_COUNT","BICYCLE_SUSP_SERIOUS_INJ_COUNT","BUS_COUNT","CHLDPAS_DEATH_COUNT","CHLDPAS_SUSP_SERIOUS_INJ_COUNT","COLLISION_TYPE","COMM_VEH_COUNT","CONS_ZONE_SPD_LIM","COUNTY","CRASH_MONTH","CRASH_YEAR","DAY_OF_WEEK","DEC_LATITUDE","DEC_LONGITUDE","DISPATCH_TM","DISTRICT","DRIVER_COUNT_16YR","DRIVER_COUNT_17YR","DRIVER_COUNT_18YR","DRIVER_COUNT_19YR","DRIVER_COUNT_20YR","DRIVER_COUNT_50_64YR","DRIVER_COUNT_65_74YR","DRIVER_COUNT_75PLUS","EST_HRS_CLOSED","FATAL_COUNT","HEAVY_TRUCK_COUNT","HORSE_BUGGY_COUNT","HOUR_OF_DAY","ILLUMINATION","INJURY_COUNT","INTERSECTION_RELATED","INTERSECT_TYPE","LANE_CLOSED","LATITUDE","LN_CLOSE_DIR","LOCATION_TYPE","LONGITUDE","MAX_SEVERITY_LEVEL","MCYCLE_DEATH_COUNT","MCYCLE_SUSP_SERIOUS_INJ_COUNT","MOTORCYCLE_COUNT","MUNICIPALITY","NONMOTR_COUNT","NONMOTR_DEATH_COUNT","NONMOTR_SUSP_SERIOUS_INJ_COUNT","NTFY_HIWY_MAINT","PED_COUNT","PED_DEATH_COUNT","PED_SUSP_SERIOUS_INJ_COUNT","PERSON_COUNT","POLICE_AGCY","POSSIBLE_INJ_COUNT","RDWY_SURF_TYPE_CD","RELATION_TO_ROAD","ROADWAY_CLEARED","ROAD_CONDITION","SCH_BUS_IND","SCH_ZONE_IND","SECONDARY_CRASH","SMALL_TRUCK_COUNT","SPEC_JURIS_CD","SUSP_MINOR_INJ_COUNT","SUSP_SERIOUS_INJ_COUNT","SUV_COUNT","TCD_FUNC_CD","TCD_TYPE","TFC_DETOUR_IND","TIME_OF_DAY","TOTAL_UNITS","TOT_INJ_COUNT","UNBELTED_OCC_COUNT","UNB_DEATH_COUNT","UNB_SUSP_SERIOUS_INJ_COUNT","UNK_INJ_DEG_COUNT","UNK_INJ_PER_COUNT","URBAN_RURAL","VAN_COUNT","VEHICLE_COUNT","WEATHER1","WEATHER2","WORKERS_PRES","WORK_ZONE_IND","WORK_ZONE_LOC","WORK_ZONE_TYPE","WZ_CLOSE_DETOUR","WZ_FLAGGER","WZ_LAW_OFFCR_IND","WZ_LN_CLOSURE","WZ_MOVING","WZ_OTHER","WZ_SHLDER_MDN","WZ_WORKERS_INJ_KILLED"
"2010125452","","1","0","0","0","0","0","0","0","0","7","0","","02","12","2010","4","40.423142","-80.201014","","11","0","0","0","0","0","0","0","0","","0","0","0","","","1","","0","","40 25:23.311","","0","80 12:03.650","3","0","0","0","2214","0","0","0","N","0","0","0","1","02214","0","","5.0","","1","N","N","","0","","1","0","0","","0","","","1","1","1","0","0","0","0","1","0","1","","","","N","","","","","","","","","",""
"2010125457","","1","0","0","0","0","0","0","0","0","7","0","","02","12","2010","4","40.382986","-79.857411","","11","0","0","0","0","0","0","0","0","","0","0","0","","","0","","1","","40 22:58.749","","0","79 51:26.678","0","0","0","0","2303","0","0","0","N","0","0","0","1","02303","0","","5.0","","1","N","N","","0","","0","0","0","","2","","","1","0","0","0","0","0","0","2","0","1","","","","N","","","","","","","","","",""
"2010125496","","2","0","0","0","0","0","0","0","0","4","0","","02","12","2010","5","40.430616","-80.00225","","11","0","0","0","0","0","0","0","0","","0","0","0","","","0","","0","","40 25:50.217","","0","80 00:08.101","0","0","0","0","2301","0","0","0","N","0","0","0","2","02301","0","","1.0","","2","N","N","","0","","0","0","0","","0","","","2","0","0","0","0","0","0","2","0","2","","","","N","","","","","","","","","",""
"2010125499","","2","0","0","0","0","0","0","0","0","4","0","","02","12","2010","6","40.465982","-80.137681","","11","0","0","1","0","0","1","0","0","","0","0","0","","","0","","1","","40 27:57.535","","0","80 08:15.651","0","0","0","0","2115","0","0","0","N","0","0","0","2","02115","0","","1.0","","9","N","N","","0","","0","0","0","","2","","","2","0","0","0","0","0","0","2","0","2","","","","N","","","","","","","","","",""
"2010125500","","1","0","0","0","0","0","0","0","0","4","0","","02","12","2010","5","40.545974","-79.902036","","11","0","0","0","0","0","1","0","0","","0","0","0","","","1","","0","","40 32:45.507","","0","79 54:07.330","4","0","0","0","2209","0","0","0","N","0","0","0","2","02209","1","","1.0","","1","N","N","","1","","0","0","0","","0","","","2","1","0","0","0","0","0","2","0","2","","","","N","","","","","","","","","",""
"2010125502","","1","0","0","0","0","0","0","0","0","1","0","","02","12","2010","6","40.523084","-80.177503","","11","0","0","0","0","0","0","0","0","","0","0","0","","","1","","2","","40 31:23.102","","0","80 10:39.011","4","0","0","0","2213","0","0","0","N","0","0","0","3","02213","1","","1.0","","1","N","N","","1","","0","0","0","","0","","","2","1","0","0","0","0","0","2","0","2","","","","N","","","","","","","","","",""
"2010125503","","1","0","0","0","0","0","0","0","0","1","0","","02","12","2010","7","40.516051","-80.219957","","11","0","0","0","0","0","2","0","0","1","0","0","0","","","0","","0","","40 30:57.782","1","0","80 13:11.845","0","0","0","0","2213","0","0","0","N","0","0","0","4","02213","0","","1.0","","1","N","N","","1","","0","0","1","","0","N","","3","0","0","0","0","0","0","2","0","3","","","","N","","","","","","","","","",""
"2010125543","","2","0","0","0","0","0","0","0","0","1","0","","02","11","2010","7","40.638055","-80.097735","","11","0","0","0","0","0","1","0","0","","0","0","0","","","1","","0","","40 38:16.998","","0","80 05:51.846","8","0","0","0","2212","0","0","0","N","0","0","0","3","68B03","0","","1.0","","1","N","N","","0","","0","0","0","","0","","","2","1","0","0","0","1","0","2","0","2","","","","N","","","","","","","","","",""
"2010125544","","0","0","0","0","0","0","0","0","0","7","0","","02","11","2010","4","40.436171","-79.975323","","11","0","0","0","0","0","0","0","0","","0","0","0","","","1","","0","","40 26:10.217","","0","79 58:31.164","8","0","0","0","2301","0","0","0","N","0","0","0","3","68B03","0","","4.0","","1","N","N","","0","","0","0","1","","0","","","1","1","0","0","0","1","0","2","0","1","","","","N","","","","","","","","","",""
"2010125545","","1","0","0","0","0","0","0","0","0","1","1","","02","12","2010","4","40.325745","-80.142645","","11","0","0","0","0","0","0","0","0","","0","1","0","","","1","","0","","40 19:32.683","","0","80 08:33.522","4","0","0","0","2119","0","0","0","N","0","0","0","2","68B03","1","","1.0","","1","N","N","","0","","0","0","0","","0","","","2","1","0","0","0","0","0","2","0","2","","","","N","","","","","","","","","",""
"2010125546","","1","0","0","0","0","0","0","0","0","7","0","","02","12","2010","5","40.410686","-80.070809","","11","0","0","0","1","0","0","0","0","2","0","0","0","","","2","","0","","40 24:38.468","4","0","80 04:14.911","8","0","0","0","2117","0","0","0","N","0","0","0","2","68B03","0","","4.0","","1","N","N","","1","","0","0","0","","0","N","","2","2","0","0","0","2","0","2","0","2","","","","N","","","","","","","","","",""
"2010125547","","2","0","0","0","0","0","0","0","0","1","0","","02","12","2010","7","40.444182","-80.009133","","11","0","0","0","0","0","3","0","0","1","0","0","0","","","2","","0","","40 26:39.055","1","3","80 00:32.877","4","0","0","0","2301","0","0","0","N","0","0","0","5","68B03","2","","1.0","","1","N","N","","0","","0","0","2","","0","N","","4","2","0","0","0","0","0","2","0","4","","","","N","","","","","","","","","",""
"2010125548","","1","0","0","0","0","0","0","0","0","7","0","","02","12","2010","2","40.469827","-80.245991","","11","0","0","0","0","0","0","0","0","","0","0","0","","","1","","0","","40 28:11.377","","0","80 14:45.568","4","0","0","0","2203","0","0","0","N","0","0","0","2","68B03","1","","5.0","","2","N","N","","0","","0","0","0","","0","","","1","1","0","0","0","0","0","2","0","1","","","","N","","","","","","","","","",""
"2010125549","","1","0","0","0","0","0","0","0","0","7","0","","02","12","2010","2","40.512336","-80.271068","","11","0","0","0","0","0","0","0","0","","0","0","0","","","1","","7","","40 30:44.408","","2","80 16:15.844","4","0","0","0","2203","0","0","0","N","0","0","0","2","68B03","1","","2.0","","9","N","N","","0","","0","0","0","","0","","","1","1","0","0","0","0","0","2","0","1","","","","N","","","","","","","","","",""
"2010125550","","0","0","0","0","0","0","0","0","0","7","0","","02","12","2010","2","40.439056","-80.242566","","11","0","0","0","0","0","0","0","0","","0","0","0","","","1","","0","","40 26:20.601","","0","80 14:33.237","3","0","0","0","2214","0","0","0","N","0","0","0","1","68B03","0","","5.0","","7","N","N","","1","","1","0","0","","0","","","1","1","0","0","0","0","0","2","0","1","","","","N","","","","","","","","","",""
"2010125551","","0","0","0","0","0","0","0","0","0","7","0","","02","12","2010","2","40.529025","-80.272206","","11","0","0","0","0","0","0","0","0","","0","0","0","","","1","","0","","40 31:44.490","","0","80 16:19.943","4","0","0","0","2203","0","0","0","Y","0","0","0","1","68B03","1","","3.0","","6","N","N","","0","","0","0","1","","0","","","1","1","0","0","0","0","0","2","0","1","","","","N","","","","","","","","","",""
"2010125552","","1","0","0","0","0","0","0","0","0","7","0","","02","12","2010","3","40.453213","-80.178719","","11","0","0","0","1","0","0","0","0","1","0","0","0","","","0","","0","","40 27:11.566","3","0","80 10:43.388","0","0","0","0","2214","0","0","0","N","0","0","0","2","68B03","0","","3.0","","1","N","N","","0","","0","0","0","","0","N","","2","0","2","0","0","0","0","2","0","1","","","","N","","","","","","","","","",""
"2010125553","","1","0","0","0","0","0","0","0","0","7","1","","02","12","2010","4","40.404109","-80.107125","","11","0","0","0","0","0","0","0","0","","0","1","0","","","0","","0","","40 24:14.794","","0","80 06:25.649","0","0","0","0","2102","0","0","0","N","0","0","0","2","68B03","0","","3.0","","1","N","N","","0","","0","0","0","","0","","","2","0","0","0","0","0","0","2","0","2","","","","N","","","","","","","","","",""
"2010125554","","0","0","0","0","0","0","0","0","0","7","0","","02","12","2010","4","40.550593","-80.08646","","11","0","0","0","0","0","0","0","0","","0","0","0","","","1","","0","","40 33:02.136","","0","80 05:11.256","4","0","0","0","2215","0","0","0","N","0","0","0","2","68B03","1","","2.0","","2","N","N","","1","","0","0","0","","0","","","1","1","2","0","0","0","0","2","0","1","","","","N","","","","","","","","","",""
"2010125597","","1","0","0","0","0","0","0","0","0","1","0","","02","11","2010","3","40.579818","-80.006483","","11","0","0","1","0","0","0","0","0","","0","0","0","","","1","","0","","40 34:47.346","","0","80 00:23.340","4","0","0","0","2108","0","0","0","N","0","0","0","3","02108","1","","1.0","","9","N","N","","0","","0","0","1","","0","","","2","1","0","0","0","0","0","2","0","2","","","","N","","","","","","","","","",""
"2010125598","","2","0","0","0","0","0","0","0","0","6","0","","02","12","2010","1","40.556437","-80.047376","","11","0","0","0","1","0","0","0","0","","0","0","0","","","0","","0","","40 33:23.173","","0","80 02:50.553","0","0","0","0","2108","0","0","0","N","0","0","0","1","02108","0","","1.0","","1","N","N","","0","","0","0","0","","0","","","2","0","0","0","0","0","0","2","0","2","","","","N","","","","","","","","","",""
"2010125614","","2","0","0","0","0","0","0","0","0","7","0","","02","12","2010","5","40.30511","-79.81446","","11","0","0","0","0","0","1","0","0","3","0","0","0","","","0","","0","","40 18:18.397","4","0","79 48:52.057","9","0","0","0","2105","0","0","0","N","0","0","0","1","02105","0","","4.0","","1","N","N","","0","","0","0","0","","0","Y","","2","0","0","0","0","0","1","2","0","2","","","","N","","","","","","","","","",""
"2010125618","","1","0","0","0","0","0","0","0","0","1","0","","02","12","2010","5","40.306639","-79.996441","","11","0","0","0","0","0","1","0","0","","0","0","0","","","0","","2","","40 18:23.900","","0","79 59:47.187","0","0","0","0","2219","0","0","0","N","0","0","0","2","02501","0","","1.0","","1","N","N","","0","","0","0","1","","3","","","2","0","0","0","0","0","0","2","0","2","","","","N","","","","","","","","","",""
"2010125630","","2","0","0","0","0","0","0","0","0","1","0","","02","12","2010","4","40.592486","-79.94798","","11","0","0","0","0","0","0","0","0","1","0","0","0","","","0","","0","","40 35:32.950","2","0","79 56:52.728","0","0","0","0","2207","0","0","0","N","0","0","0","3","02207","0","","1.0","","1","N","N","","1","","0","0","0","","0","N","","3","0","0","0","0","0","0","2","0","3","","","","N","","","","","","","","","",""
"2010125631","","1","0","0","0","0","0","0","0","0","5","0","","02","12","2010","5","40.336518","-79.810032","","11","0","0","0","0","0","0","1","0","","0","0","0","","","0","","0","","40 20:11.465","","0","79 48:36.114","0","0","0","0","2477","0","0","0","N","0","0","0","3","02477","0","","1.0","","1","N","N","","0","","0","0","1","","0","","","2","0","0","0","0","0","0","2","0","2","","","","N","","","","","","","","","",""
"2010125632","","1","0","0","0","0","0","0","0","0","4","0","","02","12","2010","5","40.3662","-80.01515","","11","0","0","0","0","0","2","0","0","","0","0","0","","","0","","2","","40 21:58.321","","0","80 00:54.540","9","0","0","0","2416","0","0","0","N","0","0","0","4","02416","0","","1.0","","1","N","N","","1","","0","0","0","","3","","","4","0","0","0","0","0","3","2","2","4","","","","N","","","","","","","","","",""
"2010125666","","2","0","0","0","0","0","0","0","0","5","0","","02","12","2010","5","40.491161","-79.887266","","11","0","0","0","0","0","0","0","0","","0","0","0","","","0","","0","","40 29:28.181","","0","79 53:14.159","0","0","0","0","2112","0","0","0","N","0","0","0","3","68D02","0","","1.0","","1","N","N","","0","","0","0","0","","0","","","2","0","0","0","0","0","0","2","0","2","","","","N","","","","","","","","","",""
"2010125667","","2","0","0","0","0","0","0","0","0","5","0","","02","12","2010","5","40.491073","-79.876398","","11","0","0","0","0","0","1","0","0","","0","0","0","","","1","","0","","40 29:27.862","","0","79 52:35.033","4","0","0","0","2112","0","0","0","N","0","0","0","2","68D02","1","","1.0","","1","N","N","","0","","0","0","0","","0","","","2","1","0","0","0","0","0","2","0","2","","","","N","","","","","","","","","",""
"2010125749","","1","0","0","0","0","0","0","0","0","7","0","","02","12","2010","4","40.482057","-79.737891","","11","0","0","1","0","0","0","0","0","","0","0","0","","","0","","0","","40 28:55.406","","0","79 44:16.409","0","0","0","0","2466","0","0","0","N","0","0","0","3","02466","0","","5.0","","2","N","N","","0","","0","0","0","","0","","","1","0","0","0","0","0","0","2","0","1","","","","N","","","","","","","","","",""
"2010125751","","0","0","0","0","0","0","0","0","0","7","0","","02","12","2010","7","40.454725","-80.233625","","11","0","0","0","0","0","0","0","0","2","0","0","0","","","0","","5","","40 27:17.011","5","3","80 14:01.050","0","0","0","0","2214","0","0","0","N","0","0","0","1","02214","0","","5.0","","9","N","N","","1","","0","0","0","","3","N","","1","0","0","0","0","0","0","2","0","1","","","","N","","","","","","","","","",""
"2010125767","","1","0","0","0","0","0","0","0","0","4","0","","02","12","2010","6","40.416387","-80.045016","","11","0","0","0","0","0","0","0","0","","0","0","0","","","0","","2","","40 24:58.992","","0","80 02:42.058","0","0","0","0","2435","0","0","0","N","0","0","0","3","02435","0","","1.0","","1","N","N","","1","","0","0","0","","3","","","2","0","0","0","0","0","0","2","0","2","","","","N","","","","","","","","","",""
"2010125770","","1","0","0","0","0","0","0","0","0","4","0","","02","12","2010","5","40.353729","-79.978526","","11","0","0","0","0","0","1","0","0","2","0","0","0","","","2","","0","","40 21:13.426","5","0","79 58:42.693","3","0","0","0","2476","0","0","0","N","0","0","0","3","02476","1","","1.0","","1","N","N","","0","","1","0","1","","0","N","","2","2","1","0","0","0","0","2","0","2","","","","N","","","","","","","","","",""
"2010125772","","1","0","0","0","0","0","0","0","0","7","0","","02","12","2010","2","40.458882","-79.817703","","11","0","0","0","0","0","0","0","0","2","0","0","0","","","1","","0","","40 27:31.975","1","0","79 49:03.730","4","0","0","0","2113","0","0","0","N","0","0","0","1","02113","1","","5.0","","7","N","N","","0","","0","0","0","","0","N","","1","1","1","0","0","0","0","2","0","1","","","","N","","","","","","","","","",""
"2010125779","","1","0","0","0","0","0","0","0","0","4","0","","02","12","2010","5","40.341687","-80.10411","","11","0","0","0","0","0","1","0","0","","0","0","0","","","0","","2","","40 20:30.074","","0","80 06:14.796","0","0","0","0","2123","0","0","0","N","0","0","0","5","02123","0","","1.0","","1","N","N","","0","","0","0","0","","3","","","2","0","0","0","0","0","0","2","1","2","","","","N","","","","","","","","","",""
"2010125780","","1","0","0","0","0","0","0","0","0","8","0","","02","12","2010","6","40.457258","-79.973578","","11","0","0","0","0","0","0","0","0","","0","0","0","","","1","","2","","40 27:26.128","","0","79 58:24.880","4","0","0","0","2301","1","0","0","N","1","0","0","2","02301","1","","1.0","","1","N","N","","0","","0","0","0","","0","","","2","1","0","0","0","0","0","2","0","1","","","","N","","","","","","","","","",""
"2010125786","","1","0","0","0","0","0","0","0","0","7","0","","02","12","2010","5","40.369853","-79.801813","","11","0","0","0","0","0","0","0","0","","0","0","0","","","0","","0","","40 22:11.471","","0","79 48:06.526","0","0","0","0","2111","0","0","0","N","0","0","0","1","02111","0","","5.0","","6","N","N","","0","","0","0","0","","0","","","1","0","0","0","0","0","0","2","0","1","","","","N","","","","","","","","","",""
"2010125787","","2","0","0","0","0","0","0","0","0","4","0","","02","12","2010","5","40.604612","-79.927164","","11","0","0","0","0","0","0","0","0","","0","0","0","","","0","","2","","40 36:16.603","","0","79 55:37.789","0","0","0","0","2207","0","0","0","N","0","0","0","2","02207","0","","1.0","","1","N","N","","0","","0","0","0","","3","","","2","0","0","0","0","0","0","2","0","2","","","","N","","","","","","","","","",""
"2010125790","","1","0","0","0","0","0","0","0","0","7","0","","02","12","2010","6","40.437078","-80.039769","","11","0","0","0","0","0","0","0","0","","0","0","0","","","0","","0","","40 26:13.482","","0","80 02:23.168","0","0","0","0","2301","0","0","0","","0","0","0","1","02301","0","","2.0","","2","N","N","","0","","0","0","0","","0","","","1","0","0","0","0","0","0","2","0","1","","","","N","","","","","","","","","",""
"2010125796","","1","0","0","0","0","0","0","0","0","7","0","","02","12","2010","6","40.590372","-79.926472","","11","0","0","0","0","0","0","0","0","6","0","0","0","","","0","","0","","40 35:25.339","5","0","79 55:35.299","0","0","0","0","2207","0","0","0","N","0","0","0","3","02207","0","","5.0","","1","N","N","","0","","0","0","0","","0","Y","","1","0","1","0","0","0","0","2","0","1","","","","N","","","","","","","","","",""
"2010125805","","0","0","0","0","0","0","0","0","0","7","0","","02","12","2010","2","40.45876","-79.928976","","11","0","0","0","0","0","0","0","0","","0","0","0","","","0","","2","","40 27:31.536","","0","79 55:44.313","0","0","0","0","2301","0","0","0","N","0","0","0","1","02301","0","","4.0","","1","N","N","","0","","0","0","1","","2","","","1","0","1","0","0","0","0","2","0","1","","","","N","","","","","","","","","",""
"2010125813","","2","0","0","0","0","0","0","0","0","4","0","","02","12","2010","3","40.431792","-79.791261","","11","0","1","0","0","0","0","0","1","2","0","0","0","","","2","","2","","40 25:54.451","2","0","79 47:28.539","4","0","0","0","2446","0","0","0","N","0","0","0","2","02446","1","","1.0","","1","N","N","","0","","0","0","0","","2","N","","2","2","0","0","0","1","0","2","0","2","","","","N","","","","","","","","","",""
"2010125816","","2","0","0","0","0","0","0","0","0","4","0","","02","12","2010","6","40.45288","-79.964954","","11","0","0","0","0","0","1","0","0","","0","0","0","","","2","","5","","40 27:10.368","","0","79 57:53.834","3","0","0","0","2301","0","0","0","N","0","0","0","4","02301","0","","1.0","","1","N","N","","0","","2","0","0","","2","","","2","2","0","0","0","0","0","2","0","2","","","","N","","","","","","","","","",""
"2010125819","","0","0","0","0","0","0","0","0","0","0","0","","02","12","2010","6","40.406176","-80.033796","","11","0","0","0","0","0","0","0","0","2","0","0","0","","","0","","2","","40 24:22.233","5","0","80 02:01.665","0","0","0","0","2301","0","0","0","N","0","0","0","1","02301","0","","1.0","","1","N","N","","0","","0","0","1","","0","Y","","1","0","0","0","0","0","0","2","0","1","","","","N","","","","","","","","","",""
"2010125821","","1","0","0","0","0","0","0","0","0","1","0","","02","12","2010","6","40.457231","-79.98866","","11","0","0","0","0","0","0","0","0","1","0","0","0","","","1","","0","","40 27:26.030","5","0","79 59:19.177","3","0","0","0","2301","0","0","0","N","0","0","0","3","02301","0","","1.0","","1","N","N","","0","","1","0","1","","0","N","","2","1","1","0","0","0","0","2","0","2","","","","N","","","","","","","","","",""
"2010125831","","1","0","0","0","0","0","0","0","0","1","0","","02","12","2010","5","40.507748","-80.005748","","11","0","0","0","0","0","0","0","1","","0","0","0","","","0","","0","","40 30:27.892","","0","80 00:20.694","0","0","0","0","2116","0","0","0","Y","0","0","0","3","02116","0","","1.0","","1","N","N","","0","","0","0","1","","0","","","2","0","0","0","0","0","0","2","0","2","","","","N","","","","","","","","","",""
"2010125833","","1","0","0","0","0","0","0","0","0","4","0","","02","12","2010","6","40.440466","-79.991536","","11","0","0","0","0","0","0","0","0","","0","0","0","","","0","","1","","40 26:25.678","","0","79 59:29.530","0","0","0","0","2301","0","0","0","N","0","0","0","6","02301","0","","1.0","","1","N","N","","0","","0","0","0","","2","","","2","0","0","0","0","0","0","2","1","2","","","","N","","","","","","","","","",""
"2010125834","","0","0","0","0","0","0","0","0","0","8","0","","02","12","2010","6","40.581157","-79.942912","","11","0","0","0","0","0","1","0","0","","0","0","0","","","1","","0","","40 34:52.164","","0","79 56:34.482","4","0","0","0","2207","1","0","0","N","1","0","0","2","02207","1","","1.0","","1","N","N","","0","","0","0","1","","3","","","2","1","0","0","0","0","0","2","0","1","","","","N","","","","","","","","","",""
"2010125850","","1","0","0","0","0","0","0","0","0","7","0","","02","12","2010","5","40.355395","-79.990705","","11","0","0","0","0","0","0","0","1","","0","0","0","","","0","","2","","40 21:19.422","","0","79 59:26.538","0","0","0","0","2476","0","0","0","N","0","0","0","1","02476","0","","5.0","","1","N","N","","0","","0","0","0","","3","","","1","0","0","0","0","0","0","2","0","1","","","","N","","","","","","","","","",""
"2010125857","","1","0","0","0","0","0","0","0","0","1","0","","02","12","2010","1","40.41155","-80.006592","","11","0","0","1","0","0","0","0","0","2","0","0","0","","","1","","0","","40 24:41.580","2","0","80 00:23.730","8","0","0","0","2301","0","0","0","N","0","0","0","4","02301","0","","1.0","","9","N","N","","0","","0","0","0","","0","N","","2","1","0","0","0","1","0","2","1","2","","","","N","","","","","","","","","",""
"2010125860","","2","0","0","0","0","0","0","0","0","2","0","","02","12","2010","3","40.35205","-79.964629","","11","0","0","0","0","0","1","0","0","2","0","0","0","","","0","","1","","40 21:07.381","4","0","79 57:52.663","0","0","0","0","2403","0","0","0","N","0","0","0","5","02403","0","","1.0","","1","N","N","","0","","0","0","0","","3","N","","2","0","0","0","0","0","0","2","0","2","","","","N","","","","","","","","","",""
"2010125866","","1","0","0","0","0","0","0","0","0","7","0","","02","12","2010","5","40.304623","-79.96121","","11","0","0","0","0","0","0","0","0","2","0","0","0","","","0","","0","","40 18:16.643","6","0","79 57:40.357","0","0","0","0","2440","0","0","0","N","0","0","0","1","02440","0","","5.0","","2","N","N","","0","","0","0","0","","0","Y","","1","0","0","0","0","0","0","2","0","1","","","","N","","","","","","","","","",""
"2010125880","","1","0","0","0","0","0","0","0","0","4","0","","02","12","2010","6","40.427658","-79.983474","","11","0","0","1","0","0","0","0","0","","0","0","0","","","0","","1","","40 25:39.568","","0","79 59:00.506","0","0","0","0","2301","0","0","0","N","0","0","0","3","02301","0","","1.0","","1","N","N","","0","","0","0","1","","3","","","2","0","0","0","0","0","0","2","0","2","","","","N","","","","","","","","","",""
"2010125885","","1","0","0","0","0","0","0","0","0","7","0","","02","12","2010","5","40.306532","-79.944337","","11","0","0","1","0","0","0","0","0","2","0","0","0","","","0","","0","","40 18:23.515","1","0","79 56:39.613","0","0","0","0","2440","0","0","0","N","0","0","0","1","02440","0","","5.0","","2","N","","","0","","0","0","0","","0","N","","1","0","0","0","0","0","0","2","0","1","","","","N","","","","","","","","","",""
"2010125886","","4","0","0","0","0","0","0","0","0","1","0","","02","12","2010","7","40.297478","-80.052008","","11","0","0","0","0","0","0","0","0","","0","0","0","","","0","","0","","40 17:50.920","","0","80 03:07.230","0","0","0","0","2407","0","0","0","N","0","0","0","1","02407","0","","1.0","","1","N","N","","0","","0","0","0","","0","","","4","0","0","0","0","0","0","2","0","4","","","","N","","","","","","","","","",""
"2010125887","","2","0","0","0","0","0","0","0","0","4","0","","02","12","2010","4","40.347501","-80.026953","","11","0","0","0","0","1","0","0","1","","0","0","0","","","1","","0","","40 20:51.003","","0","80 01:37.029","4","0","0","0","2407","0","0","0","N","0","0","0","2","02407","1","","1.0","","1","N","N","","0","","0","0","0","","0","","","2","1","0","0","0","0","0","2","0","2","","","","N","","","","","","","","","",""
"2010125888","","1","0","0","0","0","0","0","0","0","4","0","","02","12","2010","4","40.349131","-80.049933","","11","0","0","0","0","0","1","0","1","","0","0","0","","","0","","2","","40 20:56.871","","0","80 02:59.758","0","0","0","0","2407","0","0","0","N","0","0","0","3","02407","0","","1.0","","9","N","N","","0","","0","0","0","","2","","","2","0","0","0","0","0","0","2","1","2","","","","N","","","","","","","","","",""
"2010125889","","1","0","0","0","0","0","0","0","0","7","0","","02","12","2010","3","40.340283","-80.042337","","11","0","0","0","0","0","1","0","0","5","0","0","0","","","1","","0","","40 20:25.018","5","0","80 02:32.413","8","0","0","0","2407","0","0","0","N","0","0","0","1","02407","0","","4.0","","1","N","N","","0","","0","0","0","","0","Y","","1","1","0","0","0","1","0","2","0","1","","","","N","","","","","","","","","",""
"2010125911","","3","0","0","0","0","0","0","0","0","1","0","","02","12","2010","6","40.409162","-79.901074","","11","0","0","0","0","0","1","0","0","","0","0","0","","","0","","0","","40 24:32.982","","0","79 54:03.866","0","0","0","0","2448","0","0","0","N","0","0","0","3","02448","0","","1.0","","1","N","N","","0","","0","0","0","","0","","","3","0","0","0","0","0","0","2","0","3","","","","N","","","","","","","","","",""
"2010125922","","1","0","0","0","0","0","0","0","0","4","0","","02","12","2010","6","40.472176","-79.934586","","11","0","0","0","0","0","1","0","0","2","0","0","0","","","0","","2","","40 28:19.833","6","0","79 56:04.509","0","0","0","0","2301","0","0","0","N","0","0","0","2","02301","0","","1.0","","9","N","N","","1","","0","0","0","","3","N","","2","0","0","0","0","0","0","2","0","2","","","","N","","","","","","","","","",""
"2010125925","","2","0","0","0","0","0","0","0","0","1","0","","02","12","2010","6","40.472273","-80.037944","","11","0","0","0","0","0","1","0","0","","0","0","0","","","2","","3","","40 28:20.182","","0","80 02:16.599","4","0","0","0","2301","0","0","0","N","0","0","0","3","02301","2","","1.0","","1","N","N","","0","","0","0","0","","4","","","2","2","0","0","0","0","0","2","0","2","","","","N","","","","","","","","","",""
"2010125933","","2","0","0","0","0","0","0","0","0","5","0","","02","12","2010","6","40.452328","-79.93803","","11","0","0","0","0","0","0","0","0","","0","0","0","","","0","","0","","40 27:08.380","","0","79 56:16.908","0","0","0","0","2301","0","0","0","","0","0","0","2","02301","0","","1.0","","1","","","","0","","0","0","0","","0","","","2","0","0","0","0","0","0","2","0","2","","","","N","","","","","","","","","",""
"2010125936","","3","0","0","0","0","0","0","0","0","1","0","","02","12","2010","6","40.438202","-79.830514","","11","0","1","0","0","0","0","1","0","1","0","0","0","","","1","","1","","40 26:17.528","4","0","79 49:49.850","4","0","0","0","2419","0","0","0","N","0","0","0","6","02419","1","","1.0","","1","N","N","","0","","0","0","0","","2","N","","3","1","1","0","0","0","0","2","0","3","","","","N","","","","","","","","","",""
"2010125962","","1","0","0","0","0","0","0","0","0","4","0","","02","12","2010","6","40.417308","-79.848548","","11","0","0","0","0","0","0","0","0","","0","0","0","","","2","","2","","40 25:02.310","","0","79 50:54.771","4","0","0","0","2431","0","0","0","N","0","0","0","3","02431","1","","1.0","","9","N","N","","0","","0","0","1","","2","","","2","2","1","0","0","1","0","2","0","2","","","","N","","","","","","","","","",""