"CRN","ARRIVAL_TM","AUTOMOBILE_COUNT","BELTED_DEATH_COUNT","BELTED_SUSP_SERIOUS_INJ_COUNT","BICYCLE_COUNT","BICYCLE_DEATH_COUNT","BICYCLE_SUSP_SERIOUS_INJ_COUNT","BUS_COUNT","CHLDPAS_DEATH_COUNT","CHLDPAS_SUSP_SERIOUS_INJ_COUNT","COLLISION_TYPE","COMM_VEH_COUNT","CONS_ZONE_SPD_LIM","COUNTY","CRASH_MONTH","CRASH_YEAR","DAY_OF_WEEK","DEC_LATITUDE","DEC_LONGITUDE","DISPATCH_TM","DISTRICT","DRIVER_COUNT_16YR","DRIVER_COUNT_17YR","DRIVER_COUNT_18YR","DRIVER_COUNT_19YR","DRIVER_COUNT_20YR","DRIVER_COUNT_50_64YR","DRIVER_COUNT_65_74YR","DRIVER_COUNT_75PLUS","EST_HRS_CLOSED","FATAL_COUNT","HEAVY_TRUCK_COUNT","HORSE_BUGGY_COUNT","HOUR_OF_DAY","ILLUMINATION","INJURY_COUNT","INTERSECTION_RELATED","INTERSECT_TYPE","LANE_CLOSED","LATITUDE","LN_CLOSE_DIR","LOCATION_TYPE","LONGITUDE","MAX_SEVERITY_LEVEL","MCYCLE_DEATH_COUNT","MCYCLE_SUSP_SERIOUS_INJ_COUNT","MOTORCYCLE_COUNT","MUNICIPALITY","NONMOTR_COUNT","NONMOTR_DEATH_COUNT","NONMOTR_SUSP_SERIOUS_INJ_COUNT","NTFY_HIWY_MAINT","PED_COUNT","PED_DEATH_COUNT","PED_SUSP_SERIOUS_INJ_COUNT","PERSON_COUNT","POLICE_AGCY","POSSIBLE_INJ_COUNT","RDWY_SURF_TYPE_CD","RELATION_TO_ROAD","ROADWAY_CLEARED","ROAD_CONDITION","SCH_BUS_IND","SCH_ZONE_IND","SECONDARY_CRASH","SMALL_TRUCK_COUNT","SPEC_JURIS_CD","SUSP_MINOR_INJ_COUNT","SUSP_SERIOUS_INJ_COUNT","SUV_COUNT","TCD_FUNC_CD","TCD_TYPE","TFC_DETOUR_IND","TIME_OF_DAY","TOTAL_UNITS","TOT_INJ_COUNT","UNBELTED_OCC_COUNT","UNB_DEATH_COUNT","UNB_SUSP_SERIOUS_INJ_COUNT","UNK_INJ_DEG_COUNT","UNK_INJ_PER_COUNT","URBAN_RURAL","VAN_COUNT","VEHICLE_COUNT","WEATHER1","WEATHER2","WORKERS_PRES","WORK_ZONE_IND","WORK_ZONE_LOC","WORK_ZONE_TYPE","WZ_CLOSE_DETOUR","WZ_FLAGGER","WZ_LAW_OFFCR_IND","WZ_LN_CLOSURE","WZ_MOVING","WZ_OTHER","WZ_SHLDER_MDN","WZ_WORKERS_INJ_KILLED"
"2010127594","","2","0","0","0","0","0","0","0","0","1","0","","02","12","2010","3","40.646083","-79.709513","","11","0","0","0","1","0","0","0","0","","0","0","0","","","1","","0","","40 38:45.899","","7","79 42:34.246","4","0","0","0","2106","0","0","0","N","0","0","0","4","02106","1","","1.0","","1","N","N","","0","","0","0","1","","2","","","3","1","0","0","0","0","0","2","0","3","","","","N","","","","","","","","","",""
"2010127611","","0","0","0","0","0","0","0","0","0","7","0","","02","10","2010","7","40.494014","-80.011036","","11","0","0","0","0","0","0","0","0","2","0","0","0","","","1","","0","","40 29:38.449","1","3","80 00:39.729","2","0","0","0","2301","0","0","0","N","0","0","0","2","68B03","0","","2.0","","1","N","N","","0","","0","1","1","","0","N","","1","1","1","0","1","0","1","2","0","1","","","","N","","","","","","","","","",""
"2010127612","","0","0","0","0","0","0","0","0","0","1","0","","02","12","2010","3","40.482917","-80.262013","","11","0","0","0","0","0","0","0","0","1","0","0","0","","","0","","0","","40 28:58.500","4","0","80 15:43.245","0","0","0","0","2203","0","0","0","N","0","0","0","2","68B03","0","","1.0","","1","N","N","","2","","0","0","0","","0","N","","2","0","0","0","0","0","0","2","0","2","","","","N","","","","","","","","","",""
"2010127613","","2","0","0","0","0","0","0","0","0","4","0","","02","12","2010","4","40.41399","-80.063347","","11","0","0","0","0","1","0","0","0","","0","0","0","","","2","","0","","40 24:50.363","","0","80 03:48.049","4","0","0","0","2435","0","0","0","N","0","0","0","2","68B03","2","","1.0","","9","N","N","","0","","0","0","0","","0","","","2","2","0","0","0","0","0","2","0","2","","","","N","","","","","","","","","",""
"2010127614","","1","0","0","0","0","0","0","0","0","7","0","","02","12","2010","6","40.428506","-79.935843","","11","0","0","0","0","0","0","0","0","","0","0","0","","","0","","0","","40 25:42.623","","0","79 56:09.035","0","0","0","0","2301","0","0","0","N","0","0","0","1","68B03","0","","2.0","","1","N","N","","0","","0","0","0","","0","","","1","0","0","0","0","0","0","2","0","1","","","","N","","","","","","","","","",""
"2010127697","","0","0","0","0","0","0","0","0","0","7","0","","02","12","2010","3","40.420179","-79.850758","","11","0","0","0","0","0","0","0","1","","0","0","0","","","1","","0","","40 25:12.644","","0","79 51:02.728","4","0","0","0","2431","0","0","0","N","0","0","0","1","02431","1","","5.0","","1","N","N","","0","","0","0","1","","0","","","1","1","0","0","0","0","0","2","0","1","","","","N","","","","","","","","","",""
"2010127706","","1","0","0","0","0","0","0","0","0","4","0","","02","12","2010","3","40.540795","-79.807565","","11","0","0","0","0","0","0","0","0","2","0","0","0","","","0","","2","","40 32:26.862","2","0","79 48:27.233","0","0","0","0","2208","0","0","0","N","0","0","0","2","02208","0","","1.0","","1","N","N","","0","","0","0","1","","3","N","","2","0","0","0","0","0","0","2","0","2","","","","N","","","","","","","","","",""
"2010127711","","1","0","0","0","0","0","0","0","0","1","0","","02","12","2010","3","40.323694","-79.788545","","11","0","0","0","0","0","0","0","0","1","0","0","0","","","2","","0","","40 19:25.299","3","0","79 47:18.762","4","0","0","0","2477","0","0","0","N","0","0","0","3","02477","2","","1.0","","1","N","N","","1","","0","0","0","","0","Y","","2","2","0","0","0","0","0","2","0","2","","","","N","","","","","","","","","",""
"2010127713","","3","0","0","0","0","0","0","0","0","1","0","","02","12","2010","2","40.54423","-79.972349","","11","0","0","0","0","0","1","0","1","1","0","0","0","","","0","","0","","40 32:39.227","2","0","79 58:20.455","0","0","0","0","2118","0","0","0","N","0","0","0","3","02118","0","","1.0","","1","N","N","","0","","0","0","0","","0","N","","3","0","0","0","0","0","0","2","0","3","","","","N","","","","","","","","","",""
"2010127737","","2","0","0","0","0","0","0","0","0","6","0","","02","12","2010","4","40.493577","-80.051507","","11","0","0","0","0","0","0","1","0","","0","0","0","","","1","","1","","40 29:36.877","","0","80 03:05.425","3","0","0","0","2404","0","0","0","N","0","0","0","2","02404","0","","1.0","","1","N","N","","0","","1","0","0","","0","","","2","1","0","0","0","0","0","2","0","2","","","","N","","","","","","","","","",""
"2010127741","","1","0","0","0","0","0","0","0","0","4","0","","02","12","2010","4","40.321117","-79.942255","","11","0","0","0","0","0","0","1","0","1","0","0","0","","","1","","2","","40 19:16.022","2","0","79 56:32.119","8","0","0","0","2454","0","0","0","N","0","0","0","4","02454","0","","1.0","","1","","N","","1","","0","0","0","","2","N","","2","1","0","0","0","1","0","2","0","2","","","","N","","","","","","","","","",""
"2010127749","","0","0","0","0","0","0","0","0","0","1","0","","02","12","2010","4","40.4255","-79.926841","","11","0","0","0","0","0","0","0","0","","0","0","0","","","0","","0","","40 25:31.800","","0","79 55:36.627","0","0","0","0","2301","0","0","0","N","0","0","0","3","02301","0","","1.0","","1","N","N","","2","","0","0","0","","0","","","2","0","0","0","0","0","0","2","0","2","","","","N","","","","","","","","","",""
"2010127752","","1","0","0","0","0","0","0","0","0","0","0","","02","12","2010","4","40.459432","-79.944906","","11","0","0","0","0","0","0","0","0","","0","0","0","","","0","","10","","40 27:33.955","","0","79 56:41.661","0","0","0","0","2301","0","0","0","N","0","0","0","1","02301","0","","1.0","","1","N","N","","0","","0","0","0","","0","","","1","0","1","0","0","0","0","2","0","1","","","","N","","","","","","","","","",""
"2010127757","","1","0","0","0","0","0","0","0","0","7","0","","02","12","2010","3","40.560962","-79.820271","","11","0","0","0","0","0","0","0","0","2","0","0","0","","","1","","0","","40 33:39.464","4","0","79 49:12.974","3","0","0","0","2208","0","0","0","N","0","0","0","1","02208","0","","5.0","","1","N","N","","0","","1","0","0","","0","N","","1","1","1","0","0","0","0","2","0","1","","","","N","","","","","","","","","",""
"2010127760","","1","0","0","0","0","0","0","0","0","5","0","","02","12","2010","4","40.356331","-80.050443","","11","0","0","0","0","0","0","0","0","2","0","0","0","","","0","","0","","40 21:22.791","2","0","80 03:01.596","0","0","0","0","2109","0","0","0","N","0","0","0","3","02109","0","","1.0","","1","N","N","","0","","0","0","1","","0","N","","2","0","0","0","0","0","0","2","0","2","","","","N","","","","","","","","","",""
"2010127778","","1","0","0","0","0","0","0","0","0","7","0","","02","12","2010","1","40.286048","-79.814495","","11","0","0","0","0","0","0","0","0","2","0","0","0","","","0","","0","","40 17:09.771","5","0","79 48:52.182","0","0","0","0","2105","0","0","0","N","0","0","0","1","02105","0","","2.0","","1","N","N","","0","","0","0","0","","0","Y","","1","0","0","0","0","0","0","2","0","1","","","","N","","","","","","","","","",""
"2010127779","","1","0","0","0","0","0","0","0","0","4","0","","02","12","2010","4","40.378677","-79.992894","","11","0","0","0","0","1","1","0","0","1","0","0","0","","","2","","2","","40 22:43.238","3","0","79 59:34.420","3","0","0","0","2301","0","0","0","N","0","0","0","2","02301","0","","1.0","","1","N","N","","0","","2","0","1","","2","N","","2","2","0","0","0","0","0","2","0","2","","","","N","","","","","","","","","",""
"2010127780","","0","0","0","0","0","0","0","0","0","2","0","","02","12","2010","4","40.387429","-79.799293","","11","0","0","0","1","0","1","0","0","3","1","0","0","","","2","","0","","40 23:14.744","5","0","79 47:57.454","1","0","0","0","2424","0","0","0","N","0","0","0","3","02424","0","2","1.0","","9","N","N","","1","0","1","1","1","","0","Y","","2","2","0","0","0","0","0","2","0","2","","","","N","","","","","","","","","",""
"2010127788","","2","0","0","0","0","0","0","0","0","4","0","","02","12","2010","2","40.438871","-79.760628","","11","0","0","0","0","0","2","0","0","2","0","0","0","","","2","","1","","40 26:19.934","1","0","79 45:38.259","3","0","0","0","2446","0","0","0","N","0","0","0","5","02446","1","","1.0","","1","N","N","","0","","1","0","1","","2","N","","5","2","1","0","0","0","0","2","2","5","","","","N","","","","","","","","","",""
"2010127792","","1","0","0","0","0","0","0","0","0","7","0","","02","12","2010","4","40.360863","-79.845215","","11","0","0","0","0","0","0","1","0","1","0","0","0","","","0","","7","","40 21:39.108","4","8","79 50:42.774","0","0","0","0","2303","0","0","0","N","0","0","0","1","02303","0","","7.0","","1","N","N","","0","","0","0","0","","0","N","","1","0","0","0","0","0","0","2","0","1","","","","N","","","","","","","","","",""
"2010127793","","1","0","0","0","0","0","0","0","0","1","0","","02","12","2010","4","40.251593","-79.87813","","11","0","0","0","0","0","0","0","0","2","0","0","0","","","4","","0","","40 15:05.735","2","0","79 52:41.267","8","0","0","0","2204","0","0","0","N","0","0","0","5","02204","0","","1.0","","1","N","N","","1","","0","0","1","","0","N","","3","4","1","0","0","4","0","1","0","3","","","","N","","","","","","","","","",""
"2010127794","","1","0","0","0","0","0","0","0","0","1","0","","02","12","2010","3","","","","11","0","0","0","0","0","0","0","0","1","0","0","0","","","1","","2","","","3","0","","3","0","0","0","2102","0","0","0","N","0","0","0","4","02102","0","","1.0","","1","N","N","","0","","1","0","1","","0","N","","2","1","0","0","0","0","0","1","0","2","","","","N","","","","","","","","","",""
"2010127799","","1","0","0","0","0","0","0","0","0","8","0","","02","12","2010","4","40.421799","-79.995829","","11","0","0","0","0","0","0","0","0","","0","0","0","","","1","","1","","40 25:18.476","","0","79 59:44.984","8","0","0","0","2301","1","0","0","N","1","0","0","2","02301","0","","1.0","","1","N","N","","0","","0","0","0","","0","","","2","1","0","0","0","1","0","2","0","1","","","","N","","","","","","","","","",""
"2010127802","","1","0","0","0","0","0","0","0","0","8","0","","02","12","2010","4","40.351294","-79.866699","","11","0","0","0","0","0","0","0","1","1","0","0","0","","","2","","1","","40 21:04.657","6","0","79 52:00.117","4","0","0","0","2304","2","0","0","N","2","0","0","3","02304","1","","1.0","","1","N","N","","0","","0","0","0","","2","N","","3","2","0","0","0","1","0","2","0","1","","","","N","","","","","","","","","",""
"2010127803","","0","0","0","0","0","0","0","0","0","8","0","","02","12","2010","4","40.393199","-79.986548","","11","0","0","0","0","0","1","0","0","","0","0","0","","","1","","2","","40 23:35.516","","0","79 59:11.572","4","0","0","0","2301","1","0","0","N","1","0","0","2","02301","1","","1.0","","1","N","N","","0","","0","0","1","","0","","","2","1","0","0","0","0","0","2","0","1","","","","N","","","","","","","","","",""
"2010127807","","3","0","0","0","0","0","0","0","0","1","0","","02","12","2010","3","40.636355","-79.712242","","11","0","0","0","0","1","0","0","1","","0","0","0","","","2","","0","","40 38:10.878","","7","79 42:44.072","4","0","0","0","2106","0","0","0","N","0","0","0","4","02106","2","","1.0","","1","N","N","","0","","0","0","0","","0","","","3","2","0","0","0","0","0","2","0","3","","","","N","","","","","","","","","",""
"2010127808","","1","0","0","0","0","0","0","0","0","4","0","","02","12","2010","2","40.449951","-80.108926","","11","0","0","0","0","0","2","0","0","","0","0","0","","","0","","2","","40 26:59.823","","2","80 06:32.135","0","0","0","0","2115","0","0","0","N","0","0","0","3","02115","0","","1.0","","1","N","N","","0","","0","0","1","","2","","","2","0","0","0","0","0","0","2","0","2","","","","N","","","","","","","","","",""
"2010127810","","1","0","0","0","0","0","0","0","0","7","0","","02","12","2010","3","","","","11","0","0","0","0","0","0","0","0","2","0","0","0","","","0","","0","","","2","0","","0","0","0","0","2115","0","0","0","N","0","0","0","1","02115","0","","4.0","","2","N","N","","0","","0","0","0","","0","N","","1","0","0","0","0","0","0","1","0","1","","","","N","","","","","","","","","",""
"2010127811","","1","0","0","0","0","0","0","0","0","1","0","","02","12","2010","3","40.465968","-80.113203","","11","0","0","0","0","0","1","0","0","1","0","0","0","","","2","","2","","40 27:57.484","4","0","80 06:47.530","3","0","0","0","2115","0","0","0","N","0","0","0","2","02115","0","","1.0","","1","N","N","","0","","2","0","1","","0","N","","2","2","0","0","0","0","0","2","0","2","","","","N","","","","","","","","","",""
"2010127812","","2","0","0","0","0","0","0","0","0","4","0","","02","12","2010","3","40.448174","-80.104498","","11","0","0","0","0","1","0","0","0","1","0","0","0","","","2","","0","","40 26:53.428","6","0","80 06:16.194","3","0","0","0","2115","0","0","0","N","0","0","0","2","02115","1","","1.0","","1","N","N","","0","","1","0","0","","0","N","","2","2","0","0","0","0","0","2","0","2","","","","N","","","","","","","","","",""
"2010127813","","1","0","0","0","0","0","0","0","0","4","0","","02","12","2010","6","40.329607","-80.046653","","11","0","0","0","0","0","0","0","0","","0","0","0","","","0","","0","","40 19:46.585","","0","80 02:47.950","0","0","0","0","2407","0","0","0","N","0","0","0","1","02407","0","","2.0","","1","N","N","","0","","0","0","0","","0","","","2","0","1","0","0","0","0","2","1","2","","","","N","","","","","","","","","",""
"2010127814","","2","0","0","0","0","0","0","0","0","4","0","","02","12","2010","3","40.345134","-80.027362","","11","0","0","0","0","0","1","0","0","","0","0","0","","","0","","1","","40 20:42.483","","0","80 01:38.503","0","0","0","0","2407","0","0","0","N","0","0","0","2","02407","0","","1.0","","1","N","N","","0","","0","0","0","","2","","","2","0","0","0","0","0","0","2","0","2","","","","N","","","","","","","","","",""
"2010127841","","1","0","0","0","0","0","0","0","0","1","1","","02","11","2010","3","40.428961","-80.132121","","11","0","0","0","0","0","1","0","0","","0","1","0","","","0","","7","","40 25:44.259","","2","80 07:55.635","0","0","0","0","2102","0","0","0","N","0","0","0","2","68B03","0","","1.0","","9","N","N","","0","","0","0","0","","0","","","2","0","0","0","0","0","0","2","0","2","","","","N","","","","","","","","","",""
"2010127842","","1","0","0","0","0","0","0","0","0","7","1","","02","11","2010","3","40.442156","-79.837448","","11","0","0","0","0","0","1","0","0","2","0","1","0","","","0","","0","","40 26:31.763","3","0","79 50:14.814","0","0","0","0","2419","0","0","0","N","0","0","0","2","68B03","0","","3.0","","9","N","N","","0","","0","0","0","","0","N","","2","0","0","0","0","0","0","2","0","2","","","","N","","","","","","","","","",""
"2010127843","","1","0","0","0","0","0","0","0","0","7","0","","02","12","2010","2","40.487186","-80.267829","","11","0","0","0","0","0","0","0","0","","0","0","0","","","1","","0","","40 29:13.870","","2","80 16:04.185","4","0","0","0","2203","0","0","0","N","0","0","0","1","68B03","1","","2.0","","7","N","N","","0","","0","0","0","","0","","","1","1","0","0","0","0","0","1","0","1","","","","N","","","","","","","","","",""
"2010127844","","0","0","0","0","0","0","0","0","0","7","0","","02","12","2010","2","40.498781","-80.281991","","11","0","0","0","0","0","0","0","0","","0","0","0","","","0","","0","","40 29:55.610","","2","80 16:55.169","0","0","0","0","2203","0","0","0","N","0","0","0","1","68B03","0","","2.0","","7","N","N","","0","","0","0","1","","0","","","1","0","0","0","0","0","0","1","0","1","","","","N","","","","","","","","","",""
"2010127845","","1","0","0","0","0","0","0","0","0","1","0","","02","12","2010","5","40.423111","-80.103967","","11","0","0","0","0","0","0","0","0","","0","0","0","","","0","","0","","40 25:23.200","","0","80 06:14.281","0","0","0","0","2115","0","0","0","N","0","0","0","2","68B03","0","","1.0","","1","N","N","","0","","0","0","1","","0","","","2","0","0","0","0","0","0","2","0","2","","","","N","","","","","","","","","",""
"2010127846","","0","0","0","0","0","0","0","0","0","1","0","","02","12","2010","3","40.470896","-80.003667","","11","0","0","0","0","0","0","0","0","","0","0","0","","","0","","0","","40 28:15.226","","0","80 00:13.200","0","0","0","0","2301","0","0","0","N","0","0","0","2","68B03","0","","1.0","","1","N","N","","0","","0","0","2","","0","","","2","0","0","0","0","0","0","2","0","2","","","","N","","","","","","","","","",""
"2010127848","","1","0","0","0","0","0","0","0","0","4","0","","02","12","2010","3","40.448698","-80.006955","","11","0","0","0","0","0","0","0","0","","0","0","0","","","0","","0","","40 26:55.312","","8","80 00:25.038","0","0","0","0","2301","0","0","0","N","0","0","0","2","68B03","0","","1.0","","1","N","N","","0","","0","0","1","","4","","","2","0","0","0","0","0","0","2","0","2","","","","N","","","","","","","","","",""
"2010127935","","0","0","0","0","0","0","0","0","0","4","0","","02","12","2010","4","40.387641","-80.090992","","11","0","0","0","0","0","0","0","0","1","0","0","0","","","0","","1","","40 23:15.509","4","0","80 05:27.572","9","0","0","0","2437","0","0","0","N","0","0","0","2","02437","0","","1.0","","9","","N","","2","","0","0","0","","2","N","","2","0","0","0","0","0","1","2","0","2","","","","N","","","","","","","","","",""
"2010127936","","2","0","0","0","0","0","0","0","0","4","0","","02","12","2010","4","40.448625","-80.025648","","11","0","0","0","0","0","0","0","0","2","0","0","0","","","0","","1","","40 26:55.049","3","2","80 01:32.334","0","0","0","0","2301","0","0","0","N","0","0","0","3","02301","0","","1.0","","1","N","N","","0","","0","0","0","","2","N","","2","0","0","0","0","0","0","2","0","2","","","","N","","","","","","","","","",""
"2010127942","","1","0","0","0","0","0","0","0","0","7","0","","02","12","2010","3","40.461703","-80.200756","","11","0","0","0","0","0","1","0","0","","0","0","0","","","0","","0","","40 27:42.130","","0","80 12:02.720","0","0","0","0","2203","0","0","0","N","0","0","0","1","02203","0","","2.0","","2","N","N","","0","","0","0","0","","0","","","1","0","0","0","0","0","0","2","0","1","","","","N","","","","","","","","","",""
"2010127947","","2","0","0","0","0","0","0","0","0","4","0","","02","12","2010","4","40.358312","-80.003879","","11","0","0","0","0","0","1","0","0","1","0","0","0","","","0","","2","","40 21:29.923","1","0","80 00:13.964","0","0","0","0","2476","0","0","0","N","0","0","0","3","02476","0","","1.0","","1","N","N","","0","","0","0","0","","0","N","","2","0","0","0","0","0","0","2","0","2","","","","N","","","","","","","","","",""
"2010127953","","2","0","0","0","0","0","0","0","0","2","0","","02","11","2010","1","40.383466","-79.977233","","11","0","0","0","0","0","0","0","0","","0","0","0","","","1","","0","","40 23:00.478","","0","79 58:38.040","8","0","0","0","2413","0","0","0","N","0","0","0","4","02413","0","","1.0","","1","N","N","","0","","0","0","0","","0","","","2","1","3","0","0","1","0","2","0","2","","","","N","","","","","","","","","",""
"2010127961","","2","0","0","0","0","0","0","0","0","2","0","","02","12","2010","4","40.446721","-79.989434","","11","0","0","0","0","0","1","0","0","1","0","0","0","","","2","","0","","40 26:48.195","4","0","79 59:21.961","4","0","0","0","2301","0","0","0","N","0","0","0","6","02301","2","","1.0","","9","N","N","","1","","0","0","0","","0","Y","","3","2","0","0","0","0","0","2","0","3","","","","N","","","","","","","","","",""
"2010127967","","1","0","0","0","0","0","0","0","0","7","0","","02","12","2010","4","40.593721","-79.94047","","11","0","0","0","0","0","0","0","0","","0","0","0","","","0","","0","","40 35:37.396","","0","79 56:25.692","0","0","0","0","2207","0","0","0","N","0","0","0","1","02207","0","","5.0","","1","N","N","","0","","0","0","0","","0","","","1","0","0","0","0","0","0","2","0","1","","","","N","","","","","","","","","",""
"2010127968","","1","0","0","0","0","0","0","0","0","7","0","","02","12","2010","4","40.374842","-80.094736","","11","0","0","0","1","0","0","0","0","","0","0","0","","","0","","10","","40 22:29.431","","0","80 05:41.049","0","0","0","0","2117","0","0","0","N","0","0","0","2","02117","0","","5.0","","9","N","N","","0","","0","0","0","","0","","","1","0","0","0","0","0","0","2","0","1","","","","N","","","","","","","","","",""
"2010127971","","0","0","0","0","0","0","1","0","0","8","1","","02","12","2010","3","40.47188","-79.927226","","11","0","0","0","0","0","0","0","0","","0","0","0","","","1","","0","","40 28:18.767","","0","79 55:38.015","4","0","0","0","2301","1","0","0","N","1","0","0","2","02503","1","","1.0","","9","N","N","","0","","0","0","0","","0","","","2","1","0","0","0","0","0","2","0","1","","","","N","","","","","","","","","",""
"2010127989","","1","0","0","0","0","0","0","0","0","7","0","","02","12","2010","5","40.439741","-80.009081","","11","0","0","0","0","0","0","0","0","1","0","0","0","","","0","","0","","40 26:23.067","3","2","80 00:32.692","9","0","0","0","2301","0","0","0","N","0","0","0","2","02301","0","","2.0","","9","N","N","","0","","0","0","0","","0","N","","1","0","0","0","0","0","1","2","0","1","","","","N","","","","","","","","","",""
"2010127990","","1","0","0","0","0","0","0","0","0","7","0","","02","12","2010","4","40.303032","-79.974108","","11","0","0","0","0","0","0","0","0","2","0","0","0","","","1","","0","","40 18:10.914","1","0","79 58:26.790","8","0","0","0","2440","0","0","0","N","0","0","0","1","02440","0","","2.0","","2","N","N","","0","","0","0","0","","0","N","","1","1","0","0","0","1","0","2","0","1","","","","N","","","","","","","","","",""
"2010127995","","1","0","0","0","0","0","0","0","0","4","1","","02","12","2010","5","40.455782","-79.965864","","11","0","0","0","0","0","0","0","0","","0","0","0","","","0","","5","","40 27:20.815","","0","79 57:57.109","0","0","0","0","2301","0","0","0","N","0","0","0","3","02301","0","","1.0","","1","N","N","","0","","0","0","0","","2","","","2","0","0","0","0","0","0","2","0","2","","","","N","","","","","","","","","",""
"2010127999","","1","0","0","0","0","0","0","0","0","7","0","","02","12","2010","4","40.304352","-79.960083","","11","0","0","0","0","0","0","0","0","","0","0","0","","","0","","0","","40 18:15.666","","0","79 57:36.299","0","0","0","0","2440","0","0","0","N","0","0","0","1","02440","0","","5.0","","1","N","N","","0","","0","0","0","","0","","","1","0","0","0","0","0","0","2","0","1","","","","N","","","","","","","","","",""
"2010128000","","1","0","0","0","0","0","0","0","0","7","0","","02","12","2010","4","40.61031","-79.876946","","11","0","0","0","0","0","0","0","0","","0","0","0","","","0","","0","","40 36:37.116","","0","79 52:37.005","0","0","0","0","2220","0","0","0","N","0","0","0","1","02220","0","","5.0","","9","N","N","","0","","0","0","0","","0","","","1","0","0","0","0","0","0","2","0","1","","","","N","","","","","","","","","",""
"2010128001","","0","0","0","0","0","0","0","0","0","7","0","","02","12","2010","5","40.276179","-79.799223","","11","0","0","0","0","0","0","0","0","2","0","0","0","","","0","","0","","40 16:34.245","5","0","79 47:57.203","0","0","0","0","2105","0","0","0","N","0","0","0","1","02105","0","","5.0","","9","N","N","","0","","0","0","1","","0","N","","1","0","0","0","0","0","0","1","0","1","","","","N","","","","","","","","","",""
"2010128024","","2","0","0","0","0","0","0","0","0","4","0","","02","11","2010","2","40.437755","-80.003954","","11","0","0","0","1","0","0","0","0","1","0","0","0","","","1","","0","","40 26:15.917","4","0","80 00:14.235","8","0","0","0","2301","0","0","0","N","0","0","0","2","68B03","0","","1.0","","1","N","N","","0","","0","0","0","","0","N","","2","1","0","0","0","1","0","2","0","2","","","","N","","","","","","","","","",""
"2010128026","","2","0","0","0","0","0","0","0","0","1","1","","02","12","2010","2","40.602995","-80.094069","","11","0","0","0","0","0","2","1","0","2","0","1","0","","","4","","0","","40 36:10.782","2","0","80 05:38.649","3","0","0","0","2481","0","0","0","N","0","0","0","7","68B03","2","","1.0","","1","N","N","","0","","2","0","2","","0","N","","5","4","0","0","0","0","0","2","0","5","","","","N","","","","","","","","","",""
"2010128027","","1","0","0","0","0","0","0","0","0","1","0","55","02","12","2010","6","40.446843","-80.1685","","11","0","1","0","0","0","1","0","0","","0","0","0","","","1","","0","","40 26:48.634","","0","80 10:06.601","4","0","0","0","2115","0","0","0","N","0","0","0","2","68B03","1","","1.0","","1","N","N","","0","","0","0","0","","0","","","2","1","0","0","0","0","0","2","1","2","","","Y","Y","2","2","Y","N","Y","Y","N","N","Y",""
"2010128139","","1","0","0","0","0","0","0","0","0","7","0","55","02","12","2010","3","40.639967","-79.996068","","11","0","0","0","0","0","0","0","0","1","0","0","0","","","0","","0","","40 38:23.882","4","0","79 59:45.846","0","0","0","0","2216","0","0","0","N","0","0","0","2","68T02","0","","2.0","","1","N","N","","0","","0","0","0","","8","N","","1","0","0","0","0","0","0","1","0","1","","","N","Y","4","1","N","N","N","N","N","Y","N",""
"2010128144","","0","0","0","0","0","0","0","0","0","7","0","","02","12","2010","4","40.352507","-79.90576","","11","0","0","0","0","0","0","0","0","4","0","0","0","","","0","","0","","40 21:09.025","6","0","79 54:20.736","0","0","0","0","2473","0","0","0","N","0","0","0","1","02473","0","","5.0","","1","N","N","","1","","0","0","0","","0","Y","","1","0","0","0","0","0","0","2","0","1","","","","N","","","","","","","","","",""
"2010128170","","1","0","0","0","0","0","0","0","0","4","0","","02","12","2010","5","40.473234","-79.84821","","11","0","0","0","0","0","0","1","1","1","0","0","0","","","0","","2","","40 28:23.641","1","0","79 50:53.556","0","0","0","0","2113","0","0","0","N","0","0","0","2","02113","0","","1.0","","9","N","N","","0","","0","0","0","","0","N","","2","0","0","0","0","0","0","2","1","2","","","","N","","","","","","","","","",""
"2010128177","","2","0","0","0","0","0","0","0","0","4","0","","02","12","2010","5","40.487938","-79.924015","","11","0","0","0","0","1","0","0","0","","0","0","0","","","0","","0","","40 29:16.576","","0","79 55:26.454","0","0","0","0","2301","0","0","0","N","0","0","0","1","02301","0","","1.0","","2","N","N","","0","","0","0","0","","0","","","2","0","0","0","0","0","0","2","0","2","","","","N","","","","","","","","","",""
"2010128191","","0","0","0","0","0","0","0","0","0","4","1","","02","12","2010","3","40.34538","-80.154727","","11","0","1","0","0","0","1","0","0","2","0","1","0","","","1","","1","","40 20:43.367","3","0","80 09:17.016","4","0","0","0","2119","0","0","0","N","0","0","0","2","02119","1","","1.0","","9","N","N","","0","","0","0","1","","3","N","","2","1","0","0","0","0","0","2","0","2","","","","N","","","","","","","","","",""
"2010128194","","1","0","0","0","0","0","0","0","0","7","0","","02","12","2010","1","40.39198","-79.869665","","11","0","0","0","0","0","0","0","0","3","0","0","0","","","0","","0","","40 23:31.127","2","0","79 52:10.794","0","0","0","0","2473","0","0","0","N","0","0","0","2","02473","0","","3.0","","1","N","N","","0","","0","0","0","","0","N","","1","0","0","0","0","0","0","2","0","1","","","","N","","","","","","","","","",""