"CRN","ARRIVAL_TM","AUTOMOBILE_COUNT","BELTED_DEATH_COUNT","BELTED_SUSP_SERIOUS_INJ_COUNT","BICYCLE_COUNT","BICYCLE_DEATH_COUNT","BICYCLE_SUSP_SERIOUS_INJ_COUNT","BUS_COUNT","CHLDPAS_DEATH_COUNT","CHLDPAS_SUSP_SERIOUS_INJ_COUNT","COLLISION_TYPE","COMM_VEH_COUNT","CONS_ZONE_SPD_LIM","COUNTY","CRASH_MONTH","CRASH_YEAR","DAY_OF_WEEK","DEC_LATITUDE","DEC_LONGITUDE","DISPATCH_TM","DISTRICT","DRIVER_COUNT_16YR","DRIVER_COUNT_17YR","DRIVER_COUNT_18YR","DRIVER_COUNT_19YR","DRIVER_COUNT_20YR","DRIVER_COUNT_50_64YR","DRIVER_COUNT_65_74YR","DRIVER_COUNT_75PLUS","EST_HRS_CLOSED","FATAL_COUNT","HEAVY_TRUCK_COUNT","HORSE_BUGGY_COUNT","HOUR_OF_DAY","ILLUMINATION","INJURY_COUNT","INTERSECTION_RELATED","INTERSECT_TYPE","LANE_CLOSED","LATITUDE","LN_CLOSE_DIR","LOCATION_TYPE","LONGITUDE","MAX_SEVERITY_LEVEL","MCYCLE_DEATH_COUNT","MCYCLE_SUSP_SERIOUS_INJ_COUNT","MOTORCYCLE_COUNT","MUNICIPALITY","NONMOTR_COUNT","NONMOTR_DEATH_COUNT","NONMOTR_SUSP_SERIOUS_INJ_COUNT","NTFY_HIWY_MAINT","PED_COUNT","PED_DEATH_COUNT","PED_SUSP_SERIOUS_INJ_COUNT","PERSON_COUNT","POLICE_AGCY","POSSIBLE_INJ_COUNT","RDWY_SURF_TYPE_CD","RELATION_TO_ROAD","ROADWAY_CLEARED","ROAD_CONDITION","SCH_BUS_IND","SCH_ZONE_IND","SECONDARY_CRASH","SMALL_TRUCK_COUNT","SPEC_JURIS_CD","SUSP_MINOR_INJ_COUNT","SUSP_SERIOUS_INJ_COUNT","SUV_COUNT","TCD_FUNC_CD","TCD_TYPE","TFC_DETOUR_IND","TIME_OF_DAY","TOTAL_UNITS","TOT_INJ_COUNT","UNBELTED_OCC_COUNT","UNB_DEATH_COUNT","UNB_SUSP_SERIOUS_INJ_COUNT","UNK_INJ_DEG_COUNT","UNK_INJ_PER_COUNT","URBAN_RURAL","VAN_COUNT","VEHICLE_COUNT","WEATHER1","WEATHER2","WORKERS_PRES","WORK_ZONE_IND","WORK_ZONE_LOC","WORK_ZONE_TYPE","WZ_CLOSE_DETOUR","WZ_FLAGGER","WZ_LAW_OFFCR_IND","WZ_LN_CLOSURE","WZ_MOVING","WZ_OTHER","WZ_SHLDER_MDN","WZ_WORKERS_INJ_KILLED"
"2010128196","","0","0","0","0","0","0","0","0","0","7","0","","02","12","2010","5","40.464509","-79.854548","","11","0","0","0","0","0","0","0","0","1","0","0","0","","","0","","0","","40 27:52.232","3","0","79 51:16.372","0","0","0","0","2113","0","0","0","N","0","0","0","6","02113","0","","5.0","","9","N","N","","0","","0","0","0","","0","N","","1","0","0","0","0","0","0","2","1","1","","","","N","","","","","","","","","",""
"2010128198","","0","0","0","0","0","0","0","0","0","7","0","","02","12","2010","4","40.407618","-80.015144","","11","0","0","0","0","0","0","0","0","2","0","0","0","","","0","","0","","40 24:27.424","5","0","80 00:54.518","0","0","0","0","2301","0","0","0","N","0","0","0","1","02301","0","","5.0","","1","N","N","","0","","0","0","1","","0","Y","","1","0","1","0","0","0","0","2","0","1","","","","N","","","","","","","","","",""
"2010128207","","1","0","0","0","0","0","0","0","0","4","0","","02","12","2010","2","40.346061","-79.925821","","11","0","0","0","0","0","0","0","0","1","0","0","0","","","0","","2","","40 20:45.818","1","0","79 55:32.954","0","0","0","0","2473","0","0","0","N","0","0","0","4","02473","0","","1.0","","1","N","N","","0","","0","0","0","","0","N","","2","0","2","0","0","0","0","2","1","2","","","","N","","","","","","","","","",""
"2010128216","","0","0","0","0","0","0","0","0","0","7","0","","02","12","2010","5","40.357611","-80.000295","","11","0","0","0","0","0","1","0","0","1","0","0","0","","","0","","0","","40 21:27.401","6","0","80 00:01.062","0","0","0","0","2476","0","0","0","N","0","0","0","1","02476","0","","5.0","","9","N","N","","0","","0","0","0","","0","Y","","1","0","0","0","0","0","0","2","1","1","","","","N","","","","","","","","","",""
"2010128227","","1","0","0","0","0","0","0","0","0","1","0","","02","12","2010","2","40.571154","-80.216063","","11","0","0","0","0","0","0","0","0","6","0","0","0","","","1","","0","","40 34:16.154","5","0","80 12:57.826","4","0","0","0","2441","0","0","0","N","0","0","0","1","02441","1","","6.0","","7","N","N","","0","","0","0","2","","0","Y","","3","1","0","0","0","0","0","2","0","3","","","","N","","","","","","","","","",""
"2010128230","","2","0","0","0","0","0","0","0","0","4","0","","02","12","2010","2","40.431275","-79.79173","","11","0","0","0","0","0","1","0","0","","0","0","0","","","0","","0","","40 25:52.590","","0","79 47:30.228","0","0","0","0","2446","0","0","0","N","0","0","0","3","02446","0","","1.0","","1","N","N","","0","","0","0","0","","0","","","2","0","0","0","0","0","0","2","0","2","","","","N","","","","","","","","","",""
"2010128233","","1","0","0","0","0","0","0","0","0","7","0","","02","12","2010","2","40.414244","-79.803067","","11","0","0","0","1","0","0","0","0","","0","0","0","","","0","","0","","40 24:51.278","","0","79 48:11.041","0","0","0","0","2446","0","0","0","N","0","0","0","1","02446","0","","5.0","","1","N","N","","0","","0","0","0","","0","","","1","0","0","0","0","0","0","2","0","1","","","","N","","","","","","","","","",""
"2010128241","","3","0","0","0","0","0","0","0","0","1","0","","02","12","2010","4","40.34497","-79.924171","","11","0","0","0","0","1","0","0","0","","0","0","0","","","0","","2","","40 20:41.893","","0","79 55:27.016","0","0","0","0","2473","0","0","0","N","0","0","0","6","02473","0","","1.0","","1","N","N","","0","","0","0","0","","0","","","3","0","0","0","0","0","0","2","0","3","","","","N","","","","","","","","","",""
"2010128242","","0","0","0","0","0","0","0","0","0","1","0","","02","12","2010","4","40.366314","-80.106684","","11","0","0","0","0","0","0","0","0","1","0","0","0","","","0","","0","","40 21:58.730","4","0","80 06:24.063","0","0","0","0","2102","0","0","0","","0","0","0","2","02102","0","","2.0","","1","","","","1","","0","0","1","","2","N","","2","0","0","0","0","0","0","2","0","2","","","","N","","","","","","","","","",""
"2010128243","","1","0","0","0","0","0","0","0","0","7","0","","02","12","2010","5","40.429267","-79.999168","","11","0","0","0","0","0","0","0","0","1","0","0","0","","","0","","2","","40 25:45.362","1","4","79 59:57.003","0","0","0","0","2301","0","0","0","N","0","0","0","1","02301","0","","2.0","","9","N","N","","0","","0","0","0","","0","N","","1","0","0","0","0","0","0","2","0","1","","","","N","","","","","","","","","",""
"2010128252","","1","0","0","0","0","0","0","0","0","7","0","","02","12","2010","5","40.460719","-79.988399","","11","0","0","0","0","0","0","0","0","2","0","0","0","","","3","","0","","40 27:38.588","3","0","79 59:18.236","8","0","0","0","2301","0","0","0","N","0","0","0","3","02301","0","","5.0","","2","N","N","","0","","0","0","0","","0","N","","1","3","0","0","0","3","0","2","0","1","","","","N","","","","","","","","","",""
"2010128259","","1","0","0","0","0","0","0","0","0","1","0","","02","12","2010","5","40.382205","-79.995981","","11","0","0","0","0","0","0","0","1","","0","0","0","","","2","","10","","40 22:55.939","","0","79 59:45.533","4","0","0","0","2301","0","0","0","N","0","0","0","3","02301","2","","1.0","","9","N","N","","0","","0","0","1","","2","","","2","2","0","0","0","0","1","2","0","2","","","","N","","","","","","","","","",""
"2010128260","","2","0","0","0","0","0","0","0","0","4","0","","02","12","2010","4","40.67644","-80.117577","","11","0","0","0","1","0","1","0","0","3","0","0","0","","","3","","0","","40 40:35.184","7","0","80 07:03.277","3","0","0","0","2212","0","0","0","N","0","0","0","3","02505","0","","1.0","","9","N","N","","0","","3","0","0","","0","Y","","2","3","0","0","0","0","0","2","0","2","","","","N","","","","","","","","","",""
"2010128261","","2","0","0","0","0","0","0","0","0","2","0","","02","12","2010","5","40.392951","-79.997312","","11","0","0","0","0","0","0","0","0","","0","0","0","","","0","","2","","40 23:34.624","","0","79 59:50.324","0","0","0","0","2301","0","0","0","N","0","0","0","2","02301","0","","1.0","","9","N","N","","0","","0","0","0","","2","","","2","0","0","0","0","0","0","2","0","2","","","","N","","","","","","","","","",""
"2010128276","","2","0","0","0","0","0","0","0","0","6","0","","02","12","2010","5","40.340047","-80.078051","","11","0","0","0","0","0","2","0","0","1","0","0","0","","","0","","0","","40 20:24.169","6","0","80 04:40.982","0","0","0","0","2123","0","0","0","N","0","0","0","2","02123","0","","1.0","","9","N","N","","0","","0","0","0","","0","N","","2","0","0","0","0","0","0","2","0","2","","","","N","","","","","","","","","",""
"2010128358","","1","0","0","0","0","0","0","0","0","4","1","","02","12","2010","5","40.439032","-79.998133","","11","0","0","0","1","0","0","0","0","","0","0","0","","","1","","1","","40 26:20.515","","0","79 59:53.278","4","0","0","0","2301","0","0","0","N","0","0","0","3","02301","1","","1.0","","9","N","N","","0","","0","0","1","","2","","","2","1","0","0","0","0","0","2","0","2","","","","N","","","","","","","","","",""
"2010128360","","2","0","0","0","0","0","0","0","0","4","0","","02","12","2010","5","40.450559","-79.93008","","11","0","0","0","0","0","1","0","1","1","0","0","0","","","0","","1","","40 27:02.012","1","0","79 55:48.288","0","0","0","0","2301","0","0","0","N","0","0","0","2","02301","0","","1.0","","1","N","N","","0","","0","0","0","","0","N","","2","0","0","0","0","0","0","2","0","2","","","","N","","","","","","","","","",""
"2010128363","","0","0","0","0","0","0","0","0","0","8","0","","02","12","2010","5","40.348037","-79.814678","","11","0","0","0","0","0","0","0","0","","0","0","0","","","1","","1","","40 20:52.933","","0","79 48:52.840","8","0","0","0","2477","1","0","0","N","1","0","0","2","02477","0","","1.0","","9","N","N","","0","","0","0","0","","3","","","2","1","0","0","0","1","1","2","0","1","","","","N","","","","","","","","","",""
"2010128365","","1","0","0","0","0","0","1","0","0","5","1","","02","12","2010","5","40.466004","-79.953083","","11","0","0","0","0","0","0","0","0","","0","0","0","","","0","","0","","40 27:57.616","","0","79 57:11.100","0","0","0","0","2301","0","0","0","N","0","0","0","1","02503","0","","2.0","","1","N","N","","0","","0","0","0","","0","","","2","0","0","0","0","0","0","2","0","2","","","","N","","","","","","","","","",""
"2010128370","","0","0","0","0","0","0","0","0","0","4","0","","02","12","2010","5","40.463523","-79.855786","","11","0","0","0","0","0","1","0","1","","0","0","0","","","1","","0","","40 27:48.683","","0","79 51:20.829","4","0","0","0","2113","0","0","0","N","0","0","0","2","02113","1","","1.0","","1","N","N","","1","","0","0","0","","0","","","2","1","0","0","0","0","0","2","1","2","","","","N","","","","","","","","","",""
"2010128373","","0","0","0","0","0","0","0","0","0","1","0","","02","12","2010","5","40.431007","-80.028173","","11","0","0","0","0","0","1","0","0","","0","0","0","","","1","","6","","40 25:51.624","","2","80 01:41.422","8","0","0","0","2301","0","0","0","N","0","0","0","2","02301","0","","1.0","","1","N","N","","0","","0","0","2","","4","","","2","1","0","0","0","1","0","2","0","2","","","","N","","","","","","","","","",""
"2010128385","","2","0","0","0","0","0","0","0","0","1","0","","02","12","2010","6","40.401731","-79.880945","","11","0","0","0","0","0","0","0","0","","0","0","0","","","0","","0","","40 24:06.232","","0","79 52:51.403","0","0","0","0","2475","0","0","0","N","0","0","0","3","02475","0","","6.0","","1","N","N","","0","","0","0","0","","0","","","2","0","1","0","0","0","0","2","0","2","","","","N","","","","","","","","","",""
"2010128388","","1","0","0","0","0","0","0","0","0","1","0","","02","12","2010","4","40.352104","-80.050627","","11","0","0","0","0","0","1","0","0","","0","0","0","","","2","","1","","40 21:07.575","","0","80 03:02.256","4","0","0","0","2109","0","0","0","N","0","0","0","3","02109","2","","1.0","","1","N","N","","0","","0","0","1","","2","","","2","2","0","0","0","0","0","2","0","2","","","","N","","","","","","","","","",""
"2010128401","","2","0","0","0","0","0","0","0","0","4","0","","02","12","2010","5","40.433037","-80.029231","","11","0","0","0","0","0","0","0","0","","0","0","0","","","0","","1","","40 25:58.933","","0","80 01:45.231","0","0","0","0","2301","0","0","0","N","0","0","0","3","02301","0","","1.0","","9","N","N","","0","","0","0","0","","3","","","2","0","0","0","0","0","0","2","0","2","","","","N","","","","","","","","","",""
"2010128404","","1","0","0","0","0","0","0","0","0","6","0","","02","12","2010","6","40.43376","-79.930451","","11","0","0","0","0","0","0","0","0","","0","0","0","","","0","","0","","40 26:01.536","","0","79 55:49.623","0","0","0","0","2301","0","0","0","N","0","0","0","1","02301","0","","6.0","","9","N","N","","0","","0","0","0","","0","","","2","0","0","0","0","0","0","2","1","2","","","","N","","","","","","","","","",""
"2010128407","","2","0","0","0","0","0","0","0","0","5","0","","02","12","2010","5","40.382781","-79.976854","","11","0","0","0","0","0","1","0","0","2","0","0","0","","","1","","2","","40 22:58.011","6","0","79 58:36.674","4","0","0","0","2301","0","0","0","N","0","0","0","1","02301","1","","4.0","","9","N","N","","0","","0","0","1","","3","Y","","3","1","0","0","0","0","0","2","0","3","","","","N","","","","","","","","","",""
"2010128411","","1","0","0","0","0","0","0","0","0","4","0","","02","12","2010","5","40.474604","-80.005178","","11","0","0","0","0","0","0","0","0","2","0","0","0","","","0","","1","","40 28:28.574","1","2","80 00:18.642","0","0","0","0","2301","0","0","0","N","0","0","0","3","02301","0","","1.0","","9","N","N","","1","","0","0","0","","2","N","","2","0","0","0","0","0","0","2","0","2","","","","N","","","","","","","","","",""
"2010128414","","1","0","0","0","0","0","0","0","0","1","0","","02","12","2010","4","40.528303","-79.964785","","11","0","0","0","0","0","0","0","0","","0","0","0","","","0","","0","","40 31:41.891","","0","79 57:53.227","0","0","0","0","2118","0","0","0","N","0","0","0","4","02118","0","","1.0","","1","N","N","","0","","0","0","2","","0","","","3","0","0","0","0","0","0","2","0","3","","","","N","","","","","","","","","",""
"2010128415","","1","0","0","0","0","0","0","0","0","7","0","","02","12","2010","6","40.432149","-79.935014","","11","0","0","0","0","0","0","0","0","","0","0","0","","","2","","3","","40 25:55.736","","0","79 56:06.050","8","0","0","0","2301","0","0","0","N","0","0","0","2","02301","0","","2.0","","1","N","N","","0","","0","0","0","","3","","","1","2","0","0","0","2","0","2","0","1","","","","N","","","","","","","","","",""
"2010128418","","0","0","0","0","0","0","0","0","0","7","0","","02","12","2010","6","40.300829","-79.924387","","11","0","0","0","0","0","0","0","0","","0","0","0","","","0","","0","","40 18:02.984","","0","79 55:27.794","0","0","0","0","2440","0","0","0","N","0","0","0","1","02440","0","","2.0","","6","N","N","","1","","0","0","0","","0","","","1","0","0","0","0","0","0","2","0","1","","","","N","","","","","","","","","",""
"2010128431","","1","0","0","0","0","0","0","0","0","7","0","","02","12","2010","3","40.654696","-80.093186","","11","0","0","0","0","0","0","0","0","","0","0","0","","","0","","0","","40 39:16.906","","0","80 05:35.468","0","0","0","0","2212","0","0","0","N","0","0","0","1","68B03","0","","2.0","","6","N","N","","0","","0","0","0","","0","","","1","0","0","0","0","0","0","2","0","1","","","","N","","","","","","","","","",""
"2010128432","","2","0","0","0","0","0","0","0","0","1","0","","02","12","2010","3","40.469038","-80.002288","","11","0","0","0","0","0","0","0","0","1","0","0","0","","","0","","0","","40 28:08.536","1","0","80 00:08.238","0","0","0","0","2301","0","0","0","N","0","0","0","2","68B03","0","","1.0","","1","N","N","","0","","0","0","0","","0","Y","","2","0","0","0","0","0","0","2","0","2","","","","N","","","","","","","","","",""
"2010128433","","0","0","0","0","0","0","0","0","0","7","0","45","02","12","2010","3","40.438374","-79.755258","","11","0","0","0","0","0","0","0","0","","0","0","0","","","0","","0","","40 26:18.147","","0","79 45:18.929","0","0","0","0","2446","0","0","0","Y","0","0","0","1","68B03","0","","2.0","","2","N","N","","1","","0","0","0","","8","","","1","0","0","0","0","0","0","2","0","1","","","N","Y","5","1","N","N","N","N","N","N","Y",""
"2010128434","","1","0","0","0","0","0","0","0","0","7","0","","02","12","2010","3","40.439342","-79.760619","","11","0","0","0","0","0","0","0","0","","0","0","0","","","0","","7","","40 26:21.630","","2","79 45:38.229","0","0","0","0","2446","0","0","0","Y","0","0","0","1","68B03","0","","2.0","","2","N","N","","0","","0","0","0","","0","","","1","0","0","0","0","0","0","2","0","1","","","","N","","","","","","","","","",""
"2010128435","","1","0","0","0","0","0","0","0","0","1","0","","02","12","2010","3","40.439342","-79.760619","","11","0","0","0","0","0","0","0","0","","0","0","0","","","0","","7","","40 26:21.630","","2","79 45:38.229","0","0","0","0","2446","0","0","0","Y","0","0","0","2","68B03","0","","1.0","","2","N","N","","0","","0","0","0","","0","","","2","0","0","0","0","0","0","2","1","2","","","","N","","","","","","","","","",""
"2010128436","","0","0","0","0","0","0","0","0","0","7","0","","02","12","2010","5","40.617048","-80.095868","","11","0","0","0","0","0","0","0","0","","0","0","0","","","0","","0","","40 37:01.373","","0","80 05:45.125","0","0","0","0","2212","0","0","0","N","0","0","0","1","68B03","0","","5.0","","9","N","N","","1","","0","0","0","","0","","","1","0","0","0","0","0","0","2","0","1","","","","N","","","","","","","","","",""
"2010128439","","0","0","0","0","0","0","0","0","0","99","0","","02","12","2010","3","40.5621","-79.799928","","11","0","0","0","0","0","0","0","0","","0","0","0","","","0","","0","","40 33:43.561","","0","79 47:59.742","0","0","0","0","2206","0","0","0","N","0","0","0","1","68D02","0","","1.0","","1","N","N","","0","","0","0","0","","0","","","1","0","0","0","0","0","0","2","1","1","","","","N","","","","","","","","","",""
"2010128440","","1","0","0","0","0","0","0","0","0","1","0","","02","12","2010","3","40.493948","-79.909206","","11","0","0","0","1","0","0","1","0","","0","0","0","","","0","","0","","40 29:38.213","","3","79 54:33.143","0","0","0","0","2401","0","0","0","N","0","0","0","3","68D02","0","","1.0","","1","N","N","","0","","0","0","1","","0","","","2","0","0","0","0","0","0","2","0","2","","","","N","","","","","","","","","",""
"2010128441","","1","0","0","0","0","0","0","0","0","7","0","","02","12","2010","5","40.496783","-79.916527","","11","0","0","0","0","0","0","0","0","","0","0","0","","","0","","0","","40 29:48.420","","0","79 54:59.498","0","0","0","0","2112","0","0","0","Y","0","0","0","1","68D02","0","","4.0","","9","N","N","","0","","0","0","0","","0","","","1","0","0","0","0","0","0","2","0","1","","","","N","","","","","","","","","",""
"2010128590","","2","0","0","0","0","0","0","0","0","2","0","","02","12","2010","1","40.402688","-79.917122","","11","0","0","0","0","0","0","0","0","","0","0","0","","","1","","3","","40 24:09.678","","0","79 55:01.638","4","0","0","0","2472","0","0","0","N","0","0","0","2","02472","1","","1.0","","9","N","N","","0","","0","0","0","","0","","","2","1","2","0","0","0","0","2","0","2","","","","N","","","","","","","","","",""
"2010128591","","0","0","0","0","0","0","0","0","0","1","0","","02","12","2010","4","40.348435","-79.94462","","11","0","0","0","0","0","1","0","0","1","0","0","0","","","1","","0","","40 20:54.367","1","1","79 56:40.632","8","0","0","0","2473","0","0","0","N","0","0","0","4","02473","0","","1.0","","9","N","N","","0","","0","0","1","","0","N","","3","1","0","0","0","1","1","2","2","3","","","","N","","","","","","","","","",""
"2010128597","","0","0","0","0","0","0","0","0","0","6","0","","02","12","2010","1","40.495814","-80.000939","","11","0","0","0","0","0","0","0","0","","0","0","0","","","0","","0","","40 29:44.929","","0","80 00:03.379","0","0","0","0","2116","0","0","0","N","0","0","0","2","02116","0","","1.0","","98","N","N","","0","","0","0","1","","0","","","2","0","1","0","0","0","0","2","1","2","","","","N","","","","","","","","","",""
"2010128624","","1","0","0","0","0","0","0","0","0","2","0","","02","12","2010","5","40.487778","-80.011708","","11","0","0","0","0","0","2","0","0","2","0","0","0","","","4","","2","","40 29:16.000","4","0","80 00:42.148","8","0","0","0","2301","0","0","0","N","0","0","0","5","02301","0","","1.0","","2","N","N","","0","","0","0","1","","0","N","","2","4","0","0","0","4","0","2","0","2","","","","N","","","","","","","","","",""
"2010128626","","1","0","0","0","0","0","0","0","0","7","0","","02","12","2010","6","40.374842","-80.094736","","11","0","0","0","0","0","1","0","0","1","0","0","0","","","2","","2","","40 22:29.431","2","0","80 05:41.049","8","0","0","0","2117","0","0","0","N","0","0","0","2","02117","0","","5.0","","9","N","N","","0","","0","0","0","","0","N","","1","2","0","0","0","2","0","2","0","1","","","","N","","","","","","","","","",""
"2010128631","","2","0","0","0","0","0","0","0","0","4","0","","02","12","2010","6","40.439163","-79.829722","","11","0","0","0","0","0","0","0","1","","0","0","0","","","0","","2","","40 26:20.988","","0","79 49:46.999","0","0","0","0","2419","0","0","0","N","0","0","0","2","02419","0","","1.0","","9","N","N","","0","","0","0","0","","3","","","2","0","0","0","0","0","0","2","0","2","","","","N","","","","","","","","","",""
"2010128633","","2","0","0","0","0","0","0","0","0","4","0","","02","12","2010","5","40.55005","-80.017386","","11","0","0","1","0","0","1","0","0","","0","0","0","","","0","","2","","40 33:00.180","","0","80 01:02.590","0","0","0","0","2116","0","0","0","N","0","0","0","2","02116","0","","1.0","","1","N","N","","0","","0","0","0","","3","","","2","0","0","0","0","0","0","2","0","2","","","","N","","","","","","","","","",""
"2010128636","","1","0","0","0","0","0","0","0","0","4","0","","02","12","2010","6","40.361297","-79.982515","","11","0","0","0","0","0","1","0","0","","0","0","0","","","0","","2","","40 21:40.669","","0","79 58:57.053","0","0","0","0","2413","0","0","0","N","0","0","0","2","02413","0","","1.0","","9","N","N","","1","","0","0","0","","0","","","2","0","0","0","0","0","0","2","0","2","","","","N","","","","","","","","","",""
"2010128647","","1","0","0","0","0","0","0","0","0","7","0","","02","12","2010","6","40.430109","-80.221337","","11","0","0","0","0","0","0","0","0","","0","0","0","","","1","","0","","40 25:48.393","","0","80 13:16.814","8","0","0","0","2214","0","0","0","N","0","0","0","1","02214","0","","5.0","","9","N","N","","0","","0","0","0","","0","","","1","1","0","0","0","1","0","2","0","1","","","","N","","","","","","","","","",""
"2010128649","","1","0","0","0","0","0","0","0","0","1","0","","02","12","2010","6","40.461804","-79.840995","","11","0","0","0","0","0","1","0","0","2","0","0","0","","","0","","0","","40 27:42.496","3","0","79 50:27.582","0","0","0","0","2113","0","0","0","N","0","0","0","2","02113","0","","1.0","","9","N","N","","1","","0","0","0","","0","N","","2","0","0","0","0","0","0","2","0","2","","","","N","","","","","","","","","",""
"2010128685","","1","0","0","0","0","0","0","0","0","7","0","","02","12","2010","5","40.591578","-80.096626","","11","0","0","0","0","0","0","0","0","","0","0","0","","","0","","0","","40 35:29.681","","0","80 05:47.855","0","0","0","0","2481","0","0","0","N","0","0","0","1","68B03","0","","4.0","","1","N","N","","0","","0","0","0","","0","","","2","0","0","0","0","0","0","2","0","1","","","","N","","","","","","","","","",""
"2010128715","","2","0","0","0","0","0","0","0","0","4","0","","02","12","2010","6","40.350594","-79.820229","","11","0","0","0","0","0","0","1","0","1","0","0","0","","","1","","1","","40 21:02.137","5","0","79 49:12.824","4","0","0","0","2477","0","0","0","N","0","0","0","2","02477","1","","1.0","","1","N","N","","0","","0","0","0","","3","N","","2","1","0","0","0","0","0","2","0","2","","","","N","","","","","","","","","",""
"2010128716","","0","0","0","0","0","0","0","0","0","8","0","","02","12","2010","6","40.45555","-79.888078","","11","0","0","0","0","0","1","0","0","1","0","0","0","","","1","","1","","40 27:19.980","7","0","79 53:17.080","3","0","0","0","2301","1","0","0","N","1","0","0","2","02301","0","","1.0","","1","N","N","","1","","1","0","0","","1","Y","","2","1","0","0","0","0","0","2","0","1","","","","N","","","","","","","","","",""
"2010128718","","1","0","0","0","0","0","0","0","0","4","0","","02","12","2010","6","40.456718","-79.906676","","11","0","0","0","0","0","1","0","0","","0","0","0","","","0","","2","","40 27:24.184","","0","79 54:24.033","0","0","0","0","2301","0","0","0","N","0","0","0","5","02301","0","","1.0","","9","N","N","","0","","0","0","0","","0","","","2","0","0","0","0","0","0","2","1","2","","","","N","","","","","","","","","",""
"2010128722","","1","0","0","0","0","0","0","0","0","1","0","","02","12","2010","6","40.358951","-80.059871","","11","0","1","0","0","0","0","0","0","2","0","0","0","","","2","","3","","40 21:32.222","3","0","80 03:35.535","4","0","0","0","2109","0","0","0","N","0","0","0","5","02109","2","","1.0","","1","N","N","","0","","0","0","1","","0","N","","2","2","0","0","0","0","0","2","0","2","","","","N","","","","","","","","","",""
"2010128726","","3","0","0","0","0","0","0","0","0","4","0","","02","12","2010","6","40.448859","-79.95782","","11","0","0","0","0","0","0","0","0","","0","0","0","","","2","","0","","40 26:55.892","","0","79 57:28.152","8","0","0","0","2301","0","0","0","N","0","0","0","2","02301","0","","1.0","","2","N","N","","0","","0","0","0","","0","","","3","2","0","0","0","2","0","2","0","3","","","","N","","","","","","","","","",""
"2010128735","","2","0","0","0","0","0","0","0","0","4","0","","02","12","2010","6","40.370375","-79.786261","","11","0","0","0","0","0","0","1","1","2","0","0","0","","","2","","2","","40 22:13.350","3","7","79 47:10.538","8","0","0","0","2111","0","0","0","N","0","0","0","3","02111","0","","1.0","","1","N","N","","0","","0","0","0","","2","N","","2","2","0","0","0","2","0","2","0","2","","","","N","","","","","","","","","",""
"2010128736","","2","0","0","0","0","0","0","0","0","1","0","","02","12","2010","6","40.381993","-79.81858","","11","0","0","0","0","0","0","0","0","","0","0","0","","","2","","0","","40 22:55.174","","0","79 49:06.887","8","0","0","0","2111","0","0","0","N","0","0","0","7","02111","0","","1.0","","9","N","N","","0","","0","0","1","","0","","","3","2","0","0","0","2","0","2","0","3","","","","N","","","","","","","","","",""
"2010128744","","1","0","0","0","0","0","0","0","0","2","0","","02","12","2010","2","40.344305","-79.940657","","11","0","0","0","0","0","0","0","1","2","0","0","0","","","2","","1","","40 20:39.497","3","0","79 56:26.364","2","0","0","0","2473","0","0","0","N","0","0","0","2","02473","1","","1.0","","9","N","N","","0","","0","1","2","","2","Y","","3","2","0","0","0","0","0","2","0","3","","","","N","","","","","","","","","",""
"2010128747","","1","0","0","0","0","0","0","0","0","7","0","","02","12","2010","6","40.36","-80.0727","","11","0","0","0","0","0","0","0","0","2","0","0","0","","","1","","0","","40 21:36.000","4","0","80 04:21.720","4","0","0","0","2123","0","0","0","N","0","0","0","1","02123","1","","5.0","","9","N","N","","0","","0","0","0","","0","N","","1","1","1","0","0","0","0","2","0","1","","","","N","","","","","","","","","",""
"2010128751","","2","0","0","0","0","0","0","0","0","2","0","","02","12","2010","7","40.472069","-79.943262","","11","0","0","0","0","0","0","0","0","2","0","0","0","","","2","","0","","40 28:19.449","7","0","79 56:35.743","2","0","0","0","2301","0","0","0","N","0","0","0","2","02301","0","","1.0","","1","N","N","","0","","0","2","0","","0","N","","2","2","0","0","0","0","0","2","0","2","","","","N","","","","","","","","","",""
"2010128752","","1","0","0","0","0","0","0","0","0","7","0","","02","12","2010","7","40.432149","-79.935014","","11","0","0","0","0","0","0","0","0","1","0","0","0","","","0","","3","","40 25:55.736","6","0","79 56:06.050","0","0","0","0","2301","0","0","0","N","0","0","0","0","02301","0","","5.0","","1","N","N","","0","","0","0","0","","0","N","","1","0","0","0","0","0","0","2","0","1","","","","N","","","","","","","","","",""
"2010128754","","0","0","0","0","0","0","0","0","0","7","0","","02","12","2010","7","40.294822","-79.831188","","11","0","0","0","0","0","0","0","0","","0","0","0","","","0","","0","","40 17:41.358","","0","79 49:52.278","0","0","0","0","2443","0","0","0","N","0","0","0","1","02443","0","","2.0","","2","N","N","","1","","0","0","0","","0","","","1","0","0","0","0","0","0","2","0","1","","","","N","","","","","","","","","",""
"2010128755","","1","0","0","0","0","0","0","0","0","7","0","","02","12","2010","7","40.478916","-79.915873","","11","0","0","0","0","0","0","0","0","","0","0","0","","","0","","2","","40 28:44.097","","0","79 54:57.142","9","0","0","0","2301","0","0","0","N","0","0","0","2","02301","0","","5.0","","1","N","N","","0","","0","0","0","","0","","","1","0","0","0","0","0","1","2","0","1","","","","N","","","","","","","","","",""