"CRN","ARRIVAL_TM","AUTOMOBILE_COUNT","BELTED_DEATH_COUNT","BELTED_SUSP_SERIOUS_INJ_COUNT","BICYCLE_COUNT","BICYCLE_DEATH_COUNT","BICYCLE_SUSP_SERIOUS_INJ_COUNT","BUS_COUNT","CHLDPAS_DEATH_COUNT","CHLDPAS_SUSP_SERIOUS_INJ_COUNT","COLLISION_TYPE","COMM_VEH_COUNT","CONS_ZONE_SPD_LIM","COUNTY","CRASH_MONTH","CRASH_YEAR","DAY_OF_WEEK","DEC_LATITUDE","DEC_LONGITUDE","DISPATCH_TM","DISTRICT","DRIVER_COUNT_16YR","DRIVER_COUNT_17YR","DRIVER_COUNT_18YR","DRIVER_COUNT_19YR","DRIVER_COUNT_20YR","DRIVER_COUNT_50_64YR","DRIVER_COUNT_65_74YR","DRIVER_COUNT_75PLUS","EST_HRS_CLOSED","FATAL_COUNT","HEAVY_TRUCK_COUNT","HORSE_BUGGY_COUNT","HOUR_OF_DAY","ILLUMINATION","INJURY_COUNT","INTERSECTION_RELATED","INTERSECT_TYPE","LANE_CLOSED","LATITUDE","LN_CLOSE_DIR","LOCATION_TYPE","LONGITUDE","MAX_SEVERITY_LEVEL","MCYCLE_DEATH_COUNT","MCYCLE_SUSP_SERIOUS_INJ_COUNT","MOTORCYCLE_COUNT","MUNICIPALITY","NONMOTR_COUNT","NONMOTR_DEATH_COUNT","NONMOTR_SUSP_SERIOUS_INJ_COUNT","NTFY_HIWY_MAINT","PED_COUNT","PED_DEATH_COUNT","PED_SUSP_SERIOUS_INJ_COUNT","PERSON_COUNT","POLICE_AGCY","POSSIBLE_INJ_COUNT","RDWY_SURF_TYPE_CD","RELATION_TO_ROAD","ROADWAY_CLEARED","ROAD_CONDITION","SCH_BUS_IND","SCH_ZONE_IND","SECONDARY_CRASH","SMALL_TRUCK_COUNT","SPEC_JURIS_CD","SUSP_MINOR_INJ_COUNT","SUSP_SERIOUS_INJ_COUNT","SUV_COUNT","TCD_FUNC_CD","TCD_TYPE","TFC_DETOUR_IND","TIME_OF_DAY","TOTAL_UNITS","TOT_INJ_COUNT","UNBELTED_OCC_COUNT","UNB_DEATH_COUNT","UNB_SUSP_SERIOUS_INJ_COUNT","UNK_INJ_DEG_COUNT","UNK_INJ_PER_COUNT","URBAN_RURAL","VAN_COUNT","VEHICLE_COUNT","WEATHER1","WEATHER2","WORKERS_PRES","WORK_ZONE_IND","WORK_ZONE_LOC","WORK_ZONE_TYPE","WZ_CLOSE_DETOUR","WZ_FLAGGER","WZ_LAW_OFFCR_IND","WZ_LN_CLOSURE","WZ_MOVING","WZ_OTHER","WZ_SHLDER_MDN","WZ_WORKERS_INJ_KILLED"
"2010130030","","0","0","0","0","0","0","0","0","0","7","0","","02","12","2010","4","40.548513","-79.837193","","11","0","0","0","0","0","1","0","0","","0","0","0","","","0","","0","","40 32:54.647","","0","79 50:13.893","0","0","0","0","2208","0","0","0","Y","0","0","0","1","02208","0","","5.0","","2","N","N","","1","","0","0","0","","0","","","1","0","0","0","0","0","0","2","0","1","","","","N","","","","","","","","","",""
"2010130033","","1","0","0","0","0","0","0","0","0","1","0","","02","12","2010","3","40.434096","-79.732569","","11","0","0","0","0","1","0","0","0","","0","0","0","","","0","","2","","40 26:02.745","","0","79 43:57.249","0","0","0","0","2446","0","0","0","N","0","0","0","3","02446","0","","1.0","","1","N","N","","1","","0","0","0","","2","","","2","0","0","0","0","0","0","2","0","2","","","","N","","","","","","","","","",""
"2010130043","","2","0","0","0","0","0","0","0","0","4","0","","02","12","2010","4","40.45559","-79.979269","","11","0","0","0","0","0","0","0","0","","0","0","0","","","1","","1","","40 27:20.124","","0","79 58:45.368","4","0","0","0","2301","0","0","0","N","0","0","0","3","02301","1","","1.0","","1","N","N","","0","","0","0","0","","3","","","2","1","0","0","0","0","0","2","0","2","","","","N","","","","","","","","","",""
"2010130058","","2","0","0","0","0","0","0","0","0","4","0","","02","12","2010","4","40.39919","-80.025075","","11","0","0","0","0","0","0","0","0","","0","0","0","","","0","","2","","40 23:57.084","","0","80 01:30.271","0","0","0","0","2301","0","0","0","N","0","0","0","2","02301","0","","1.0","","1","N","N","","0","","0","0","0","","0","","","2","0","0","0","0","0","0","2","0","2","","","","N","","","","","","","","","",""
"2010130059","","4","0","0","0","0","0","0","0","0","1","0","","02","12","2010","3","40.315238","-80.106473","","11","0","0","0","0","0","0","0","0","1","0","0","0","","","0","","2","","40 18:54.856","4","0","80 06:23.302","0","0","0","0","2123","0","0","0","N","0","0","0","5","02123","0","","1.0","","1","N","N","","0","","0","0","0","","0","N","","4","0","0","0","0","0","0","2","0","4","","","","N","","","","","","","","","",""
"2010130060","","1","0","0","0","0","0","0","0","0","1","0","","02","12","2010","4","40.476261","-79.760071","","11","0","0","0","0","1","1","0","0","","0","0","0","","","0","","0","","40 28:34.541","","0","79 45:36.256","0","0","0","0","2466","0","0","0","N","0","0","0","2","02466","0","","1.0","","1","N","N","","0","","0","0","1","","0","","","2","0","0","0","0","0","0","2","0","2","","","","N","","","","","","","","","",""
"2010130067","","2","0","0","0","0","0","0","0","0","4","0","","02","12","2010","3","40.448933","-80.000739","","11","0","0","0","0","0","1","0","0","","0","0","0","","","3","","1","","40 26:56.157","","0","80 00:02.660","8","0","0","0","2301","0","0","0","N","0","0","0","6","02301","0","","1.0","","1","N","N","","0","","0","0","0","","2","","","2","3","0","0","0","3","0","2","0","2","","","","N","","","","","","","","","",""
"2010130086","","1","0","0","0","0","0","0","0","0","1","0","","02","12","2010","3","40.342499","-80.118169","","11","0","0","0","0","0","0","0","0","","0","0","0","","","0","","2","","40 20:32.997","","0","80 07:05.409","0","0","0","0","2119","0","0","0","N","0","0","0","2","02119","0","","1.0","","1","N","N","","0","","0","0","1","","1","","","2","0","0","0","0","0","0","2","0","2","","","","N","","","","","","","","","",""
"2010130097","","2","0","0","0","0","0","0","0","0","2","0","","02","12","2010","4","40.448227","-79.986908","","11","0","0","0","0","0","1","0","0","1","0","0","0","","","0","","1","","40 26:53.617","4","0","79 59:12.868","0","0","0","0","2301","0","0","0","N","0","0","0","4","02301","0","","1.0","","1","N","N","","0","","0","0","0","","2","N","","2","0","0","0","0","0","0","2","0","2","","","","N","","","","","","","","","",""
"2010130098","","2","0","0","0","0","0","0","0","0","4","0","","02","12","2010","4","40.558282","-79.85168","","11","0","0","0","0","0","0","0","1","1","0","0","0","","","2","","0","","40 33:29.816","3","0","79 51:06.049","8","0","0","0","2208","0","0","0","N","0","0","0","2","02208","0","","1.0","","2","N","N","","0","","0","0","0","","0","Y","","2","2","0","0","0","2","0","2","0","2","","","","N","","","","","","","","","",""
"2010130102","","2","0","0","0","0","0","0","0","0","1","0","","02","12","2010","4","40.409059","-79.90304","","11","0","0","0","0","0","0","0","0","1","0","0","0","","","0","","1","","40 24:32.614","3","0","79 54:10.943","0","0","0","0","2448","0","0","0","N","0","0","0","3","02448","0","","1.0","","1","N","N","","0","","0","0","0","","2","Y","","2","0","0","0","0","0","0","2","0","2","","","","N","","","","","","","","","",""
"2010130105","","1","0","0","0","0","0","0","0","0","3","0","","02","12","2010","3","40.300792","-79.865978","","11","0","0","0","0","0","0","0","0","","0","0","0","","","0","","2","","40 18:02.850","","7","79 51:57.519","0","0","0","0","2443","0","0","0","N","0","0","0","1","02443","0","","4.0","","1","N","N","","1","","0","0","0","","0","","","3","0","0","0","0","0","0","1","0","2","","","","N","","","","","","","","","",""
"2010130115","","0","0","0","0","0","0","0","0","0","1","0","","02","12","2010","4","40.511005","-79.994278","","11","0","0","0","0","1","0","0","0","1","0","0","0","","","0","","0","","40 30:39.619","1","0","79 59:39.399","0","0","0","0","2116","0","0","0","N","0","0","0","7","02116","0","","1.0","","1","N","N","","0","","0","0","2","","0","N","","2","0","1","0","0","0","0","2","0","2","","","","N","","","","","","","","","",""
"2010130120","","2","0","0","0","0","0","0","0","0","4","0","","02","12","2010","4","40.444202","-80.028173","","11","0","0","0","0","0","0","0","0","1","0","0","0","","","2","","10","","40 26:39.126","2","0","80 01:41.424","8","0","0","0","2301","0","0","0","N","0","0","0","3","02301","0","","1.0","","1","N","N","","0","","0","0","0","","2","N","","2","2","0","0","0","2","0","2","0","2","","","","N","","","","","","","","","",""
"2010130122","","1","0","0","0","0","0","0","0","0","2","0","","02","12","2010","4","40.340455","-79.964796","","11","0","0","0","0","0","1","0","0","1","0","0","0","","","1","","2","","40 20:25.638","1","0","79 57:53.265","8","0","0","0","2454","0","0","0","N","0","0","0","2","02454","0","","1.0","","1","N","N","","0","","0","0","1","","3","N","","2","1","0","0","0","1","0","2","0","2","","","","N","","","","","","","","","",""
"2010130125","","2","0","0","0","0","0","0","0","0","4","0","","02","12","2010","4","40.498586","-80.061839","","11","0","0","0","0","0","1","0","0","","0","0","0","","","0","","1","","40 29:54.909","","0","80 03:42.620","0","0","0","0","2402","0","0","0","N","0","0","0","3","02402","0","","1.0","","1","N","N","","0","","0","0","0","","2","","","2","0","0","0","0","0","0","2","0","2","","","","N","","","","","","","","","",""
"2010130129","","0","0","0","0","0","0","0","0","0","4","0","","02","12","2010","4","40.45362","-79.915337","","11","0","0","0","0","0","0","0","0","","0","0","0","","","0","","2","","40 27:13.032","","0","79 54:55.213","0","0","0","0","2301","0","0","0","","0","0","0","3","02301","0","","1.0","","1","","","","1","","0","0","1","","2","","","2","0","0","0","0","0","0","2","0","2","","","","N","","","","","","","","","",""
"2010130140","","0","0","0","0","0","0","0","0","0","7","0","","02","12","2010","4","40.367214","-79.87739","","11","0","0","0","0","0","0","0","0","2","0","0","0","","","0","","0","","40 22:01.970","5","0","79 52:38.604","0","0","0","0","2473","0","0","0","N","0","0","0","1","02473","0","","2.0","","3","N","N","","1","","0","0","0","","0","Y","","1","0","0","0","0","0","0","2","0","1","","","","N","","","","","","","","","",""
"2010130144","","1","0","0","0","0","0","0","0","0","7","0","","02","12","2010","4","40.56522","-80.09141","","11","0","0","0","0","0","0","0","0","2","0","0","0","","","0","","1","","40 33:54.791","1","0","80 05:29.077","0","0","0","0","2481","0","0","0","N","0","0","0","1","02481","0","","5.0","","1","N","N","","0","","0","0","0","","0","N","","1","0","0","0","0","0","0","2","0","1","","","","N","","","","","","","","","",""
"2010130145","","0","0","0","0","0","0","0","0","0","4","0","","02","12","2010","4","40.489479","-79.819853","","11","0","0","0","0","0","1","0","1","","0","0","0","","","1","","1","","40 29:22.124","","0","79 49:11.470","4","0","0","0","2113","0","0","0","N","0","0","0","3","02113","1","","1.0","","1","N","N","","1","","0","0","1","","3","","","2","1","0","0","0","0","0","2","0","2","","","","N","","","","","","","","","",""
"2010130147","","2","0","0","0","0","0","0","0","0","4","0","","02","12","2010","4","40.503863","-79.948785","","11","0","1","0","1","0","0","0","0","","0","0","0","","","0","","2","","40 30:13.908","","0","79 56:55.627","0","0","0","0","2430","0","0","0","N","0","0","0","4","02430","0","","1.0","","1","N","N","","0","","0","0","0","","3","","","2","0","0","0","0","0","0","2","0","2","","","","N","","","","","","","","","",""
"2010130167","","0","0","0","0","0","0","0","0","0","7","0","","02","12","2010","6","40.543244","-79.955584","","11","0","0","0","0","0","0","0","0","","0","0","0","","","0","","0","","40 32:35.680","","0","79 57:20.103","0","0","0","0","2118","0","0","0","N","0","0","0","2","02118","0","","5.0","","1","N","N","","0","","0","0","1","","0","","","1","0","0","0","0","0","0","2","0","1","","","","N","","","","","","","","","",""
"2010130192","","2","0","0","0","0","0","0","0","0","2","0","","02","12","2010","4","40.405309","-79.827684","","11","0","0","0","0","1","0","0","0","","0","0","0","","","2","","0","","40 24:19.112","","0","79 49:39.662","4","0","0","0","2467","0","0","0","N","0","0","0","3","02467","2","","1.0","","1","N","N","","0","","0","0","0","","0","","","2","2","0","0","0","0","0","2","0","2","","","","N","","","","","","","","","",""
"2010130197","","1","0","0","0","0","0","0","0","0","7","0","","02","12","2010","5","40.328124","-80.073507","","11","0","0","0","0","0","1","0","0","2","0","0","0","","","0","","0","","40 19:41.245","1","0","80 04:24.625","0","0","0","0","2123","0","0","0","N","0","0","0","1","02123","0","","5.0","","2","N","N","","0","","0","0","0","","0","Y","","1","0","0","0","0","0","0","2","0","1","","","","N","","","","","","","","","",""
"2010130207","","1","0","0","0","0","0","0","0","0","7","0","","02","12","2010","5","40.477588","-80.032758","","11","0","0","0","0","1","0","0","0","1","0","0","0","","","0","","0","","40 28:39.316","4","0","80 01:57.928","0","0","0","0","2301","0","0","0","N","0","0","0","1","02301","0","","5.0","","2","N","N","","0","","0","0","0","","0","N","","1","0","0","0","0","0","0","2","0","1","","","","N","","","","","","","","","",""
"2010130209","","2","0","0","0","0","0","0","0","0","5","0","","02","12","2010","4","40.4218","-79.993369","","11","0","0","0","0","0","0","0","1","","0","0","0","","","0","","0","","40 25:18.480","","0","79 59:36.130","0","0","0","0","2301","0","0","0","N","0","0","0","1","02301","0","","1.0","","1","N","N","","0","","0","0","0","","0","","","2","0","0","0","0","0","0","2","0","2","","","","N","","","","","","","","","",""
"2010130212","","1","0","0","0","0","0","0","0","0","1","0","","02","12","2010","4","40.475143","-79.822111","","11","0","0","0","1","0","0","0","0","","0","0","0","","","0","","2","","40 28:30.515","","0","79 49:19.599","0","0","0","0","2113","0","0","0","N","0","0","0","3","02113","0","","1.0","","1","N","N","","0","","0","0","1","","0","","","2","0","0","0","0","0","0","2","0","2","","","","N","","","","","","","","","",""
"2010130213","","2","0","0","0","0","0","0","0","0","1","0","","02","12","2010","4","40.478259","-80.012028","","11","0","0","0","0","0","0","0","0","","0","0","0","","","1","","2","","40 28:41.731","","0","80 00:43.300","3","0","0","0","2301","0","0","0","N","0","0","0","2","02301","0","","1.0","","1","N","N","","0","","1","0","0","","2","","","2","1","0","0","0","0","0","2","0","2","","","","N","","","","","","","","","",""
"2010130215","","2","0","0","0","0","0","0","0","0","4","0","","02","12","2010","2","40.428698","-79.988591","","11","0","0","0","0","0","0","0","0","1","0","0","0","","","0","","1","","40 25:43.313","2","0","79 59:18.929","0","0","0","0","2301","0","0","0","N","0","0","0","2","02301","0","","1.0","","1","N","N","","0","","0","0","0","","2","N","","2","0","1","0","0","0","0","2","0","2","","","","N","","","","","","","","","",""
"2010130216","","1","0","0","0","0","0","0","0","0","1","0","","02","12","2010","6","40.438862","-79.762874","","11","0","0","0","0","0","0","1","0","1","0","0","0","","","2","","0","","40 26:19.903","3","0","79 45:46.346","4","0","0","0","2446","0","0","0","N","0","0","0","4","02446","2","","1.0","","1","N","N","","1","","0","0","0","","2","N","","2","2","1","0","0","0","0","2","0","2","","","","N","","","","","","","","","",""
"2010130217","","1","0","0","0","0","0","0","0","0","2","0","","02","12","2010","5","40.474803","-80.079735","","11","0","0","0","0","0","0","0","0","","0","0","0","","","0","","0","","40 28:29.292","","0","80 04:47.047","9","0","0","0","2122","0","0","0","N","0","0","0","1","02122","0","","1.0","","2","N","N","","0","","0","0","1","","0","","","2","0","0","0","0","0","1","2","0","2","","","","N","","","","","","","","","",""
"2010130219","","1","0","0","0","0","0","0","0","0","7","0","","02","12","2010","5","40.360899","-80.128148","","11","0","0","0","0","0","0","0","1","3","0","0","0","","","1","","0","","40 21:39.238","5","0","80 07:41.334","8","0","0","0","2119","0","0","0","N","0","0","0","1","02119","0","","4.0","","2","N","N","","0","","0","0","0","","0","Y","","1","1","0","0","0","1","0","2","0","1","","05","","N","","","","","","","","","",""
"2010130222","","0","0","0","0","0","0","0","0","0","7","0","","02","12","2010","5","40.43807","-79.905226","","11","0","0","0","0","0","0","1","0","","0","0","0","","","0","","0","","40 26:17.051","","0","79 54:18.815","0","0","0","0","2301","0","0","0","N","0","0","0","3","02301","0","","5.0","","2","N","N","","0","","0","0","1","","0","","","1","0","0","0","0","0","0","2","0","1","","","","N","","","","","","","","","",""
"2010130224","","1","0","0","0","0","0","0","0","0","7","0","","02","12","2010","5","40.439578","-79.899579","","11","0","0","0","0","0","1","0","0","","0","0","0","","","0","","0","","40 26:22.480","","0","79 53:58.484","0","0","0","0","2301","0","0","0","N","0","0","0","1","02301","0","","4.0","","2","N","N","","0","","0","0","0","","0","","","1","0","0","0","0","0","0","2","0","1","","","","N","","","","","","","","","",""
"2010130227","","1","0","0","0","0","0","0","0","0","7","0","","02","12","2010","5","40.474331","-79.841208","","11","0","0","0","0","0","0","0","0","1","0","0","0","","","0","","0","","40 28:27.593","4","0","79 50:28.350","0","0","0","0","2113","0","0","0","N","0","0","0","1","02113","0","","2.0","","2","N","N","","0","","0","0","0","","0","N","","1","0","0","0","0","0","0","2","0","1","","","","N","","","","","","","","","",""
"2010130229","","0","0","0","0","0","0","0","0","0","7","0","","02","12","2010","5","40.608211","-80.178877","","11","0","0","0","0","0","0","0","0","","0","0","0","","","0","","0","","40 36:29.560","","0","80 10:43.958","0","0","0","0","2480","0","0","0","N","0","0","0","1","02480","0","","5.0","","2","N","N","","1","","0","0","0","","0","","","1","0","0","0","0","0","0","1","0","1","","","","N","","","","","","","","","",""
"2010130230","","3","0","0","0","0","0","0","0","0","7","0","","02","12","2010","5","40.508885","-80.094551","","11","0","0","0","0","0","0","0","0","1","0","0","0","","","1","","3","","40 30:31.986","1","0","80 05:40.383","4","0","0","0","2429","0","0","0","N","0","0","0","3","02215","1","","4.0","","2","N","N","","0","","0","0","0","","3","Y","","3","1","0","0","0","0","0","2","0","3","","","","N","","","","","","","","","",""
"2010130239","","0","0","0","0","0","0","0","0","0","2","0","","02","12","2010","5","40.34979","-79.872522","","11","0","0","0","0","0","0","1","0","2","0","0","0","","","0","","0","","40 20:59.244","6","0","79 52:21.079","0","0","0","0","2304","0","0","0","N","0","0","0","2","02304","0","","1.0","","2","N","N","","0","","0","0","2","","0","Y","","2","0","0","0","0","0","0","2","0","2","","","","N","","","","","","","","","",""
"2010130245","","1","0","0","0","0","0","0","0","0","7","0","","02","12","2010","5","40.5576","-79.8039","","11","0","0","0","0","0","0","0","0","","0","0","0","","","0","","0","","40 33:27.360","","0","79 48:14.040","0","0","0","0","2121","0","0","0","N","0","0","0","2","02121","0","","5.0","","2","N","N","","0","","0","0","0","","0","","","1","0","1","0","0","0","0","2","0","1","","","","N","","","","","","","","","",""
"2010130257","","1","0","0","0","0","0","0","0","0","5","0","","02","12","2010","3","40.540203","-79.797089","","11","0","0","0","0","0","0","0","0","2","0","0","0","","","1","","0","","40 32:24.730","5","0","79 47:49.520","3","0","0","0","2418","0","0","0","N","0","0","0","1","02418","0","","6.0","","1","N","N","","0","","1","0","1","","0","Y","","2","1","1","0","0","0","0","2","0","2","","","","N","","","","","","","","","",""
"2010130258","","1","0","0","0","0","0","0","0","0","4","0","","02","12","2010","2","40.280198","-79.914151","","11","0","0","1","0","0","0","0","0","2","0","0","0","","","0","","2","","40 16:48.712","4","0","79 54:50.942","0","0","0","0","2440","0","0","0","N","0","0","0","5","02440","0","","1.0","","1","N","N","","1","","0","0","0","","3","N","","2","0","0","0","0","0","0","2","0","2","","","","N","","","","","","","","","",""
"2010130262","","1","0","0","0","0","0","0","0","0","4","0","","02","12","2010","4","40.667171","-80.101249","","11","0","0","0","0","0","1","0","0","","0","0","0","","","0","","0","","40 40:01.816","","0","80 06:04.498","0","0","0","0","2212","0","0","0","N","0","0","0","2","02505","0","","1.0","","1","N","N","","1","","0","0","0","","0","","","2","0","0","0","0","0","0","2","0","2","","","","N","","","","","","","","","",""
"2010130277","","0","0","0","0","0","0","0","0","0","7","0","","02","12","2010","5","40.512392","-79.904828","","11","0","0","0","0","0","0","0","0","3","0","0","0","","","1","","0","","40 30:44.610","6","0","79 54:17.381","4","0","0","0","2432","0","0","0","N","0","0","0","1","02432","1","","2.0","","2","N","N","","0","","0","0","1","","0","Y","","1","1","0","0","0","0","0","2","0","1","","","","N","","","","","","","","","",""
"2010130280","","1","0","0","0","0","0","0","0","0","4","0","","02","12","2010","5","40.584434","-79.950806","","11","0","0","0","0","0","0","0","0","2","0","0","0","","","3","","2","","40 35:03.962","5","0","79 57:02.900","4","0","0","0","2207","0","0","0","N","0","0","0","3","02207","3","","1.0","","9","N","N","","0","","0","0","0","","2","Y","","3","3","0","0","0","0","0","2","2","3","","","","N","","","","","","","","","",""
"2010130285","","1","0","0","0","0","0","0","0","0","6","0","","02","12","2010","5","40.519183","-80.169802","","11","0","0","0","0","0","1","0","0","1","0","0","0","","","0","","0","","40 31:09.059","5","0","80 10:11.287","0","0","0","0","2420","0","0","0","N","0","0","0","2","02420","0","","1.0","","2","N","N","","0","","0","0","1","","0","N","","3","0","0","0","0","0","0","2","1","3","","","","N","","","","","","","","","",""
"2010130294","","1","0","0","0","0","0","0","0","0","7","0","","02","12","2010","5","40.53826","-80.15709","","11","0","0","0","0","0","0","0","0","1","0","0","0","","","0","","2","","40 32:17.736","5","0","80 09:25.524","0","0","0","0","2125","0","0","0","N","0","0","0","2","02215","0","","5.0","","2","N","N","","0","","0","0","0","","0","N","","1","0","0","0","0","0","0","2","0","1","","","","N","","","","","","","","","",""
"2010130302","","1","0","0","0","0","0","0","0","0","7","0","","02","12","2010","4","","","","11","0","0","0","0","0","0","0","0","","0","0","0","","","0","","0","","","","0","","0","0","0","0","2301","0","0","0","N","0","0","0","1","02301","0","","2.0","","2","N","N","","0","","0","0","0","","0","","","1","0","1","0","0","0","0","1","0","1","","","","N","","","","","","","","","",""
"2010130314","","1","0","0","0","0","0","0","0","0","1","0","","02","12","2010","5","40.468551","-79.824488","","11","0","0","0","0","0","0","1","0","","0","0","0","","","0","","0","","40 28:06.784","","0","79 49:28.157","0","0","0","0","2113","0","0","0","N","0","0","0","2","02113","0","","1.0","","9","N","N","","0","","0","0","1","","0","","","2","0","0","0","0","0","0","2","0","2","","","","N","","","","","","","","","",""
"2010130324","","2","0","0","0","0","0","0","0","0","4","0","","02","12","2010","5","40.456848","-79.975654","","11","0","0","0","0","0","0","1","0","","0","0","0","","","0","","1","","40 27:24.652","","0","79 58:32.354","0","0","0","0","2301","0","0","0","N","0","0","0","2","02301","0","","1.0","","1","N","N","","0","","0","0","0","","2","","","2","0","0","0","0","0","0","2","0","2","","","","N","","","","","","","","","",""
"2010130329","","1","0","0","0","0","0","0","0","0","7","0","","02","12","2010","5","40.436427","-79.975949","","11","0","0","0","0","0","0","0","0","","0","0","0","","","0","","0","","40 26:11.138","","8","79 58:33.418","0","0","0","0","2301","0","0","0","N","0","0","0","2","02301","0","","7.0","","9","N","N","","0","","0","0","0","","0","","","1","0","1","0","0","0","0","2","0","1","","","","N","","","","","","","","","",""
"2010130336","","1","0","0","0","0","0","0","0","0","7","0","","02","12","2010","5","40.470219","-79.908537","","11","0","0","0","0","0","0","1","0","2","0","0","0","","","1","","2","","40 28:12.788","3","0","79 54:30.734","8","0","0","0","2301","0","0","0","N","0","0","0","2","02301","0","","5.0","","1","N","N","","1","","0","0","0","","2","Y","","2","1","0","0","0","1","0","2","0","2","","","","N","","","","","","","","","",""
"2010130339","","2","0","0","0","0","0","0","0","0","4","0","","02","12","2010","5","40.382205","-79.995981","","11","0","0","0","0","0","0","0","0","","0","0","0","","","0","","5","","40 22:55.939","","0","79 59:45.533","0","0","0","0","2301","0","0","0","N","0","0","0","3","02301","0","","1.0","","1","N","N","","0","","0","0","0","","2","","","2","0","0","0","0","0","0","2","0","2","","","","N","","","","","","","","","",""
"2010130340","","1","0","0","0","0","0","0","0","0","4","0","","02","12","2010","4","40.664154","-79.93431","","11","0","0","0","0","0","1","0","0","2","0","0","0","","","1","","1","","40 39:50.955","1","0","79 56:03.516","8","0","0","0","2217","0","0","0","N","0","0","0","2","02505","0","","1.0","","9","N","N","","0","","0","0","1","","2","Y","","2","1","1","0","0","1","0","1","0","2","","","","N","","","","","","","","","",""
"2010130341","","2","0","0","0","0","0","0","0","0","1","0","","02","12","2010","5","40.521764","-80.268053","","11","0","0","0","0","0","1","1","0","","0","0","0","","","1","","0","","40 31:18.350","","0","80 16:04.990","8","0","0","0","2203","0","0","0","N","0","0","0","2","02203","0","","1.0","","2","N","N","","0","","0","0","0","","0","","","2","1","0","0","0","1","0","2","0","2","","","","N","","","","","","","","","",""
"2010130348","","1","0","0","0","0","0","0","0","0","99","0","","02","12","2010","5","40.429246","-79.937561","","11","0","0","0","0","0","0","0","0","","0","0","0","","","0","","2","","40 25:45.285","","0","79 56:15.219","0","0","0","0","2301","0","0","0","N","0","0","0","1","02301","0","","1.0","","9","N","N","","0","","0","0","0","","3","","","1","0","0","0","0","0","0","2","0","1","","","","N","","","","","","","","","",""
"2010130354","","1","0","0","0","0","0","0","0","0","1","0","","02","12","2010","5","40.378418","-79.989651","","11","0","0","0","0","1","1","0","0","2","0","0","0","","","0","","0","","40 22:42.303","1","0","79 59:22.745","0","0","0","0","2476","0","0","0","N","0","0","0","2","02476","0","","1.0","","9","N","N","","1","","0","0","0","","0","Y","","2","0","0","0","0","0","0","2","0","2","","","","N","","","","","","","","","",""
"2010130356","","1","0","0","0","0","0","0","0","0","1","0","","02","12","2010","5","40.258722","-79.915594","","11","0","0","0","0","0","2","0","0","","0","0","0","","","1","","1","","40 15:31.399","","0","79 54:56.139","3","0","0","0","2440","0","0","0","N","0","0","0","2","02440","0","","1.0","","1","N","N","","0","","1","0","1","","2","","","2","1","0","0","0","0","0","2","0","2","","","","N","","","","","","","","","",""
"2010130358","","1","0","0","0","0","0","0","0","0","4","0","","02","12","2010","5","40.447137","-79.895168","","11","0","1","0","0","0","0","0","0","","0","0","0","","","0","","1","","40 26:49.694","","0","79 53:42.603","0","0","0","0","2301","0","0","0","N","0","0","0","3","02301","0","","1.0","","9","N","N","","0","","0","0","1","","2","","","2","0","1","0","0","0","0","2","0","2","","","","N","","","","","","","","","",""
"2010130361","","1","0","0","0","0","0","0","0","0","4","0","","02","12","2010","3","40.524692","-79.962089","","11","0","0","0","1","0","0","0","0","1","0","0","0","","","0","","1","","40 31:28.891","4","0","79 57:43.522","0","0","0","0","2118","0","0","0","N","0","0","0","2","02118","0","","1.0","","1","N","N","","0","","0","0","1","","2","N","","2","0","0","0","0","0","0","2","0","2","","","","N","","","","","","","","","",""
"2010130368","","2","0","0","0","0","0","0","0","0","4","0","","02","12","2010","6","","","","11","0","0","0","0","0","1","0","0","1","0","0","0","","","2","","2","","","3","0","","3","0","0","0","2473","0","0","0","N","0","0","0","2","02473","1","","1.0","","9","N","N","","0","","1","0","0","","3","N","","2","2","0","0","0","0","0","1","0","2","","","","N","","","","","","","","","",""
"2010130385","","2","0","0","0","0","0","0","0","0","5","0","","02","12","2010","6","40.379623","-79.925521","","11","0","1","0","0","0","1","0","0","","0","0","0","","","0","","2","","40 22:46.644","","0","79 55:31.877","0","0","0","0","2301","0","0","0","N","0","0","0","4","02301","0","","1.0","","9","N","N","","0","","0","0","0","","2","","","2","0","0","0","0","0","0","2","0","2","","","","N","","","","","","","","","",""
"2010130387","","0","0","0","0","0","0","0","0","0","0","0","","02","12","2010","6","40.387167","-79.834754","","11","0","0","0","0","0","0","0","0","2","0","0","0","","","0","","0","","40 23:13.801","5","0","79 50:05.114","0","0","0","0","2111","0","0","0","N","0","0","0","1","02111","0","","1.0","","9","N","N","","1","","0","0","0","","0","Y","","1","0","0","0","0","0","0","2","0","1","","","","N","","","","","","","","","",""
"2010130394","","1","0","0","0","0","0","0","0","0","7","0","","02","12","2010","5","40.47803","-79.711217","","11","0","0","0","0","0","0","0","0","1","0","0","0","","","1","","0","","40 28:40.908","5","0","79 42:40.381","8","0","0","0","2466","0","0","0","N","0","0","0","1","02466","0","","5.0","","1","N","N","","0","","0","0","0","","0","N","","1","1","1","0","0","1","0","2","0","1","","","","N","","","","","","","","","",""