"CRN","ARRIVAL_TM","AUTOMOBILE_COUNT","BELTED_DEATH_COUNT","BELTED_SUSP_SERIOUS_INJ_COUNT","BICYCLE_COUNT","BICYCLE_DEATH_COUNT","BICYCLE_SUSP_SERIOUS_INJ_COUNT","BUS_COUNT","CHLDPAS_DEATH_COUNT","CHLDPAS_SUSP_SERIOUS_INJ_COUNT","COLLISION_TYPE","COMM_VEH_COUNT","CONS_ZONE_SPD_LIM","COUNTY","CRASH_MONTH","CRASH_YEAR","DAY_OF_WEEK","DEC_LATITUDE","DEC_LONGITUDE","DISPATCH_TM","DISTRICT","DRIVER_COUNT_16YR","DRIVER_COUNT_17YR","DRIVER_COUNT_18YR","DRIVER_COUNT_19YR","DRIVER_COUNT_20YR","DRIVER_COUNT_50_64YR","DRIVER_COUNT_65_74YR","DRIVER_COUNT_75PLUS","EST_HRS_CLOSED","FATAL_COUNT","HEAVY_TRUCK_COUNT","HORSE_BUGGY_COUNT","HOUR_OF_DAY","ILLUMINATION","INJURY_COUNT","INTERSECTION_RELATED","INTERSECT_TYPE","LANE_CLOSED","LATITUDE","LN_CLOSE_DIR","LOCATION_TYPE","LONGITUDE","MAX_SEVERITY_LEVEL","MCYCLE_DEATH_COUNT","MCYCLE_SUSP_SERIOUS_INJ_COUNT","MOTORCYCLE_COUNT","MUNICIPALITY","NONMOTR_COUNT","NONMOTR_DEATH_COUNT","NONMOTR_SUSP_SERIOUS_INJ_COUNT","NTFY_HIWY_MAINT","PED_COUNT","PED_DEATH_COUNT","PED_SUSP_SERIOUS_INJ_COUNT","PERSON_COUNT","POLICE_AGCY","POSSIBLE_INJ_COUNT","RDWY_SURF_TYPE_CD","RELATION_TO_ROAD","ROADWAY_CLEARED","ROAD_CONDITION","SCH_BUS_IND","SCH_ZONE_IND","SECONDARY_CRASH","SMALL_TRUCK_COUNT","SPEC_JURIS_CD","SUSP_MINOR_INJ_COUNT","SUSP_SERIOUS_INJ_COUNT","SUV_COUNT","TCD_FUNC_CD","TCD_TYPE","TFC_DETOUR_IND","TIME_OF_DAY","TOTAL_UNITS","TOT_INJ_COUNT","UNBELTED_OCC_COUNT","UNB_DEATH_COUNT","UNB_SUSP_SERIOUS_INJ_COUNT","UNK_INJ_DEG_COUNT","UNK_INJ_PER_COUNT","URBAN_RURAL","VAN_COUNT","VEHICLE_COUNT","WEATHER1","WEATHER2","WORKERS_PRES","WORK_ZONE_IND","WORK_ZONE_LOC","WORK_ZONE_TYPE","WZ_CLOSE_DETOUR","WZ_FLAGGER","WZ_LAW_OFFCR_IND","WZ_LN_CLOSURE","WZ_MOVING","WZ_OTHER","WZ_SHLDER_MDN","WZ_WORKERS_INJ_KILLED"
"2011000261","","1","0","0","0","0","0","0","0","0","7","0","","02","12","2010","5","40.468026","-80.241638","","11","0","0","0","0","0","0","0","0","1","0","0","0","","","0","","0","","40 28:04.894","4","3","80 14:29.897","0","0","0","0","2203","0","0","0","N","0","0","0","1","68B03","0","","3.0","","2","N","N","","0","","0","0","0","","0","N","","1","0","0","0","0","0","0","2","0","1","","","","N","","","","","","","","","",""
"2011000262","","1","0","0","0","0","0","0","0","0","7","0","","02","12","2010","5","40.468109","-80.241962","","11","0","0","0","0","0","0","0","0","","0","0","0","","","0","","0","","40 28:05.191","","3","80 14:31.063","0","0","0","0","2203","0","0","0","N","0","0","0","1","68B03","0","","2.0","","2","N","N","","0","","0","0","0","","0","","","1","0","0","0","0","0","0","2","0","1","","","","N","","","","","","","","","",""
"2011000263","","3","0","0","0","0","0","0","0","0","1","0","","02","12","2010","5","40.42347","-80.106626","","11","0","0","0","0","0","0","0","0","","0","0","0","","","0","","0","","40 25:24.491","","0","80 06:23.854","0","0","0","0","2102","0","0","0","N","0","0","0","4","68B03","0","","1.0","","9","N","N","","0","","0","0","0","","0","","","3","0","0","0","0","0","0","2","0","3","","","","N","","","","","","","","","",""
"2011000316","","1","0","0","0","0","0","0","0","0","7","0","","02","12","2010","3","40.653476","-79.724776","","11","0","0","0","0","0","0","0","0","","0","0","0","","","0","","0","","40 39:12.515","","3","79 43:29.192","0","0","0","0","2106","0","0","0","N","0","0","0","1","68D02","0","","5.0","","2","N","N","","0","","0","0","0","","0","","","1","0","0","0","0","0","0","2","0","1","","","","N","","","","","","","","","",""
"2011000416","","2","0","0","0","0","0","0","0","0","2","0","","02","12","2010","7","40.485179","-79.946236","","11","0","0","0","0","0","1","0","0","","0","0","0","","","0","","2","","40 29:06.643","","0","79 56:46.449","0","0","0","0","2301","0","0","0","","0","0","0","4","02301","0","","1.0","","9","N","N","","0","","0","0","0","","2","","","4","0","0","0","0","0","0","2","1","4","","05","","N","","","","","","","","","",""
"2011000709","","1","0","0","0","0","0","0","0","0","7","0","","02","12","2010","5","40.487013","-79.778824","","11","0","0","0","0","0","0","0","0","","0","0","0","","","0","","0","","40 29:13.246","","0","79 46:43.767","0","0","0","0","2466","0","0","0","N","0","0","0","2","68T02","0","","3.0","","1","N","N","","0","","0","0","0","","0","","","2","0","0","0","0","0","0","2","0","1","","","","N","","","","","","","","","",""
"2011000795","","2","0","0","0","0","0","0","0","0","4","0","","02","12","2010","7","40.567645","-80.206731","","11","0","0","0","0","0","0","0","0","","0","0","0","","","0","","3","","40 34:03.522","","0","80 12:24.231","0","0","0","0","2107","0","0","0","N","0","0","0","2","02107","0","","1.0","","1","N","N","","0","","0","0","0","","0","","","2","0","0","0","0","0","0","1","0","2","","","","N","","","","","","","","","",""
"2011000834","","0","0","0","0","0","0","0","0","0","1","0","","02","12","2010","4","40.576459","-80.025834","","11","0","0","0","0","0","0","0","0","1","0","0","0","","","0","","1","","40 34:35.251","2","0","80 01:33.002","0","0","0","0","2108","0","0","0","N","0","0","0","3","02108","0","","1.0","","1","N","N","","1","","0","0","2","","2","N","","3","0","0","0","0","0","0","2","0","3","","","","N","","","","","","","","","",""
"2011000835","","2","0","0","0","0","0","0","0","0","1","0","","02","12","2010","7","40.576459","-80.025834","","11","0","0","0","0","0","0","0","0","","0","0","0","","","1","","1","","40 34:35.251","","0","80 01:33.002","8","0","0","0","2108","0","0","0","N","0","0","0","2","02108","0","","1.0","","1","N","N","","0","","0","0","0","","2","","","2","1","0","0","0","1","0","2","0","2","","","","N","","","","","","","","","",""
"2011000836","","1","0","0","0","0","0","0","0","0","5","0","","02","12","2010","7","40.568626","-79.998132","","11","0","0","0","0","0","0","0","0","","0","0","0","","","0","","0","","40 34:07.053","","0","79 59:53.275","0","0","0","0","2108","0","0","0","N","0","0","0","1","02108","0","","2.0","","1","N","N","","0","","0","0","1","","0","","","2","0","0","0","0","0","0","2","0","2","","","","N","","","","","","","","","",""
"2011000837","","2","0","0","0","0","0","0","0","0","1","0","","02","12","2010","1","40.55717","-80.017994","","11","0","1","0","0","0","0","0","0","1","0","0","0","","","0","","0","","40 33:25.812","3","0","80 01:04.778","0","0","0","0","2108","0","0","0","N","0","0","0","2","02108","0","","1.0","","9","N","N","","0","","0","0","0","","0","N","","2","0","0","0","0","0","0","2","0","2","","","","N","","","","","","","","","",""
"2011000838","","1","0","0","0","0","0","0","0","0","0","0","","02","12","2010","2","40.567176","-80.016471","","11","0","0","0","0","0","0","0","0","","0","0","0","","","0","","1","","40 34:01.833","","0","80 00:59.294","0","0","0","0","2108","0","0","0","N","0","0","0","1","02108","0","","1.0","","9","N","N","","0","","0","0","0","","2","","","1","0","0","0","0","0","0","2","0","1","","","","N","","","","","","","","","",""
"2011000839","","1","0","0","0","0","0","0","0","0","7","0","","02","12","2010","3","40.562174","-80.015556","","11","0","1","0","0","0","0","0","0","3","0","0","0","","","0","","0","","40 33:43.826","2","0","80 00:56.001","0","0","0","0","2108","0","0","0","N","0","0","0","1","02108","0","","5.0","","7","N","N","","0","","0","0","0","","0","N","","1","0","0","0","0","0","0","2","0","1","","","","N","","","","","","","","","",""
"2011000840","","0","0","0","0","0","0","0","0","0","1","0","","02","12","2010","5","40.561079","-80.039363","","11","0","0","0","0","0","0","0","0","1","0","0","0","","","1","","0","","40 33:39.883","2","0","80 02:21.707","4","0","0","0","2108","0","0","0","N","0","0","0","9","02108","1","","1.0","","1","N","N","","0","","0","0","1","","0","N","","2","1","0","0","0","0","0","2","1","2","","","","N","","","","","","","","","",""
"2011000841","","1","0","0","0","0","0","0","0","0","1","0","","02","12","2010","5","40.56355","-80.020033","","11","0","0","0","0","0","1","0","0","1","0","0","0","","","2","","1","","40 33:48.780","4","0","80 01:12.117","4","0","0","0","2108","0","0","0","N","0","0","0","4","02108","2","","1.0","","1","N","N","","0","","0","0","1","","0","N","","2","2","0","0","0","0","0","2","0","2","","","","N","","","","","","","","","",""
"2011000842","","1","0","0","0","0","0","0","0","0","7","0","","02","12","2010","5","40.592061","-80.042894","","11","0","0","0","0","1","0","0","0","","0","0","0","","","0","","2","","40 35:31.418","","0","80 02:34.420","0","0","0","0","2108","0","0","0","N","0","0","0","2","02108","0","","4.0","","1","N","N","","0","","0","0","0","","0","","","1","0","0","0","0","0","0","2","0","1","","","","N","","","","","","","","","",""
"2011000843","","2","0","0","0","0","0","0","0","0","5","0","","02","12","2010","6","40.571939","-80.036983","","11","0","0","0","0","0","0","1","0","","0","0","0","","","0","","2","","40 34:18.980","","0","80 02:13.139","9","0","0","0","2108","0","0","0","N","0","0","0","3","02108","0","","1.0","","1","N","N","","0","","0","0","0","","2","","","2","0","0","0","0","0","1","2","0","2","","","","N","","","","","","","","","",""
"2011000868","","0","0","0","0","0","0","0","0","0","8","0","","02","12","2010","7","40.417087","-79.98665","","11","0","0","0","0","0","0","0","0","","0","0","0","","","1","","0","","40 25:01.513","","0","79 59:11.940","4","0","0","0","2447","1","0","0","N","1","0","0","2","02447","1","","1.0","","1","N","N","","0","","0","0","1","","0","","","2","1","0","0","0","0","0","2","0","1","","","","N","","","","","","","","","",""
"2011000869","","2","0","0","0","0","0","0","0","0","1","0","","02","12","2010","3","40.413187","-79.988875","","11","0","0","1","0","0","0","0","0","","0","0","0","","","0","","0","","40 24:47.473","","0","79 59:19.950","0","0","0","0","2447","0","0","0","N","0","0","0","2","02447","0","","1.0","","1","N","N","","0","","0","0","0","","0","","","2","0","0","0","0","0","0","2","0","2","","","","N","","","","","","","","","",""
"2011000974","","1","0","0","0","0","0","1","0","0","5","1","","02","12","2010","6","40.465202","-79.951239","","11","0","0","0","0","1","0","0","0","1","0","0","0","","","0","","2","","40 27:54.727","3","0","79 57:04.460","0","0","0","0","2301","0","0","0","N","0","0","0","2","02503","0","","1.0","","1","N","N","","0","","0","0","0","","2","Y","","2","0","1","0","0","0","0","2","0","2","","","","N","","","","","","","","","",""
"2011001127","","1","0","0","0","0","0","0","0","0","4","0","","02","12","2010","6","40.521896","-80.048194","","11","0","0","0","0","0","1","0","0","2","0","0","0","","","2","","2","","40 31:18.826","2","0","80 02:53.498","3","0","0","0","2116","0","0","0","N","0","0","0","3","02116","1","","1.0","","1","N","N","","0","","1","0","1","","0","Y","","2","2","0","0","0","0","0","2","0","2","","","","N","","","","","","","","","",""
"2011001132","","2","0","0","0","0","0","0","0","0","7","0","","02","12","2010","5","40.458104","-79.875912","","11","0","0","0","1","0","0","0","0","","0","0","0","","","0","","10","","40 27:29.175","","7","79 52:33.283","0","0","0","0","2301","0","0","0","N","0","0","0","1","02301","0","","4.0","","9","N","N","","0","","0","0","0","","0","","","2","0","0","0","0","0","0","2","0","2","","","","N","","","","","","","","","",""
"2011001137","","1","0","0","0","0","0","0","0","0","4","0","","02","12","2010","3","40.427398","-80.054654","","11","0","0","0","0","0","0","0","0","","0","0","0","","","0","","0","","40 25:38.634","","0","80 03:16.753","9","0","0","0","2301","0","0","0","N","0","0","0","2","02301","0","","1.0","","9","N","N","","0","","0","0","1","","0","","","2","0","0","0","0","0","2","2","0","2","","","","N","","","","","","","","","",""
"2011001138","","2","0","0","0","0","0","0","0","0","1","0","","02","12","2010","3","40.616058","-80.093251","","11","0","1","0","0","0","1","0","0","","0","0","0","","","0","","2","","40 36:57.808","","0","80 05:35.702","0","0","0","0","2212","0","0","0","N","0","0","0","3","02505","0","","1.0","","1","N","N","","1","","0","0","0","","0","","","3","0","0","0","0","0","0","2","0","3","","","","N","","","","","","","","","",""
"2011001143","","3","0","0","0","0","0","0","0","0","5","0","","02","12","2010","5","40.496577","-80.062114","","11","0","0","0","0","0","1","0","0","3","0","0","0","","","0","","0","","40 29:47.677","3","0","80 03:43.610","9","0","0","0","2402","0","0","0","N","0","0","0","2","02402","0","","1.0","","2","N","N","","0","","0","0","0","","0","Y","","3","0","0","0","0","0","2","2","0","3","","","","N","","","","","","","","","",""
"2011001151","","2","0","0","0","0","0","0","0","0","4","0","","02","12","2010","2","40.5255","-80.006417","","11","0","0","0","0","0","1","0","0","","0","0","0","","","0","","1","","40 31:31.800","","7","80 00:23.100","0","0","0","0","2116","0","0","0","N","0","0","0","4","02116","0","","1.0","","1","N","N","","0","","0","0","0","","3","","","2","0","0","0","0","0","0","2","0","2","","","","N","","","","","","","","","",""
"2011001171","","2","0","0","0","0","0","0","0","0","4","0","","02","12","2010","3","40.428659","-79.979151","","11","0","0","0","0","0","0","0","0","","0","0","0","","","0","","1","","40 25:43.172","","0","79 58:44.944","0","0","0","0","2301","0","0","0","N","0","0","0","2","02301","0","","1.0","","1","N","N","","0","","0","0","0","","3","","","2","0","0","0","0","0","0","2","0","2","","","","N","","","","","","","","","",""
"2011001172","","1","0","0","0","0","0","0","0","0","2","0","","02","12","2010","7","40.362373","-79.826135","","11","0","0","0","0","0","1","0","0","2","0","0","0","","","3","","3","","40 21:44.541","5","0","79 49:34.085","4","0","0","0","2111","0","0","0","N","0","0","0","3","02111","2","","1.0","","1","N","N","","0","","0","0","1","","2","Y","","2","3","0","0","0","1","0","2","0","2","","","","N","","","","","","","","","",""
"2011001178","","0","0","0","0","0","0","0","0","0","4","0","","02","12","2010","6","40.51394","-80.003651","","11","0","0","0","1","0","0","0","0","","0","0","0","","","0","","0","","40 30:50.183","","0","80 00:13.144","0","0","0","0","2116","0","0","0","","0","0","0","11","02116","0","","1.0","","1","","","","0","","0","0","1","","0","","","3","0","0","0","0","0","0","2","2","3","","","","N","","","","","","","","","",""
"2011001206","","0","0","0","0","0","0","0","0","0","7","0","","02","12","2010","5","40.440482","-79.832651","","11","0","0","0","0","0","0","0","0","2","0","0","0","","","1","","0","","40 26:25.735","4","0","79 49:57.543","3","0","0","0","2419","0","0","0","N","0","0","0","1","68B03","0","","3.0","","2","N","N","","0","","1","0","1","","0","N","","1","1","0","0","0","0","0","2","0","1","","","","N","","","","","","","","","",""
"2011001207","","1","0","0","0","0","0","0","0","0","0","0","","02","12","2010","6","40.328008","-80.140618","","11","0","0","1","0","0","0","0","0","","0","0","0","","","0","","0","","40 19:40.828","","0","80 08:26.225","9","0","0","0","2119","0","0","0","N","0","0","0","2","68B03","0","","1.0","","1","N","N","","1","","0","0","0","","0","","","2","0","0","0","0","0","1","2","0","2","","","","N","","","","","","","","","",""
"2011001276","","2","0","0","0","0","0","0","0","0","1","0","","02","12","2010","3","40.63004","-80.057056","","11","0","0","0","0","1","0","0","0","","0","0","0","","","1","","0","","40 37:48.145","","0","80 03:25.403","8","0","0","0","2216","0","0","0","N","0","0","0","2","02505","0","","1.0","","1","N","N","","0","","0","0","0","","0","","","2","1","0","0","0","1","0","2","0","2","","","","N","","","","","","","","","",""
"2011001285","","2","0","0","0","0","0","0","0","0","4","0","","02","12","2010","4","40.409917","-79.912417","","11","0","0","0","0","0","1","0","0","","0","0","0","","","0","","0","","40 24:35.700","","7","79 54:44.700","0","0","0","0","2438","0","0","0","N","0","0","0","3","02438","0","","1.0","","1","N","N","","0","","0","0","0","","2","","","2","0","0","0","0","0","0","2","0","2","","","","N","","","","","","","","","",""
"2011001291","","1","0","0","0","0","0","0","0","0","4","0","","02","12","2010","4","40.397668","-79.769328","","11","0","0","0","0","0","1","0","0","1","0","0","0","","","1","","1","","40 23:51.606","3","0","79 46:09.579","4","0","0","0","2446","0","0","0","N","0","0","0","3","02446","1","","1.0","","1","N","N","","1","","0","0","0","","2","N","","2","1","2","0","0","0","0","2","0","2","","","","N","","","","","","","","","",""
"2011001298","","1","0","0","0","0","0","0","0","0","7","0","","02","12","2010","2","40.64729","-80.104426","","11","0","0","0","1","0","0","0","0","3","0","0","0","","","0","","2","","40 38:50.245","6","0","80 06:15.933","0","0","0","0","2212","0","0","0","N","0","0","0","1","02505","0","","5.0","","2","N","N","","0","","0","0","0","","0","N","","1","0","0","0","0","0","0","2","0","1","","","","N","","","","","","","","","",""
"2011001302","","1","0","0","0","0","0","0","0","0","7","0","","02","12","2010","5","40.622967","-80.063717","","11","0","0","0","0","0","0","0","0","","0","0","0","","","0","","3","","40 37:22.681","","0","80 03:49.381","0","0","0","0","2216","0","0","0","N","0","0","0","1","02505","0","","5.0","","9","N","N","","0","","0","0","0","","0","","","1","0","0","0","0","0","0","2","0","1","","","","N","","","","","","","","","",""
"2011001310","","0","0","0","0","0","0","0","0","0","7","0","","02","12","2010","5","40.394953","-79.804835","","11","0","0","0","0","0","1","0","0","2","0","0","0","","","0","","0","","40 23:41.829","1","3","79 48:17.407","0","0","0","0","2111","0","0","0","N","0","0","0","1","02111","0","","3.0","","1","N","N","","0","","0","0","1","","0","N","","1","0","0","0","0","0","0","2","0","1","","","","N","","","","","","","","","",""
"2011001314","","0","0","0","0","0","0","0","0","0","7","0","","02","12","2010","5","40.216432","-79.956217","","11","0","0","0","0","0","0","0","0","3","0","0","0","","","1","","0","","40 12:59.156","5","0","79 57:22.382","8","0","0","0","2204","0","0","0","N","0","0","0","1","02204","0","","2.0","","1","N","N","","1","","0","0","0","","0","N","","1","1","1","0","0","1","0","1","0","1","","","","N","","","","","","","","","",""
"2011001345","","1","0","0","0","0","0","0","0","0","7","0","","02","12","2010","2","40.371545","-80.22901","","11","0","0","0","0","0","1","0","0","","0","0","0","","","0","","2","","40 22:17.562","","0","80 13:44.436","0","0","0","0","2490","0","0","0","N","0","0","0","1","62422","0","","2.0","","9","N","N","","0","","0","0","0","","0","","","1","0","0","0","0","0","0","2","0","1","","","","N","","","","","","","","","",""
"2011001368","","1","0","0","0","0","0","0","0","0","7","0","","02","12","2010","1","40.65411","-79.724712","","11","0","0","0","0","0","0","1","0","2","0","0","0","","","0","","0","","40 39:14.795","1","3","79 43:28.964","0","0","0","0","2106","0","0","0","N","0","0","0","1","68D02","0","","2.0","","2","N","N","","0","","0","0","0","","8","N","","1","0","0","0","0","0","0","2","0","1","","","","N","","","","","","","","","",""
"2011001369","","1","0","0","0","0","0","0","0","0","7","0","","02","12","2010","7","40.497034","-79.921346","","11","0","0","0","0","0","0","0","0","","0","0","0","","","2","","0","","40 29:49.322","","0","79 55:16.844","4","0","0","0","2112","0","0","0","N","0","0","0","4","68D02","2","","2.0","","1","N","N","","0","","0","0","0","","0","","","1","2","2","0","0","0","0","2","0","1","","","","N","","","","","","","","","",""
"2011001435","","1","0","0","0","0","0","0","0","0","7","0","","02","12","2010","3","40.493679","-80.042224","","11","0","0","0","0","0","0","0","0","1","0","0","0","","","0","","0","","40 29:37.244","2","0","80 02:32.006","0","0","0","0","2116","0","0","0","N","0","0","0","1","02116","0","","5.0","","2","N","N","","0","","0","0","0","","0","N","","1","0","0","0","0","0","0","2","0","1","","","","N","","","","","","","","","",""
"2011001438","","1","0","0","0","0","0","0","0","0","2","0","","02","12","2010","5","","","","11","0","0","0","0","0","0","0","0","1","0","0","0","","","0","","0","","","1","0","","9","0","0","0","2212","0","0","0","N","0","0","0","2","02505","0","","1.0","","2","N","N","","0","","0","0","1","","0","N","","2","0","0","0","0","0","2","1","0","2","","","","N","","","","","","","","","",""
"2011001502","","0","0","0","0","0","0","0","0","0","4","0","","02","12","2010","3","40.396758","-80.184717","","11","0","0","0","1","0","1","0","0","2","0","0","0","","","0","","2","","40 23:48.329","7","0","80 11:04.980","0","0","0","0","2450","0","0","0","N","0","0","0","2","02450","0","","1.0","","1","N","N","","1","","0","0","1","","3","N","","2","0","0","0","0","0","0","2","0","2","","","","N","","","","","","","","","",""
"2011001508","","2","0","0","0","0","0","0","0","0","4","0","","02","12","2010","6","40.434823","-79.992319","","11","0","0","0","0","0","1","0","0","","0","0","0","","","0","","6","","40 26:05.363","","2","79 59:32.349","0","0","0","0","2301","0","0","0","N","0","0","0","2","02301","0","","1.0","","1","N","N","","0","","0","0","0","","8","","","2","0","0","0","0","0","0","2","0","2","","","","N","","","","","","","","","",""
"2011001534","","2","0","0","0","0","0","0","0","0","1","0","","02","12","2010","4","40.371321","-79.975295","","11","0","0","0","0","0","0","0","0","1","0","0","0","","","1","","0","","40 22:16.755","2","0","79 58:31.062","4","0","0","0","2413","0","0","0","N","0","0","0","2","02413","1","","1.0","","2","N","N","","0","","0","0","0","","0","Y","","2","1","0","0","0","0","0","2","0","2","","","","N","","","","","","","","","",""
"2011001543","","1","0","0","0","0","0","0","0","0","4","0","","02","12","2010","6","40.451375","-80.159342","","11","0","0","0","0","0","0","0","0","1","0","0","0","","","0","","0","","40 27:04.950","4","0","80 09:33.630","0","0","0","0","2115","0","0","0","N","0","0","0","2","02115","0","","1.0","","1","N","N","","1","","0","0","0","","0","N","","2","0","0","0","0","0","0","2","0","2","","","","N","","","","","","","","","",""
"2011001544","","1","0","0","0","0","0","0","0","0","1","1","","02","12","2010","2","40.526395","-80.209479","","11","0","0","0","0","0","0","0","0","1","0","1","0","","","1","","0","","40 31:35.021","2","0","80 12:34.126","3","0","0","0","2213","0","0","0","N","0","0","0","2","02213","0","","2.0","","6","N","N","","0","","1","0","0","","0","N","","2","1","0","0","0","0","0","2","0","2","","","","N","","","","","","","","","",""
"2011001545","","2","0","0","0","0","0","0","0","0","1","0","","02","12","2010","3","40.458613","-80.172792","","11","0","0","0","0","0","2","0","0","2","0","0","0","","","1","","0","","40 27:31.007","1","0","80 10:22.052","8","0","0","0","2213","0","0","0","N","0","0","0","4","02213","0","","1.0","","1","N","N","","0","","0","0","2","","0","N","","4","1","0","0","0","1","0","2","0","4","","","","N","","","","","","","","","",""
"2011001546","","0","0","0","0","0","0","0","0","0","7","0","","02","12","2010","4","40.52731","-80.229058","","11","1","0","0","0","0","0","0","0","1","0","0","0","","","1","","0","","40 31:38.316","5","0","80 13:44.608","4","0","0","0","2213","0","0","0","N","0","0","0","1","02213","1","","2.0","","2","N","N","","0","","0","0","1","","0","Y","","1","1","0","0","0","0","0","2","0","1","","","","N","","","","","","","","","",""
"2011001547","","0","0","0","0","0","0","0","0","0","7","0","","02","12","2010","4","40.538304","-80.23617","","11","0","0","0","0","0","0","0","0","","0","0","0","","","0","","0","","40 32:17.896","","0","80 14:10.213","0","0","0","0","2213","0","0","0","Y","0","0","0","1","02213","0","","2.0","","2","N","N","","0","","0","0","1","","0","","","1","0","0","0","0","0","0","2","0","1","","","","N","","","","","","","","","",""
"2011001548","","0","0","0","0","0","0","0","0","0","1","0","","02","12","2010","2","40.499908","-80.219358","","11","0","0","0","0","0","1","0","0","2","0","0","0","","","1","","2","","40 29:59.669","3","0","80 13:09.690","8","0","0","0","2213","0","0","0","N","0","0","0","5","02213","0","","1.0","","98","N","N","","0","","0","0","2","","2","N","","2","1","0","0","0","1","0","2","0","2","","","","N","","","","","","","","","",""
"2011001549","","1","0","0","0","0","0","0","0","0","7","0","","02","12","2010","3","40.512336","-80.252078","","11","0","0","0","1","0","0","0","0","2","0","0","0","","","1","","0","","40 30:44.409","6","0","80 15:07.479","3","0","0","0","2213","0","0","0","N","0","0","0","1","02213","0","","4.0","","1","N","N","","0","","1","0","0","","8","N","","1","1","0","0","0","0","0","2","0","1","","","","N","","","","","","","","","",""
"2011001631","","4","0","0","0","0","0","0","0","0","1","0","","02","12","2010","6","40.425544","-79.905503","","11","0","0","0","0","0","2","0","0","1","0","0","0","","","1","","0","","40 25:31.960","3","4","79 54:19.809","4","0","0","0","2301","0","0","0","Y","0","0","0","8","68B03","1","","1.0","","1","N","N","","0","","0","0","1","","0","N","","5","1","0","0","0","0","0","2","0","5","","","","N","","","","","","","","","",""
"2011001632","","2","0","0","0","0","0","0","0","0","1","0","","02","12","2010","2","40.44866","-80.006623","","11","0","0","0","0","0","1","0","0","1","0","0","0","","","3","","6","","40 26:55.176","1","2","80 00:23.843","4","0","0","0","2301","0","0","0","N","0","0","0","3","68B03","3","","1.0","","1","N","N","","0","","0","0","0","","4","N","","2","3","0","0","0","0","0","2","0","2","","","","N","","","","","","","","","",""
"2011001633","","2","0","0","0","0","0","0","0","0","1","0","","02","12","2010","3","40.411489","-80.075846","","11","0","0","0","0","0","1","0","0","1","0","0","0","","","0","","6","","40 24:41.361","3","2","80 04:33.046","0","0","0","0","2117","0","0","0","N","0","0","0","2","68B03","0","","1.0","","1","N","N","","0","","0","0","0","","4","N","","2","0","0","0","0","0","0","2","0","2","","","","N","","","","","","","","","",""
"2011001634","","0","0","0","0","0","0","0","0","0","7","0","","02","12","2010","5","40.439407","-80.237449","","11","0","0","0","0","0","0","0","0","","0","0","0","","","0","","0","","40 26:21.866","","3","80 14:14.815","0","0","0","0","2214","0","0","0","N","0","0","0","1","68B03","0","","4.0","","2","N","N","","1","","0","0","0","","0","","","1","0","0","0","0","0","0","2","0","1","","","","N","","","","","","","","","",""
"2011001635","","1","0","0","0","0","0","0","0","0","1","0","","02","12","2010","5","40.521661","-80.131314","","11","0","0","0","0","0","1","0","0","","0","0","0","","","0","","0","","40 31:17.979","","2","80 07:52.731","0","0","0","0","2434","0","0","0","N","0","0","0","1","68B03","0","","2.0","","2","N","N","","2","","0","0","0","","0","","","3","0","0","0","0","0","0","2","0","3","","","","N","","","","","","","","","",""
"2011001636","","1","0","0","0","0","0","0","0","0","7","0","","02","12","2010","5","40.467844","-80.240435","","11","0","0","0","0","0","0","0","0","","0","0","0","","","0","","0","","40 28:04.237","","0","80 14:25.566","0","0","0","0","2203","0","0","0","N","0","0","0","1","68B03","0","","3.0","","2","N","N","","0","","0","0","0","","0","","","1","0","0","0","0","0","0","2","0","1","","","","N","","","","","","","","","",""
"2011001637","","0","0","0","0","0","0","0","0","0","7","0","","02","12","2010","5","40.467844","-80.240435","","11","0","0","0","0","0","0","0","0","","0","0","0","","","0","","0","","40 28:04.237","","0","80 14:25.566","0","0","0","0","2203","0","0","0","N","0","0","0","2","68B03","0","","3.0","","2","N","N","","1","","0","0","0","","0","","","1","0","0","0","0","0","0","2","0","1","","","","N","","","","","","","","","",""
"2011001638","","1","0","0","0","0","0","0","0","0","1","0","","02","12","2010","5","40.427013","-80.127606","","11","0","0","0","0","0","0","0","0","","0","0","0","","","1","","0","","40 25:37.246","","0","80 07:39.382","4","0","0","0","2102","0","0","0","N","0","0","0","3","68B03","1","","1.0","","1","N","N","","0","","0","0","0","","0","","","2","1","0","0","0","0","0","2","1","2","","","","N","","","","","","","","","",""
"2011001746","","1","0","0","0","0","0","0","0","0","7","0","","02","12","2010","5","40.553577","-80.087182","","11","0","0","0","0","0","1","0","0","","0","0","0","","","1","","0","","40 33:12.876","","0","80 05:13.856","4","0","0","0","2215","0","0","0","N","0","0","0","1","02215","1","","2.0","","2","N","N","","0","","0","0","0","","0","","","1","1","0","0","0","0","0","2","0","1","","","","N","","","","","","","","","",""
"2011001780","","2","0","0","0","0","0","0","0","0","4","0","","02","12","2010","5","40.39639","-79.804488","","11","0","0","0","0","0","0","0","0","","0","0","0","","","0","","1","","40 23:47.003","","1","79 48:16.158","0","0","0","0","2111","0","0","0","N","0","0","0","1","02111","0","","1.0","","9","N","N","","0","","0","0","0","","3","","","2","0","0","0","0","0","0","2","0","2","","","","N","","","","","","","","","",""