"CRN","ARRIVAL_TM","AUTOMOBILE_COUNT","BELTED_DEATH_COUNT","BELTED_SUSP_SERIOUS_INJ_COUNT","BICYCLE_COUNT","BICYCLE_DEATH_COUNT","BICYCLE_SUSP_SERIOUS_INJ_COUNT","BUS_COUNT","CHLDPAS_DEATH_COUNT","CHLDPAS_SUSP_SERIOUS_INJ_COUNT","COLLISION_TYPE","COMM_VEH_COUNT","CONS_ZONE_SPD_LIM","COUNTY","CRASH_MONTH","CRASH_YEAR","DAY_OF_WEEK","DEC_LATITUDE","DEC_LONGITUDE","DISPATCH_TM","DISTRICT","DRIVER_COUNT_16YR","DRIVER_COUNT_17YR","DRIVER_COUNT_18YR","DRIVER_COUNT_19YR","DRIVER_COUNT_20YR","DRIVER_COUNT_50_64YR","DRIVER_COUNT_65_74YR","DRIVER_COUNT_75PLUS","EST_HRS_CLOSED","FATAL_COUNT","HEAVY_TRUCK_COUNT","HORSE_BUGGY_COUNT","HOUR_OF_DAY","ILLUMINATION","INJURY_COUNT","INTERSECTION_RELATED","INTERSECT_TYPE","LANE_CLOSED","LATITUDE","LN_CLOSE_DIR","LOCATION_TYPE","LONGITUDE","MAX_SEVERITY_LEVEL","MCYCLE_DEATH_COUNT","MCYCLE_SUSP_SERIOUS_INJ_COUNT","MOTORCYCLE_COUNT","MUNICIPALITY","NONMOTR_COUNT","NONMOTR_DEATH_COUNT","NONMOTR_SUSP_SERIOUS_INJ_COUNT","NTFY_HIWY_MAINT","PED_COUNT","PED_DEATH_COUNT","PED_SUSP_SERIOUS_INJ_COUNT","PERSON_COUNT","POLICE_AGCY","POSSIBLE_INJ_COUNT","RDWY_SURF_TYPE_CD","RELATION_TO_ROAD","ROADWAY_CLEARED","ROAD_CONDITION","SCH_BUS_IND","SCH_ZONE_IND","SECONDARY_CRASH","SMALL_TRUCK_COUNT","SPEC_JURIS_CD","SUSP_MINOR_INJ_COUNT","SUSP_SERIOUS_INJ_COUNT","SUV_COUNT","TCD_FUNC_CD","TCD_TYPE","TFC_DETOUR_IND","TIME_OF_DAY","TOTAL_UNITS","TOT_INJ_COUNT","UNBELTED_OCC_COUNT","UNB_DEATH_COUNT","UNB_SUSP_SERIOUS_INJ_COUNT","UNK_INJ_DEG_COUNT","UNK_INJ_PER_COUNT","URBAN_RURAL","VAN_COUNT","VEHICLE_COUNT","WEATHER1","WEATHER2","WORKERS_PRES","WORK_ZONE_IND","WORK_ZONE_LOC","WORK_ZONE_TYPE","WZ_CLOSE_DETOUR","WZ_FLAGGER","WZ_LAW_OFFCR_IND","WZ_LN_CLOSURE","WZ_MOVING","WZ_OTHER","WZ_SHLDER_MDN","WZ_WORKERS_INJ_KILLED"
"2011004954","","0","0","0","0","0","0","0","0","0","7","0","25","02","9","2010","1","40.364596","-80.020752","","11","0","0","0","0","0","0","1","0","","0","0","0","","","0","","0","","40 21:52.546","","0","80 01:14.707","0","0","0","0","2416","0","0","0","N","0","0","0","2","02416","0","","2.0","","1","N","N","","1","","0","0","0","","8","","","1","0","0","0","0","0","0","2","0","1","","","N","Y","3","1","N","N","N","N","N","N","N",""
"2011004955","","2","0","0","0","0","0","0","0","0","4","0","","02","9","2010","7","40.362022","-80.011171","","11","0","0","0","1","0","1","0","0","","0","0","0","","","1","","1","","40 21:43.279","","0","80 00:40.215","4","0","0","0","2416","0","0","0","N","0","0","0","2","02416","1","","1.0","","1","N","N","","0","","0","0","0","","3","","","2","1","0","0","0","0","0","2","0","2","","","","N","","","","","","","","","",""
"2011005014","","0","0","0","0","0","0","0","0","0","1","0","","02","12","2010","4","40.436798","-80.14848","","11","0","0","0","0","0","0","0","0","","0","0","0","","","0","","0","","40 26:12.474","","0","80 08:54.528","0","0","0","0","2102","0","0","0","N","0","0","0","2","68B03","0","","1.0","","1","N","N","","1","","0","0","1","","0","","","2","0","0","0","0","0","0","2","0","2","","","","N","","","","","","","","","",""
"2011005202","","1","0","0","0","0","0","0","0","0","7","0","","02","12","2010","4","40.246522","-79.87414","","11","0","0","0","0","0","0","0","0","2","0","0","0","","","1","","0","","40 14:47.480","2","0","79 52:26.903","3","0","0","0","2204","0","0","0","N","0","0","0","1","02204","0","","2.0","","1","N","N","","0","","1","0","0","","0","N","","1","1","1","0","0","0","0","1","0","1","","","","N","","","","","","","","","",""
"2011005333","","1","0","0","0","0","0","0","0","0","7","0","","02","12","2010","4","40.550403","-80.086686","","11","0","0","0","0","0","1","0","0","","0","0","0","","","0","","0","","40 33:01.451","","0","80 05:12.068","0","0","0","0","2215","0","0","0","N","0","0","0","1","68B03","0","","2.0","","2","N","N","","0","","0","0","0","","0","","","1","0","0","0","0","0","0","2","0","1","","","","N","","","","","","","","","",""
"2011005334","","0","0","0","0","0","0","0","0","0","1","0","","02","12","2010","6","40.5198","-80.058593","","11","0","0","0","0","0","0","0","0","","0","0","0","","","0","","0","","40 31:11.279","","0","80 03:30.933","0","0","0","0","2116","0","0","0","N","0","0","0","3","68B03","0","","1.0","","1","N","N","","1","","0","0","0","","0","","","2","0","0","0","0","0","0","2","1","2","","","","N","","","","","","","","","",""
"2011005335","","2","0","0","0","0","0","0","0","0","1","0","","02","12","2010","3","40.445113","-79.850389","","11","0","0","0","0","1","0","0","0","","0","0","0","","","0","","0","","40 26:42.406","","0","79 51:01.399","0","0","0","0","2419","0","0","0","N","0","0","0","2","68B03","0","","1.0","","1","N","N","","0","","0","0","0","","0","","","2","0","0","0","0","0","0","2","0","2","","","","N","","","","","","","","","",""
"2011005481","","0","0","0","0","0","0","0","0","0","8","0","","02","9","2010","5","40.443964","-80.04366","","11","0","0","0","0","0","0","0","0","","0","0","0","","","1","","0","","40 26:38.270","","0","80 02:37.176","8","0","0","0","2301","1","0","0","N","1","0","0","1","02301","0","","1.0","","9","N","N","","1","","0","0","1","","0","","","3","1","0","0","0","1","0","2","0","2","","","","N","","","","","","","","","",""
"2011005536","","1","0","0","0","0","0","0","0","0","8","0","","02","12","2010","3","40.587374","-80.000598","","11","0","0","0","0","0","0","0","0","","0","0","0","","","1","","0","","40 35:14.546","","0","80 00:02.151","8","0","0","0","2116","1","0","0","N","1","0","0","2","02116","0","","1.0","","1","N","N","","0","","0","0","0","","0","","","2","1","0","0","0","1","0","2","0","1","","","","N","","","","","","","","","",""
"2011005553","","3","0","0","0","0","0","0","0","0","1","0","","02","12","2010","5","40.506767","-80.006989","","11","0","1","0","0","1","1","0","0","","0","0","0","","","0","","3","","40 30:24.360","","0","80 00:25.161","0","0","0","0","2116","0","0","0","N","0","0","0","4","02116","0","","1.0","","1","N","N","","0","","0","0","0","","2","","","3","0","0","0","0","0","0","2","0","3","","","","N","","","","","","","","","",""
"2011005567","","1","0","0","0","0","0","0","0","0","7","0","","02","12","2010","7","40.4964","-80.2078","","11","0","0","0","1","0","0","0","0","2","0","0","0","","","0","","0","","40 29:47.040","3","2","80 12:28.080","0","0","0","0","2213","0","0","0","N","0","0","0","1","02213","0","","2.0","","2","N","N","","0","","0","0","0","","0","N","","1","0","0","0","0","0","0","2","0","1","","","","N","","","","","","","","","",""
"2011005572","","1","0","0","0","0","0","0","0","0","4","0","","02","12","2010","3","40.345087","-80.024061","","11","0","0","0","0","0","0","0","0","2","0","0","0","","","0","","0","","40 20:42.313","5","0","80 01:26.619","0","0","0","0","2407","0","0","0","N","0","0","0","2","02407","0","","1.0","","2","N","N","","0","","0","0","1","","0","Y","","2","0","0","0","0","0","0","2","0","2","","","","N","","","","","","","","","",""
"2011005613","","0","0","0","0","0","0","0","0","0","7","0","","02","11","2010","7","40.428989","-79.94491","","11","0","0","0","0","0","0","0","0","","0","0","0","","","0","","0","","40 25:44.360","","0","79 56:41.677","0","0","0","0","2301","0","0","0","N","0","0","0","1","68B03","0","","2.0","","1","N","N","","0","","0","0","0","","0","","","1","0","0","0","0","0","0","2","1","1","","","","N","","","","","","","","","",""
"2011005614","","0","0","0","0","0","0","0","0","0","7","0","","02","11","2010","3","40.435269","-79.980593","","11","0","0","0","0","0","0","0","0","2","0","0","0","","","1","","0","","40 26:06.970","3","0","79 58:50.135","4","0","0","0","2301","0","0","0","N","0","0","0","1","68B03","1","","4.0","","8","N","N","","0","","0","0","1","","0","N","","1","1","0","0","0","0","0","2","0","1","","","","N","","","","","","","","","",""
"2011005615","","1","0","0","0","0","0","0","0","0","1","0","","02","12","2010","7","40.432603","-79.87079","","11","0","0","0","0","0","1","0","0","","0","0","0","","","1","","0","","40 25:57.370","","0","79 52:14.844","4","0","0","0","2411","0","0","0","N","0","0","0","3","68B03","1","","1.0","","1","N","N","","0","","0","0","0","","0","","","2","1","0","0","0","0","0","2","1","2","","","","N","","","","","","","","","",""
"2011005710","","1","0","0","0","0","0","0","0","0","8","0","","02","1","2010","3","40.463847","-79.924132","","11","0","0","0","1","0","0","0","0","2","0","0","0","","","1","","1","","40 27:49.849","3","0","79 55:26.875","8","0","0","0","2301","1","0","0","N","1","0","0","2","02301","0","","1.0","","6","N","N","","0","","0","0","0","","0","N","","2","1","0","0","0","1","0","2","0","1","","","","N","","","","","","","","","",""
"2011005721","","1","0","0","0","0","0","0","0","0","4","0","","02","12","2010","7","40.593478","-79.947828","","11","0","0","0","0","0","2","0","0","","0","0","0","","","0","","0","","40 35:36.520","","0","79 56:52.181","0","0","0","0","2207","0","0","0","N","0","0","0","2","02207","0","","1.0","","1","N","N","","0","","0","0","1","","0","","","2","0","0","0","0","0","0","2","0","2","","","","N","","","","","","","","","",""
"2011005726","","2","0","0","0","0","0","0","0","0","1","0","","02","12","2010","6","40.505368","-80.008634","","11","0","0","0","0","0","0","1","0","","0","0","0","","","0","","0","","40 30:19.325","","0","80 00:31.083","0","0","0","0","2116","0","0","0","N","0","0","0","6","02116","0","","1.0","","9","N","N","","0","","0","0","1","","0","","","3","0","0","0","0","0","0","2","0","3","","","","N","","","","","","","","","",""
"2011005791","","1","0","0","0","0","0","0","0","0","7","0","","02","12","2010","6","40.410832","-79.844484","","11","0","0","0","0","0","0","0","0","","0","0","0","","","1","","0","","40 24:38.995","","7","79 50:40.141","2","0","0","0","2449","0","0","0","N","0","0","0","1","68B03","0","","5.0","","1","N","N","","0","","0","1","0","","0","","","1","1","1","0","1","0","0","2","0","1","","","","N","","","","","","","","","",""
"2011006272","","0","0","0","0","0","0","0","0","0","7","0","","02","12","2010","1","40.413772","-79.807175","","11","0","0","0","0","0","0","0","0","1","0","0","0","","","1","","0","","40 24:49.580","7","0","79 48:25.830","3","0","0","0","2446","0","0","0","N","0","0","0","1","02446","0","","5.0","","1","N","N","","0","","1","0","1","","0","Y","","1","1","0","0","0","0","0","2","0","1","","","","N","","","","","","","","","",""
"2011006293","","1","0","0","0","0","0","0","0","0","5","1","","02","12","2010","5","40.560033","-80.115186","","11","0","0","0","0","0","0","0","0","","0","1","0","","","0","","0","","40 33:36.119","","0","80 06:54.670","9","0","0","0","2460","0","0","0","N","0","0","0","2","68B03","0","","1.0","","6","N","N","","0","","0","0","0","","0","","","2","0","0","0","0","0","1","1","0","2","","","","N","","","","","","","","","",""
"2011006636","","1","0","0","0","0","0","0","0","0","0","0","","02","12","2010","5","40.432261","-79.710661","","11","0","0","0","0","0","0","0","0","","0","0","0","","","0","","0","","40 25:56.140","","0","79 42:38.380","0","0","0","0","2446","0","0","0","N","0","0","0","1","02446","0","","1.0","","7","N","N","","1","","0","0","0","","0","","","2","0","1","0","0","0","0","2","0","2","","","","N","","","","","","","","","",""
"2011006650","","0","0","0","0","0","0","0","0","0","7","1","","02","12","2010","2","40.312859","-79.859038","","11","0","0","0","0","0","0","0","0","2","0","0","0","","","0","","0","","40 18:46.292","5","0","79 51:32.536","0","0","0","0","2443","0","0","0","Y","0","0","0","1","02443","0","","2.0","","1","N","N","","1","","0","0","0","","0","Y","","1","0","0","0","0","0","0","1","0","1","","","","N","","","","","","","","","",""
"2011006823","","0","0","0","0","0","0","0","0","0","2","2","","02","12","2010","3","40.393434","-79.775403","","11","0","0","0","0","0","1","0","0","5","1","2","0","","","1","","1","","40 23:36.363","5","0","79 46:31.452","1","0","0","0","2111","0","0","0","Y","0","0","0","4","02111","0","2","1.0","","1","N","N","","0","0","1","0","0","","2","Y","","3","1","1","1","0","0","0","2","1","3","","","","N","","","","","","","","","",""
"2011007048","","1","0","0","0","0","0","0","0","0","7","0","","02","12","2010","5","40.388192","-79.894789","","11","0","0","0","0","0","1","0","0","3","0","0","0","","","1","","0","","40 23:17.490","5","0","79 53:41.240","3","0","0","0","2448","0","0","0","N","0","0","0","1","02448","0","","5.0","","7","N","N","","0","","1","0","0","","0","Y","","1","1","1","0","0","0","0","2","0","1","","","","N","","","","","","","","","",""
"2011007177","","3","0","0","0","0","0","0","0","0","1","0","","02","12","2010","4","40.513561","-80.001212","","11","0","0","1","0","0","0","0","0","1","0","0","0","","","1","","0","","40 30:48.818","2","0","80 00:04.362","8","0","0","0","2116","0","0","0","N","0","0","0","3","02116","0","","1.0","","1","N","N","","0","","0","0","0","","0","N","","3","1","1","0","0","1","0","2","0","3","","","","N","","","","","","","","","",""
"2011007467","0230","1","0","0","0","0","0","0","0","0","7","0","","02","11","2010","1","40.427144","-79.891321","0224","11","0","0","0","0","0","0","0","0","","0","0","0","20","","0","","0","","40 25:37.720","","0","79 53:28.757","0","0","0","0","2301","0","0","0","N","0","0","0","1","68B03","0","","2.0","","1","N","N","","0","","0","0","0","","0","","2023","1","0","0","0","0","0","0","2","0","1","","","","N","","","","","","","","","",""
"2011007468","0733","2","0","0","0","0","0","0","0","0","1","0","","02","12","2010","6","40.466598","-80.000871","0712","11","0","0","0","0","0","0","0","0","","0","0","0","07","","4","","0","","40 27:59.752","","0","80 00:03.135","8","0","0","0","2301","0","0","0","N","0","0","0","4","68B03","0","","1.0","","1","N","N","","0","","0","0","1","","0","","0710","4","4","0","0","0","4","0","2","1","4","","","","N","","","","","","","","","",""
"2011008106","2250","1","0","0","0","0","0","0","0","0","7","0","","02","11","2010","7","40.494261","-80.01129","2241","11","0","0","0","0","0","0","0","0","","0","0","0","22","","1","","0","","40 29:39.338","","0","80 00:40.643","4","0","0","0","2301","0","0","0","N","0","0","0","2","68B03","1","","2.0","","1","N","N","","0","","0","0","0","","0","","2235","1","1","0","0","0","0","0","2","0","1","","","","N","","","","","","","","","",""
"2011009168","0654","1","0","0","0","0","0","0","0","0","2","0","","02","12","2010","4","40.426223","-79.757735","0654","11","0","0","0","0","0","1","0","0","","0","0","0","06","","1","","2","","40 25:34.402","","0","79 45:27.846","8","0","0","0","2446","0","0","0","N","0","0","0","2","02446","0","","1.0","","1","N","N","","1","","0","0","0","","3","","0654","2","1","0","0","0","1","0","2","0","2","","","","N","","","","","","","","","",""
"2011009220","1745","1","0","0","0","0","0","0","0","0","8","0","","02","12","2010","4","40.49516","-79.93459","1744","11","0","0","0","0","0","0","0","0","2","0","0","0","17","","2","","1","","40 29:42.576","4","0","79 56:04.524","8","0","0","0","2461","2","0","0","N","2","0","0","3","02461","0","","1.0","","1","N","N","","0","","0","0","0","","3","N","1740","3","2","0","0","0","2","1","2","0","1","","","","N","","","","","","","","","",""
"2011009244","1810","1","0","0","0","0","0","0","0","0","4","0","","02","12","2010","6","40.510751","-79.993563","1809","11","0","0","0","0","0","0","1","0","1","0","0","0","18","","1","","0","","40 30:38.704","1","7","79 59:36.827","4","0","0","0","2116","0","0","0","N","0","0","0","3","02116","1","","1.0","","9","N","N","","1","","0","0","0","","2","N","1809","2","1","1","0","0","0","0","2","0","2","","","","N","","","","","","","","","",""
"2011009508","1030","1","0","0","0","0","0","0","0","0","1","0","","02","12","2010","4","40.432575","-79.730866","1024","11","0","0","0","0","0","0","1","0","","0","0","0","10","","1","","0","","40 25:57.270","","0","79 43:51.116","4","0","0","0","2446","0","0","0","N","0","0","0","2","02446","1","","1.0","","1","N","N","","0","","0","0","0","","2","","1024","2","1","0","0","0","0","0","2","1","2","","","","N","","","","","","","","","",""
"2011009554","1400","1","0","0","0","0","0","0","0","0","4","0","","02","12","2010","5","","","1353","11","0","0","0","0","0","0","0","0","","0","0","0","13","","0","","0","","","","6","","0","0","0","0","2446","0","0","0","N","0","0","0","2","02446","0","","1.0","","1","N","N","","1","","0","0","0","","3","","1353","2","0","0","0","0","0","0","1","0","2","","","","N","","","","","","","","","",""
"2011009791","0847","2","0","0","0","0","0","0","0","0","0","0","","02","12","2010","4","40.569049","-80.204318","0841","11","0","0","0","0","0","0","1","0","","0","0","0","08","","1","","0","","40 34:08.578","","0","80 12:15.546","4","0","0","0","2107","0","0","0","N","0","0","0","3","02107","1","","1.0","","9","N","N","","0","","0","0","1","","0","","0840","3","1","0","0","0","0","0","1","0","3","","","","N","","","","","","","","","",""
"2011009820","1831","1","0","0","0","0","0","0","0","0","4","0","","02","12","2010","6","40.606496","-80.051596","1826","11","0","0","0","0","0","1","0","0","","0","0","0","18","","1","","0","","40 36:23.384","","0","80 03:05.747","4","0","0","0","2108","0","0","0","N","0","0","0","3","02108","1","","1.0","","9","N","N","","0","","0","0","0","","0","","1826","2","1","0","0","0","0","0","2","1","2","","","","N","","","","","","","","","",""
"2011010796","0319","1","0","0","0","0","0","0","0","0","7","0","","02","12","2010","6","40.490685","-79.875968","0258","11","0","0","0","0","0","0","0","0","","0","0","0","02","","1","","0","","40 29:26.466","","0","79 52:33.484","4","0","0","0","2112","0","0","0","N","0","0","0","1","68D02","1","","5.0","","1","N","N","","0","","0","0","0","","0","","0257","1","1","0","0","0","0","0","2","0","1","","","","N","","","","","","","","","",""
"2011012001","2112","2","0","0","0","0","0","0","0","0","4","0","","02","11","2010","3","40.444109","-80.162773","2106","11","0","0","0","1","0","0","0","0","","0","0","0","21","","1","","0","","40 26:38.794","","0","80 09:45.983","4","0","0","0","2115","0","0","0","N","0","0","0","5","68B03","1","","1.0","","1","N","N","","0","","0","0","0","","0","","2106","2","1","2","0","0","0","0","2","0","2","","","","N","","","","","","","","","",""
"2011012153","2006","2","0","0","0","0","0","0","0","0","1","0","","02","12","2010","4","40.495311","-80.012592","1945","11","0","1","0","0","0","1","0","0","","0","0","0","19","","0","","3","","40 29:43.119","","2","80 00:45.330","0","0","0","0","2301","0","0","0","N","0","0","0","3","68B03","0","","1.0","","1","N","N","","0","","0","0","1","","0","","1942","3","0","0","0","0","0","0","2","0","3","","","","N","","","","","","","","","",""
"2011012154","2146","1","0","0","0","0","0","0","0","0","7","0","","02","12","2010","5","40.49512","-80.01316","2145","11","0","0","0","0","1","0","0","0","","0","0","0","21","","0","","0","","40 29:42.431","","0","80 00:47.377","0","0","0","0","2301","0","0","0","N","0","0","0","1","68B03","0","","2.0","","1","N","N","","0","","0","0","0","","0","","2145","1","0","0","0","0","0","0","2","0","1","","","","N","","","","","","","","","",""
"2011012277","2035","0","0","0","0","0","0","0","0","0","4","0","","02","12","2010","5","40.334373","-79.891089","2030","11","0","0","1","0","0","0","0","0","1","0","0","0","20","","0","","1","","40 20:03.742","2","0","79 53:27.920","0","0","0","0","2433","0","0","0","N","0","0","0","7","02433","0","","1.0","","1","N","N","","0","","0","0","1","","0","Y","2030","2","0","0","0","0","0","0","2","1","2","","","","N","","","","","","","","","",""
"2011012992","0815","2","0","0","0","0","0","0","0","0","7","0","","02","12","2010","4","40.416198","-80.058967","0759","11","0","0","0","0","0","0","0","0","2","0","0","0","07","","1","","0","","40 24:58.314","4","0","80 03:32.281","4","0","0","0","2435","0","0","0","N","0","0","0","3","68B03","1","","3.0","","9","N","N","","0","","0","0","0","","0","N","0745","2","1","0","0","0","0","0","2","0","2","","","","N","","","","","","","","","",""
"2011013080","2029","0","0","0","0","0","0","0","0","0","7","1","","02","10","2010","6","40.544268","-80.122188","2013","11","0","0","0","0","0","1","0","0","2","0","1","0","20","","1","","0","","40 32:39.366","5","0","80 07:19.878","4","0","0","0","2215","0","0","0","N","0","0","0","1","68B03","1","","4.0","","1","N","N","","0","","0","0","0","","0","N","2013","1","1","0","0","0","0","0","1","0","1","","","","N","","","","","","","","","",""
"2011013081","1847","1","0","0","0","0","0","0","0","0","5","0","","02","12","2010","1","40.411304","-80.075083","1824","11","0","0","0","0","0","0","0","0","1","0","0","0","18","","1","","0","","40 24:40.694","3","0","80 04:30.299","4","0","0","0","2117","0","0","0","N","0","0","0","2","68B03","1","","1.0","","1","N","N","","0","","0","0","0","","0","N","1820","2","1","0","0","0","0","1","2","0","2","","","","N","","","","","","","","","",""
"2011013530","1355","0","0","0","0","0","0","0","0","0","1","0","","02","12","2010","4","40.420459","-80.049483","1322","11","0","0","0","0","0","1","0","0","","0","0","0","13","","1","","0","","40 25:13.652","","0","80 02:58.140","4","0","0","0","2435","0","0","0","N","0","0","0","8","68B03","1","","1.0","","1","N","N","","1","","0","0","3","","0","","1322","5","1","0","0","0","0","1","2","0","5","","","","N","","","","","","","","","",""
"2011015622","0730","1","0","0","0","0","0","0","0","0","1","0","","02","10","2010","4","40.439539","-80.009635","0715","11","0","0","0","0","0","0","0","0","","0","0","0","07","","0","","0","","40 26:22.342","","0","80 00:34.687","0","0","0","0","2301","0","0","0","N","0","0","0","2","68B03","0","","1.0","","1","N","N","","1","","0","0","0","","0","","0705","2","0","0","0","0","0","0","2","0","2","","","","N","","","","","","","","","",""
"2011015623","0320","1","0","0","0","0","0","0","0","0","7","0","","02","12","2010","5","40.432614","-80.255839","0250","11","0","0","0","0","0","0","0","0","2","0","0","0","02","","0","","0","","40 25:57.412","3","0","80 15:21.021","0","0","0","0","2214","0","0","0","N","0","0","0","1","68B03","0","","3.0","","7","N","N","","0","","0","0","0","","0","N","0250","1","0","1","0","0","0","0","2","0","1","","","","N","","","","","","","","","",""
"2011016388","2042","0","0","0","0","0","0","0","0","0","7","0","","02","2","2010","6","40.636201","-80.007735","2036","11","0","0","0","0","0","0","0","0","1","0","0","0","20","","0","","0","","40 38:10.323","5","0","80 00:27.845","0","0","0","0","2216","0","0","0","N","0","0","0","2","02505","0","","2.0","","2","N","N","","0","","0","0","1","","0","N","2042","1","0","0","0","0","0","0","2","0","1","","","","N","","","","","","","","","",""
"2011017628","2101","2","0","0","0","0","0","0","0","0","1","0","","02","12","2010","3","40.432924","-79.870374","2042","11","0","0","0","0","0","0","0","0","","0","0","0","20","","2","","0","","40 25:58.526","","0","79 52:13.346","4","0","0","0","2478","0","0","0","N","0","0","0","2","68B03","2","","1.0","","1","N","N","","0","","0","0","0","","0","","2040","3","2","0","0","0","0","0","2","0","2","","","","N","","","","","","","","","",""
"2011018224","1100","2","0","0","0","0","0","0","0","0","1","0","","02","11","2010","6","40.429396","-79.887073","0913","11","0","0","0","0","0","1","0","0","","0","0","0","07","","1","","0","","40 25:45.824","","0","79 53:13.463","4","0","0","0","2426","0","0","0","N","0","0","0","2","68B03","1","","1.0","","1","N","N","","0","","0","0","0","","0","","0745","2","1","0","0","0","0","0","2","0","2","","","","N","","","","","","","","","",""
"2011019009","2317","1","0","0","0","0","0","0","0","0","7","0","","02","12","2010","7","40.638679","-79.722956","2300","11","0","0","0","0","0","0","0","0","3","0","0","0","22","","1","","0","","40 38:19.246","2","0","79 43:22.643","4","0","0","0","2106","0","0","0","Y","0","0","0","1","68D02","1","","3.0","","1","N","N","","0","","0","0","0","","0","N","2242","1","1","1","0","0","0","0","2","0","1","","","","N","","","","","","","","","",""
"2011019363","1914","1","0","0","0","0","0","0","0","0","4","0","","02","12","2010","6","40.670414","-80.094394","1847","11","0","0","0","0","1","0","0","0","3","0","0","0","18","","2","","0","","40 40:13.489","2","0","80 05:39.820","4","0","0","0","2212","0","0","0","N","0","0","0","2","68B03","1","","3.0","","2","N","N","","0","","0","0","1","","0","N","1846","2","2","0","0","0","1","0","2","0","2","","","","N","","","","","","","","","",""
"2011020273","1008","2","0","0","0","0","0","0","0","0","4","0","","02","12","2010","4","40.612346","-80.054333","1002","11","0","0","0","0","0","1","0","1","2","0","0","0","10","","1","","1","","40 36:44.447","4","0","80 03:15.597","4","0","0","0","2108","0","0","0","N","0","0","0","2","02108","1","","1.0","","1","N","N","","0","","0","0","0","","2","N","1000","2","1","0","0","0","0","1","2","0","2","","","","N","","","","","","","","","",""
"2011020437","2153","1","0","0","0","0","0","0","0","0","7","0","","02","12","2010","6","40.539406","-79.778763","2150","11","0","0","0","0","0","1","0","0","9","0","0","0","21","","0","","2","","40 32:21.861","1","0","79 46:43.546","0","0","0","0","2462","0","0","0","N","0","0","0","1","02462","0","","5.0","","1","N","N","","0","","0","0","0","","0","N","2149","1","0","0","0","0","0","0","2","0","1","","","","N","","","","","","","","","",""
"2011020491","0031","2","0","0","0","0","0","0","0","0","5","0","","02","10","2010","1","40.435315","-79.99834","0015","11","0","0","0","0","0","0","0","0","","0","0","0","00","","0","","0","","40 26:07.135","","0","79 59:54.023","0","0","0","0","2301","0","0","0","N","0","0","0","2","68B03","0","","1.0","","1","N","N","","0","","0","0","0","","0","","0015","2","0","0","0","0","0","0","2","0","2","","","","N","","","","","","","","","",""
"2011020959","0517","1","0","0","0","0","0","0","0","0","7","0","","02","11","2010","1","40.439478","-80.009365","0459","11","0","0","0","0","0","0","0","0","","0","0","0","04","","0","","0","","40 26:22.121","","3","80 00:33.714","0","0","0","0","2301","0","0","0","N","0","0","0","1","68B03","0","","2.0","","1","N","N","","0","","0","0","0","","0","","0455","1","0","0","0","0","0","0","2","0","1","","","","N","","","","","","","","","",""
"2011021270","0239","1","0","0","0","0","0","0","0","0","7","0","","02","12","2010","7","40.429532","-79.87641","0234","11","0","0","0","0","0","0","0","0","2","0","0","0","02","","1","","0","","40 25:46.315","4","0","79 52:35.075","4","0","0","0","2426","0","0","0","N","0","0","0","1","68B03","1","","4.0","","1","N","N","","0","","0","0","0","","0","N","0233","1","1","1","0","0","0","0","2","0","1","","","","N","","","","","","","","","",""
"2011021271","0328","1","0","0","0","0","0","0","0","0","7","0","","02","12","2010","5","40.331814","-80.138233","0250","11","0","0","0","0","0","0","0","0","","0","0","0","02","","0","","0","","40 19:54.532","","0","80 08:17.640","0","0","0","0","2119","0","0","0","Y","0","0","0","1","68B03","0","","2.0","","7","N","N","","0","","0","0","0","","0","","0245","1","0","0","0","0","0","0","2","0","1","","","","N","","","","","","","","","",""
"2011022489","0000","2","0","0","0","0","0","0","0","0","1","0","","02","6","2010","4","","","0000","11","0","0","0","0","0","1","0","0","","0","0","0","12","","1","","0","","","","0","","3","0","0","0","2301","0","0","0","","0","0","0","4","00000","0","","1.0","","9","","","","0","","1","0","0","","2","","1240","4","1","0","0","0","0","1","1","0","4","","","","N","","","","","","","","","",""
"2011022566","0000","2","0","0","0","0","0","0","0","0","6","0","","02","6","2010","4","40.427779","-79.906397","0000","11","0","0","0","0","0","0","1","0","","0","0","0","20","","1","","0","","40 25:40.006","","0","79 54:23.030","8","0","0","0","2301","0","0","0","","0","0","0","2","00000","0","","1.0","","9","","","","0","","0","0","0","","0","","2000","2","1","0","0","0","1","1","2","0","2","","","","N","","","","","","","","","",""
"2011023384","0000","1","0","0","0","0","0","0","0","0","1","0","","02","3","2010","5","40.498922","-80.207089","0000","11","0","0","0","0","0","0","0","0","","0","0","0","15","","1","","2","","40 29:56.119","","0","80 12:25.520","4","0","0","0","2213","0","0","0","N","0","0","0","2","00000","1","","1.0","","1","N","N","","0","","0","0","0","","0","","1540","2","1","0","0","0","0","1","2","0","2","","","","N","","","","","","","","","",""
"2011023386","0000","2","0","0","0","0","0","0","0","0","1","0","","02","9","2010","3","40.420651","-80.046639","0000","11","0","0","0","0","0","0","0","0","","0","0","0","08","","1","","0","","40 25:14.343","","2","80 02:47.901","3","0","0","0","2435","0","0","0","N","0","0","0","2","00000","0","","1.0","","1","N","N","","0","","1","0","0","","0","","0840","2","1","0","0","0","0","0","2","0","2","","","","N","","","","","","","","","",""